t,hand,raw_x,raw_y,x,y,pinch_ratio,pinched,vision_ms,latency_ms,filter,anchor
216572.0265,0,1512.00,775.12,1512.00,775.12,,0,16.73,81.15,1,knuckle
216572.0598,0,1512.00,775.12,1512.00,775.12,,0,19.98,84.30,1,knuckle
216572.0932,0,1512.00,775.12,1512.00,775.12,,0,23.48,86.57,1,knuckle
216572.1265,0,1512.00,775.12,1512.00,775.12,,0,15.39,79.62,1,knuckle
216572.1599,0,1512.00,775.12,1512.00,775.12,,0,20.53,82.68,1,knuckle
216572.1932,0,1512.00,775.12,1512.00,775.12,,0,21.28,84.63,1,knuckle
216572.2266,0,1512.00,775.12,1512.00,775.12,,0,22.82,81.51,1,knuckle
216572.2599,0,1512.00,775.12,1512.00,775.12,,0,30.47,88.31,1,knuckle
216572.2933,0,1512.00,775.12,1512.00,775.12,,0,22.48,79.25,1,knuckle
216572.3266,0,1512.00,775.12,1512.00,775.12,,0,32.36,88.31,1,knuckle
216572.3600,0,1512.00,775.12,1512.00,775.12,,0,29.38,84.68,1,knuckle
216572.3933,0,1512.00,775.12,1512.00,775.12,,0,32.49,86.71,1,knuckle
216572.4267,0,1512.00,775.12,1512.00,775.12,,0,25.81,79.42,1,knuckle
216572.4600,0,1512.00,775.12,1512.00,775.12,,0,40.72,94.28,1,knuckle
216572.4934,0,1512.00,775.12,1512.00,775.12,,0,19.42,80.60,1,knuckle
216572.5267,0,1512.00,775.12,1512.00,775.12,,0,26.80,88.96,1,knuckle
216572.5601,0,1512.00,775.12,1512.00,775.12,,0,27.74,84.72,1,knuckle
216572.5934,0,1512.00,775.12,1512.00,775.12,,0,22.07,79.57,1,knuckle
216572.6268,0,1512.00,775.12,1512.00,775.12,,0,34.49,90.38,1,knuckle
216572.6601,0,1512.00,775.12,1512.00,775.12,,0,20.23,77.37,1,knuckle
216572.6935,0,1512.00,775.12,1512.00,775.12,,0,33.06,96.48,1,knuckle
216572.7268,0,1512.00,775.12,1512.00,775.12,,0,19.11,82.46,1,knuckle
216572.7602,0,1512.00,775.12,1512.00,775.12,,0,24.84,86.13,1,knuckle
216572.7935,0,1512.00,775.12,1512.00,775.12,,0,22.04,80.90,1,knuckle
216572.8269,0,1512.00,775.12,1512.00,775.12,,0,23.76,84.61,1,knuckle
216572.8602,0,1512.00,775.12,1512.00,775.12,,0,27.51,83.25,1,knuckle
216572.8936,0,1512.00,775.12,1512.00,775.12,,0,32.83,88.65,1,knuckle
216572.9269,0,1512.00,775.12,1512.00,775.12,,0,26.56,82.00,1,knuckle
216572.9603,0,1512.00,775.12,1512.00,775.12,,0,38.06,89.81,1,knuckle
216572.9936,0,1512.00,775.12,1512.00,775.12,,0,25.18,81.89,1,knuckle
216573.0270,0,1512.00,775.12,1512.00,775.12,,0,33.37,85.40,1,knuckle
216573.0603,0,1512.00,775.12,1512.00,775.12,,0,27.47,83.56,1,knuckle
216573.0937,0,1512.00,775.12,1512.00,775.12,,0,23.15,79.42,1,knuckle
216573.1270,0,1512.00,775.12,1512.00,775.12,,0,22.78,77.44,1,knuckle
216573.1604,0,1512.00,775.12,1512.00,775.12,,0,26.69,81.53,1,knuckle
216573.1937,0,1512.00,775.12,1512.00,775.12,,0,26.61,78.92,1,knuckle
216573.2271,0,1512.00,775.12,1512.00,775.12,,0,34.40,86.79,1,knuckle
216573.2604,0,1512.00,775.12,1512.00,775.12,,0,31.88,85.61,1,knuckle
216573.2938,0,1512.00,775.12,1512.00,775.12,,0,37.28,89.78,1,knuckle
216573.3271,0,1512.00,775.12,1512.00,775.12,,0,27.08,85.12,1,knuckle
216573.3605,0,1512.00,775.12,1512.00,775.12,,0,30.95,89.36,1,knuckle
216573.3938,0,1512.00,775.12,1512.00,775.12,,0,22.84,78.97,1,knuckle
216573.4272,0,1512.00,775.12,1512.00,775.12,,0,27.82,83.20,1,knuckle
216573.4605,0,1512.00,775.12,1512.00,775.12,,0,32.41,86.76,1,knuckle
216573.4939,0,1512.00,775.12,1512.00,775.12,,0,33.11,91.86,1,knuckle
216573.5272,0,1512.00,775.12,1512.00,775.12,,0,24.13,83.47,1,knuckle
216573.5606,0,1512.00,775.12,1512.00,775.12,,0,36.84,95.66,1,knuckle
216573.5939,0,1512.00,775.12,1512.00,775.12,,0,19.74,82.19,1,knuckle
216573.6273,0,1512.00,775.12,1512.00,775.12,,0,23.10,84.58,1,knuckle
216573.6606,0,1512.00,775.12,1512.00,775.12,,0,28.15,85.86,1,knuckle
216573.6940,0,1512.00,775.12,1512.00,775.12,,0,23.16,81.85,1,knuckle
216573.7273,0,1512.00,775.12,1512.00,775.12,,0,35.68,91.23,1,knuckle
216573.7607,0,1512.00,775.12,1512.00,775.12,,0,19.32,77.43,1,knuckle
216573.7940,0,1512.00,775.12,1512.00,775.12,,0,34.85,90.73,1,knuckle
216573.8274,0,1512.00,775.12,1512.00,775.12,,0,25.68,83.22,1,knuckle
216573.8607,0,1512.00,775.12,1512.00,775.12,,0,28.37,83.47,1,knuckle
216573.8941,0,1512.00,775.12,1512.00,775.12,,0,33.66,87.59,1,knuckle
216573.9274,0,1512.00,775.12,1512.00,775.12,,0,28.93,83.43,1,knuckle
216573.9608,0,1512.00,775.12,1512.00,775.12,,0,34.38,87.48,1,knuckle
216573.9941,0,1512.00,775.12,1512.00,775.12,,0,31.49,86.13,1,knuckle
216574.0275,0,1512.00,775.12,1512.00,775.12,,0,30.49,85.22,1,knuckle
216574.0608,0,1512.00,775.12,1512.00,775.12,,0,36.90,90.09,1,knuckle
216574.0942,0,1512.00,775.12,1512.00,775.12,,0,26.00,82.97,1,knuckle
216574.1275,0,1512.00,775.12,1512.00,775.12,,0,38.98,90.30,1,knuckle
216574.1609,0,1512.00,775.12,1512.00,775.12,,0,32.17,89.48,1,knuckle
216574.1942,0,1512.00,775.12,1512.00,775.12,,0,30.47,86.84,1,knuckle
216574.2276,0,1512.00,775.12,1512.00,775.12,,0,31.82,85.58,1,knuckle
216574.2609,0,1512.00,775.12,1512.00,775.12,,0,33.10,85.58,1,knuckle
216574.2943,0,1512.00,775.12,1512.00,775.12,,0,30.60,83.09,1,knuckle
216574.3276,0,1512.00,775.12,1512.00,775.12,,0,37.83,87.79,1,knuckle
216574.3610,0,1512.00,775.12,1512.00,775.12,,0,27.07,85.60,1,knuckle
216574.3943,0,1512.00,775.12,1512.00,775.12,,0,30.99,89.89,1,knuckle
216574.4277,0,1512.00,775.12,1512.00,775.12,,0,25.79,82.57,1,knuckle
216574.4610,0,1512.00,775.12,1512.00,775.12,,0,38.96,96.26,1,knuckle
216574.4944,0,1512.00,775.12,1512.00,775.12,,0,21.32,84.47,1,knuckle
216574.5277,0,1512.00,775.12,1512.00,775.12,,0,22.52,83.78,1,knuckle
216574.5611,0,1512.00,775.12,1512.00,775.12,,0,26.44,90.33,1,knuckle
216574.5944,0,1512.00,775.12,1512.00,775.12,,0,31.67,91.01,1,knuckle
216574.6278,0,1512.00,775.12,1512.00,775.12,,0,27.63,85.44,1,knuckle
216574.6611,0,1512.00,775.12,1512.00,775.12,,0,25.24,82.10,1,knuckle
216574.6945,0,1512.00,775.12,1512.00,775.12,,0,26.38,85.21,1,knuckle
216574.7278,0,1512.00,775.12,1512.00,775.12,,0,30.88,85.00,1,knuckle
216574.7612,0,1512.00,775.12,1512.00,775.12,,0,36.59,89.81,1,knuckle
216574.7945,0,1512.00,775.12,1512.00,775.12,,0,23.42,83.08,1,knuckle
216574.8279,0,1512.00,775.12,1512.00,775.12,,0,24.73,83.71,1,knuckle
216574.8612,0,1512.00,775.12,1512.00,775.12,,0,32.26,91.99,1,knuckle
216574.8946,0,1512.00,775.12,1512.00,775.12,,0,21.23,80.08,1,knuckle
216574.9279,0,1512.00,775.12,1512.00,775.12,,0,36.35,90.75,1,knuckle
216574.9613,0,1512.00,775.12,1512.00,775.12,,0,26.09,84.46,1,knuckle
216574.9946,0,1512.00,775.12,1512.00,775.12,,0,36.58,95.79,1,knuckle
216575.0280,0,1512.00,775.12,1512.00,775.12,,0,20.65,83.28,1,knuckle
216575.0613,0,1512.00,775.12,1512.00,775.12,,0,24.29,84.79,1,knuckle
216575.0947,0,1512.00,775.12,1512.00,775.12,,0,35.92,92.18,1,knuckle
216575.1280,0,1512.00,775.12,1512.00,775.12,,0,22.23,88.50,1,knuckle
216575.1614,0,1512.00,775.12,1512.00,775.12,,0,28.99,94.45,1,knuckle
216575.1947,0,1512.00,775.12,1512.00,775.12,,0,23.65,87.39,1,knuckle
216575.2281,0,1512.00,775.12,1512.00,775.12,,0,23.10,86.95,1,knuckle
216575.2614,0,1512.00,775.12,1512.00,775.12,,0,23.78,86.73,1,knuckle
216575.2948,0,1512.00,775.12,1512.00,775.12,,0,25.67,90.03,1,knuckle
216575.3281,0,1512.00,775.12,1512.00,775.12,,0,24.74,86.04,1,knuckle
216575.3615,0,1512.00,775.12,1512.00,775.12,,0,24.33,85.28,1,knuckle
216575.3948,0,1512.00,775.12,1512.00,775.12,,0,27.48,87.58,1,knuckle
216575.4282,0,1512.00,775.12,1512.00,775.12,,0,18.24,77.63,1,fingertip
216575.4615,0,1512.00,775.12,1512.00,775.12,,0,26.87,88.59,1,fingertip
216575.4949,0,1512.00,775.12,1512.00,775.12,,0,30.75,87.45,1,fingertip
216575.5282,0,1512.00,775.12,1512.00,775.12,,0,24.18,79.89,1,fingertip
216575.5616,0,1512.00,775.12,1512.00,775.12,,0,32.57,88.50,1,fingertip
216575.5949,0,1512.00,775.12,1512.00,775.12,,0,24.71,80.07,1,fingertip
216575.6283,0,1512.00,775.12,1512.00,775.12,,0,32.56,84.89,1,fingertip
216575.6616,0,1512.00,775.12,1512.00,775.12,,0,36.87,88.61,1,fingertip
216575.6950,0,1512.00,775.12,1512.00,775.12,,0,29.21,85.41,1,fingertip
216575.7283,0,1512.00,775.12,1512.00,775.12,,0,26.32,83.02,1,fingertip
216575.7617,0,1512.00,775.12,1512.00,775.12,,0,32.51,86.83,1,fingertip
216575.7950,0,1512.00,775.12,1512.00,775.12,,0,28.55,82.24,1,fingertip
216575.8284,0,1512.00,775.12,1512.00,775.12,,0,30.15,82.49,1,fingertip
216575.8617,0,1512.00,775.12,1512.00,775.12,,0,31.64,82.76,1,fingertip
216575.8951,0,1512.00,775.12,1512.00,775.12,,0,26.44,79.33,1,fingertip
216575.9284,0,1512.00,775.12,1512.00,775.12,,0,26.33,77.70,1,fingertip
216575.9618,0,1512.00,775.12,1512.00,775.12,,0,36.33,86.33,1,fingertip
216575.9951,0,1512.00,775.12,1512.00,775.12,,0,14.18,76.36,1,fingertip
216576.0285,0,1512.00,775.12,1512.00,775.12,,0,25.18,90.75,1,fingertip
216576.0618,0,1512.00,775.12,1512.00,775.12,,0,23.93,84.17,1,fingertip
216576.0952,0,1512.00,775.12,1512.00,775.12,,0,19.92,80.61,1,fingertip
216576.1285,0,1512.00,775.12,1512.00,775.12,,0,26.89,86.79,1,fingertip
216576.1619,0,1512.00,775.12,1512.00,775.12,,0,25.75,86.91,1,fingertip
216576.1952,0,1512.00,775.12,1512.00,775.12,,0,23.62,81.79,1,fingertip
216576.2286,0,1512.00,775.12,1512.00,775.12,,0,26.85,86.59,1,fingertip
216576.2619,0,1512.00,775.12,1512.00,775.12,,0,28.87,85.00,1,fingertip
216576.2953,0,1512.00,775.12,1512.00,775.12,,0,29.64,85.88,1,fingertip
216576.3286,0,1512.00,775.12,1512.00,775.12,,0,36.59,90.19,1,fingertip
216576.3620,0,1512.00,775.12,1512.00,775.12,,0,26.24,87.15,1,fingertip
216576.3953,0,1512.00,775.12,1512.00,775.12,,0,29.69,89.75,1,fingertip
216576.4287,0,1512.00,775.12,1512.00,775.12,,0,20.53,79.48,1,fingertip
216576.4620,0,1512.00,775.12,1512.00,775.12,,0,32.82,94.19,1,fingertip
216576.4954,0,1512.00,775.12,1512.00,775.12,,0,19.60,80.66,1,fingertip
216576.5287,0,1512.00,775.12,1512.00,775.12,,0,29.48,87.51,1,fingertip
216576.5621,0,1512.00,775.12,1512.00,775.12,,0,21.47,79.60,1,fingertip
216576.5954,0,1512.00,775.12,1512.00,775.12,,0,38.30,94.30,1,fingertip
216576.6288,0,1512.00,775.12,1512.00,775.12,,0,21.77,82.94,1,fingertip
216576.6621,0,1512.00,775.12,1512.00,775.12,,0,32.82,93.03,1,fingertip
216576.6955,0,1512.00,775.12,1512.00,775.12,,0,25.49,85.39,1,fingertip
216576.7288,1,838.05,360.11,838.05,360.11,0.261,0,22.02,78.71,1,fingertip
216576.7622,1,837.70,405.97,837.98,397.68,0.248,0,33.65,89.44,1,fingertip
216576.7955,1,838.34,441.46,838.05,433.49,0.248,0,21.51,77.81,1,fingertip
216576.8289,1,846.83,460.32,840.26,455.16,0.236,0,20.36,90.68,1,fingertip
216576.8622,1,851.09,466.87,843.82,464.37,0.239,0,21.64,94.33,1,fingertip
216576.8956,1,863.31,468.64,852.23,467.61,0.245,0,18.51,89.37,1,fingertip
216576.9289,1,867.65,468.94,859.61,468.58,0.248,0,40.73,113.62,1,fingertip
216576.9623,1,868.10,473.88,863.70,472.29,0.253,0,34.09,114.57,1,fingertip
216576.9956,1,874.21,492.29,868.90,486.21,0.259,0,34.97,116.39,1,fingertip
216577.0290,1,885.87,509.36,877.87,502.36,0.281,0,34.17,117.46,1,fingertip
216577.0623,1,890.32,526.33,884.58,519.14,0.320,0,40.44,124.77,1,fingertip
216577.0957,1,868.12,539.60,877.62,533.40,0.341,0,17.64,109.26,1,fingertip
216577.1290,1,844.85,542.07,869.83,539.26,0.355,0,35.50,111.60,1,fingertip
216577.1624,1,817.52,549.52,841.87,546.01,0.362,0,29.91,108.45,1,fingertip
216577.1957,1,790.42,566.13,808.63,559.32,0.393,0,30.07,105.38,1,fingertip
216577.2291,1,769.56,604.75,781.83,591.36,0.418,0,36.69,108.92,1,fingertip
216577.2624,1,755.48,654.43,763.54,638.84,0.483,0,30.28,106.09,1,fingertip
216577.2958,1,723.41,663.85,734.65,657.54,0.472,0,19.54,92.50,1,fingertip
216577.3291,1,710.00,655.58,716.92,656.15,0.446,0,23.01,91.89,1,fingertip
216577.3625,1,692.88,640.42,699.65,646.02,0.447,0,21.31,92.74,1,fingertip
216577.3958,1,672.09,642.40,679.76,643.87,0.432,0,21.48,92.00,1,fingertip
216577.4292,1,656.01,635.52,662.66,639.46,0.418,0,22.56,94.32,1,fingertip
216577.4625,1,642.00,641.99,647.91,640.73,0.442,0,34.89,108.67,1,fingertip
216577.4959,1,650.67,642.10,649.77,641.37,0.445,0,37.62,113.24,1,fingertip
216577.5292,1,654.21,645.34,652.54,643.18,0.436,0,35.24,115.33,1,fingertip
216577.5626,1,652.51,638.45,652.52,641.32,0.436,0,30.00,112.13,1,fingertip
216577.5959,1,653.67,639.35,653.15,640.63,0.439,0,32.58,111.73,1,fingertip
216577.6293,1,660.85,645.06,656.77,642.21,0.431,0,31.92,110.50,1,fingertip
216577.6626,1,649.43,650.43,653.31,645.39,0.432,0,38.07,115.43,1,fingertip
216577.6960,1,605.83,622.52,624.46,641.03,0.404,0,35.23,117.59,1,fingertip
216577.7293,1,1043.72,32.54,983.37,87.04,0.575,0,37.43,121.87,1,fingertip
216577.7627,1,597.45,368.58,736.93,310.46,0.141,0,30.95,119.69,1,fingertip
216577.7960,1,598.24,388.41,627.36,361.92,0.136,1,29.26,115.82,1,fingertip
216577.8294,1,1041.12,42.89,958.83,83.53,0.551,0,37.56,120.31,1,fingertip
216577.8627,1,640.40,601.93,738.34,478.01,0.365,0,30.93,118.40,1,fingertip
216577.8961,1,680.49,635.55,695.54,610.30,0.414,0,33.78,119.02,1,fingertip
216577.9294,1,700.37,640.24,698.91,635.13,0.431,0,30.52,116.39,1,fingertip
216577.9628,1,703.66,641.61,702.00,640.35,0.444,0,36.07,119.32,1,fingertip
216577.9961,1,711.83,649.27,707.77,647.34,0.446,0,25.36,111.51,1,fingertip
216578.0295,1,729.51,651.27,717.78,650.31,0.466,0,37.48,115.94,1,fingertip
216578.0628,1,745.69,656.88,724.01,655.10,0.468,0,33.46,116.25,1,fingertip
216578.0962,1,767.69,662.62,744.19,660.40,0.472,0,36.32,119.41,1,fingertip
216578.1295,1,780.04,665.11,764.66,663.59,0.485,0,31.88,118.36,1,fingertip
216578.1629,1,778.29,664.92,772.52,664.44,0.486,0,36.21,121.42,1,fingertip
216578.1962,1,779.65,670.27,776.52,668.04,0.481,0,27.97,116.26,1,fingertip
216578.2629,1,776.65,674.16,776.60,672.44,0.484,0,38.47,93.37,1,fingertip
216578.2963,1,778.30,672.58,777.39,672.52,0.476,0,20.01,80.26,1,fingertip
216578.3296,1,776.80,672.08,777.14,672.30,0.483,0,30.08,89.91,1,fingertip
216578.3630,1,786.52,674.28,781.31,673.21,0.479,0,28.41,85.22,1,fingertip
216578.3963,1,743.06,664.06,771.47,669.84,0.473,0,29.57,85.73,1,fingertip
216578.4297,1,684.53,576.69,716.24,615.16,0.328,0,21.91,77.73,1,fingertip
216578.4630,1,673.11,404.81,686.67,442.07,0.058,0,36.07,93.82,1,fingertip
216578.4964,1,685.86,405.29,686.15,412.01,0.057,1,20.62,81.30,1,fingertip
216578.5297,1,692.13,405.06,689.71,406.50,0.066,1,32.83,93.14,1,fingertip
216578.5631,1,694.74,407.54,692.42,407.29,0.049,1,24.60,84.63,1,fingertip
216578.5964,1,705.58,430.64,698.22,423.57,0.079,1,23.65,81.34,1,fingertip
216578.6298,1,706.10,487.15,701.05,453.74,0.160,1,35.09,91.19,1,fingertip
216578.6631,1,719.20,545.43,704.28,502.45,0.251,1,29.72,87.75,1,fingertip
216578.6965,1,733.27,560.87,716.10,540.92,0.281,1,23.78,79.14,1,fingertip
216578.7298,1,745.32,577.31,731.29,566.02,0.312,1,34.90,91.76,1,fingertip
216578.7632,1,750.95,573.84,742.22,571.24,0.305,1,18.69,77.31,1,fingertip
216578.7965,1,739.72,575.58,740.95,574.01,0.302,1,33.16,92.21,1,fingertip
216578.8299,1,744.22,568.44,742.54,570.76,0.293,1,17.02,78.94,1,fingertip
216578.8632,1,731.11,526.97,738.13,556.53,0.217,1,31.84,93.27,1,fingertip
216578.8966,1,715.21,435.97,733.73,476.79,0.071,1,19.50,79.75,1,fingertip
216578.9299,1,713.02,430.28,726.21,443.92,0.049,1,31.11,93.96,1,fingertip
216578.9633,1,704.33,422.25,716.06,428.66,0.042,1,19.89,83.05,1,fingertip
216578.9966,1,713.63,429.93,714.98,429.50,0.059,1,22.26,87.29,1,fingertip
216579.0300,1,707.41,429.13,711.59,429.27,0.051,1,17.59,79.15,1,fingertip
216579.0633,1,706.04,419.66,709.12,423.38,0.043,1,29.03,93.85,1,fingertip
216579.0967,1,711.53,425.58,710.08,424.63,0.043,1,19.73,80.45,1,fingertip
216579.1300,1,711.98,424.86,710.75,424.75,0.040,1,30.48,90.57,1,fingertip
216579.1634,1,711.85,419.63,711.10,422.14,0.035,1,28.29,85.77,1,fingertip
216579.1967,1,706.39,423.19,709.52,422.63,0.034,1,29.47,84.08,1,fingertip
216579.2301,1,708.07,422.19,709.05,422.44,0.038,1,33.93,88.61,1,fingertip
216579.2634,1,711.26,420.19,709.68,421.50,0.030,1,26.71,82.17,1,fingertip
216579.2968,1,697.63,425.09,705.36,422.80,0.048,1,38.11,91.02,1,fingertip
216579.3301,1,706.47,422.91,705.72,422.83,0.048,1,25.27,83.32,1,fingertip
216579.3635,1,703.34,422.04,704.96,422.58,0.053,1,37.92,88.09,1,fingertip
216579.3968,1,697.19,419.98,702.19,421.76,0.036,1,28.98,84.30,1,fingertip
216579.4302,1,713.97,423.75,704.92,422.31,0.048,1,31.31,82.88,1,fingertip
216579.4635,1,710.02,421.68,705.83,422.14,0.048,1,41.16,92.11,1,fingertip
216579.4969,1,701.92,416.49,705.00,420.44,0.024,1,19.55,78.61,1,fingertip
216579.5302,1,702.94,426.91,704.54,421.88,0.048,1,37.26,94.07,1,fingertip
216579.5636,1,704.39,428.05,704.51,423.10,0.048,1,19.51,80.43,1,fingertip
216579.5969,1,712.55,428.32,706.28,424.38,0.045,1,30.25,92.08,1,fingertip
216579.6303,1,707.18,426.20,706.48,424.84,0.041,1,19.91,78.85,1,fingertip
216579.6636,1,708.51,416.70,706.96,423.27,0.036,1,33.57,93.51,1,fingertip
216579.6970,1,707.86,420.01,707.17,422.54,0.032,1,19.40,79.83,1,fingertip
216579.7303,1,716.81,423.44,710.14,422.72,0.035,1,27.57,86.65,1,fingertip
216579.7637,1,713.67,418.95,711.25,421.83,0.027,1,25.42,80.13,1,fingertip
216579.7970,1,714.84,430.34,712.41,423.61,0.063,1,35.18,90.27,1,fingertip
216579.8304,1,719.31,426.26,714.84,424.22,0.047,1,34.18,93.08,1,fingertip
216579.8637,1,718.76,455.17,716.23,437.86,0.096,1,19.47,79.42,1,fingertip
216579.8971,1,715.18,541.22,715.89,510.60,0.247,1,30.43,90.54,1,fingertip
216579.9304,1,723.92,577.71,718.77,561.32,0.306,1,32.02,90.22,1,fingertip
216579.9638,1,746.11,603.65,732.05,593.78,0.350,0,18.94,76.70,1,fingertip
216579.9971,1,741.10,606.14,736.50,603.02,0.363,0,35.09,94.38,1,fingertip
216580.0305,1,734.28,610.59,735.51,608.49,0.364,0,19.41,85.24,1,fingertip
216580.0638,1,746.87,619.19,740.83,616.00,0.378,0,21.53,90.57,1,fingertip
216580.0972,1,745.79,621.08,743.11,619.43,0.390,0,19.65,86.96,1,fingertip
216580.1305,1,743.78,628.34,743.39,625.26,0.387,0,19.45,89.02,1,fingertip
216580.1639,1,741.33,621.41,742.60,622.93,0.384,0,20.13,87.11,1,fingertip
216580.1972,1,748.21,628.64,744.79,626.26,0.391,0,20.74,90.01,1,fingertip
216580.2306,1,744.76,627.82,744.78,627.12,0.390,0,19.37,87.96,1,fingertip
216580.2639,1,741.27,622.22,743.70,624.71,0.392,0,19.48,90.24,1,fingertip
216580.2973,1,742.68,627.07,743.41,625.81,0.391,0,18.83,87.79,1,fingertip
216580.3306,1,742.03,623.90,743.07,625.01,0.387,0,21.85,93.13,1,fingertip
216580.3640,1,741.02,624.25,742.62,624.72,0.390,0,16.76,86.79,1,fingertip
216580.3973,1,742.00,627.33,742.49,625.69,0.384,0,20.91,91.61,1,fingertip
216580.4307,1,745.06,623.65,743.07,625.02,0.381,0,21.19,91.98,1,fingertip
216580.4640,1,739.01,630.48,742.36,626.92,0.380,0,23.02,92.47,1,fingertip
216580.4974,1,739.11,626.23,741.69,626.70,0.379,0,23.67,93.89,1,fingertip
216580.5307,1,739.91,622.37,741.30,625.57,0.373,0,22.09,96.62,1,fingertip
216580.5641,1,734.92,624.39,739.56,625.29,0.372,0,27.30,91.85,1,fingertip
216580.5974,1,724.61,603.70,734.02,618.28,0.343,0,21.72,86.37,1,fingertip
216580.6308,1,684.20,478.04,705.52,515.70,0.132,0,21.73,89.64,1,fingertip
216580.6641,1,689.58,430.23,696.22,448.48,0.074,1,23.52,90.05,1,fingertip
216580.6975,1,677.77,432.99,685.16,436.57,0.076,1,22.56,90.87,1,fingertip
216580.7308,1,683.11,435.61,684.00,435.86,0.079,1,15.75,81.58,1,fingertip
216580.7642,1,685.48,430.54,684.78,432.08,0.079,1,17.44,86.30,1,fingertip
216580.7975,1,687.75,429.34,686.18,430.22,0.071,1,20.51,86.93,1,fingertip
216580.8309,1,688.44,436.21,687.14,433.97,0.080,1,19.39,88.80,1,fingertip
216580.8642,1,689.43,437.01,688.00,435.73,0.081,1,20.95,87.68,1,fingertip
216580.8976,1,696.51,440.54,690.43,438.24,0.085,1,18.86,88.86,1,fingertip
216580.9309,1,695.05,437.49,691.47,437.87,0.085,1,21.46,88.30,1,fingertip
216580.9643,1,692.38,447.29,691.66,441.65,0.093,1,18.84,89.33,1,fingertip
216580.9976,1,690.26,446.11,691.36,443.17,0.093,1,16.88,85.07,1,fingertip
216581.0310,1,688.04,504.23,690.56,472.95,0.180,1,21.21,92.22,1,fingertip
216581.0643,1,732.07,588.59,708.97,557.43,0.349,0,21.63,91.24,1,fingertip
216581.0977,1,776.47,617.44,752.34,603.35,0.488,0,19.32,90.04,1,fingertip
216581.1310,1,789.02,579.57,777.27,586.68,0.574,0,18.34,88.51,1,fingertip
216581.1644,0,777.27,586.68,777.27,586.68,,0,21.81,92.08,1,fingertip
216581.1977,0,777.27,586.68,777.27,586.68,,0,19.45,89.34,1,fingertip
216581.2311,0,777.27,586.68,777.27,586.68,,0,20.60,92.85,1,fingertip
216581.2644,0,777.27,586.68,777.27,586.68,,0,18.95,88.72,1,fingertip
216581.2978,0,777.27,586.68,777.27,586.68,,0,20.64,94.26,1,fingertip
216581.3311,0,777.27,586.68,777.27,586.68,,0,16.99,86.67,1,fingertip
216581.3645,0,777.27,586.68,777.27,586.68,,0,18.86,89.88,1,fingertip
216581.3978,0,777.27,586.68,777.27,586.68,,0,20.07,90.32,1,fingertip
216581.4312,0,777.27,586.68,777.27,586.68,,0,19.13,89.37,1,fingertip
216581.4645,0,777.27,586.68,777.27,586.68,,0,19.67,88.88,1,fingertip
216581.4979,0,777.27,586.68,777.27,586.68,,0,24.25,96.83,1,fingertip
216581.5312,0,777.27,586.68,777.27,586.68,,0,21.88,90.97,1,fingertip
216581.5646,0,777.27,586.68,777.27,586.68,,0,22.43,91.61,1,fingertip
216581.5979,0,777.27,586.68,777.27,586.68,,0,20.44,89.14,1,fingertip
216581.6313,0,777.27,586.68,777.27,586.68,,0,16.36,87.29,1,fingertip
216581.6646,0,777.27,586.68,777.27,586.68,,0,25.02,92.09,1,fingertip
216581.6980,0,777.27,586.68,777.27,586.68,,0,22.72,91.39,1,fingertip
216581.7313,0,777.27,586.68,777.27,586.68,,0,21.31,87.07,1,fingertip
216581.7647,0,777.27,586.68,777.27,586.68,,0,20.72,88.06,1,fingertip
216581.7980,0,777.27,586.68,777.27,586.68,,0,21.81,88.07,1,fingertip
216581.8314,0,777.27,586.68,777.27,586.68,,0,18.99,86.89,1,fingertip
216581.8647,0,777.27,586.68,777.27,586.68,,0,17.51,83.84,1,fingertip
216581.8981,0,777.27,586.68,777.27,586.68,,0,15.97,85.03,1,fingertip
216581.9314,0,777.27,586.68,777.27,586.68,,0,23.49,89.48,1,fingertip
216581.9648,0,777.27,586.68,777.27,586.68,,0,23.35,92.07,1,fingertip
216581.9981,0,777.27,586.68,777.27,586.68,,0,16.39,80.26,1,fingertip
216582.0315,0,777.27,586.68,777.27,586.68,,0,22.14,87.04,1,fingertip
216582.0648,0,777.27,586.68,777.27,586.68,,0,22.33,84.12,1,fingertip
216582.0982,0,777.27,586.68,777.27,586.68,,0,22.33,83.65,1,fingertip
216582.1315,0,777.27,586.68,777.27,586.68,,0,23.67,85.81,1,fingertip
216582.1649,0,777.27,586.68,777.27,586.68,,0,25.15,85.57,1,fingertip
216582.1982,0,777.27,586.68,777.27,586.68,,0,18.94,81.56,1,fingertip
216582.2316,0,777.27,586.68,777.27,586.68,,0,30.54,89.81,1,fingertip
216582.2649,0,777.27,586.68,777.27,586.68,,0,31.62,90.44,1,fingertip
216582.2983,0,777.27,586.68,777.27,586.68,,0,19.86,77.56,1,fingertip
216582.3316,0,777.27,586.68,777.27,586.68,,0,31.60,89.89,1,fingertip
216582.3650,0,777.27,586.68,777.27,586.68,,0,19.44,76.22,1,fingertip
216582.3983,0,777.27,586.68,777.27,586.68,,0,35.55,90.14,1,fingertip
216582.4317,0,777.27,586.68,777.27,586.68,,0,16.77,74.49,1,fingertip
216582.4650,0,777.27,586.68,777.27,586.68,,0,32.01,89.32,1,fingertip
216582.4984,0,777.27,586.68,777.27,586.68,,0,19.35,75.44,1,fingertip
216582.5317,0,777.27,586.68,777.27,586.68,,0,34.47,89.90,1,fingertip
216582.5651,0,777.27,586.68,777.27,586.68,,0,23.54,80.24,1,fingertip
216582.5984,0,777.27,586.68,777.27,586.68,,0,33.70,88.29,1,fingertip
216582.6318,0,777.27,586.68,777.27,586.68,,0,29.82,87.30,1,fingertip
216582.6651,0,777.27,586.68,777.27,586.68,,0,32.79,90.30,1,fingertip
216582.6985,0,777.27,586.68,777.27,586.68,,0,22.50,79.69,1,fingertip
216582.7318,0,777.27,586.68,777.27,586.68,,0,30.64,89.57,1,fingertip
216582.7652,0,777.27,586.68,777.27,586.68,,0,21.87,78.20,1,fingertip
216582.7985,0,777.27,586.68,777.27,586.68,,0,34.35,89.12,1,fingertip
216582.8319,0,777.27,586.68,777.27,586.68,,0,22.80,78.68,1,fingertip
216582.8652,0,777.27,586.68,777.27,586.68,,0,29.29,82.41,1,fingertip
216582.8986,0,777.27,586.68,777.27,586.68,,0,25.84,79.18,1,fingertip
216582.9319,0,777.27,586.68,777.27,586.68,,0,30.05,81.79,1,fingertip
216582.9653,0,777.27,586.68,777.27,586.68,,0,34.21,85.47,1,fingertip
216582.9986,0,777.27,586.68,777.27,586.68,,0,23.52,76.67,1,fingertip
216583.0320,0,777.27,586.68,777.27,586.68,,0,33.13,85.18,1,fingertip
216583.0653,0,777.27,586.68,777.27,586.68,,0,33.25,85.27,1,fingertip
216583.0987,0,777.27,586.68,777.27,586.68,,0,33.83,85.95,1,fingertip
216583.1320,0,777.27,586.68,777.27,586.68,,0,29.95,83.95,1,fingertip
216583.1654,0,777.27,586.68,777.27,586.68,,0,34.47,87.92,1,fingertip
216583.1987,0,777.27,586.68,777.27,586.68,,0,28.11,83.08,1,fingertip
216583.2321,0,777.27,586.68,777.27,586.68,,0,39.72,92.23,1,fingertip
216583.2654,0,777.27,586.68,777.27,586.68,,0,15.84,77.10,1,fingertip
216583.2988,0,777.27,586.68,777.27,586.68,,0,23.85,87.43,1,fingertip
216583.3321,0,777.27,586.68,777.27,586.68,,0,21.77,82.15,1,fingertip
216583.3655,0,777.27,586.68,777.27,586.68,,0,30.01,91.25,1,fingertip
216583.3988,0,777.27,586.68,777.27,586.68,,0,18.64,76.71,1,fingertip
216583.4322,0,777.27,586.68,777.27,586.68,,0,29.62,86.22,1,fingertip
216583.4655,0,777.27,586.68,777.27,586.68,,0,23.74,79.33,1,fingertip
216583.4989,0,777.27,586.68,777.27,586.68,,0,36.22,91.91,1,fingertip
216583.5322,0,777.27,586.68,777.27,586.68,,0,18.79,78.33,1,fingertip
216583.5656,0,777.27,586.68,777.27,586.68,,0,27.08,86.66,1,fingertip
216583.5989,0,777.27,586.68,777.27,586.68,,0,32.98,90.97,1,fingertip
216583.6323,0,777.27,586.68,777.27,586.68,,0,19.29,77.81,1,fingertip
216583.6656,0,777.27,586.68,777.27,586.68,,0,32.34,90.99,1,fingertip
216583.6990,0,777.27,586.68,777.27,586.68,,0,19.45,77.31,1,fingertip
216583.7323,0,777.27,586.68,777.27,586.68,,0,39.17,91.87,1,fingertip
216583.7657,0,777.27,586.68,777.27,586.68,,0,19.49,78.21,1,fingertip
216583.7990,0,777.27,586.68,777.27,586.68,,0,29.88,88.49,1,fingertip
216583.8324,0,777.27,586.68,777.27,586.68,,0,27.60,83.25,1,fingertip
216583.8657,0,777.27,586.68,777.27,586.68,,0,29.60,85.78,1,fingertip
216583.8991,0,777.27,586.68,777.27,586.68,,0,30.94,84.10,1,fingertip
216583.9324,0,777.27,586.68,777.27,586.68,,0,31.22,84.95,1,fingertip
216583.9658,0,777.27,586.68,777.27,586.68,,0,33.32,85.83,1,fingertip
216583.9991,0,777.27,586.68,777.27,586.68,,0,36.62,89.31,1,fingertip
216584.0325,0,777.27,586.68,777.27,586.68,,0,22.74,78.94,1,fingertip
216584.0658,0,777.27,586.68,777.27,586.68,,0,31.86,88.66,1,fingertip
216584.0992,0,777.27,586.68,777.27,586.68,,0,29.91,85.40,1,fingertip
216584.1325,0,777.27,586.68,777.27,586.68,,0,35.19,87.44,1,fingertip
216584.1659,0,777.27,586.68,777.27,586.68,,0,24.93,79.15,1,fingertip
216584.1992,0,777.27,586.68,777.27,586.68,,0,35.56,88.30,0,fingertip
216584.2326,0,777.27,586.68,777.27,586.68,,0,19.69,74.77,0,fingertip
216584.2659,0,777.27,586.68,777.27,586.68,,0,33.85,88.55,0,fingertip
216584.2993,0,777.27,586.68,777.27,586.68,,0,20.99,76.32,0,fingertip
216584.3326,0,777.27,586.68,777.27,586.68,,0,36.09,90.27,0,fingertip
216584.3660,0,777.27,586.68,777.27,586.68,,0,19.75,76.96,0,fingertip
216584.3993,0,777.27,586.68,777.27,586.68,,0,34.71,93.03,0,fingertip
216584.4327,0,777.27,586.68,777.27,586.68,,0,19.33,79.98,0,fingertip
216584.4660,0,777.27,586.68,777.27,586.68,,0,29.13,91.65,0,fingertip
216584.4994,0,777.27,586.68,777.27,586.68,,0,18.78,77.27,0,fingertip
216584.5327,0,777.27,586.68,777.27,586.68,,0,30.87,91.66,0,fingertip
216584.5661,0,777.27,586.68,777.27,586.68,,0,18.41,76.91,0,fingertip
216584.5994,1,835.53,507.35,835.53,507.35,0.322,0,50.02,108.00,0,fingertip
216584.6328,1,819.93,627.25,819.93,627.25,0.364,0,36.53,111.40,0,fingertip
216584.6661,1,809.99,704.45,809.99,704.45,0.394,0,33.60,111.87,0,fingertip
216584.6995,1,776.94,761.80,776.94,761.80,0.445,0,18.11,97.07,0,fingertip
216584.7328,1,760.33,798.67,760.33,798.67,0.451,0,26.78,90.71,0,fingertip
216584.7662,1,758.52,833.45,758.52,833.45,0.458,0,18.57,76.14,0,fingertip
216584.7995,1,750.97,857.13,750.97,857.13,0.483,0,33.98,90.63,0,fingertip
216584.8329,1,733.41,859.50,733.41,859.50,0.486,0,18.47,77.16,0,fingertip
216584.8662,1,703.60,854.27,703.60,854.27,0.519,0,28.99,89.71,0,fingertip
216584.8996,1,664.08,859.31,664.08,859.31,0.515,0,19.75,76.33,0,fingertip
216584.9329,1,623.90,855.85,623.90,855.85,0.520,0,34.06,90.58,0,fingertip
216584.9663,1,569.79,856.51,569.79,856.51,0.501,0,20.01,77.44,0,fingertip
216584.9996,1,511.38,864.00,511.38,864.00,0.495,0,32.21,86.62,0,fingertip
216585.0330,1,457.69,868.72,457.69,868.72,0.476,0,32.85,90.87,0,fingertip
216585.0663,1,397.37,883.31,397.37,883.31,0.508,0,29.28,87.04,0,fingertip
216585.0997,1,330.56,897.47,330.56,897.47,0.508,0,27.88,82.64,0,fingertip
216585.1330,1,242.33,910.95,242.33,910.95,0.508,0,34.57,91.81,0,fingertip
216585.1664,1,157.98,927.74,157.98,927.74,0.503,0,19.51,78.17,0,fingertip
216585.1997,1,92.34,942.04,92.34,942.04,0.499,0,37.31,95.15,0,fingertip
216585.2331,1,48.14,942.65,48.14,942.65,0.489,0,22.33,84.35,0,fingertip
216585.2664,1,2.19,944.26,2.19,944.26,0.459,0,26.43,86.44,0,fingertip
216585.2998,1,0.00,942.87,0.00,942.87,0.446,0,21.61,80.75,0,fingertip
216585.3331,1,0.00,934.19,0.00,934.19,0.447,0,20.69,83.04,0,fingertip
216585.3665,1,0.00,934.07,0.00,934.07,0.443,0,32.41,92.68,0,fingertip
216585.3998,1,0.00,933.85,0.00,933.85,0.435,0,18.88,78.44,0,fingertip
216585.4332,1,0.00,934.84,0.00,934.84,0.418,0,36.88,94.71,0,fingertip
216585.4665,1,0.00,936.01,0.00,936.01,0.421,0,22.38,83.97,0,fingertip
216585.4999,1,0.00,933.74,0.00,933.74,0.422,0,19.67,79.31,0,fingertip
216585.5332,1,0.00,937.28,0.00,937.28,0.406,0,36.83,96.81,0,fingertip
216585.5666,1,8.61,941.99,8.61,941.99,0.423,0,21.16,84.92,0,fingertip
216585.5999,1,15.02,946.96,15.02,946.96,0.430,0,24.89,88.41,0,fingertip
216585.6333,1,25.75,948.00,25.75,948.00,0.436,0,24.16,86.53,0,fingertip
216585.6666,1,30.15,948.86,30.15,948.86,0.447,0,21.51,85.96,0,fingertip
216585.7000,1,34.53,949.65,34.53,949.65,0.445,0,20.87,82.72,0,fingertip
216585.7333,1,29.79,952.94,29.79,952.94,0.442,0,31.98,93.74,0,fingertip
216585.7667,1,33.32,953.95,33.32,953.95,0.438,0,21.11,81.75,0,fingertip
216585.8000,1,32.68,951.57,32.68,951.57,0.454,0,24.17,86.29,0,fingertip
216585.8334,1,35.24,954.56,35.24,954.56,0.448,0,26.38,85.60,0,fingertip
216585.8667,1,34.25,959.22,34.25,959.22,0.441,0,27.91,88.04,0,fingertip
216585.9001,1,34.80,959.26,34.80,959.26,0.433,0,22.77,78.96,0,fingertip
216585.9334,1,35.87,957.22,35.87,957.22,0.456,0,35.29,95.25,0,fingertip
216585.9668,1,28.39,959.27,28.39,959.27,0.439,0,20.26,82.37,0,fingertip
216586.0001,1,32.33,961.01,32.33,961.01,0.440,0,28.34,89.94,0,fingertip
216586.0335,1,34.81,967.02,34.81,967.02,0.449,0,27.43,85.63,0,fingertip
216586.0668,1,24.56,966.32,24.56,966.32,0.439,0,28.09,86.45,0,fingertip
216586.1002,1,31.21,972.75,31.21,972.75,0.464,0,25.97,81.52,0,fingertip
216586.1335,1,27.80,971.12,27.80,971.12,0.451,0,40.71,96.58,0,fingertip
216586.1669,1,16.66,981.24,16.66,981.24,0.450,0,22.55,85.98,0,fingertip
216586.2002,1,16.26,981.08,16.26,981.08,0.460,0,18.96,80.54,0,fingertip
216586.2336,1,11.07,976.79,11.07,976.79,0.449,0,35.77,96.10,0,fingertip
216586.2669,1,11.73,980.95,11.73,980.95,0.465,0,20.22,83.82,0,fingertip
216586.3003,1,0.00,973.08,0.00,973.08,0.454,0,18.93,84.31,0,fingertip
216586.3336,1,5.10,972.70,5.10,972.70,0.451,0,17.46,80.90,0,fingertip
216586.3670,1,5.20,972.32,5.20,972.32,0.443,0,20.54,83.46,0,fingertip
216586.4003,1,20.62,971.01,20.62,971.01,0.444,0,23.60,86.42,0,fingertip
216586.4337,1,23.13,966.97,23.13,966.97,0.434,0,22.67,86.13,0,fingertip
216586.4670,1,26.77,978.50,26.77,978.50,0.445,0,27.79,89.57,0,fingertip
216586.5004,1,45.64,982.00,45.64,982.00,0.448,0,22.12,82.62,0,fingertip
216586.5337,1,54.16,982.00,54.16,982.00,0.465,0,23.60,85.59,0,fingertip
216586.5671,1,85.09,982.00,85.09,982.00,0.457,0,25.09,82.84,0,fingertip
216586.6004,1,110.17,982.00,110.17,982.00,0.454,0,21.85,81.06,0,fingertip
216586.6338,1,153.91,982.00,153.91,982.00,0.478,0,33.86,90.74,0,fingertip
216586.6671,1,229.21,982.00,229.21,982.00,0.484,0,19.62,77.22,0,fingertip
216586.7005,1,322.66,982.00,322.66,982.00,0.472,0,35.20,92.52,0,fingertip
216586.7338,1,415.23,982.00,415.23,982.00,0.443,0,25.22,84.60,0,fingertip
216586.7672,1,561.16,982.00,561.16,982.00,0.414,0,26.40,85.15,0,fingertip
216586.8005,1,698.05,982.00,698.05,982.00,0.399,0,21.79,81.42,0,fingertip
216586.8339,1,885.24,982.00,885.24,982.00,0.480,0,28.11,85.72,0,fingertip
216586.8672,1,1038.13,982.00,1038.13,982.00,0.547,0,23.06,80.87,0,fingertip
216586.9006,1,1164.97,982.00,1164.97,982.00,0.517,0,37.95,95.19,0,fingertip
216586.9339,1,1241.86,982.00,1241.86,982.00,0.536,0,20.66,82.71,0,fingertip
216586.9673,1,1314.21,982.00,1314.21,982.00,0.517,0,38.22,96.81,0,fingertip
216587.0006,1,1341.02,982.00,1341.02,982.00,0.495,0,19.50,83.20,0,fingertip
216587.0340,1,1348.38,982.00,1348.38,982.00,0.480,0,30.25,91.73,0,fingertip
216587.0673,1,1344.35,982.00,1344.35,982.00,0.522,0,22.69,81.27,0,fingertip
216587.1007,1,1347.31,982.00,1347.31,982.00,0.496,0,33.56,93.04,0,fingertip
216587.1340,1,1343.10,982.00,1343.10,982.00,0.506,0,19.59,79.53,0,fingertip
216587.1674,1,1340.34,982.00,1340.34,982.00,0.476,0,34.96,94.81,0,fingertip
216587.2007,1,1331.15,982.00,1331.15,982.00,0.490,0,19.11,80.81,0,fingertip
216587.2341,1,1328.96,982.00,1328.96,982.00,0.492,0,46.57,105.25,0,fingertip
216587.2674,1,1326.28,982.00,1326.28,982.00,0.486,0,22.88,95.01,0,fingertip
216587.3008,1,1322.76,982.00,1322.76,982.00,0.471,0,29.72,92.82,0,fingertip
216587.3341,1,1312.91,982.00,1312.91,982.00,0.497,0,18.17,80.73,0,fingertip
216587.3675,1,1303.98,982.00,1303.98,982.00,0.507,0,28.86,93.85,0,fingertip
216587.4008,1,1296.65,982.00,1296.65,982.00,0.459,0,26.62,87.34,0,fingertip
216587.4342,1,1282.01,982.00,1282.01,982.00,0.474,0,23.24,82.01,0,fingertip
216587.4675,1,1277.06,982.00,1277.06,982.00,0.420,0,33.56,92.31,0,fingertip
216587.5009,1,1264.87,982.00,1264.87,982.00,0.429,0,19.52,78.69,0,fingertip
216587.5342,1,1276.13,982.00,1276.13,982.00,0.405,0,38.08,94.88,0,fingertip
216587.5676,1,1280.18,982.00,1280.18,982.00,0.412,0,23.47,85.25,0,fingertip
216587.6009,1,1266.30,982.00,1266.30,982.00,0.421,0,23.26,81.15,0,fingertip
216587.6343,1,1277.03,982.00,1277.03,982.00,0.420,0,29.82,88.04,0,fingertip
216587.6676,1,1282.12,982.00,1282.12,982.00,0.352,0,26.41,81.45,0,fingertip
216587.7010,1,1281.66,982.00,1281.66,982.00,0.202,0,42.76,103.54,0,fingertip
216587.7343,1,1300.06,982.00,1300.06,982.00,0.159,1,21.61,92.03,0,fingertip
216587.7677,1,1300.87,982.00,1300.87,982.00,0.167,1,27.79,86.67,0,fingertip
216587.8010,1,1276.66,982.00,1276.66,982.00,0.189,1,20.95,79.25,0,fingertip
216587.8344,1,1259.68,982.00,1259.68,982.00,0.315,1,34.08,91.58,0,fingertip
216587.8677,1,1246.53,982.00,1246.53,982.00,0.367,0,19.77,78.24,0,fingertip
216587.9011,1,1218.09,982.00,1218.09,982.00,0.442,0,32.39,89.97,0,fingertip
216587.9344,1,1206.91,982.00,1206.91,982.00,0.404,0,26.16,82.99,0,fingertip
216587.9678,1,1148.74,982.00,1148.74,982.00,0.404,0,41.88,95.63,0,fingertip
216588.0011,1,1114.08,982.00,1114.08,982.00,0.367,0,22.90,85.40,0,fingertip
216588.0345,1,1106.29,657.16,1106.29,657.16,0.221,0,19.29,80.65,0,fingertip
216588.0678,0,1106.29,657.16,1106.29,657.16,,0,34.44,93.04,0,fingertip
216588.1012,0,1106.29,657.16,1106.29,657.16,,0,21.64,81.59,0,fingertip
216588.1345,0,1106.29,657.16,1106.29,657.16,,0,29.30,86.51,0,fingertip
216588.1679,0,1106.29,657.16,1106.29,657.16,,0,31.49,84.86,0,fingertip
216588.2012,0,1106.29,657.16,1106.29,657.16,,0,37.12,90.21,0,fingertip
216588.2346,0,1106.29,657.16,1106.29,657.16,,0,23.08,80.14,0,fingertip
216588.2679,0,1106.29,657.16,1106.29,657.16,,0,36.68,92.36,0,fingertip
216588.3013,0,1106.29,657.16,1106.29,657.16,,0,33.49,92.73,0,fingertip
216588.3346,0,1106.29,657.16,1106.29,657.16,,0,21.13,80.73,0,fingertip
216588.3680,0,1106.29,657.16,1106.29,657.16,,0,32.80,91.42,0,fingertip
216588.4013,0,1106.29,657.16,1106.29,657.16,,0,22.01,80.32,0,fingertip
216588.4347,0,1106.29,657.16,1106.29,657.16,,0,31.53,87.47,0,fingertip
216588.4680,0,1106.29,657.16,1106.29,657.16,,0,29.05,86.72,0,fingertip
216588.5014,0,1106.29,657.16,1106.29,657.16,,0,27.58,84.16,0,fingertip
216588.5347,0,1106.29,657.16,1106.29,657.16,,0,25.62,83.72,0,fingertip
216588.5681,0,1106.29,657.16,1106.29,657.16,,0,41.76,97.90,0,fingertip
216588.6014,0,1106.29,657.16,1106.29,657.16,,0,26.88,91.65,0,fingertip
216588.6348,0,1106.29,657.16,1106.29,657.16,,0,24.14,83.33,0,fingertip
216588.6681,0,1106.29,657.16,1106.29,657.16,,0,32.60,92.08,0,fingertip
216588.7015,0,1106.29,657.16,1106.29,657.16,,0,24.63,83.63,0,fingertip
216588.7348,0,1106.29,657.16,1106.29,657.16,,0,31.14,86.35,0,fingertip
216588.7682,0,1106.29,657.16,1106.29,657.16,,0,29.47,83.85,0,fingertip
216588.8015,0,1106.29,657.16,1106.29,657.16,,0,35.97,89.45,0,fingertip
216588.8349,0,1106.29,657.16,1106.29,657.16,,0,20.81,77.12,0,fingertip
216588.8682,0,1106.29,657.16,1106.29,657.16,,0,34.17,87.00,0,fingertip
216588.9016,0,1106.29,657.16,1106.29,657.16,,0,20.53,74.39,0,fingertip
216588.9349,0,1106.29,657.16,1106.29,657.16,,0,39.36,89.58,0,fingertip
216588.9683,0,1106.29,657.16,1106.29,657.16,,0,22.46,84.72,0,fingertip
216589.0016,0,1106.29,657.16,1106.29,657.16,,0,12.98,77.29,0,fingertip
216589.0350,0,1106.29,657.16,1106.29,657.16,,0,21.81,81.83,0,fingertip
216589.0683,0,1106.29,657.16,1106.29,657.16,,0,22.56,81.68,0,fingertip
216589.1017,0,1106.29,657.16,1106.29,657.16,,0,20.81,82.46,0,fingertip
216589.1350,0,1106.29,657.16,1106.29,657.16,,0,28.50,86.06,0,fingertip
216589.1684,0,1106.29,657.16,1106.29,657.16,,0,30.33,87.90,0,fingertip
216589.2017,0,1106.29,657.16,1106.29,657.16,,0,35.11,89.98,0,fingertip
216589.2351,0,1106.29,657.16,1106.29,657.16,,0,21.70,78.50,0,fingertip
216589.2684,0,1106.29,657.16,1106.29,657.16,,0,32.69,88.18,0,fingertip
216589.3018,0,1106.29,657.16,1106.29,657.16,,0,25.26,80.52,0,fingertip
216589.3351,0,1106.29,657.16,1106.29,657.16,,0,35.07,86.93,0,fingertip
216589.3685,0,1106.29,657.16,1106.29,657.16,,0,31.09,84.89,0,fingertip
216589.4018,0,1106.29,657.16,1106.29,657.16,,0,34.79,86.59,0,fingertip
216589.4352,0,1106.29,657.16,1106.29,657.16,,0,24.84,78.38,0,fingertip
216589.4685,0,1106.29,657.16,1106.29,657.16,,0,40.93,89.72,0,fingertip
216589.5019,0,1106.29,657.16,1106.29,657.16,,0,28.67,92.94,0,fingertip
216589.5352,0,1106.29,657.16,1106.29,657.16,,0,23.20,86.76,0,fingertip
216589.5686,0,1106.29,657.16,1106.29,657.16,,0,22.60,89.00,0,fingertip
216589.6019,0,1106.29,657.16,1106.29,657.16,,0,21.39,84.55,0,fingertip
216589.6353,0,1106.29,657.16,1106.29,657.16,,0,24.07,86.42,0,fingertip
216589.6686,0,1106.29,657.16,1106.29,657.16,,0,20.99,84.86,0,fingertip
216589.7020,0,1106.29,657.16,1106.29,657.16,,0,26.71,88.54,0,fingertip
216589.7353,0,1106.29,657.16,1106.29,657.16,,0,21.70,83.87,0,fingertip
216589.7687,0,1106.29,657.16,1106.29,657.16,,0,25.42,85.55,0,fingertip
216589.8020,0,1106.29,657.16,1106.29,657.16,,0,22.61,83.62,0,fingertip
216589.8354,0,1106.29,657.16,1106.29,657.16,,0,22.45,80.90,0,fingertip
216589.8687,0,1106.29,657.16,1106.29,657.16,,0,31.53,89.51,0,fingertip
216589.9021,0,1106.29,657.16,1106.29,657.16,,0,24.06,80.77,0,fingertip
216589.9354,0,1106.29,657.16,1106.29,657.16,,0,35.26,92.87,0,fingertip
216589.9688,0,1106.29,657.16,1106.29,657.16,,0,27.90,87.68,0,fingertip
216590.0021,0,1106.29,657.16,1106.29,657.16,,0,28.90,83.44,0,fingertip
216590.0355,0,1106.29,657.16,1106.29,657.16,,0,32.12,85.47,0,fingertip
216590.0688,0,1106.29,657.16,1106.29,657.16,,0,31.47,83.80,0,fingertip
216590.1022,0,1106.29,657.16,1106.29,657.16,,0,35.94,86.65,0,fingertip
216590.1355,0,1106.29,657.16,1106.29,657.16,,0,29.67,83.19,0,fingertip
216590.1689,0,1106.29,657.16,1106.29,657.16,,0,38.08,88.92,0,fingertip
216590.2022,0,1106.29,657.16,1106.29,657.16,,0,24.94,80.98,0,fingertip
216590.2356,0,1106.29,657.16,1106.29,657.16,,0,31.66,86.94,0,fingertip
216590.2689,0,1106.29,657.16,1106.29,657.16,,0,24.10,78.34,0,fingertip
216590.3023,0,1106.29,657.16,1106.29,657.16,,0,38.41,93.68,0,fingertip
216590.3356,0,1106.29,657.16,1106.29,657.16,,0,23.43,84.04,0,fingertip
216590.3690,0,1106.29,657.16,1106.29,657.16,,0,30.32,86.93,0,fingertip
216590.4023,0,1106.29,657.16,1106.29,657.16,,0,30.29,84.08,0,fingertip
216590.4357,0,1106.29,657.16,1106.29,657.16,,0,42.43,95.71,0,fingertip
216590.4690,0,1106.29,657.16,1106.29,657.16,,0,23.98,86.44,0,fingertip
216590.5024,0,1106.29,657.16,1106.29,657.16,,0,22.36,84.49,0,fingertip
216590.5357,0,1106.29,657.16,1106.29,657.16,,0,27.38,86.33,0,fingertip
216590.5691,0,1106.29,657.16,1106.29,657.16,,0,23.29,82.03,0,fingertip
216590.6024,0,1106.29,657.16,1106.29,657.16,,0,23.93,84.29,0,fingertip
216590.6358,0,1106.29,657.16,1106.29,657.16,,0,27.72,84.47,0,fingertip
216590.6691,0,1106.29,657.16,1106.29,657.16,,0,29.47,85.13,0,fingertip
216590.7025,0,1106.29,657.16,1106.29,657.16,,0,24.93,80.58,0,fingertip
216590.7358,0,1106.29,657.16,1106.29,657.16,,0,31.48,88.14,0,fingertip
216590.7692,0,1106.29,657.16,1106.29,657.16,,0,26.60,81.54,0,fingertip
216590.8025,0,1106.29,657.16,1106.29,657.16,,0,35.15,89.23,0,fingertip
216590.8359,0,1106.29,657.16,1106.29,657.16,,0,22.03,78.07,0,fingertip
216590.8692,0,1106.29,657.16,1106.29,657.16,,0,30.74,86.84,0,fingertip
216590.9026,0,1106.29,657.16,1106.29,657.16,,0,31.50,85.15,0,fingertip
216590.9359,0,1106.29,657.16,1106.29,657.16,,0,32.20,86.87,0,fingertip
216590.9693,0,1106.29,657.16,1106.29,657.16,,0,33.32,87.17,0,fingertip
216591.0026,0,1106.29,657.16,1106.29,657.16,,0,24.54,79.71,0,fingertip
216591.0360,0,1106.29,657.16,1106.29,657.16,,0,36.89,92.43,0,fingertip
216591.0693,0,1106.29,657.16,1106.29,657.16,,0,22.66,82.02,0,fingertip
216591.1027,0,1106.29,657.16,1106.29,657.16,,0,23.34,83.38,0,fingertip
216591.1360,0,1106.29,657.16,1106.29,657.16,,0,25.46,82.11,0,fingertip
216591.1694,0,1106.29,657.16,1106.29,657.16,,0,28.90,86.77,0,fingertip
216591.2027,0,1106.29,657.16,1106.29,657.16,,0,33.73,88.42,0,fingertip
216591.2361,0,1106.29,657.16,1106.29,657.16,,0,23.46,78.68,0,fingertip
216591.2694,0,1106.29,657.16,1106.29,657.16,,0,37.99,90.87,0,fingertip
216591.3028,0,1106.29,657.16,1106.29,657.16,,0,20.61,78.37,0,fingertip
216591.3361,0,1106.29,657.16,1106.29,657.16,,0,27.49,82.22,0,fingertip
216591.3695,0,1106.29,657.16,1106.29,657.16,,0,11.18,73.75,0,fingertip
216591.4028,0,1106.29,657.16,1106.29,657.16,,0,15.17,80.53,0,fingertip
216591.4362,0,1106.29,657.16,1106.29,657.16,,0,11.21,72.11,0,fingertip
216591.4695,0,1106.29,657.16,1106.29,657.16,,0,13.82,76.78,0,fingertip
216591.5029,0,1106.29,657.16,1106.29,657.16,,0,18.95,78.46,0,fingertip
216591.5362,0,1106.29,657.16,1106.29,657.16,,0,15.35,74.43,0,fingertip
216591.5696,0,1106.29,657.16,1106.29,657.16,,0,23.92,82.02,0,fingertip
216591.6029,0,1106.29,657.16,1106.29,657.16,,0,19.18,76.71,0,fingertip
216591.6363,0,1106.29,657.16,1106.29,657.16,,0,23.71,82.87,0,fingertip
216591.6696,0,1106.29,657.16,1106.29,657.16,,0,11.07,72.59,0,fingertip
216591.7030,0,1106.29,657.16,1106.29,657.16,,0,16.52,80.75,0,fingertip
216591.7363,0,1106.29,657.16,1106.29,657.16,,0,10.53,69.12,0,fingertip
216591.7697,0,1106.29,657.16,1106.29,657.16,,0,27.35,86.10,0,fingertip
216591.8030,0,1106.29,657.16,1106.29,657.16,,0,11.12,72.24,0,fingertip
216591.8364,0,1106.29,657.16,1106.29,657.16,,0,20.67,81.47,0,fingertip
216591.8697,0,1106.29,657.16,1106.29,657.16,,0,11.62,71.88,0,fingertip
216591.9031,0,1106.29,657.16,1106.29,657.16,,0,19.89,81.42,0,fingertip
216591.9364,0,1106.29,657.16,1106.29,657.16,,0,19.57,77.39,0,fingertip
216591.9698,0,1106.29,657.16,1106.29,657.16,,0,26.94,84.13,0,fingertip
216592.0031,0,1106.29,657.16,1106.29,657.16,,0,22.06,77.79,0,fingertip
216592.0365,0,1106.29,657.16,1106.29,657.16,,0,23.70,79.67,0,fingertip
216592.0698,0,1106.29,657.16,1106.29,657.16,,0,22.61,75.69,0,fingertip
216592.1032,0,1106.29,657.16,1106.29,657.16,,0,26.55,78.31,0,fingertip
216592.1365,0,1106.29,657.16,1106.29,657.16,,0,29.17,82.12,0,fingertip
216592.1699,0,1106.29,657.16,1106.29,657.16,,0,18.56,73.89,0,fingertip
216592.2032,0,1106.29,657.16,1106.29,657.16,,0,31.26,86.01,0,fingertip
216592.2366,0,1106.29,657.16,1106.29,657.16,,0,10.17,68.67,0,fingertip
216592.2699,0,1106.29,657.16,1106.29,657.16,,0,27.67,86.14,0,fingertip
216592.3033,0,1106.29,657.16,1106.29,657.16,,0,13.48,72.05,0,fingertip
216592.3366,0,1106.29,657.16,1106.29,657.16,,0,21.82,81.97,0,fingertip
216592.3700,0,1106.29,657.16,1106.29,657.16,,0,15.60,73.70,0,fingertip
216592.4033,0,1106.29,657.16,1106.29,657.16,,0,24.34,84.55,0,fingertip
216592.4367,0,1106.29,657.16,1106.29,657.16,,0,23.15,77.46,0,fingertip
216592.4700,0,1106.29,657.16,1106.29,657.16,,0,29.40,83.63,0,fingertip
216592.5034,0,1106.29,657.16,1106.29,657.16,,0,16.96,73.44,0,fingertip
216592.5367,0,1106.29,657.16,1106.29,657.16,,0,27.00,85.24,0,fingertip
216592.5701,0,1106.29,657.16,1106.29,657.16,,0,13.43,72.69,0,fingertip
216592.6034,0,1106.29,657.16,1106.29,657.16,,0,15.31,76.83,0,fingertip
216592.6368,0,1106.29,657.16,1106.29,657.16,,0,22.65,80.39,0,fingertip
216592.6701,0,1106.29,657.16,1106.29,657.16,,0,20.38,77.16,0,fingertip
216592.7035,0,1106.29,657.16,1106.29,657.16,,0,25.15,82.14,0,fingertip
216592.7368,0,1106.29,657.16,1106.29,657.16,,0,13.40,68.96,0,fingertip
216592.7702,0,1106.29,657.16,1106.29,657.16,,0,25.80,83.05,0,fingertip
216592.8035,0,1106.29,657.16,1106.29,657.16,,0,11.61,73.87,0,fingertip
216592.8369,0,1106.29,657.16,1106.29,657.16,,0,13.35,77.37,0,fingertip
216592.8702,0,1106.29,657.16,1106.29,657.16,,0,18.65,78.14,0,fingertip
216592.9036,0,1106.29,657.16,1106.29,657.16,,0,18.78,77.03,0,fingertip
216592.9369,0,1106.29,657.16,1106.29,657.16,,0,18.81,77.15,0,fingertip
216592.9703,0,1106.29,657.16,1106.29,657.16,,0,20.14,76.32,0,fingertip
216593.0036,0,1106.29,657.16,1106.29,657.16,,0,20.80,76.21,0,fingertip
216593.0370,0,1106.29,657.16,1106.29,657.16,,0,28.26,81.25,0,fingertip
216593.0703,0,1106.29,657.16,1106.29,657.16,,0,27.79,85.50,0,fingertip
216593.1037,0,1106.29,657.16,1106.29,657.16,,0,12.63,72.31,0,fingertip
216593.1370,0,1106.29,657.16,1106.29,657.16,,0,15.21,78.05,0,fingertip
216593.1704,0,1106.29,657.16,1106.29,657.16,,0,23.16,81.45,0,fingertip
216593.2037,0,1106.29,657.16,1106.29,657.16,,0,13.50,70.80,0,fingertip
216593.2371,0,1106.29,657.16,1106.29,657.16,,0,28.52,85.64,0,fingertip
216593.2704,0,1106.29,657.16,1106.29,657.16,,0,8.92,68.44,0,fingertip
216593.3038,0,1106.29,657.16,1106.29,657.16,,0,19.69,81.91,0,fingertip
216593.3371,0,1106.29,657.16,1106.29,657.16,,0,19.55,81.38,0,fingertip
216593.3705,0,1106.29,657.16,1106.29,657.16,,0,12.04,74.08,0,fingertip
216593.4038,0,1106.29,657.16,1106.29,657.16,,0,14.67,76.76,0,fingertip
216593.4372,0,1106.29,657.16,1106.29,657.16,,0,17.11,75.42,0,fingertip
216593.4705,0,1106.29,657.16,1106.29,657.16,,0,15.99,76.54,0,fingertip
216593.5039,0,1106.29,657.16,1106.29,657.16,,0,24.03,80.36,0,fingertip
216593.5372,0,1106.29,657.16,1106.29,657.16,,0,16.80,73.59,0,fingertip
216593.5706,0,1106.29,657.16,1106.29,657.16,,0,20.65,76.08,0,fingertip
216593.6039,0,1106.29,657.16,1106.29,657.16,,0,24.62,78.25,0,fingertip
216593.6373,0,1106.29,657.16,1106.29,657.16,,0,24.46,77.50,0,fingertip
216593.6706,0,1106.29,657.16,1106.29,657.16,,0,30.75,83.53,0,fingertip
216593.7040,0,1106.29,657.16,1106.29,657.16,,0,11.76,67.82,0,fingertip
216593.7373,0,1106.29,657.16,1106.29,657.16,,0,18.28,76.56,0,fingertip
216593.7707,0,1106.29,657.16,1106.29,657.16,,0,22.33,75.89,0,fingertip
216593.8040,0,1106.29,657.16,1106.29,657.16,,0,28.32,82.37,0,fingertip
216593.8374,0,1106.29,657.16,1106.29,657.16,,0,16.75,72.69,0,fingertip
216593.8707,0,1106.29,657.16,1106.29,657.16,,0,24.54,79.88,0,fingertip
216593.9041,0,1106.29,657.16,1106.29,657.16,,0,23.62,77.55,0,fingertip
216593.9374,0,1106.29,657.16,1106.29,657.16,,0,28.06,80.24,0,fingertip
216593.9708,0,1106.29,657.16,1106.29,657.16,,0,18.52,72.03,0,fingertip
216594.0041,0,1106.29,657.16,1106.29,657.16,,0,26.22,80.37,0,fingertip
216594.0375,0,1106.29,657.16,1106.29,657.16,,0,28.99,84.08,0,fingertip
216594.0708,0,1106.29,657.16,1106.29,657.16,,0,20.46,78.81,0,fingertip
216594.1042,0,1106.29,657.16,1106.29,657.16,,0,24.65,85.00,0,fingertip
216594.1375,0,1106.29,657.16,1106.29,657.16,,0,12.86,70.23,0,fingertip
216594.1709,0,1106.29,657.16,1106.29,657.16,,0,28.49,85.40,0,fingertip
216594.2042,0,1106.29,657.16,1106.29,657.16,,0,6.85,67.66,0,fingertip
216594.2376,0,1106.29,657.16,1106.29,657.16,,0,18.57,81.67,0,fingertip
216594.2709,0,1106.29,657.16,1106.29,657.16,,0,13.88,72.24,0,fingertip
216594.3043,0,1106.29,657.16,1106.29,657.16,,0,23.32,84.19,0,fingertip
216594.3376,0,1106.29,657.16,1106.29,657.16,,0,21.87,77.44,0,fingertip
216594.3710,0,1106.29,657.16,1106.29,657.16,,0,19.92,73.47,0,fingertip
216594.4043,0,1106.29,657.16,1106.29,657.16,,0,24.01,77.23,0,fingertip
216594.4377,0,1106.29,657.16,1106.29,657.16,,0,22.27,74.14,0,fingertip
216594.4710,0,1106.29,657.16,1106.29,657.16,,0,25.22,77.95,0,fingertip
216594.5044,0,1106.29,657.16,1106.29,657.16,,0,26.52,82.95,0,fingertip
216594.5377,0,1106.29,657.16,1106.29,657.16,,0,15.30,71.86,0,fingertip
216594.5711,0,1106.29,657.16,1106.29,657.16,,0,29.41,87.05,0,fingertip
216594.6044,0,1106.29,657.16,1106.29,657.16,,0,8.60,68.32,0,fingertip
216594.6378,0,1106.29,657.16,1106.29,657.16,,0,25.31,84.22,0,fingertip
216594.6711,0,1106.29,657.16,1106.29,657.16,,0,18.24,75.20,0,fingertip
216594.7045,0,1106.29,657.16,1106.29,657.16,,0,23.28,80.95,0,fingertip
216594.7378,0,1106.29,657.16,1106.29,657.16,,0,19.25,74.22,0,fingertip
216594.7712,0,1106.29,657.16,1106.29,657.16,,0,24.02,80.12,0,fingertip
216594.8045,0,1106.29,657.16,1106.29,657.16,,0,18.92,71.70,0,fingertip
216594.8379,0,1106.29,657.16,1106.29,657.16,,0,30.80,84.66,0,fingertip
216594.8712,0,1106.29,657.16,1106.29,657.16,,0,10.82,73.33,0,fingertip
216594.9046,0,1106.29,657.16,1106.29,657.16,,0,17.65,80.72,0,fingertip
216594.9379,0,1106.29,657.16,1106.29,657.16,,0,11.13,71.08,0,fingertip
216594.9713,0,1106.29,657.16,1106.29,657.16,,0,20.51,81.75,0,fingertip
216595.0046,0,1106.29,657.16,1106.29,657.16,,0,17.91,75.85,0,fingertip
216595.0380,0,1106.29,657.16,1106.29,657.16,,0,19.23,78.39,0,fingertip
216595.0713,0,1106.29,657.16,1106.29,657.16,,0,20.73,75.96,0,fingertip
216595.1047,0,1106.29,657.16,1106.29,657.16,,0,23.52,79.01,0,fingertip
216595.1380,0,1106.29,657.16,1106.29,657.16,,0,29.46,81.73,0,fingertip
216595.1714,0,1106.29,657.16,1106.29,657.16,,0,14.48,82.90,0,fingertip
216595.2047,0,1106.29,657.16,1106.29,657.16,,0,11.46,79.27,0,fingertip
216595.2381,0,1106.29,657.16,1106.29,657.16,,0,16.04,87.20,0,fingertip
216595.2714,0,1106.29,657.16,1106.29,657.16,,0,13.17,76.99,0,fingertip
216595.3048,0,1106.29,657.16,1106.29,657.16,,0,10.24,74.18,0,fingertip
216595.3381,0,1106.29,657.16,1106.29,657.16,,0,14.93,77.04,0,fingertip
216595.3715,0,1106.29,657.16,1106.29,657.16,,0,11.26,74.50,0,fingertip
216595.4048,0,1106.29,657.16,1106.29,657.16,,0,20.35,81.84,1,fingertip
216595.4382,0,1106.29,657.16,1106.29,657.16,,0,7.07,68.45,1,fingertip
216595.4715,0,1106.29,657.16,1106.29,657.16,,0,16.02,76.67,1,fingertip
216595.5049,0,1106.29,657.16,1106.29,657.16,,0,17.52,79.53,1,fingertip
216595.5382,0,1106.29,657.16,1106.29,657.16,,0,11.31,70.88,1,fingertip
216595.5716,0,1106.29,657.16,1106.29,657.16,,0,28.29,87.64,1,fingertip
216595.6049,0,1106.29,657.16,1106.29,657.16,,0,13.71,74.21,1,fingertip
216595.6383,0,1106.29,657.16,1106.29,657.16,,0,20.19,81.03,1,fingertip
216595.6716,0,1106.29,657.16,1106.29,657.16,,0,24.62,81.53,1,fingertip
216595.7050,0,1106.29,657.16,1106.29,657.16,,0,22.48,82.66,1,fingertip
216595.7383,0,1106.29,657.16,1106.29,657.16,,0,35.87,91.40,1,fingertip
216595.7717,0,1106.29,657.16,1106.29,657.16,,0,20.01,78.28,1,fingertip
216595.8050,1,941.69,164.88,941.69,164.88,0.007,0,47.44,105.02,1,fingertip
216595.8384,1,956.55,295.55,950.86,285.89,0.097,1,23.25,95.19,1,fingertip
216595.8717,1,927.58,428.52,939.30,418.13,0.203,1,19.93,88.48,1,fingertip
216595.9051,1,901.05,497.24,932.19,491.08,0.223,1,18.68,80.91,1,fingertip
216595.9384,1,866.13,549.95,895.19,544.96,0.227,1,22.29,85.88,1,fingertip
216595.9718,1,847.61,594.12,864.22,589.55,0.225,1,25.50,85.33,1,fingertip
216596.0051,1,834.54,624.38,844.23,620.78,0.229,1,33.40,91.96,1,fingertip
216596.0385,1,816.42,649.11,825.12,645.84,0.226,1,19.75,78.56,1,fingertip
216596.0718,1,829.76,674.67,828.09,671.00,0.233,1,34.98,93.20,1,fingertip
216596.1052,1,820.37,701.05,823.31,696.87,0.257,1,19.21,79.28,1,fingertip
216596.1385,1,820.13,724.24,821.43,720.09,0.291,1,37.39,94.00,1,fingertip
216596.1719,1,832.93,702.99,827.28,706.17,0.263,1,19.76,80.65,1,fingertip
216596.2052,1,802.02,735.12,812.98,729.49,0.326,0,26.83,87.35,1,fingertip
216596.2386,1,853.18,685.03,825.63,696.95,0.228,0,23.22,79.36,1,fingertip
216596.2719,1,762.49,748.59,788.30,736.11,0.339,0,36.49,94.57,1,fingertip
216596.3053,1,821.63,692.22,801.89,707.29,0.243,0,26.86,88.28,1,fingertip
216596.3386,1,721.05,755.18,748.68,741.10,0.356,0,23.15,81.68,1,fingertip
216596.3720,1,799.99,704.05,771.33,719.39,0.240,0,25.69,86.64,1,fingertip
216596.4053,1,755.27,743.21,763.50,734.03,0.307,0,22.76,79.04,1,fingertip
216596.4387,1,729.38,784.88,743.71,768.92,0.399,0,38.71,94.69,1,fingertip
216596.4720,1,738.04,780.14,740.54,776.43,0.375,0,19.94,81.53,1,fingertip
216596.5054,1,762.65,762.50,749.84,768.11,0.351,0,21.62,83.02,1,fingertip
216596.5387,1,722.53,786.69,735.64,779.45,0.400,0,25.40,84.62,1,fingertip
216596.5721,1,729.49,764.35,732.52,771.59,0.329,0,26.01,84.52,1,fingertip
216596.6054,1,710.38,751.14,720.22,763.93,0.275,0,28.02,88.15,1,fingertip
216596.6388,1,644.77,766.09,667.62,764.71,0.317,0,25.23,80.22,1,fingertip
216596.6721,1,586.95,781.60,605.90,772.12,0.328,0,47.16,105.53,1,fingertip
216596.7055,1,439.71,834.55,465.51,811.44,0.364,0,23.50,96.19,1,fingertip
216596.7388,1,361.57,856.89,375.94,842.62,0.390,0,28.12,91.05,1,fingertip
216596.7722,1,317.81,829.10,325.95,834.26,0.351,0,19.71,80.43,1,fingertip
216596.8055,1,300.23,800.62,304.17,819.02,0.324,0,22.18,83.70,1,fingertip
216596.8389,1,297.78,791.45,298.90,813.14,0.325,0,25.37,85.62,1,fingertip
216596.8722,1,301.87,780.19,301.26,799.61,0.289,0,20.47,81.25,1,fingertip
216596.9056,1,309.46,779.24,307.47,789.71,0.279,0,30.47,89.20,1,fingertip
216596.9389,1,314.09,783.58,312.20,786.78,0.280,0,20.88,80.41,1,fingertip
216596.9723,1,320.59,799.18,317.77,791.39,0.293,0,24.77,89.48,1,fingertip
216597.0056,1,317.36,804.19,317.51,794.48,0.297,0,28.01,84.47,1,fingertip
216597.0390,1,322.08,804.05,320.13,796.55,0.295,0,25.31,80.86,1,fingertip
216597.0723,1,323.85,806.01,322.06,799.35,0.290,0,29.98,84.05,1,fingertip
216597.1057,1,329.29,818.84,325.31,807.39,0.301,0,26.66,80.86,1,fingertip
216597.1390,1,336.49,821.55,329.18,813.88,0.298,0,39.30,92.22,1,fingertip
216597.1724,1,331.01,824.54,329.74,818.96,0.309,0,17.12,76.45,1,fingertip
216597.2057,1,325.49,828.72,328.38,823.71,0.308,0,32.32,92.80,1,fingertip
216597.2391,1,339.98,840.29,330.60,832.36,0.304,0,21.06,80.74,1,fingertip
216597.2724,1,338.52,843.99,332.50,838.53,0.315,0,48.15,104.23,1,fingertip
216597.3058,1,347.74,857.29,337.89,849.05,0.322,0,23.03,94.12,1,fingertip
216597.3391,1,365.13,858.69,351.04,854.40,0.339,0,25.06,86.05,1,fingertip
216597.3725,1,430.01,827.56,404.51,844.02,0.301,0,18.86,78.81,1,fingertip
216597.4058,1,508.97,791.92,485.63,822.35,0.269,0,30.41,89.81,1,fingertip
216597.4392,1,552.22,784.07,538.89,801.08,0.272,0,27.10,86.36,1,fingertip
216597.4725,1,558.78,782.40,554.52,790.26,0.269,0,23.85,81.98,1,fingertip
216597.5059,1,544.57,782.86,547.12,786.09,0.256,0,26.08,84.99,1,fingertip
216597.5392,1,530.32,785.85,535.63,785.96,0.249,0,24.79,81.58,1,fingertip
216597.5726,1,520.50,791.68,526.37,788.61,0.253,0,37.76,95.60,1,fingertip
216597.6059,1,500.65,795.67,514.04,791.34,0.247,0,21.41,83.88,1,fingertip
216597.6393,1,475.62,802.38,506.38,794.38,0.249,0,23.39,80.94,1,fingertip
216597.6726,1,460.09,814.61,483.26,800.16,0.274,0,34.55,92.86,1,fingertip
216597.7060,1,433.17,827.33,451.87,812.32,0.261,0,27.00,86.72,1,fingertip
216597.7393,1,400.35,849.50,416.12,833.43,0.278,0,23.71,77.28,1,fingertip
216597.7727,1,344.54,861.18,362.10,850.40,0.262,0,40.89,92.85,1,fingertip
216597.8060,1,278.10,891.25,295.06,877.66,0.275,0,23.37,83.16,1,fingertip
216597.8394,1,209.79,919.77,224.76,907.32,0.252,0,37.48,93.48,1,fingertip
216597.8727,1,121.60,933.20,137.22,925.65,0.229,0,26.00,86.43,1,fingertip
216597.9061,1,41.06,951.41,54.34,943.97,0.263,0,26.87,83.00,1,fingertip
216597.9394,1,0.00,970.73,7.67,963.11,0.265,0,32.04,92.16,1,fingertip
216597.9728,1,0.00,982.00,1.24,976.48,0.261,0,20.98,79.99,1,fingertip
216598.0061,1,0.00,982.00,0.23,980.23,0.264,0,31.14,89.74,1,fingertip
216598.0395,1,0.00,982.00,0.05,981.37,0.264,0,31.10,87.75,1,fingertip
216598.0728,1,0.00,982.00,0.01,981.76,0.260,0,27.55,82.78,1,fingertip
216598.1062,1,0.00,981.54,0.00,981.63,0.278,0,35.28,93.28,1,fingertip
216598.1395,1,0.00,968.95,0.00,975.56,0.268,0,28.55,88.73,1,fingertip
216598.1729,1,0.00,957.95,0.00,969.62,0.257,0,29.64,85.24,1,fingertip
216598.2062,1,0.00,947.40,0.00,964.17,0.251,0,36.69,90.24,1,fingertip
216598.2396,1,0.00,943.18,0.00,955.91,0.257,0,25.52,82.62,1,fingertip
216598.2729,1,0.00,930.82,0.00,943.49,0.244,0,33.65,84.80,1,fingertip
216598.3063,1,0.00,933.33,0.00,938.37,0.243,0,30.75,82.43,1,fingertip
216598.3396,1,0.00,937.61,0.00,938.02,0.248,0,35.89,86.75,1,fingertip
216598.3730,1,0.00,933.80,0.00,936.09,0.240,0,24.38,79.25,1,fingertip
216598.4063,1,0.00,935.70,0.00,935.93,0.247,0,37.79,92.15,1,fingertip
216598.4397,1,0.00,943.49,0.00,938.52,0.259,0,19.43,78.49,1,fingertip
216598.4730,1,0.00,945.20,0.00,940.28,0.255,0,40.31,95.69,1,fingertip
216598.5064,1,0.00,954.70,0.00,943.80,0.282,0,20.00,82.59,1,fingertip
216598.5397,1,0.00,938.21,0.00,942.82,0.224,0,23.15,84.46,1,fingertip
216598.5731,1,0.00,920.56,0.00,934.72,0.167,0,23.97,81.61,1,fingertip
216598.6064,1,0.00,915.09,0.00,925.83,0.167,1,29.51,89.07,1,fingertip
216598.6398,1,0.00,919.69,0.00,923.06,0.158,1,24.14,80.12,1,fingertip
216598.6731,1,0.00,921.79,0.00,922.52,0.167,1,36.46,90.23,1,fingertip
216598.7065,1,0.00,921.73,0.00,922.20,0.148,1,33.30,90.37,1,fingertip
216598.7398,1,0.00,920.66,0.00,921.62,0.149,1,19.78,77.01,1,fingertip
216598.7732,1,0.00,918.69,0.00,920.54,0.147,1,38.72,96.55,1,fingertip
216598.8065,1,0.00,934.08,0.00,923.65,0.158,1,23.37,88.87,1,fingertip
216598.8399,1,0.00,931.93,0.00,925.42,0.158,1,23.08,90.10,1,fingertip
216598.8732,1,0.00,932.16,0.00,927.24,0.171,1,21.24,87.29,1,fingertip
216598.9066,1,0.00,925.81,0.00,926.89,0.146,1,19.78,84.70,1,fingertip
216598.9399,1,0.00,933.16,0.00,928.69,0.162,1,20.04,83.77,1,fingertip
216598.9733,1,0.00,945.51,0.00,935.28,0.189,1,22.33,87.49,1,fingertip
216599.0066,1,0.00,982.00,0.00,961.96,0.375,0,28.75,88.60,1,fingertip
216599.0400,1,0.00,982.00,0.00,973.87,0.588,0,20.47,80.67,1,fingertip
216599.0733,1,0.00,982.00,0.00,978.58,0.669,0,26.28,84.70,1,fingertip
216599.1067,1,0.00,982.00,0.00,980.47,0.727,0,32.74,92.96,1,fingertip
216599.1400,1,0.00,982.00,0.00,981.26,0.793,0,20.47,80.31,1,fingertip
216599.1734,1,1.90,982.00,0.36,981.62,0.767,0,27.98,86.99,1,fingertip
216599.2067,1,4.20,982.00,1.23,981.79,0.718,0,34.60,90.12,1,fingertip
216599.2401,1,21.15,982.00,8.74,981.88,0.734,0,20.64,77.62,1,fingertip
216599.2734,1,16.48,982.00,11.82,981.93,0.763,0,33.91,90.53,1,fingertip
216599.3068,1,23.05,982.00,16.70,981.95,0.740,0,21.56,78.96,1,fingertip
216599.3401,1,26.72,982.00,21.26,981.97,0.746,0,37.16,91.72,1,fingertip
216599.3735,1,30.37,982.00,25.51,981.98,0.735,0,19.00,77.66,1,fingertip
216599.4068,1,48.23,982.00,37.56,981.98,0.731,0,36.40,92.44,1,fingertip
216599.4402,1,60.38,982.00,50.64,981.99,0.721,0,18.98,85.31,1,fingertip
216599.4735,1,105.11,982.00,87.17,981.99,0.725,0,21.48,90.04,1,fingertip
216599.5069,1,149.59,982.00,132.90,981.99,0.718,0,23.58,89.64,1,fingertip
216599.5402,1,231.89,982.00,211.76,982.00,0.687,0,21.07,88.55,1,fingertip
216599.5736,1,313.08,982.00,295.99,982.00,0.676,0,18.73,86.11,1,fingertip
216599.6069,1,400.87,982.00,385.50,982.00,0.653,0,20.99,90.13,1,fingertip
216599.6403,1,495.25,982.00,480.89,982.00,0.597,0,19.48,85.44,1,fingertip
216599.6736,1,594.53,982.00,580.97,982.00,0.614,0,22.45,89.02,1,fingertip
216599.7070,1,689.85,982.00,677.64,982.00,0.606,0,21.20,88.67,1,fingertip
216599.7403,1,790.14,982.00,778.20,982.00,0.594,0,23.43,85.51,1,fingertip
216599.7737,1,887.39,982.00,876.22,982.00,0.629,0,21.21,87.67,1,fingertip
216599.8070,1,945.41,982.00,938.07,982.00,0.624,0,22.52,83.63,1,fingertip
216599.8404,1,974.63,982.00,970.38,982.00,0.616,0,26.33,86.28,1,fingertip
216599.8737,1,991.43,982.00,988.68,982.00,0.627,0,21.55,82.39,1,fingertip
216599.9071,1,1004.00,978.49,1001.74,981.29,0.629,0,28.71,86.77,1,fingertip
216599.9404,1,995.23,959.72,996.37,973.20,0.627,0,27.64,84.55,1,fingertip
216599.9738,1,987.29,948.53,989.18,961.28,0.598,0,32.80,90.33,1,fingertip
216600.0071,1,985.74,944.08,986.57,952.31,0.600,0,21.51,78.74,1,fingertip
216600.0405,1,982.41,945.78,983.59,948.98,0.590,0,33.60,89.83,1,fingertip
216600.0738,1,977.15,937.67,979.27,943.10,0.578,0,35.89,92.57,1,fingertip
216600.1072,1,962.95,937.82,969.61,940.43,0.583,0,21.45,81.42,1,fingertip
216600.1405,1,956.02,939.37,962.77,939.93,0.601,0,23.35,85.39,1,fingertip
216600.1739,1,932.33,937.06,954.42,938.63,0.598,0,24.08,81.13,1,fingertip
216600.2072,1,907.41,927.54,932.98,933.38,0.621,0,31.84,89.90,1,fingertip
216600.2406,1,869.66,922.10,892.58,927.85,0.630,0,23.54,80.33,1,fingertip
216600.2739,1,830.92,912.47,848.53,919.85,0.600,0,53.51,107.55,1,fingertip
216600.3073,1,804.21,911.28,815.79,915.41,0.601,0,32.84,107.25,1,fingertip
216600.3406,1,756.37,908.24,770.05,911.76,0.585,0,21.76,95.96,1,fingertip
216600.3740,1,716.98,911.96,728.35,911.85,0.578,0,27.14,89.95,1,fingertip
216600.4073,1,685.00,908.07,694.07,910.13,0.588,0,24.08,80.95,1,fingertip
216600.4407,1,652.42,901.93,661.03,906.33,0.588,0,33.39,87.39,1,fingertip
216600.4740,1,628.02,883.32,634.98,894.15,0.581,0,26.25,80.54,1,fingertip
216600.5074,1,596.60,870.00,604.66,880.23,0.564,0,41.70,94.06,1,fingertip
216600.5407,1,578.19,861.81,583.97,869.29,0.545,0,25.55,86.48,1,fingertip
216600.5741,1,569.15,849.75,572.65,857.37,0.537,0,23.91,78.01,1,fingertip
216600.6074,1,561.45,846.91,564.33,851.09,0.536,0,36.72,91.38,1,fingertip
216600.6408,1,563.43,838.72,563.69,843.71,0.526,0,22.37,80.68,1,fingertip
216600.6741,1,561.40,837.39,562.14,840.07,0.530,0,35.13,91.00,1,fingertip
216600.7075,1,560.41,834.67,561.03,837.07,0.531,0,18.60,76.50,1,fingertip
216600.7408,1,562.13,839.99,561.69,838.55,0.529,0,35.15,92.59,1,fingertip
216600.7742,1,572.02,841.91,567.13,840.07,0.536,0,19.45,78.90,1,fingertip
216600.8075,1,577.95,839.54,571.86,839.85,0.534,0,34.10,91.59,1,fingertip
216600.8409,1,576.32,835.55,573.55,838.07,0.523,0,20.02,78.50,1,fingertip
216600.8742,1,588.78,842.88,576.96,839.76,0.512,0,33.69,95.40,1,fingertip
216600.9076,1,590.56,840.81,580.60,840.10,0.518,0,25.59,94.07,1,fingertip
216600.9409,1,594.77,842.07,585.75,840.65,0.517,0,24.61,93.70,1,fingertip
216600.9743,1,593.78,839.93,588.88,840.46,0.516,0,21.59,89.14,1,fingertip
216601.0076,1,596.88,838.29,592.16,839.86,0.510,0,21.42,90.12,1,fingertip
216601.0410,1,598.91,838.49,594.99,839.49,0.503,0,20.93,88.36,1,fingertip
216601.0743,1,597.08,836.83,595.82,838.74,0.506,0,24.95,95.51,1,fingertip
216601.1077,1,603.23,837.47,598.90,838.39,0.511,0,22.56,90.91,1,fingertip
216601.1410,1,591.00,831.00,596.29,836.03,0.496,0,24.16,92.72,1,fingertip
216601.1744,1,594.39,826.92,595.73,832.71,0.489,0,23.37,93.48,1,fingertip
216601.2077,1,600.82,826.17,597.34,830.22,0.489,0,23.01,89.35,1,fingertip
216601.2411,1,582.20,815.36,594.32,823.66,0.450,0,26.68,92.87,1,fingertip
216601.2744,1,588.35,808.30,592.81,816.22,0.426,0,21.31,87.60,1,fingertip
216601.3078,1,578.33,801.12,587.65,808.45,0.404,0,21.59,88.31,1,fingertip
216601.3411,1,576.78,779.28,583.28,791.50,0.353,0,27.56,89.73,1,fingertip
216601.3745,1,587.99,722.40,584.88,743.26,0.230,0,20.53,83.89,1,fingertip
216601.4078,1,606.84,677.62,590.15,693.95,0.122,0,24.30,87.20,1,fingertip
216601.4412,1,612.58,677.13,599.10,681.55,0.124,1,19.26,82.74,1,fingertip
216601.4745,1,609.49,680.45,603.57,680.77,0.123,1,24.92,86.26,1,fingertip
216601.5079,1,608.46,678.10,605.65,678.98,0.118,1,31.99,94.10,1,fingertip
216601.5412,1,611.29,680.19,608.05,679.74,0.120,1,19.63,80.63,1,fingertip
216601.5746,1,617.85,665.61,612.43,670.89,0.076,1,31.11,89.52,1,fingertip
216601.6079,1,617.78,677.62,614.79,674.71,0.112,1,21.10,79.99,1,fingertip
216601.6413,1,615.87,674.59,615.24,674.65,0.111,1,31.76,89.56,1,fingertip
216601.6746,1,621.04,681.02,617.66,677.60,0.124,1,26.31,83.14,1,fingertip
216601.7080,1,632.97,687.32,624.82,681.20,0.111,1,29.23,87.62,1,fingertip
216601.7413,1,626.58,680.38,625.60,680.92,0.104,1,29.29,83.81,1,fingertip
216601.7747,1,623.77,675.78,624.87,679.06,0.088,1,40.95,92.40,1,fingertip
216601.8080,1,626.74,680.98,625.58,679.68,0.112,1,21.31,81.55,1,fingertip
216601.8414,1,623.85,675.31,624.99,678.22,0.086,1,25.01,84.75,1,fingertip
216601.8747,1,630.35,678.54,626.89,678.32,0.091,1,22.07,82.16,1,fingertip
216601.9081,1,629.10,681.09,627.65,679.05,0.085,1,29.78,89.56,1,fingertip
216601.9414,1,625.45,680.57,626.98,679.40,0.088,1,18.92,77.88,1,fingertip
216601.9748,1,634.07,686.42,629.39,680.78,0.105,1,29.87,88.78,1,fingertip
216602.0081,1,633.09,686.68,630.65,682.26,0.110,1,25.30,83.80,1,fingertip
216602.0415,1,624.58,682.26,629.02,682.26,0.122,1,21.06,80.71,1,fingertip
216602.0748,1,633.53,686.24,630.34,683.31,0.118,1,35.65,95.50,1,fingertip
216602.1082,1,600.38,733.18,619.96,709.96,0.200,1,24.26,86.63,1,fingertip
216602.1415,1,583.37,789.89,601.03,765.60,0.319,1,22.61,82.80,1,fingertip
216602.1749,1,577.70,819.24,587.83,805.14,0.383,0,28.09,85.78,1,fingertip
216602.2082,1,587.78,833.76,587.80,826.27,0.421,0,22.93,80.24,1,fingertip
216602.2416,1,589.15,847.10,588.45,841.49,0.433,0,35.26,92.41,1,fingertip
216602.2749,1,594.19,847.76,590.85,845.91,0.427,0,21.63,80.93,1,fingertip
216602.3083,1,593.77,846.97,591.92,846.62,0.433,0,37.28,94.80,1,fingertip
216602.3416,1,589.20,841.28,590.94,843.32,0.425,0,24.40,86.14,1,fingertip
216602.3750,1,592.88,840.94,591.56,841.96,0.420,0,25.40,78.51,1,fingertip
216602.4083,1,591.90,839.90,591.66,840.88,0.427,0,36.89,89.99,1,fingertip
216602.4417,1,587.71,837.54,590.44,839.30,0.425,0,21.52,78.44,1,fingertip
216602.4750,1,591.16,836.66,590.64,838.18,0.410,0,34.90,90.50,1,fingertip
216602.5084,1,586.50,833.80,589.40,836.59,0.431,0,19.99,77.35,1,fingertip
216602.5417,1,593.63,827.91,590.43,834.25,0.393,0,31.45,85.57,1,fingertip
216602.5751,1,588.54,774.59,589.96,803.66,0.286,0,35.95,88.40,1,fingertip
216602.6084,1,594.89,707.76,590.89,735.38,0.148,0,24.31,79.55,1,fingertip
216602.6418,1,608.95,696.21,596.80,706.74,0.125,1,36.08,89.65,1,fingertip
216602.6751,1,616.64,699.11,605.38,701.35,0.112,1,27.51,84.21,1,fingertip
216602.7085,1,618.89,700.48,611.73,700.76,0.103,1,36.50,88.31,1,fingertip
216602.7418,1,624.67,700.62,618.14,700.67,0.108,1,22.26,83.01,1,fingertip
216602.7752,1,624.62,702.91,621.30,701.99,0.107,1,18.55,83.93,1,fingertip
216602.8085,1,622.97,706.29,622.07,704.29,0.138,1,29.22,87.67,1,fingertip
216602.8419,1,634.35,707.31,628.02,705.75,0.130,1,20.60,78.29,1,fingertip
216602.8752,1,625.73,702.17,627.02,704.09,0.124,1,29.68,89.08,1,fingertip
216602.9086,1,616.42,702.95,623.46,703.59,0.123,1,27.08,82.99,1,fingertip
216602.9419,1,623.57,698.02,623.50,701.17,0.126,1,30.63,86.48,1,fingertip
216602.9753,1,622.40,700.89,623.19,701.06,0.110,1,29.12,82.45,1,fingertip
216603.0086,1,620.12,696.20,622.45,699.10,0.107,1,33.85,86.50,1,fingertip
216603.0420,1,621.03,704.40,622.15,700.88,0.132,1,28.77,82.14,1,fingertip
216603.0753,1,619.63,700.69,621.69,700.82,0.102,1,33.11,84.37,1,fingertip
216603.1087,1,618.44,705.88,621.04,702.09,0.115,1,33.63,84.85,1,fingertip
216603.1420,1,625.34,702.28,621.88,702.13,0.129,1,36.34,88.08,1,fingertip
216603.1754,1,629.21,703.49,623.80,702.42,0.124,1,20.45,80.68,1,fingertip
216603.2087,1,631.13,704.08,626.08,702.73,0.121,1,19.17,81.48,1,fingertip
216603.2421,1,630.99,704.71,627.69,703.09,0.112,1,31.98,92.15,1,fingertip
216603.2754,1,624.21,704.05,626.73,703.28,0.134,1,17.30,78.07,1,fingertip
216603.3088,1,628.64,699.93,627.26,702.62,0.121,1,33.27,91.80,1,fingertip
216603.3421,1,630.30,704.14,628.13,702.89,0.130,1,19.53,78.23,1,fingertip
216603.3755,1,625.60,703.69,627.51,703.03,0.122,1,28.53,87.06,1,fingertip
216603.4088,1,628.53,701.96,627.76,702.84,0.129,1,27.82,82.41,1,fingertip
216603.4422,1,632.72,700.29,629.14,702.32,0.124,1,37.56,91.84,1,fingertip
216603.4755,1,634.88,701.23,630.92,702.09,0.131,1,20.68,79.38,1,fingertip
216603.5089,1,634.34,700.77,632.00,701.80,0.122,1,30.20,88.90,1,fingertip
216603.5422,1,629.70,712.09,631.37,704.30,0.148,1,35.24,91.29,1,fingertip
216603.5756,1,619.69,771.92,628.97,743.81,0.275,1,19.75,77.91,1,fingertip
216603.6089,1,631.54,807.64,629.42,787.94,0.368,0,32.87,90.79,1,fingertip
216603.6423,1,641.68,832.59,633.00,820.25,0.384,0,20.24,77.88,1,fingertip
216603.6756,1,683.17,860.26,660.32,849.88,0.413,0,34.45,87.15,1,fingertip
216603.7090,1,720.84,870.02,700.75,864.62,0.409,0,28.69,82.69,1,fingertip
216603.7423,1,747.83,883.35,734.26,878.14,0.420,0,33.78,84.11,1,fingertip
216603.7757,1,777.29,895.86,765.91,890.76,0.454,0,24.59,80.19,1,fingertip
216603.8090,1,803.37,906.14,793.88,901.52,0.418,0,30.28,88.44,1,fingertip
216603.8424,1,838.46,921.00,827.84,915.06,0.408,0,34.54,89.83,1,fingertip
216603.8757,1,867.42,936.22,858.28,929.74,0.410,0,29.74,86.42,1,fingertip
216603.9091,1,919.58,956.32,906.78,948.37,0.414,0,35.38,88.65,1,fingertip
216603.9424,1,970.34,974.72,958.13,966.98,0.395,0,25.95,82.49,1,fingertip
216603.9758,1,1051.92,982.00,1036.41,977.41,0.407,0,31.84,87.59,1,fingertip
216604.0091,1,1146.16,982.00,1130.48,980.46,0.370,0,22.71,78.69,1,fingertip
216604.0425,1,1229.05,982.00,1216.09,981.43,0.448,0,38.22,91.18,1,fingertip
216604.0758,1,1292.27,982.00,1282.43,981.77,0.523,0,19.75,77.79,1,fingertip
216604.1092,1,1320.90,982.00,1315.58,981.90,0.427,0,33.02,90.26,1,fingertip
216604.1425,1,1333.58,982.00,1330.80,981.95,0.397,0,33.69,90.87,1,fingertip
216604.1759,1,1327.16,982.00,1327.82,981.97,0.427,0,31.17,88.91,1,fingertip
216604.2092,1,1318.36,982.00,1320.41,981.99,0.434,0,28.40,84.20,1,fingertip
216604.2426,1,1310.04,982.00,1312.73,981.99,0.377,0,32.25,85.68,1,fingertip
216604.2759,1,1295.08,982.00,1300.76,981.99,0.406,0,24.25,77.65,1,fingertip
216604.3093,1,1283.25,982.00,1290.27,982.00,0.408,0,35.10,90.37,1,fingertip
216604.3426,1,1270.72,982.00,1280.74,982.00,0.376,0,29.45,86.76,1,fingertip
216604.3760,1,1261.16,982.00,1274.18,982.00,0.397,0,28.31,81.91,1,fingertip
216604.4093,1,1236.69,982.00,1260.44,982.00,0.367,0,32.20,84.70,1,fingertip
216604.4427,1,1223.25,982.00,1240.78,982.00,0.390,0,36.45,88.02,1,fingertip
216604.4760,1,1207.18,982.00,1220.55,982.00,0.404,0,34.71,95.52,1,fingertip
216604.5094,1,1192.21,982.00,1202.52,982.00,0.388,0,20.22,82.57,1,fingertip
216604.5427,1,1180.87,982.00,1188.50,982.00,0.391,0,19.91,84.08,1,fingertip
216604.5761,1,1159.20,982.00,1168.86,982.00,0.444,0,19.75,81.50,1,fingertip
216604.6094,1,1150.95,982.00,1156.90,982.00,0.424,0,22.57,85.35,1,fingertip
216604.6428,1,1123.92,982.00,1134.11,982.00,0.404,0,22.30,82.21,1,fingertip
216604.6761,1,1112.97,982.00,1119.52,982.00,0.391,0,23.58,84.48,1,fingertip
216604.7095,1,1104.59,982.00,1109.37,982.00,0.423,0,25.96,83.30,1,fingertip
216604.7428,1,1103.19,982.00,1105.33,982.00,0.374,0,25.68,83.60,1,fingertip
216604.7762,1,1107.92,982.00,1106.91,982.00,0.397,0,37.19,91.49,1,fingertip
216604.8095,1,1103.67,981.90,1105.04,981.98,0.412,0,19.87,78.21,1,fingertip
216604.8429,1,1101.40,982.00,1103.03,981.98,0.409,0,36.86,91.46,1,fingertip
216604.8762,1,1101.39,982.00,1102.18,981.99,0.398,0,19.65,78.15,1,fingertip
216604.9096,1,1107.77,978.50,1104.73,981.28,0.391,0,36.84,94.58,1,fingertip
216604.9429,1,1112.43,976.78,1107.64,980.18,0.374,0,21.44,82.85,1,fingertip
216604.9763,1,1116.95,974.64,1110.23,978.62,0.375,0,26.96,85.41,1,fingertip
216605.0096,1,1118.55,966.19,1111.72,974.14,0.380,0,24.64,81.39,1,fingertip
216605.0430,1,1126.47,970.21,1116.24,972.72,0.363,0,42.88,99.56,1,fingertip
216605.0763,1,1126.14,961.94,1119.81,968.35,0.352,0,21.35,87.97,1,fingertip
216605.1097,1,1130.70,956.07,1124.22,962.89,0.358,0,18.73,85.44,1,fingertip
216605.1430,1,1140.96,960.73,1132.02,961.98,0.368,0,18.69,87.78,1,fingertip
216605.1764,1,1138.02,958.65,1134.78,960.61,0.388,0,22.18,90.15,1,fingertip
216605.2097,1,1158.35,944.61,1147.27,953.15,0.347,0,19.95,88.61,1,fingertip
216605.2431,1,1155.01,943.33,1151.32,948.45,0.393,0,19.87,86.54,1,fingertip
216605.2764,1,1154.36,931.09,1152.83,939.44,0.362,0,18.54,84.46,1,fingertip
216605.3098,1,1149.51,925.47,1151.36,931.94,0.433,0,21.08,89.62,1,fingertip
216605.3431,1,1155.47,907.15,1153.14,917.49,0.452,0,19.52,83.53,1,fingertip
216605.3765,1,1149.12,904.02,1151.63,909.61,0.381,0,31.30,96.85,1,fingertip
216605.4098,1,1146.47,894.90,1150.02,900.92,0.390,0,19.92,83.67,1,fingertip
216605.4432,1,1150.33,892.99,1150.11,896.35,0.402,0,29.57,94.30,1,fingertip
216605.4765,1,1143.34,885.99,1148.68,890.44,0.425,0,24.26,87.35,1,fingertip
216605.5099,1,1142.41,894.89,1147.37,892.73,0.392,0,19.64,84.06,1,fingertip
216605.5432,1,1143.06,886.46,1146.32,889.57,0.367,0,27.88,88.70,1,fingertip
216605.5766,1,1121.69,824.75,1136.12,846.83,0.314,0,21.28,82.29,1,fingertip
216605.6099,1,1121.16,809.65,1129.18,821.11,0.368,0,35.66,93.37,1,fingertip
216605.6433,0,1129.18,821.11,1129.18,821.11,,0,31.13,91.35,1,fingertip
216605.6766,1,1122.36,811.71,1125.06,813.78,0.394,0,30.62,90.35,1,fingertip
216605.7100,1,1116.40,818.34,1121.18,816.46,0.326,0,29.93,88.08,1,fingertip
216605.7433,1,1120.65,810.02,1120.96,812.79,0.434,0,21.45,79.41,1,fingertip
216605.7767,1,1128.19,820.98,1123.40,816.88,0.391,0,33.55,91.26,1,fingertip
216605.8100,1,1122.15,819.18,1123.00,817.91,0.312,0,19.67,77.88,1,fingertip
216605.8434,1,1128.31,821.04,1124.36,819.16,0.349,0,31.10,89.76,1,fingertip
216605.8767,1,1129.64,815.25,1125.36,817.62,0.453,0,19.07,75.70,1,fingertip
216605.9101,1,1132.60,821.46,1127.06,818.92,0.428,0,31.21,85.66,1,fingertip
216605.9434,1,1114.72,815.88,1123.99,817.89,0.371,0,37.26,89.77,1,fingertip
216605.9768,1,1126.35,817.78,1124.50,817.86,0.450,0,30.08,86.86,1,fingertip
216606.0101,1,1118.18,821.24,1122.81,818.75,0.409,0,38.56,92.26,1,fingertip
216606.0435,1,1134.46,819.54,1125.30,818.94,0.406,0,19.67,79.50,1,fingertip
216606.0768,1,1130.23,819.52,1126.56,819.07,0.390,0,32.20,89.71,1,fingertip
216606.1102,1,1127.63,816.50,1126.83,818.45,0.452,0,27.36,83.93,1,fingertip
216606.1435,1,1132.67,828.93,1128.53,820.80,0.332,0,41.69,94.26,1,fingertip
216606.1769,0,1128.53,820.80,1128.53,820.80,,0,19.27,80.49,1,fingertip
216606.2102,1,1127.69,820.20,1128.19,820.60,0.421,0,28.72,88.53,1,fingertip
216606.2436,1,1127.61,821.49,1128.05,820.78,0.359,0,31.20,87.10,1,fingertip
216606.2769,1,1133.35,819.44,1129.50,820.53,0.376,0,33.00,90.10,1,fingertip
216606.3103,1,1124.83,820.87,1128.50,820.59,0.421,0,33.17,90.18,1,fingertip
216606.3436,1,1100.29,870.49,1117.71,846.08,0.350,0,20.64,77.67,1,fingertip
216606.3770,1,1104.66,894.00,1112.07,876.13,0.365,0,35.19,89.24,1,fingertip
216606.4103,1,1104.28,913.92,1108.63,901.50,0.480,0,21.23,77.32,1,fingertip
216606.4437,1,1102.76,902.35,1106.04,902.04,0.418,0,36.83,88.87,1,fingertip
216606.4770,1,1104.73,879.90,1105.50,890.38,0.321,0,21.47,77.24,1,fingertip
216606.5104,1,1119.68,823.86,1109.48,866.82,0.386,0,33.04,88.99,1,fingertip
216606.5437,1,1119.45,819.85,1111.29,840.66,0.445,0,20.93,76.79,1,fingertip
216606.5771,1,1126.04,820.62,1115.94,828.96,0.353,0,36.10,90.17,1,fingertip
216606.6104,0,1115.94,828.96,1115.94,828.96,,0,23.70,80.71,1,fingertip
216606.6438,1,1126.85,826.05,1121.60,826.96,0.409,0,38.74,92.97,1,fingertip
216606.6771,1,1124.02,820.19,1122.43,823.50,0.405,0,24.56,84.40,1,fingertip
216606.7105,1,1133.10,821.52,1126.60,822.54,0.396,0,38.19,90.63,1,fingertip
216606.7438,1,1127.63,821.26,1126.98,821.96,0.372,0,22.56,81.08,1,fingertip
216606.7772,1,1124.78,822.99,1126.26,822.38,0.464,0,35.32,94.76,1,fingertip
216606.8105,1,1130.48,827.66,1127.67,824.22,0.286,0,24.85,86.47,1,fingertip
216606.8439,0,1127.67,824.22,1127.67,824.22,,0,18.04,77.39,1,fingertip
216606.8772,1,1122.54,827.55,1125.58,825.69,0.373,0,31.80,89.61,1,fingertip
216606.9106,1,1130.88,828.24,1127.11,826.30,0.370,0,33.17,90.45,1,fingertip
216606.9439,1,1139.21,826.41,1131.52,826.33,0.391,0,21.93,82.44,1,fingertip
216606.9773,1,1125.27,825.39,1129.71,826.11,0.380,0,34.35,91.07,1,fingertip
216607.0106,1,1124.97,836.02,1128.63,828.39,0.397,0,19.47,77.30,1,fingertip
216607.0440,1,1100.34,871.35,1118.02,849.70,0.347,0,32.56,88.35,1,fingertip
216607.0773,1,1100.55,898.43,1110.16,880.01,0.398,0,24.84,80.05,1,fingertip
216607.1107,1,1093.38,894.14,1101.82,888.76,0.381,0,39.09,95.30,1,fingertip
216607.1440,1,1102.83,861.98,1102.28,875.75,0.397,0,23.99,86.20,1,fingertip
216607.1774,1,1120.94,836.44,1107.82,868.05,0.346,0,25.14,87.16,1,fingertip
216607.2107,1,1128.71,827.53,1113.51,848.86,0.387,0,25.40,83.63,1,fingertip
216607.2441,1,1114.88,833.69,1113.88,841.18,0.415,0,30.89,91.13,1,fingertip
216607.2774,1,1101.80,862.45,1111.27,848.62,0.414,0,18.71,76.74,1,fingertip
216607.3108,1,1106.99,852.77,1110.20,849.84,0.308,0,35.39,91.71,1,fingertip
216607.3441,1,1117.85,824.07,1111.64,838.39,0.321,0,23.07,81.68,1,fingertip
216607.3775,1,1116.04,824.63,1112.65,831.80,0.319,0,39.54,95.58,1,fingertip
216607.4108,1,1114.90,823.67,1113.20,827.88,0.297,0,19.75,82.25,1,fingertip
216607.4442,1,1114.87,823.91,1113.61,826.03,0.346,0,33.52,95.07,1,fingertip
216607.4775,1,1122.55,817.44,1116.41,821.97,0.343,0,26.12,89.02,1,fingertip
216607.5109,1,1120.22,818.79,1117.63,820.53,0.361,0,21.45,83.67,1,fingertip
216607.5442,1,1127.97,829.34,1121.50,823.76,0.276,0,28.76,90.53,1,fingertip
216607.5776,1,1122.80,822.90,1121.96,823.46,0.359,0,20.74,83.89,1,fingertip
216607.6109,1,1110.17,821.97,1119.24,822.97,0.273,0,26.37,89.80,1,fingertip
216607.6443,1,1115.84,818.34,1118.61,821.38,0.362,0,26.37,83.63,1,fingertip
216607.6776,1,1103.69,818.30,1114.07,820.33,0.382,0,34.89,93.32,1,fingertip
216607.7110,1,1096.97,821.37,1107.16,820.65,0.319,0,26.12,86.34,1,fingertip
216607.7443,1,1103.41,817.30,1105.67,819.59,0.342,0,25.50,84.27,1,fingertip
216607.7777,1,1082.35,818.73,1094.25,819.33,0.268,0,40.41,96.45,1,fingertip
216607.8110,1,1070.79,841.45,1081.39,825.50,0.295,0,23.07,86.39,1,fingertip
216607.8444,1,1029.81,872.59,1047.71,850.43,0.366,0,32.59,94.28,1,fingertip
216607.8777,1,1007.35,912.65,1019.77,891.79,0.564,0,19.65,80.79,1,fingertip
216607.9111,1,984.30,938.67,994.50,925.04,0.647,0,24.44,84.75,1,fingertip
216607.9444,1,939.54,943.01,953.34,937.64,0.725,0,38.63,93.98,1,fingertip
216607.9778,1,914.21,937.57,923.66,937.59,0.802,0,19.81,80.69,1,fingertip
216608.0111,1,892.14,916.23,899.74,925.43,0.765,0,29.01,87.97,1,fingertip
216608.0445,1,856.78,879.94,866.68,912.77,0.735,0,29.13,84.25,1,fingertip
216608.0778,1,848.13,845.17,852.66,876.35,0.638,0,40.21,94.78,1,fingertip
216608.1112,1,835.44,831.45,839.87,847.87,0.612,0,24.92,86.57,1,fingertip
216608.1445,1,838.77,832.21,839.09,837.95,0.623,0,22.36,81.24,1,fingertip
216608.1779,1,833.00,837.85,834.93,837.89,0.649,0,21.95,84.71,1,fingertip
216608.2112,1,832.55,851.41,833.38,844.74,0.682,0,27.13,84.67,1,fingertip
216608.2446,1,836.24,853.27,835.10,848.39,0.668,0,30.56,89.45,1,fingertip
216608.2779,1,832.88,851.81,833.84,849.67,0.689,0,21.95,78.36,1,fingertip
216608.3113,1,821.04,847.25,826.50,848.79,0.741,0,36.51,93.31,1,fingertip
216608.3446,1,816.05,835.62,820.55,843.27,0.745,0,19.15,79.36,1,fingertip
216608.3780,1,820.98,820.47,820.78,831.83,0.709,0,27.47,88.04,1,fingertip
216608.4113,1,817.35,810.27,819.05,819.98,0.727,0,28.57,84.83,1,fingertip
216608.4447,1,836.22,798.02,825.47,807.16,0.657,0,30.08,87.04,1,fingertip
216608.4780,1,840.44,787.19,828.80,795.11,0.632,0,32.38,86.29,1,fingertip
216608.5114,1,860.23,786.32,841.29,789.92,0.645,0,36.75,89.94,1,fingertip
216608.5447,1,879.41,785.98,862.12,787.70,0.632,0,19.63,76.43,1,fingertip
216608.5781,1,891.84,791.23,880.03,789.50,0.655,0,30.30,85.20,1,fingertip
216608.6114,1,917.24,785.77,904.40,787.67,0.610,0,39.19,91.23,1,fingertip
216608.6448,1,929.11,739.08,920.90,757.59,0.458,0,26.19,87.13,1,fingertip
216608.6781,1,982.01,636.89,965.47,664.64,0.160,0,21.42,82.93,1,fingertip
216608.7115,1,997.75,626.98,989.24,635.49,0.117,1,27.57,87.34,1,fingertip
216608.7448,1,999.61,633.45,996.66,633.98,0.127,1,20.25,81.04,1,fingertip
216608.7782,1,1001.42,638.93,999.93,637.45,0.127,1,35.61,93.52,1,fingertip
216608.8115,1,1010.45,644.15,1006.97,641.82,0.133,1,22.18,82.47,1,fingertip
216608.8449,1,1010.01,645.60,1008.90,644.10,0.124,1,46.47,104.70,1,fingertip
216608.8782,1,1007.18,641.90,1007.88,642.84,0.127,1,21.18,92.83,1,fingertip
216608.9116,1,1006.78,644.87,1007.28,643.91,0.123,1,24.56,85.82,1,fingertip
216608.9449,1,1001.61,642.48,1004.50,643.20,0.130,1,19.93,82.77,1,fingertip
216608.9783,1,1010.64,641.84,1007.46,642.57,0.134,1,28.88,89.56,1,fingertip
216609.0116,1,1004.66,641.69,1006.25,642.19,0.126,1,21.93,82.85,1,fingertip
216609.0450,1,1004.39,639.69,1005.53,641.16,0.124,1,37.25,96.49,1,fingertip
216609.0783,1,1013.34,645.67,1008.71,642.75,0.133,1,28.85,92.21,1,fingertip
216609.1117,1,1012.87,648.57,1010.38,644.40,0.140,1,21.57,84.51,1,fingertip
216609.1450,1,1008.92,645.73,1009.85,644.74,0.139,1,26.11,90.83,1,fingertip
216609.1784,1,1009.17,649.61,1009.63,645.67,0.139,1,19.78,80.08,1,fingertip
216609.2117,1,1000.68,642.88,1007.57,645.06,0.125,1,22.43,84.71,1,fingertip
216609.2451,1,1009.88,646.75,1008.13,645.39,0.141,1,25.00,83.18,1,fingertip
216609.2784,1,1008.75,642.08,1008.28,644.65,0.125,1,35.73,93.96,1,fingertip
216609.3118,1,1012.91,643.44,1009.53,644.38,0.131,1,20.93,81.75,1,fingertip
216609.3451,1,1011.78,640.64,1010.15,643.43,0.121,1,35.38,94.44,1,fingertip
216609.3785,1,1016.40,643.79,1012.09,643.51,0.133,1,21.52,83.87,1,fingertip
216609.4118,1,1019.15,638.06,1014.52,642.00,0.129,1,22.78,85.78,1,fingertip
216609.4452,1,1018.62,643.50,1015.96,642.37,0.132,1,19.52,81.13,1,fingertip
216609.4785,1,1027.67,649.70,1020.66,643.75,0.143,1,17.58,80.60,1,fingertip
216609.5119,1,1035.12,661.19,1027.21,649.65,0.164,1,32.29,94.47,1,fingertip
216609.5452,1,1057.07,696.39,1043.55,675.36,0.246,1,26.82,88.17,1,fingertip
216609.5786,1,1068.74,775.49,1058.44,748.30,0.380,0,24.68,84.89,1,fingertip
216609.6119,1,1086.21,806.94,1075.87,793.01,0.430,0,26.96,88.03,1,fingertip
216609.6453,1,1098.89,823.96,1090.69,816.59,0.444,0,27.61,85.19,1,fingertip
216609.6786,1,1115.51,832.55,1107.05,828.50,0.435,0,30.31,90.43,1,fingertip
216609.7120,1,1136.68,851.54,1127.18,845.55,0.440,0,19.16,76.45,1,fingertip
216609.7453,1,1152.81,858.85,1144.82,855.16,0.439,0,33.47,90.69,1,fingertip
216609.7787,1,1175.44,872.25,1166.33,867.32,0.425,0,19.16,76.72,1,fingertip
216609.8120,1,1207.28,891.37,1196.08,884.44,0.426,0,30.60,87.34,1,fingertip
216609.8454,1,1239.46,906.77,1228.45,900.28,0.430,0,29.24,83.41,1,fingertip
216609.8787,1,1271.60,921.05,1261.26,914.93,0.431,0,36.84,87.93,1,fingertip
216609.9121,1,1292.23,929.91,1284.80,925.32,0.458,0,24.48,79.70,1,fingertip
216609.9454,1,1291.43,936.26,1289.67,932.71,0.468,0,34.91,92.78,1,fingertip
216609.9788,1,1306.21,929.37,1301.60,930.61,0.465,0,19.65,79.28,1,fingertip
216610.0121,1,1299.75,929.21,1300.34,929.79,0.468,0,37.01,91.64,1,fingertip
216610.0455,1,1297.01,921.92,1298.22,925.69,0.450,0,25.37,83.87,1,fingertip
216610.0788,1,1302.35,920.69,1300.73,923.39,0.448,0,32.38,85.91,1,fingertip
216610.1122,1,1298.52,888.20,1299.49,916.27,0.388,0,29.00,81.74,1,fingertip
216610.1455,1,1301.91,819.16,1300.78,853.45,0.227,0,38.94,91.61,1,fingertip
216610.1789,1,1313.51,798.61,1307.69,814.52,0.215,0,23.47,84.23,1,fingertip
216610.2122,1,1312.61,794.44,1310.26,800.37,0.219,1,22.01,82.19,1,fingertip
216610.2456,1,1309.08,790.56,1309.70,793.66,0.201,1,29.55,91.11,1,fingertip
216610.2789,1,1305.36,794.02,1307.87,793.89,0.216,1,17.75,79.54,1,fingertip
216610.3123,1,1313.33,789.67,1310.17,791.29,0.199,1,27.82,89.32,1,fingertip
216610.3456,1,1308.65,783.87,1309.59,786.84,0.202,1,19.29,81.10,1,fingertip
216610.3790,1,1314.32,792.66,1311.40,789.99,0.204,1,21.98,83.72,1,fingertip
216610.4123,1,1309.95,783.41,1310.90,786.52,0.213,1,22.59,84.89,1,fingertip
216610.4457,1,1298.78,781.04,1308.30,783.72,0.238,1,20.74,81.23,1,fingertip
216610.4790,1,1306.55,788.34,1307.97,785.81,0.216,1,32.72,94.83,1,fingertip
216610.5124,1,1306.59,786.27,1307.73,786.00,0.253,1,26.79,88.64,1,fingertip
216610.5457,1,1303.12,789.04,1306.70,787.11,0.195,1,39.78,96.31,1,fingertip
216610.5791,1,1317.19,792.98,1309.23,788.84,0.197,1,13.73,80.46,1,fingertip
216610.6124,1,1327.68,792.67,1316.14,789.76,0.215,1,26.82,94.36,1,fingertip
216610.6458,1,1304.76,796.81,1313.21,791.10,0.203,1,18.17,82.91,1,fingertip
216610.6791,1,1309.67,790.29,1312.47,790.96,0.237,1,28.09,91.20,1,fingertip
216610.7125,1,1309.78,792.56,1312.00,791.27,0.202,1,19.18,83.22,1,fingertip
216610.7458,1,1309.76,790.55,1311.56,791.14,0.201,1,26.70,88.77,1,fingertip
216610.7792,1,1315.95,789.91,1312.45,790.92,0.217,1,17.94,79.98,1,fingertip
216610.8125,1,1328.05,791.51,1317.64,791.02,0.209,1,25.53,89.19,1,fingertip
216610.8459,1,1328.32,800.80,1321.74,793.68,0.205,1,19.54,80.15,1,fingertip
216610.8792,1,1342.40,829.26,1331.46,810.77,0.263,1,32.25,95.80,1,fingertip
216610.9126,1,1345.73,856.47,1338.61,838.53,0.312,1,23.14,85.87,1,fingertip
216610.9459,1,1366.44,887.69,1354.45,871.92,0.362,0,20.20,80.97,1,fingertip
216610.9793,1,1399.04,916.51,1383.43,903.82,0.439,0,33.75,91.08,1,fingertip
216611.0126,1,1415.03,936.68,1404.79,927.69,0.517,0,31.10,89.08,1,fingertip
216611.0460,1,1437.93,949.60,1427.89,943.49,0.480,0,27.43,83.54,1,fingertip
216611.0793,1,1450.09,957.28,1443.37,953.22,0.466,0,33.46,92.58,1,fingertip
216611.1127,1,1460.76,971.82,1455.37,966.22,0.534,0,19.99,79.43,1,fingertip
216611.1460,1,1457.36,977.88,1456.68,974.18,0.569,0,33.11,94.33,1,fingertip
216611.1794,1,1463.05,982.00,1460.70,979.34,0.565,0,21.24,82.57,1,fingertip
216611.2127,1,1457.56,978.94,1458.87,979.09,0.571,0,21.64,85.19,1,fingertip
216611.2461,1,1460.82,980.50,1459.94,979.92,0.568,0,23.55,83.57,1,fingertip
216611.2794,1,1457.53,978.59,1458.73,979.20,0.565,0,29.70,91.00,1,fingertip
216611.3128,1,1453.01,964.99,1456.22,972.97,0.512,0,25.47,83.50,1,fingertip
216611.3461,1,1458.66,931.97,1457.24,961.11,0.406,0,30.76,86.45,1,fingertip
216611.3795,1,1485.49,869.27,1472.00,901.24,0.249,0,20.60,74.96,1,fingertip
216611.4128,1,1512.00,820.38,1496.58,841.09,0.088,0,37.00,91.12,1,fingertip
216611.4462,1,1499.35,860.60,1498.19,854.35,0.236,0,19.90,77.95,1,fingertip
216611.4795,1,1486.28,863.38,1492.24,859.96,0.270,0,41.03,95.57,1,fingertip
216611.5129,1,1498.55,864.13,1495.34,862.34,0.241,0,22.91,85.83,1,fingertip
216611.5462,1,1512.00,820.12,1504.09,835.09,0.096,0,21.81,80.99,1,fingertip
216611.5796,1,1510.71,849.59,1507.49,843.30,0.147,1,38.38,95.60,1,fingertip
216611.6129,1,1511.18,820.42,1509.31,829.62,0.126,1,22.97,85.47,1,fingertip
216611.6463,1,1493.71,865.78,1503.55,844.21,0.222,1,19.28,80.35,1,fingertip
216611.6796,1,1509.36,871.82,1505.76,850.15,0.168,1,33.40,91.87,1,fingertip
216611.7130,1,1512.00,717.75,1508.21,757.66,0.275,1,22.85,81.65,1,fingertip
216611.7463,1,1507.77,851.04,1508.05,785.64,0.188,1,33.45,91.36,1,fingertip
216611.7797,1,1510.93,847.05,1509.07,816.83,0.173,1,23.37,81.62,1,fingertip
216611.8130,1,1510.83,864.46,1509.67,846.60,0.233,1,31.76,89.84,1,fingertip
216611.8464,1,1512.00,856.45,1510.45,852.63,0.146,1,23.32,80.05,1,fingertip
216611.8797,1,1506.81,872.14,1509.42,864.80,0.234,1,38.60,93.30,1,fingertip
216611.9131,1,1509.12,871.36,1509.34,868.75,0.221,1,27.30,87.67,1,fingertip
216611.9464,1,1503.56,868.98,1508.24,868.88,0.249,1,20.97,82.03,1,fingertip
216611.9798,1,1500.66,870.73,1506.44,869.86,0.192,1,32.73,93.62,1,fingertip
216612.0131,1,1493.16,873.11,1501.95,871.51,0.284,1,20.68,81.17,1,fingertip
216612.0465,1,1497.89,874.68,1500.55,873.04,0.200,1,25.51,86.95,1,fingertip
216612.0798,1,1491.80,876.94,1497.23,874.86,0.198,1,25.40,81.91,1,fingertip
216612.1132,1,1490.02,888.77,1494.36,881.77,0.224,1,26.11,87.65,1,fingertip
216612.1465,1,1496.14,862.29,1494.99,874.99,0.157,1,26.03,80.53,1,fingertip
216612.1799,1,1480.08,886.08,1488.66,879.39,0.216,1,38.46,92.54,1,fingertip
216612.2132,1,1478.42,885.75,1484.07,881.98,0.195,1,19.20,78.64,1,fingertip
216612.2466,1,1471.75,884.81,1478.20,883.09,0.214,1,37.42,94.18,1,fingertip
216612.2799,1,1469.67,889.04,1474.09,885.48,0.236,1,23.52,84.47,1,fingertip
216612.3133,1,1453.78,889.88,1463.29,887.23,0.210,1,26.83,86.41,1,fingertip
216612.3466,1,1457.74,890.50,1460.43,888.50,0.184,1,21.60,82.37,1,fingertip
216612.3800,1,1457.29,903.07,1458.88,894.98,0.205,1,34.85,94.81,1,fingertip
216612.4133,1,1453.17,903.08,1456.13,898.65,0.205,1,21.78,83.77,1,fingertip
216612.4467,1,1466.26,888.46,1460.08,895.01,0.175,1,18.09,81.55,1,fingertip
216612.4800,1,1466.24,904.43,1462.03,898.72,0.195,1,25.44,86.69,1,fingertip
216612.5134,1,1467.15,911.98,1463.33,904.57,0.212,1,20.94,80.77,1,fingertip
216612.5467,1,1468.91,916.92,1464.35,910.39,0.248,1,24.11,85.27,1,fingertip
216612.5801,1,1470.45,917.15,1465.75,913.56,0.185,1,25.94,84.58,1,fingertip
216612.6134,1,1464.76,926.46,1465.54,919.94,0.203,1,36.55,94.56,1,fingertip
216612.6468,1,1470.28,928.26,1466.72,924.06,0.218,1,21.52,82.97,1,fingertip
216612.6801,1,1469.57,936.42,1467.47,930.38,0.270,1,32.77,94.38,1,fingertip
216612.7135,1,1479.32,932.23,1471.56,931.27,0.241,1,18.83,80.47,1,fingertip
216612.7468,1,1491.14,941.18,1480.21,936.15,0.221,1,23.78,82.93,1,fingertip
216612.7802,1,1499.51,941.77,1489.89,938.86,0.219,1,35.52,92.62,1,fingertip
216612.8135,1,1512.00,949.98,1502.08,944.38,0.228,1,22.25,81.75,1,fingertip
216612.8469,1,1512.00,951.61,1507.52,947.94,0.199,1,27.73,86.78,1,fingertip
216612.8802,1,1512.00,951.32,1509.88,949.53,0.197,1,32.09,87.67,1,fingertip
216612.9136,1,1511.93,959.38,1510.90,954.30,0.238,1,34.09,89.96,1,fingertip
216612.9469,1,1506.22,954.41,1508.85,954.35,0.276,1,27.30,84.15,1,fingertip
216612.9803,1,1503.93,952.64,1507.01,953.66,0.208,1,57.10,111.57,1,fingertip
216613.0136,1,1505.01,951.17,1506.34,952.77,0.200,1,35.31,113.68,1,fingertip
216613.0470,1,1512.00,952.41,1508.33,952.65,0.217,1,30.33,110.92,1,fingertip
216613.0803,1,1512.00,960.48,1509.62,955.50,0.217,1,36.81,114.63,1,fingertip
216613.1137,1,1512.00,965.41,1510.44,959.47,0.196,1,32.79,114.34,1,fingertip
216613.1470,1,1512.00,966.96,1510.96,962.59,0.233,1,27.52,108.77,1,fingertip
216613.1804,1,1512.00,968.51,1511.29,965.07,0.232,1,18.30,93.91,1,fingertip
216613.2137,1,1512.00,969.74,1511.50,967.01,0.167,1,41.89,110.61,1,fingertip
216613.2471,1,1512.00,974.90,1511.64,970.39,0.246,1,31.25,108.83,1,fingertip
216613.2804,1,1512.00,982.00,1511.74,975.72,0.193,1,30.07,106.64,1,fingertip
216613.3138,1,1512.00,982.00,1511.81,978.58,0.194,1,36.39,114.76,1,fingertip
216613.3471,1,1512.00,978.94,1511.86,978.74,0.190,1,31.59,113.23,1,fingertip
216613.3805,1,1512.00,982.00,1511.89,980.08,0.236,1,31.84,113.40,1,fingertip
216613.4138,1,1512.00,982.00,1511.91,980.83,0.213,1,29.22,109.49,1,fingertip
216613.4472,1,1512.00,982.00,1511.93,981.26,0.195,1,37.69,116.45,1,fingertip
216613.4805,1,1506.56,982.00,1510.90,981.52,0.175,1,28.97,112.31,1,fingertip
216613.5139,1,1491.18,982.00,1503.86,981.68,0.183,1,30.26,109.58,1,fingertip
216613.5472,1,1487.32,982.00,1496.69,981.78,0.184,1,22.18,98.73,1,fingertip
216613.5806,1,1455.57,982.00,1473.14,981.84,0.223,1,30.65,110.28,1,fingertip
216613.6139,1,1434.21,982.00,1448.21,981.88,0.215,1,32.54,109.71,1,fingertip
216613.6473,1,1401.85,982.00,1416.05,981.91,0.246,1,29.27,106.40,1,fingertip
216613.6806,1,1359.20,982.00,1374.01,981.94,0.207,1,35.85,109.58,1,fingertip
216613.7140,1,1298.78,982.00,1315.09,981.95,0.337,0,34.31,111.67,1,fingertip
216613.7473,1,1204.09,982.00,1223.12,981.96,0.208,0,27.68,106.23,1,fingertip
216613.7807,1,1117.66,982.00,1133.27,981.97,0.230,0,40.56,117.24,1,fingertip
216613.8140,0,1133.27,981.97,1133.27,981.97,,0,36.38,120.50,1,fingertip
216613.8474,1,1181.03,713.95,1174.99,744.46,0.552,0,33.21,120.65,1,fingertip
216613.8807,1,765.98,944.66,804.68,805.04,0.192,0,27.13,114.74,1,fingertip
216613.9141,1,631.09,927.30,645.83,891.25,0.183,1,34.66,116.26,1,fingertip
216613.9474,1,616.34,887.30,619.16,888.64,0.119,1,37.10,120.24,1,fingertip
216613.9808,1,411.29,896.87,428.29,893.91,0.132,1,22.89,109.98,1,fingertip
216614.0141,1,298.43,886.90,308.87,889.83,0.145,1,33.65,110.50,1,fingertip
216614.0475,1,225.04,891.75,232.11,890.88,0.165,1,36.52,113.89,1,fingertip
216614.0808,1,146.20,862.55,153.73,880.45,0.117,1,31.24,112.10,1,fingertip
216614.1142,1,83.33,859.94,89.85,876.54,0.121,1,34.44,113.41,1,fingertip
216614.1475,1,18.05,855.32,25.02,868.77,0.124,1,35.66,116.03,1,fingertip
216614.1809,1,0.00,858.37,2.74,864.55,0.150,1,30.32,113.23,1,fingertip
216614.2142,1,0.00,845.93,0.35,855.70,0.120,1,34.44,114.54,1,fingertip
216614.2476,1,0.00,850.24,0.05,853.15,0.137,1,36.20,117.59,1,fingertip
216614.2809,1,0.00,838.84,0.01,846.02,0.129,1,26.14,110.59,1,fingertip
216614.3143,1,0.00,839.19,0.00,842.66,0.161,1,38.90,116.35,1,fingertip
216614.3476,1,0.00,828.24,0.00,835.20,0.127,1,38.01,121.54,1,fingertip
216614.3810,1,0.00,821.99,0.00,828.17,0.131,1,29.64,118.07,1,fingertip
216614.4143,1,0.00,804.26,0.00,814.35,0.139,1,33.45,118.40,1,fingertip
216614.4477,1,0.00,786.64,0.00,797.22,0.134,1,40.43,125.74,1,fingertip
216614.4810,1,0.00,755.30,0.00,769.00,0.138,1,21.01,113.51,1,fingertip
216614.5144,1,0.00,716.72,0.00,731.27,0.137,1,33.97,114.38,1,fingertip
216614.5477,1,0.00,677.90,0.00,691.07,0.132,1,33.05,114.32,1,fingertip
216614.5811,1,0.00,627.94,0.00,641.69,0.139,1,34.53,115.75,1,fingertip
216614.6144,1,0.00,583.75,0.00,595.45,0.134,1,36.65,119.26,1,fingertip
216614.6478,1,0.00,547.36,0.00,556.82,0.116,1,28.95,115.09,1,fingertip
216614.6811,1,0.00,508.19,0.00,517.53,0.126,1,35.32,117.30,1,fingertip
216614.7145,1,20.59,481.91,4.18,488.90,0.118,1,30.99,115.13,1,fingertip
216614.7478,1,91.52,451.29,57.90,458.75,0.123,1,27.52,109.50,1,fingertip
216614.7812,1,198.50,439.94,168.29,443.96,0.122,1,19.02,95.38,1,fingertip
216614.8145,1,436.80,394.89,404.99,404.94,0.059,1,31.35,93.58,1,fingertip
216614.8479,1,743.40,355.49,716.78,365.27,0.195,1,18.61,79.11,1,fingertip
216614.8812,0,716.78,365.27,716.78,365.27,,0,21.35,81.80,1,fingertip
216614.9146,0,716.78,365.27,716.78,365.27,,0,35.33,93.18,1,fingertip
216614.9479,0,716.78,365.27,716.78,365.27,,0,18.68,79.27,1,fingertip
216614.9813,0,716.78,365.27,716.78,365.27,,0,27.85,88.79,1,fingertip
216615.0146,0,716.78,365.27,716.78,365.27,,0,22.47,80.00,1,fingertip
216615.0480,0,716.78,365.27,716.78,365.27,,0,31.00,90.45,1,fingertip
216615.0813,0,716.78,365.27,716.78,365.27,,0,32.07,89.49,1,fingertip
216615.1147,0,716.78,365.27,716.78,365.27,,0,19.81,76.16,1,fingertip
216615.1480,0,716.78,365.27,716.78,365.27,,0,30.68,86.13,1,fingertip
216615.1814,0,716.78,365.27,716.78,365.27,,0,25.48,78.45,1,fingertip
216615.2147,0,716.78,365.27,716.78,365.27,,0,39.99,90.31,1,fingertip
216615.2481,0,716.78,365.27,716.78,365.27,,0,19.65,76.87,1,fingertip
216615.2814,0,716.78,365.27,716.78,365.27,,0,33.79,91.50,1,fingertip
216615.3148,0,716.78,365.27,716.78,365.27,,0,19.15,77.52,1,fingertip
216615.3481,0,716.78,365.27,716.78,365.27,,0,34.68,92.05,1,fingertip
216615.3815,0,716.78,365.27,716.78,365.27,,0,18.91,77.90,1,fingertip
216615.4148,0,716.78,365.27,716.78,365.27,,0,27.13,84.92,1,fingertip
216615.4482,0,716.78,365.27,716.78,365.27,,0,38.90,92.03,1,fingertip
216615.4815,0,716.78,365.27,716.78,365.27,,0,17.59,77.80,1,fingertip
216615.5149,0,716.78,365.27,716.78,365.27,,0,26.21,85.43,1,fingertip
216615.5482,0,716.78,365.27,716.78,365.27,,0,24.35,84.72,1,fingertip
216615.5816,0,716.78,365.27,716.78,365.27,,0,24.54,82.06,1,fingertip
216615.6149,0,716.78,365.27,716.78,365.27,,0,26.42,84.79,1,fingertip
216615.6483,0,716.78,365.27,716.78,365.27,,0,27.56,82.20,1,fingertip
216615.6816,0,716.78,365.27,716.78,365.27,,0,34.97,94.45,1,fingertip
216615.7150,0,716.78,365.27,716.78,365.27,,0,27.75,128.97,1,fingertip
216615.7483,0,716.78,365.27,716.78,365.27,,0,43.88,146.46,1,fingertip
216615.7817,0,716.78,365.27,716.78,365.27,,0,32.30,145.61,1,fingertip
216615.8150,0,716.78,365.27,716.78,365.27,,0,33.88,146.42,1,fingertip
216615.8484,0,716.78,365.27,716.78,365.27,,0,27.74,141.01,1,fingertip
216615.8817,0,716.78,365.27,716.78,365.27,,0,15.34,123.19,1,fingertip
216615.9151,0,716.78,365.27,716.78,365.27,,0,23.70,122.39,1,fingertip
216615.9484,0,716.78,365.27,716.78,365.27,,0,26.34,125.03,1,fingertip
216615.9818,0,716.78,365.27,716.78,365.27,,0,21.02,121.71,1,fingertip
216616.0151,0,716.78,365.27,716.78,365.27,,0,25.60,124.53,1,fingertip
216616.0485,0,716.78,365.27,716.78,365.27,,0,21.00,121.55,1,fingertip
216616.0818,0,716.78,365.27,716.78,365.27,,0,22.53,123.19,1,fingertip
216616.1152,0,716.78,365.27,716.78,365.27,,0,21.89,123.71,1,fingertip
216616.1485,1,1348.35,395.80,1348.35,395.80,0.106,0,16.95,119.17,1,fingertip
216616.1819,1,1425.66,129.78,1416.56,139.90,0.281,0,23.64,124.25,1,fingertip
216616.2152,1,1414.66,0.00,1414.92,5.78,0.459,0,18.63,122.93,1,fingertip
216616.2486,1,1044.52,258.46,1205.38,242.78,0.143,0,40.58,143.58,1,fingertip
216616.2819,1,1512.00,0.00,1454.28,13.88,0.616,0,34.03,144.47,1,fingertip
216616.3153,0,1454.28,13.88,1454.28,13.88,,0,24.76,136.22,1,fingertip
216616.3486,1,1512.00,177.12,1505.45,168.88,0.446,0,30.00,136.05,1,fingertip
216616.3820,1,1512.00,525.25,1510.50,406.43,0.118,0,29.22,135.06,1,fingertip
216616.4153,1,1512.00,479.55,1511.61,430.64,0.594,0,28.20,136.76,1,fingertip
216616.4487,1,1362.26,402.69,1464.06,417.39,0.762,0,23.60,127.20,1,fingertip
216616.4820,1,1416.90,0.00,1438.41,48.55,0.635,0,17.50,122.60,1,fingertip
216616.5154,1,871.65,249.03,921.91,199.45,0.134,0,24.54,128.03,1,fingertip
216616.5487,1,1324.82,0.00,1188.40,29.29,0.492,0,17.86,125.12,1,fingertip
216616.5821,1,1493.95,0.00,1429.71,4.64,0.612,0,20.33,124.31,1,fingertip
216616.6154,1,1512.00,130.93,1497.00,93.46,0.355,0,32.26,140.62,1,fingertip
216616.6488,1,1433.77,412.60,1450.80,343.73,0.120,0,20.56,128.10,1,fingertip
216616.6821,0,1450.80,343.73,1450.80,343.73,,0,28.41,137.05,1,fingertip
216616.7155,0,1450.80,343.73,1450.80,343.73,,0,22.04,128.28,1,fingertip
216616.7488,0,1450.80,343.73,1450.80,343.73,,0,18.48,123.59,1,fingertip
216616.7822,0,1450.80,343.73,1450.80,343.73,,0,22.55,128.73,1,fingertip
216616.8155,0,1450.80,343.73,1450.80,343.73,,0,18.59,123.43,1,fingertip
216616.8489,0,1450.80,343.73,1450.80,343.73,,0,15.70,124.91,1,fingertip
216616.8822,0,1450.80,343.73,1450.80,343.73,,0,12.35,119.49,1,fingertip
216616.9156,0,1450.80,343.73,1450.80,343.73,,0,13.42,121.62,1,fingertip
216616.9489,0,1450.80,343.73,1450.80,343.73,,0,12.27,120.66,1,fingertip
216616.9823,0,1450.80,343.73,1450.80,343.73,,0,13.67,119.12,1,fingertip
216617.0156,0,1450.80,343.73,1450.80,343.73,,0,13.21,122.47,1,fingertip
216617.0490,0,1450.80,343.73,1450.80,343.73,,0,13.66,118.01,1,fingertip
216617.0823,0,1450.80,343.73,1450.80,343.73,,0,10.70,117.40,1,fingertip
216617.1157,0,1450.80,343.73,1450.80,343.73,,0,16.61,122.72,1,fingertip
216617.1490,0,1450.80,343.73,1450.80,343.73,,0,24.70,130.58,1,fingertip
216617.1824,0,1450.80,343.73,1450.80,343.73,,0,31.33,139.97,1,fingertip
216617.2157,0,1450.80,343.73,1450.80,343.73,,0,19.26,126.46,1,fingertip
216617.2491,0,1450.80,343.73,1450.80,343.73,,0,18.58,125.66,1,fingertip
216617.2824,0,1450.80,343.73,1450.80,343.73,,0,13.29,124.08,1,fingertip
216617.3158,0,1450.80,343.73,1450.80,343.73,,0,16.23,124.71,1,fingertip
216617.3491,0,1450.80,343.73,1450.80,343.73,,0,25.65,137.13,1,fingertip
216617.3825,0,1450.80,343.73,1450.80,343.73,,0,24.08,133.19,1,fingertip
216617.4158,0,1450.80,343.73,1450.80,343.73,,0,21.94,134.85,1,fingertip
216617.4492,0,1450.80,343.73,1450.80,343.73,,0,27.12,135.34,1,fingertip
216617.4825,0,1450.80,343.73,1450.80,343.73,,0,28.54,138.34,1,fingertip
216617.5159,0,1450.80,343.73,1450.80,343.73,,0,25.26,132.64,1,fingertip
216617.5492,0,1450.80,343.73,1450.80,343.73,,0,18.44,128.42,1,fingertip
216617.5826,0,1450.80,343.73,1450.80,343.73,,0,26.41,134.03,1,fingertip
216617.6159,0,1450.80,343.73,1450.80,343.73,,0,21.01,131.66,1,fingertip
216617.6493,0,1450.80,343.73,1450.80,343.73,,0,16.97,130.40,1,fingertip
216617.6826,0,1450.80,343.73,1450.80,343.73,,0,38.18,159.86,1,fingertip
216617.7160,0,1450.80,343.73,1450.80,343.73,,0,19.24,145.86,1,fingertip
216617.7493,0,1450.80,343.73,1450.80,343.73,,0,19.82,143.68,1,fingertip
216617.7827,0,1450.80,343.73,1450.80,343.73,,0,21.18,145.88,1,fingertip
216617.8160,0,1450.80,343.73,1450.80,343.73,,0,23.31,145.00,1,fingertip
216617.8494,0,1450.80,343.73,1450.80,343.73,,0,24.93,148.74,1,fingertip
216617.8827,0,1450.80,343.73,1450.80,343.73,,0,29.02,150.00,1,fingertip
216617.9161,0,1450.80,343.73,1450.80,343.73,,0,34.49,158.22,1,fingertip
216617.9494,0,1450.80,343.73,1450.80,343.73,,0,22.59,147.57,1,fingertip
216617.9828,0,1450.80,343.73,1450.80,343.73,,0,26.52,149.44,1,fingertip
216618.0161,0,1450.80,343.73,1450.80,343.73,,0,29.21,149.75,1,fingertip
216618.0495,0,1450.80,343.73,1450.80,343.73,,0,20.76,145.05,1,fingertip
216618.0828,0,1450.80,343.73,1450.80,343.73,,0,30.18,152.38,1,fingertip
216618.1162,0,1450.80,343.73,1450.80,343.73,,0,30.09,152.78,1,fingertip
216618.1495,0,1450.80,343.73,1450.80,343.73,,0,29.07,152.11,1,fingertip
216618.1829,0,1450.80,343.73,1450.80,343.73,,0,29.69,149.95,1,fingertip
216618.2162,0,1450.80,343.73,1450.80,343.73,,0,29.89,150.34,1,fingertip
216618.2496,0,1450.80,343.73,1450.80,343.73,,0,35.51,156.42,1,fingertip
216618.2829,0,1450.80,343.73,1450.80,343.73,,0,22.22,145.43,1,fingertip
216618.3163,0,1450.80,343.73,1450.80,343.73,,0,38.65,162.67,1,fingertip
216618.3496,0,1450.80,343.73,1450.80,343.73,,0,22.74,152.21,1,fingertip
216618.3830,0,1450.80,343.73,1450.80,343.73,,0,35.36,154.37,1,fingertip
216618.4163,0,1450.80,343.73,1450.80,343.73,,0,24.31,145.44,1,fingertip
216618.4497,0,1450.80,343.73,1450.80,343.73,,0,33.59,151.32,1,fingertip
216618.4830,0,1450.80,343.73,1450.80,343.73,,0,30.39,151.98,1,fingertip
216618.5164,0,1450.80,343.73,1450.80,343.73,,0,31.87,150.65,1,fingertip
216618.5497,0,1450.80,343.73,1450.80,343.73,,0,35.44,152.94,1,fingertip
216618.5831,0,1450.80,343.73,1450.80,343.73,,0,25.41,145.20,1,fingertip
216618.6164,0,1450.80,343.73,1450.80,343.73,,0,37.13,156.47,1,fingertip
216618.6498,0,1450.80,343.73,1450.80,343.73,,0,24.45,147.78,1,fingertip
216618.6831,0,1450.80,343.73,1450.80,343.73,,0,32.34,152.98,1,fingertip
216618.7165,0,1450.80,343.73,1450.80,343.73,,0,26.55,146.41,1,fingertip
216618.7498,0,1450.80,343.73,1450.80,343.73,,0,37.89,158.63,1,fingertip
216618.7832,0,1450.80,343.73,1450.80,343.73,,0,21.71,147.20,1,fingertip
216618.8165,0,1450.80,343.73,1450.80,343.73,,0,38.92,155.32,1,fingertip
216618.8499,0,1450.80,343.73,1450.80,343.73,,0,28.43,150.64,1,fingertip
216618.8832,0,1450.80,343.73,1450.80,343.73,,0,34.95,152.41,1,fingertip
216618.9166,0,1450.80,343.73,1450.80,343.73,,0,28.83,148.08,1,fingertip
216618.9499,0,1450.80,343.73,1450.80,343.73,,0,34.27,150.23,1,fingertip
216618.9833,0,1450.80,343.73,1450.80,343.73,,0,35.15,154.33,1,fingertip
216619.0166,0,1450.80,343.73,1450.80,343.73,,0,22.46,143.63,1,fingertip
216619.0500,0,1450.80,343.73,1450.80,343.73,,0,28.73,146.26,1,fingertip
216619.0833,0,1450.80,343.73,1450.80,343.73,,0,7.44,122.36,1,fingertip
216619.1167,0,1450.80,343.73,1450.80,343.73,,0,24.80,144.40,1,fingertip
216619.1500,0,1450.80,343.73,1450.80,343.73,,0,27.16,144.48,1,fingertip
216619.1834,0,1450.80,343.73,1450.80,343.73,,0,16.92,138.01,1,fingertip
216619.2167,0,1450.80,343.73,1450.80,343.73,,0,14.89,133.77,1,fingertip
216619.2501,0,1450.80,343.73,1450.80,343.73,,0,14.12,136.74,1,fingertip
216619.2834,0,1450.80,343.73,1450.80,343.73,,0,16.82,137.02,1,fingertip
216619.3168,0,1450.80,343.73,1450.80,343.73,,0,23.32,147.37,1,fingertip
216619.3501,0,1450.80,343.73,1450.80,343.73,,0,17.34,139.31,1,fingertip
216619.3835,0,1450.80,343.73,1450.80,343.73,,0,16.71,140.65,1,fingertip
216619.4168,0,1450.80,343.73,1450.80,343.73,,0,19.41,143.73,1,fingertip
216619.4502,0,1450.80,343.73,1450.80,343.73,,0,26.14,145.95,1,fingertip
216619.4835,0,1450.80,343.73,1450.80,343.73,,0,30.73,154.09,1,fingertip
216619.5169,0,1450.80,343.73,1450.80,343.73,,0,14.99,135.93,1,fingertip
216619.5502,0,1450.80,343.73,1450.80,343.73,,0,30.93,150.72,1,fingertip
216619.5836,0,1450.80,343.73,1450.80,343.73,,0,15.36,136.35,1,fingertip
216619.6169,0,1450.80,343.73,1450.80,343.73,,0,25.56,139.03,1,fingertip
216619.6503,0,1450.80,343.73,1450.80,343.73,,0,10.12,123.56,1,fingertip
216619.6836,0,1450.80,343.73,1450.80,343.73,,0,17.92,135.44,1,fingertip
216619.7170,0,1450.80,343.73,1450.80,343.73,,0,28.12,141.50,1,fingertip
216619.7503,0,1450.80,343.73,1450.80,343.73,,0,9.69,122.12,1,fingertip
216619.7837,0,1450.80,343.73,1450.80,343.73,,0,27.46,142.02,1,fingertip
216619.8170,0,1450.80,343.73,1450.80,343.73,,0,11.56,124.90,1,fingertip
216619.8504,0,1450.80,343.73,1450.80,343.73,,0,26.92,143.58,1,fingertip
216619.8837,0,1450.80,343.73,1450.80,343.73,,0,9.34,121.88,1,fingertip
216619.9171,0,1450.80,343.73,1450.80,343.73,,0,28.04,143.45,1,fingertip
216619.9504,0,1450.80,343.73,1450.80,343.73,,0,10.40,121.02,1,fingertip
216619.9838,0,1450.80,343.73,1450.80,343.73,,0,26.46,140.09,1,fingertip
216620.0171,0,1450.80,343.73,1450.80,343.73,,0,11.54,121.60,1,fingertip
216620.0505,0,1450.80,343.73,1450.80,343.73,,0,28.75,142.26,1,fingertip
216620.0838,0,1450.80,343.73,1450.80,343.73,,0,9.46,121.16,1,fingertip
216620.1172,0,1450.80,343.73,1450.80,343.73,,0,31.45,146.24,1,fingertip
216620.1505,0,1450.80,343.73,1450.80,343.73,,0,11.62,125.40,1,fingertip
216620.1839,0,1450.80,343.73,1450.80,343.73,,0,24.90,141.65,1,fingertip
216620.2172,0,1450.80,343.73,1450.80,343.73,,0,27.95,141.69,1,fingertip
216620.2506,0,1450.80,343.73,1450.80,343.73,,0,28.43,144.94,1,fingertip
216620.2839,0,1450.80,343.73,1450.80,343.73,,0,10.68,124.07,1,fingertip
216620.3173,0,1450.80,343.73,1450.80,343.73,,0,29.96,143.14,1,fingertip
216620.3506,0,1450.80,343.73,1450.80,343.73,,0,22.97,142.31,1,fingertip
216620.3840,0,1450.80,343.73,1450.80,343.73,,0,26.53,140.17,1,fingertip
216620.4173,0,1450.80,343.73,1450.80,343.73,,0,27.77,145.28,1,fingertip
216620.4507,0,1450.80,343.73,1450.80,343.73,,0,11.81,123.93,1,fingertip
216620.4840,0,1450.80,343.73,1450.80,343.73,,0,14.68,129.13,1,fingertip
216620.5174,0,1450.80,343.73,1450.80,343.73,,0,31.30,142.10,1,fingertip
216620.5507,0,1450.80,343.73,1450.80,343.73,,0,22.77,134.88,1,fingertip
216620.5841,0,1450.80,343.73,1450.80,343.73,,0,31.25,144.26,1,fingertip
216620.6174,0,1450.80,343.73,1450.80,343.73,,0,11.40,122.39,1,fingertip
216620.6508,0,1450.80,343.73,1450.80,343.73,,0,12.67,123.88,1,fingertip
216620.6841,0,1450.80,343.73,1450.80,343.73,,0,12.15,119.72,1,fingertip
216620.7175,0,1450.80,343.73,1450.80,343.73,,0,11.30,135.52,1,fingertip
216620.7508,0,1450.80,343.73,1450.80,343.73,,0,18.29,125.91,1,fingertip
216620.7842,0,1450.80,343.73,1450.80,343.73,,0,12.50,119.37,1,fingertip
216620.8175,0,1450.80,343.73,1450.80,343.73,,0,13.50,123.14,1,fingertip
216620.8509,0,1450.80,343.73,1450.80,343.73,,0,12.63,120.34,1,fingertip
216620.8842,0,1450.80,343.73,1450.80,343.73,,0,14.03,123.79,1,fingertip
216620.9176,0,1450.80,343.73,1450.80,343.73,,0,12.69,120.14,1,fingertip
216620.9509,0,1450.80,343.73,1450.80,343.73,,0,13.45,124.05,1,fingertip
216620.9843,0,1450.80,343.73,1450.80,343.73,,0,13.50,121.53,1,fingertip
216621.0176,0,1450.80,343.73,1450.80,343.73,,0,30.32,141.70,1,fingertip
216621.0510,0,1450.80,343.73,1450.80,343.73,,0,9.62,118.16,1,fingertip
216621.0843,0,1450.80,343.73,1450.80,343.73,,0,11.71,120.53,1,fingertip
216621.1177,0,1450.80,343.73,1450.80,343.73,,0,12.70,118.57,1,fingertip
216621.1510,0,1450.80,343.73,1450.80,343.73,,0,12.89,122.75,1,fingertip
216621.1844,0,1450.80,343.73,1450.80,343.73,,0,13.64,121.65,1,fingertip
216621.2177,0,1450.80,343.73,1450.80,343.73,,0,13.22,121.08,1,fingertip
216621.2511,0,1450.80,343.73,1450.80,343.73,,0,31.40,141.96,1,fingertip
216621.2844,0,1450.80,343.73,1450.80,343.73,,0,10.44,119.25,1,fingertip
216621.3178,0,1450.80,343.73,1450.80,343.73,,0,12.57,120.69,1,fingertip
216621.3511,0,1450.80,343.73,1450.80,343.73,,0,14.78,125.42,1,fingertip
216621.3845,0,1450.80,343.73,1450.80,343.73,,0,12.26,119.71,1,fingertip
216621.4178,0,1450.80,343.73,1450.80,343.73,,0,30.14,140.53,1,fingertip
216621.4512,0,1450.80,343.73,1450.80,343.73,,0,11.36,119.56,1,fingertip
216621.4845,0,1450.80,343.73,1450.80,343.73,,0,12.54,122.95,1,fingertip
216621.5179,0,1450.80,343.73,1450.80,343.73,,0,15.64,124.16,1,fingertip
216621.5512,0,1450.80,343.73,1450.80,343.73,,0,14.63,123.54,1,fingertip
216621.5846,0,1450.80,343.73,1450.80,343.73,,0,31.22,142.89,1,fingertip
216621.6179,0,1450.80,343.73,1450.80,343.73,,0,9.19,118.91,1,fingertip
216621.6513,0,1450.80,343.73,1450.80,343.73,,0,13.37,124.78,1,fingertip
216621.6846,0,1450.80,343.73,1450.80,343.73,,0,12.62,119.90,1,fingertip
216621.7180,0,1450.80,343.73,1450.80,343.73,,0,12.31,122.69,1,fingertip
216621.7513,0,1450.80,343.73,1450.80,343.73,,0,14.19,118.41,1,fingertip
216621.7847,0,1450.80,343.73,1450.80,343.73,,0,12.78,122.40,1,fingertip
216621.8180,0,1450.80,343.73,1450.80,343.73,,0,13.33,119.61,1,fingertip
216621.8514,0,1450.80,343.73,1450.80,343.73,,0,14.22,122.63,1,fingertip
216621.8847,0,1450.80,343.73,1450.80,343.73,,0,13.81,120.65,1,fingertip
216621.9181,0,1450.80,343.73,1450.80,343.73,,0,28.34,138.98,1,fingertip
216621.9514,0,1450.80,343.73,1450.80,343.73,,0,9.87,116.24,1,fingertip
216621.9848,0,1450.80,343.73,1450.80,343.73,,0,13.23,123.44,1,fingertip
216622.0181,0,1450.80,343.73,1450.80,343.73,,0,12.40,120.36,1,fingertip
216622.0515,0,1450.80,343.73,1450.80,343.73,,0,30.68,140.60,1,fingertip
216622.0848,0,1450.80,343.73,1450.80,343.73,,0,11.13,120.11,1,fingertip
216622.1182,0,1450.80,343.73,1450.80,343.73,,0,13.26,124.06,1,fingertip
216622.1515,0,1450.80,343.73,1450.80,343.73,,0,32.36,145.99,1,fingertip
216622.1849,0,1450.80,343.73,1450.80,343.73,,0,10.23,123.08,1,fingertip
216622.2182,0,1450.80,343.73,1450.80,343.73,,0,15.83,123.89,1,fingertip
216622.2516,0,1450.80,343.73,1450.80,343.73,,0,11.14,117.96,1,fingertip
216622.2849,0,1450.80,343.73,1450.80,343.73,,0,12.88,119.79,1,fingertip
216622.3183,0,1450.80,343.73,1450.80,343.73,,0,13.61,120.78,1,fingertip
216622.3516,0,1450.80,343.73,1450.80,343.73,,0,13.32,117.07,1,fingertip
216622.3850,0,1450.80,343.73,1450.80,343.73,,0,13.08,119.12,1,fingertip
216622.4183,0,1450.80,343.73,1450.80,343.73,,0,12.69,118.15,1,fingertip
216622.4517,0,1450.80,343.73,1450.80,343.73,,0,15.79,125.36,1,fingertip
216622.4850,0,1450.80,343.73,1450.80,343.73,,0,14.62,121.08,1,fingertip
216622.5184,0,1450.80,343.73,1450.80,343.73,,0,28.73,139.17,1,fingertip
216622.5517,0,1450.80,343.73,1450.80,343.73,,0,11.65,119.26,1,fingertip
216622.5851,0,1450.80,343.73,1450.80,343.73,,0,25.63,134.79,1,fingertip
216622.6184,0,1450.80,343.73,1450.80,343.73,,0,10.33,114.44,1,fingertip
216622.6518,0,1450.80,343.73,1450.80,343.73,,0,13.93,123.00,1,fingertip
216622.6851,0,1450.80,343.73,1450.80,343.73,,0,10.27,113.47,1,fingertip
216622.7185,0,1450.80,343.73,1450.80,343.73,,0,12.93,119.03,1,fingertip
216622.7518,0,1450.80,343.73,1450.80,343.73,,0,30.73,142.00,1,fingertip
216622.7852,0,1450.80,343.73,1450.80,343.73,,0,9.88,118.71,1,fingertip
216622.8185,0,1450.80,343.73,1450.80,343.73,,0,13.99,117.61,1,fingertip
216622.8519,0,1450.80,343.73,1450.80,343.73,,0,12.73,111.54,1,fingertip
216622.8852,0,1450.80,343.73,1450.80,343.73,,0,8.59,111.24,1,fingertip
216622.9186,0,1450.80,343.73,1450.80,343.73,,0,14.14,114.50,1,fingertip
216622.9519,0,1450.80,343.73,1450.80,343.73,,0,12.55,115.15,1,fingertip
216622.9853,0,1450.80,343.73,1450.80,343.73,,0,17.35,115.42,1,fingertip
216623.0186,0,1450.80,343.73,1450.80,343.73,,0,16.13,117.38,1,fingertip
216623.0520,0,1450.80,343.73,1450.80,343.73,,0,15.19,113.20,1,fingertip
216623.0853,0,1450.80,343.73,1450.80,343.73,,0,30.06,133.09,1,fingertip
216623.1187,0,1450.80,343.73,1450.80,343.73,,0,9.60,110.33,1,fingertip
216623.1520,0,1450.80,343.73,1450.80,343.73,,0,14.86,119.11,1,fingertip
216623.1854,0,1450.80,343.73,1450.80,343.73,,0,12.73,114.74,1,fingertip
216623.2187,0,1450.80,343.73,1450.80,343.73,,0,14.10,117.86,1,fingertip
216623.2521,0,1450.80,343.73,1450.80,343.73,,0,15.09,118.40,1,fingertip
216623.2854,0,1450.80,343.73,1450.80,343.73,,0,14.85,121.12,1,fingertip
216623.3188,0,1450.80,343.73,1450.80,343.73,,0,14.90,118.93,1,fingertip
216623.3521,0,1450.80,343.73,1450.80,343.73,,0,16.81,122.99,1,fingertip
216623.3855,0,1450.80,343.73,1450.80,343.73,,0,13.54,118.95,1,fingertip
216623.4188,0,1450.80,343.73,1450.80,343.73,,0,13.92,121.76,1,fingertip
216623.4522,0,1450.80,343.73,1450.80,343.73,,0,15.49,122.19,1,fingertip
216623.4855,0,1450.80,343.73,1450.80,343.73,,0,14.19,124.63,1,fingertip
216623.5189,0,1450.80,343.73,1450.80,343.73,,0,14.82,122.12,1,fingertip
216623.5522,0,1450.80,343.73,1450.80,343.73,,0,13.61,120.99,1,fingertip
216623.5856,0,1450.80,343.73,1450.80,343.73,,0,16.35,123.29,1,fingertip
216623.6189,0,1450.80,343.73,1450.80,343.73,,0,30.70,140.92,1,fingertip
216623.6523,0,1450.80,343.73,1450.80,343.73,,0,12.61,121.33,1,fingertip
216623.6856,0,1450.80,343.73,1450.80,343.73,,0,9.83,117.69,1,fingertip
216623.7190,0,1450.80,343.73,1450.80,343.73,,0,31.65,143.45,1,fingertip
216623.7523,0,1450.80,343.73,1450.80,343.73,,0,10.12,120.43,1,fingertip
216623.7857,0,1450.80,343.73,1450.80,343.73,,0,12.54,119.76,1,fingertip
216623.8190,0,1450.80,343.73,1450.80,343.73,,0,14.29,120.35,1,fingertip
216623.8524,0,1450.80,343.73,1450.80,343.73,,0,29.43,138.47,1,fingertip
216623.8857,0,1450.80,343.73,1450.80,343.73,,0,11.57,118.50,1,fingertip
216623.9191,0,1450.80,343.73,1450.80,343.73,,0,13.69,123.74,1,fingertip
216623.9524,0,1450.80,343.73,1450.80,343.73,,0,14.15,118.25,1,fingertip
216623.9858,0,1450.80,343.73,1450.80,343.73,,0,15.84,122.27,1,fingertip
216624.0191,0,1450.80,343.73,1450.80,343.73,,0,17.78,122.76,1,fingertip
216624.0525,0,1450.80,343.73,1450.80,343.73,,0,11.40,119.98,1,fingertip
216624.0858,0,1450.80,343.73,1450.80,343.73,,0,16.80,124.12,1,fingertip
216624.1192,0,1450.80,343.73,1450.80,343.73,,0,13.13,123.23,1,fingertip
216624.1525,0,1450.80,343.73,1450.80,343.73,,0,14.58,121.57,1,fingertip
216624.1859,0,1450.80,343.73,1450.80,343.73,,0,13.48,120.07,1,fingertip
216624.2192,0,1450.80,343.73,1450.80,343.73,,0,14.28,123.51,1,fingertip
216624.2526,0,1450.80,343.73,1450.80,343.73,,0,14.81,123.71,1,fingertip
216624.2859,0,1450.80,343.73,1450.80,343.73,,0,31.53,143.96,1,fingertip
216624.3193,0,1450.80,343.73,1450.80,343.73,,0,10.50,121.33,1,fingertip
216624.3526,0,1450.80,343.73,1450.80,343.73,,0,29.29,141.37,1,fingertip
216624.3860,0,1450.80,343.73,1450.80,343.73,,0,31.17,142.00,1,fingertip
216624.4193,0,1450.80,343.73,1450.80,343.73,,0,24.61,139.14,1,fingertip
216624.4527,0,1450.80,343.73,1450.80,343.73,,0,30.02,143.05,1,fingertip
216624.4860,0,1450.80,343.73,1450.80,343.73,,0,29.58,144.97,1,fingertip
216624.5194,0,1450.80,343.73,1450.80,343.73,,0,26.25,140.48,1,fingertip
216624.5527,0,1450.80,343.73,1450.80,343.73,,0,28.39,144.25,1,fingertip
216624.5861,0,1450.80,343.73,1450.80,343.73,,0,26.54,142.07,1,fingertip
216624.6194,0,1450.80,343.73,1450.80,343.73,,0,9.15,122.89,1,fingertip
216624.6528,0,1450.80,343.73,1450.80,343.73,,0,10.65,127.71,1,fingertip
216624.6861,0,1450.80,343.73,1450.80,343.73,,0,27.56,145.95,1,fingertip
216624.7195,0,1450.80,343.73,1450.80,343.73,,0,26.62,139.44,1,fingertip
216624.7528,0,1450.80,343.73,1450.80,343.73,,0,29.78,143.02,1,fingertip
216624.7862,0,1450.80,343.73,1450.80,343.73,,0,11.54,122.31,1,fingertip
216624.8195,0,1450.80,343.73,1450.80,343.73,,0,32.93,146.48,1,fingertip
216624.8529,0,1450.80,343.73,1450.80,343.73,,0,21.01,136.43,1,fingertip
216624.8862,0,1450.80,343.73,1450.80,343.73,,0,13.35,121.68,1,fingertip
216624.9196,0,1450.80,343.73,1450.80,343.73,,0,33.96,148.16,1,fingertip
216624.9529,0,1450.80,343.73,1450.80,343.73,,0,7.96,122.89,1,fingertip
216624.9863,0,1450.80,343.73,1450.80,343.73,,0,15.64,125.79,1,fingertip
216625.0196,0,1450.80,343.73,1450.80,343.73,,0,13.14,116.69,1,fingertip
216625.0530,0,1450.80,343.73,1450.80,343.73,,0,15.24,121.33,1,fingertip
216625.0863,0,1450.80,343.73,1450.80,343.73,,0,14.12,119.28,1,fingertip
216625.1197,0,1450.80,343.73,1450.80,343.73,,0,33.45,144.25,1,fingertip
216625.1530,0,1450.80,343.73,1450.80,343.73,,0,10.41,121.52,1,fingertip
216625.1864,0,1450.80,343.73,1450.80,343.73,,0,14.52,122.49,1,fingertip
216625.2197,0,1450.80,343.73,1450.80,343.73,,0,12.87,119.19,1,fingertip
216625.2531,0,1450.80,343.73,1450.80,343.73,,0,14.07,122.55,1,fingertip
216625.2864,0,1450.80,343.73,1450.80,343.73,,0,13.85,118.87,1,fingertip
216625.3198,0,1450.80,343.73,1450.80,343.73,,0,16.85,124.29,1,fingertip
216625.3531,0,1450.80,343.73,1450.80,343.73,,0,12.76,117.16,1,fingertip
216625.3865,0,1450.80,343.73,1450.80,343.73,,0,13.74,121.90,1,fingertip
216625.4198,0,1450.80,343.73,1450.80,343.73,,0,11.63,115.82,1,fingertip
216625.4532,0,1450.80,343.73,1450.80,343.73,,0,15.90,121.12,1,fingertip
216625.4865,0,1450.80,343.73,1450.80,343.73,,0,12.48,117.25,1,fingertip
216625.5199,0,1450.80,343.73,1450.80,343.73,,0,13.21,121.54,1,fingertip
216625.5532,0,1450.80,343.73,1450.80,343.73,,0,13.20,120.10,1,fingertip
216625.5866,0,1450.80,343.73,1450.80,343.73,,0,14.93,123.24,1,fingertip
216625.6199,0,1450.80,343.73,1450.80,343.73,,0,12.35,118.54,1,fingertip
216625.6533,0,1450.80,343.73,1450.80,343.73,,0,15.82,126.32,1,fingertip
216625.6866,0,1450.80,343.73,1450.80,343.73,,0,15.02,122.89,1,fingertip
216625.7200,0,1450.80,343.73,1450.80,343.73,,0,35.93,150.58,1,fingertip
216625.7533,0,1450.80,343.73,1450.80,343.73,,0,17.41,134.84,1,fingertip
216625.7867,0,1450.80,343.73,1450.80,343.73,,0,29.84,143.50,1,fingertip
216625.8200,0,1450.80,343.73,1450.80,343.73,,0,12.91,123.87,1,fingertip
216625.8534,0,1450.80,343.73,1450.80,343.73,,0,14.29,127.93,1,fingertip
216625.8867,0,1450.80,343.73,1450.80,343.73,,0,22.83,136.10,1,fingertip
216625.9201,0,1450.80,343.73,1450.80,343.73,,0,33.02,146.69,1,fingertip
216625.9534,0,1450.80,343.73,1450.80,343.73,,0,26.53,141.96,1,fingertip
216625.9868,0,1450.80,343.73,1450.80,343.73,,0,13.93,125.29,1,fingertip
216626.0201,0,1450.80,343.73,1450.80,343.73,,0,33.04,148.51,1,fingertip
216626.0535,0,1450.80,343.73,1450.80,343.73,,0,20.85,136.21,1,fingertip
216626.0868,0,1450.80,343.73,1450.80,343.73,,0,32.79,150.06,1,fingertip
216626.1202,0,1450.80,343.73,1450.80,343.73,,0,28.21,145.15,1,fingertip
216626.1535,0,1450.80,343.73,1450.80,343.73,,0,11.44,128.34,1,fingertip
216626.1869,0,1450.80,343.73,1450.80,343.73,,0,30.52,144.00,1,fingertip
216626.2202,0,1450.80,343.73,1450.80,343.73,,0,25.62,140.83,1,fingertip
216626.2536,0,1450.80,343.73,1450.80,343.73,,0,13.41,123.95,1,fingertip
216626.2869,0,1450.80,343.73,1450.80,343.73,,0,25.56,138.68,1,fingertip
216626.3203,0,1450.80,343.73,1450.80,343.73,,0,13.81,130.10,1,fingertip
216626.3536,0,1450.80,343.73,1450.80,343.73,,0,21.65,132.36,1,fingertip
216626.3870,0,1450.80,343.73,1450.80,343.73,,0,27.54,141.70,1,fingertip
216626.4203,0,1450.80,343.73,1450.80,343.73,,0,10.03,120.79,1,fingertip
216626.4537,0,1450.80,343.73,1450.80,343.73,,0,13.57,126.67,1,fingertip
216626.4870,0,1450.80,343.73,1450.80,343.73,,0,21.58,134.42,1,fingertip
216626.5204,0,1450.80,343.73,1450.80,343.73,,0,28.72,145.33,1,fingertip
216626.5537,0,1450.80,343.73,1450.80,343.73,,0,20.96,135.04,1,fingertip
216626.5871,0,1450.80,343.73,1450.80,343.73,,0,24.26,139.14,1,fingertip
216626.6204,0,1450.80,343.73,1450.80,343.73,,0,9.46,123.19,1,fingertip
216626.6538,0,1450.80,343.73,1450.80,343.73,,0,31.79,149.83,1,fingertip
216626.6871,0,1450.80,343.73,1450.80,343.73,,0,18.58,135.29,1,fingertip
216626.7205,0,1450.80,343.73,1450.80,343.73,,0,30.73,145.83,1,fingertip
216626.7538,0,1450.80,343.73,1450.80,343.73,,0,10.19,122.96,1,fingertip
216626.7872,0,1450.80,343.73,1450.80,343.73,,0,32.10,146.31,1,fingertip
216626.8205,0,1450.80,343.73,1450.80,343.73,,0,20.04,133.27,1,fingertip
216626.8539,0,1450.80,343.73,1450.80,343.73,,0,28.76,142.04,1,fingertip
216626.8872,0,1450.80,343.73,1450.80,343.73,,0,10.96,123.08,1,fingertip
216626.9206,0,1450.80,343.73,1450.80,343.73,,0,29.77,155.31,1,fingertip
216626.9539,0,1450.80,343.73,1450.80,343.73,,0,11.32,133.53,1,fingertip
216626.9873,0,1450.80,343.73,1450.80,343.73,,0,33.08,150.48,1,fingertip
216627.0206,0,1450.80,343.73,1450.80,343.73,,0,25.20,142.52,1,fingertip
216627.0540,0,1450.80,343.73,1450.80,343.73,,0,12.59,125.55,1,fingertip
216627.0873,0,1450.80,343.73,1450.80,343.73,,0,15.09,126.98,1,fingertip
216627.1207,0,1450.80,343.73,1450.80,343.73,,0,22.90,135.06,1,fingertip
216627.1540,0,1450.80,343.73,1450.80,343.73,,0,31.67,145.27,1,fingertip
216627.1874,0,1450.80,343.73,1450.80,343.73,,0,9.74,121.84,1,fingertip
216627.2207,0,1450.80,343.73,1450.80,343.73,,0,35.17,150.48,1,fingertip
216627.2541,0,1450.80,343.73,1450.80,343.73,,0,23.28,140.60,1,fingertip
216627.2874,0,1450.80,343.73,1450.80,343.73,,0,32.01,146.38,1,fingertip
216627.3208,0,1450.80,343.73,1450.80,343.73,,0,21.27,139.80,1,fingertip
216627.3541,0,1450.80,343.73,1450.80,343.73,,0,27.35,139.07,1,fingertip
216627.3875,0,1450.80,343.73,1450.80,343.73,,0,12.87,124.53,1,fingertip
216627.4208,0,1450.80,343.73,1450.80,343.73,,0,23.24,134.73,1,fingertip
216627.4542,0,1450.80,343.73,1450.80,343.73,,0,30.97,145.53,1,fingertip
216627.4875,0,1450.80,343.73,1450.80,343.73,,0,11.85,124.23,1,fingertip
216627.5209,0,1450.80,343.73,1450.80,343.73,,0,30.49,146.22,1,fingertip
216627.5542,0,1450.80,343.73,1450.80,343.73,,0,22.21,135.83,1,fingertip
216627.5876,0,1450.80,343.73,1450.80,343.73,,0,26.55,139.72,1,fingertip
216627.6209,0,1450.80,343.73,1450.80,343.73,,0,24.69,137.74,1,fingertip
216627.6543,0,1450.80,343.73,1450.80,343.73,,0,25.30,146.73,1,fingertip
216627.6876,0,1450.80,343.73,1450.80,343.73,,0,26.77,140.58,1,fingertip
216627.7210,0,1450.80,343.73,1450.80,343.73,,0,27.77,143.40,1,fingertip
216627.7543,0,1450.80,343.73,1450.80,343.73,,0,11.89,122.62,1,fingertip
216627.7877,0,1450.80,343.73,1450.80,343.73,,0,27.59,140.55,1,fingertip
216627.8210,0,1450.80,343.73,1450.80,343.73,,0,12.19,121.38,1,fingertip
216627.8544,0,1450.80,343.73,1450.80,343.73,,0,25.61,138.16,1,fingertip
216627.8877,0,1450.80,343.73,1450.80,343.73,,0,30.01,142.48,1,fingertip
216627.9211,0,1450.80,343.73,1450.80,343.73,,0,29.03,148.62,1,fingertip
216627.9544,0,1450.80,343.73,1450.80,343.73,,0,28.46,143.93,1,fingertip
216627.9878,0,1450.80,343.73,1450.80,343.73,,0,15.56,130.65,1,fingertip
216628.0211,0,1450.80,343.73,1450.80,343.73,,0,24.93,138.79,1,fingertip
216628.0545,0,1450.80,343.73,1450.80,343.73,,0,31.05,145.47,1,fingertip
216628.0878,0,1450.80,343.73,1450.80,343.73,,0,10.55,124.02,1,fingertip
216628.1212,0,1450.80,343.73,1450.80,343.73,,0,28.65,143.14,1,fingertip
216628.1545,0,1450.80,343.73,1450.80,343.73,,0,11.27,123.43,1,fingertip
216628.1879,0,1450.80,343.73,1450.80,343.73,,0,13.20,125.43,1,fingertip
216628.2212,0,1450.80,343.73,1450.80,343.73,,0,29.00,144.75,1,fingertip
216628.2546,0,1450.80,343.73,1450.80,343.73,,0,11.37,123.43,1,fingertip
216628.2879,0,1450.80,343.73,1450.80,343.73,,0,32.84,146.99,1,fingertip
216628.3213,0,1450.80,343.73,1450.80,343.73,,0,12.57,126.68,1,fingertip
216628.3546,0,1450.80,343.73,1450.80,343.73,,0,12.52,123.25,1,fingertip
216628.3880,0,1450.80,343.73,1450.80,343.73,,0,30.16,142.49,1,fingertip
216628.4213,0,1450.80,343.73,1450.80,343.73,,0,10.92,122.68,1,fingertip
216628.4547,0,1450.80,343.73,1450.80,343.73,,0,39.54,152.05,1,fingertip
216628.4880,0,1450.80,343.73,1450.80,343.73,,0,18.98,137.91,1,fingertip
216628.5214,0,1450.80,343.73,1450.80,343.73,,0,31.34,150.46,1,fingertip
216628.5547,0,1450.80,343.73,1450.80,343.73,,0,20.98,138.31,1,fingertip
216628.5881,0,1450.80,343.73,1450.80,343.73,,0,33.83,151.22,1,fingertip
216628.6214,0,1450.80,343.73,1450.80,343.73,,0,27.29,145.35,1,fingertip
216628.6548,0,1450.80,343.73,1450.80,343.73,,0,25.88,143.48,1,fingertip
216628.6881,0,1450.80,343.73,1450.80,343.73,,0,30.28,145.78,1,fingertip
216628.7215,0,1450.80,343.73,1450.80,343.73,,0,19.79,139.19,1,fingertip
216628.7548,0,1450.80,343.73,1450.80,343.73,,0,29.50,146.75,1,fingertip
216628.7882,0,1450.80,343.73,1450.80,343.73,,0,23.47,142.76,1,fingertip
216628.8215,0,1450.80,343.73,1450.80,343.73,,0,16.80,135.80,1,fingertip
216628.8549,0,1450.80,343.73,1450.80,343.73,,0,17.50,135.27,1,fingertip
216628.8882,0,1450.80,343.73,1450.80,343.73,,0,28.64,150.24,1,fingertip
216628.9216,0,1450.80,343.73,1450.80,343.73,,0,17.36,136.38,1,fingertip
216628.9549,0,1450.80,343.73,1450.80,343.73,,0,28.73,149.92,1,fingertip
216628.9883,0,1450.80,343.73,1450.80,343.73,,0,25.54,142.89,1,fingertip
216629.0216,0,1450.80,343.73,1450.80,343.73,,0,27.27,147.45,1,fingertip
216629.0550,0,1450.80,343.73,1450.80,343.73,,0,15.51,134.69,1,fingertip
216629.0883,0,1450.80,343.73,1450.80,343.73,,0,28.46,148.45,1,fingertip
216629.1217,0,1450.80,343.73,1450.80,343.73,,0,17.64,137.88,1,fingertip
216629.1550,0,1450.80,343.73,1450.80,343.73,,0,32.59,151.78,1,fingertip
216629.1884,0,1450.80,343.73,1450.80,343.73,,0,19.91,139.65,1,fingertip
216629.2217,0,1450.80,343.73,1450.80,343.73,,0,30.07,149.22,1,fingertip
216629.2551,0,1450.80,343.73,1450.80,343.73,,0,18.12,139.02,1,fingertip
216629.2884,0,1450.80,343.73,1450.80,343.73,,0,33.73,156.82,1,fingertip
216629.3218,0,1450.80,343.73,1450.80,343.73,,0,10.90,134.67,1,fingertip
216629.3551,0,1450.80,343.73,1450.80,343.73,,0,29.19,149.25,1,fingertip
216629.3885,0,1450.80,343.73,1450.80,343.73,,0,28.65,147.58,1,fingertip
216629.4218,0,1450.80,343.73,1450.80,343.73,,0,32.39,153.31,1,fingertip
216629.4552,0,1450.80,343.73,1450.80,343.73,,0,14.41,135.55,1,fingertip
216629.4885,0,1450.80,343.73,1450.80,343.73,,0,32.43,149.28,1,fingertip
216629.5219,0,1450.80,343.73,1450.80,343.73,,0,18.08,136.79,1,fingertip
216629.5552,0,1450.80,343.73,1450.80,343.73,,0,32.74,149.61,1,fingertip
216629.5886,0,1450.80,343.73,1450.80,343.73,,0,16.62,137.63,1,fingertip
216629.6219,0,1450.80,343.73,1450.80,343.73,,0,31.60,150.33,1,fingertip
216629.6553,0,1450.80,343.73,1450.80,343.73,,0,23.17,149.68,1,fingertip
216629.6886,0,1450.80,343.73,1450.80,343.73,,0,14.60,136.17,1,fingertip
216629.7220,0,1450.80,343.73,1450.80,343.73,,0,18.21,143.35,1,fingertip
216629.7553,0,1450.80,343.73,1450.80,343.73,,0,31.72,154.09,1,fingertip
216629.7887,0,1450.80,343.73,1450.80,343.73,,0,26.05,150.30,1,fingertip
216629.8220,0,1450.80,343.73,1450.80,343.73,,0,12.03,136.05,1,fingertip
216629.8554,0,1450.80,343.73,1450.80,343.73,,0,23.78,153.21,1,fingertip
216629.8887,0,1450.80,343.73,1450.80,343.73,,0,15.99,141.31,1,fingertip
216629.9221,0,1450.80,343.73,1450.80,343.73,,0,16.30,145.39,1,fingertip
216629.9554,0,1450.80,343.73,1450.80,343.73,,0,13.18,137.75,1,fingertip
216629.9888,0,1450.80,343.73,1450.80,343.73,,0,15.16,143.21,1,fingertip
216630.0221,0,1450.80,343.73,1450.80,343.73,,0,14.77,139.64,1,fingertip
216630.0555,0,1450.80,343.73,1450.80,343.73,,0,14.86,142.28,1,fingertip
216630.0888,0,1450.80,343.73,1450.80,343.73,,0,12.81,139.11,1,fingertip
216630.1222,0,1450.80,343.73,1450.80,343.73,,0,10.50,136.91,1,fingertip
216630.1555,0,1450.80,343.73,1450.80,343.73,,0,12.84,140.65,1,fingertip
216630.1889,0,1450.80,343.73,1450.80,343.73,,0,18.19,142.96,1,fingertip
216630.2222,0,1450.80,343.73,1450.80,343.73,,0,12.52,139.38,1,fingertip
216630.2556,0,1450.80,343.73,1450.80,343.73,,0,19.42,143.58,1,fingertip
216630.2889,0,1450.80,343.73,1450.80,343.73,,0,28.61,152.54,1,fingertip
216630.3223,0,1450.80,343.73,1450.80,343.73,,0,9.80,135.77,1,fingertip
216630.3556,0,1450.80,343.73,1450.80,343.73,,0,29.06,155.98,1,fingertip
216630.3890,0,1450.80,343.73,1450.80,343.73,,0,9.64,135.64,1,fingertip
216630.4223,0,1450.80,343.73,1450.80,343.73,,0,23.83,148.73,1,fingertip
216630.4557,0,1450.80,343.73,1450.80,343.73,,0,12.28,139.90,1,fingertip
216630.4890,0,1450.80,343.73,1450.80,343.73,,0,20.55,146.69,1,fingertip
216630.5224,0,1450.80,343.73,1450.80,343.73,,0,13.87,138.71,1,fingertip
216630.5557,0,1450.80,343.73,1450.80,343.73,,0,17.79,146.33,1,fingertip
216630.5891,0,1450.80,343.73,1450.80,343.73,,0,17.65,144.75,1,fingertip
216630.6224,0,1450.80,343.73,1450.80,343.73,,0,17.13,146.11,1,fingertip
216630.6558,0,1450.80,343.73,1450.80,343.73,,0,11.47,138.47,1,fingertip
216630.6891,0,1450.80,343.73,1450.80,343.73,,0,22.53,150.32,1,fingertip
216630.7225,0,1450.80,343.73,1450.80,343.73,,0,14.16,139.42,1,fingertip
216630.7558,0,1450.80,343.73,1450.80,343.73,,0,14.26,143.28,1,fingertip
216630.7892,0,1450.80,343.73,1450.80,343.73,,0,20.57,145.15,1,fingertip
216630.8225,0,1450.80,343.73,1450.80,343.73,,0,17.57,144.07,1,fingertip
216630.8559,0,1450.80,343.73,1450.80,343.73,,0,17.99,143.76,1,fingertip
216630.8892,0,1450.80,343.73,1450.80,343.73,,0,17.06,144.46,1,fingertip
216630.9226,0,1450.80,343.73,1450.80,343.73,,0,16.00,144.97,1,fingertip
216630.9559,0,1450.80,343.73,1450.80,343.73,,0,26.80,150.72,1,fingertip
216630.9893,0,1450.80,343.73,1450.80,343.73,,0,9.40,136.82,1,fingertip
216631.0226,0,1450.80,343.73,1450.80,343.73,,0,20.11,144.57,1,fingertip
216631.0560,0,1450.80,343.73,1450.80,343.73,,0,13.70,141.99,1,fingertip
216631.0893,0,1450.80,343.73,1450.80,343.73,,0,19.09,146.17,1,fingertip
216631.1227,0,1450.80,343.73,1450.80,343.73,,0,14.44,141.31,1,fingertip
216631.1560,0,1450.80,343.73,1450.80,343.73,,0,17.74,144.05,1,fingertip
216631.1894,0,1450.80,343.73,1450.80,343.73,,0,12.85,140.81,1,fingertip
216631.2227,0,1450.80,343.73,1450.80,343.73,,0,18.14,144.53,1,fingertip
216631.2561,0,1450.80,343.73,1450.80,343.73,,0,21.65,147.99,1,fingertip
216631.2894,0,1450.80,343.73,1450.80,343.73,,0,13.06,143.04,1,fingertip
216631.3228,0,1450.80,343.73,1450.80,343.73,,0,16.97,145.83,1,fingertip
216631.3561,0,1450.80,343.73,1450.80,343.73,,0,12.11,143.86,1,fingertip
216631.3895,0,1450.80,343.73,1450.80,343.73,,0,18.58,146.29,1,fingertip
216631.4228,0,1450.80,343.73,1450.80,343.73,,0,11.45,142.57,1,fingertip
216631.4562,0,1450.80,343.73,1450.80,343.73,,0,21.23,150.58,1,fingertip
216631.4895,0,1450.80,343.73,1450.80,343.73,,0,13.89,146.59,1,fingertip
216631.5229,0,1450.80,343.73,1450.80,343.73,,0,16.33,147.31,1,fingertip
216631.5562,0,1450.80,343.73,1450.80,343.73,,0,11.00,145.48,1,fingertip
216631.5896,0,1450.80,343.73,1450.80,343.73,,0,17.43,147.66,1,fingertip
216631.6229,0,1450.80,343.73,1450.80,343.73,,0,9.30,142.42,1,fingertip
216631.6563,0,1450.80,343.73,1450.80,343.73,,0,22.31,151.79,1,fingertip
216631.6896,0,1450.80,343.73,1450.80,343.73,,0,13.36,146.22,1,fingertip
216631.7230,0,1450.80,343.73,1450.80,343.73,,0,14.16,144.59,1,fingertip
216631.7563,0,1450.80,343.73,1450.80,343.73,,0,15.00,146.37,1,fingertip
216631.7897,0,1450.80,343.73,1450.80,343.73,,0,12.35,142.50,1,fingertip
216631.8230,0,1450.80,343.73,1450.80,343.73,,0,11.86,144.09,1,fingertip
216631.8564,0,1450.80,343.73,1450.80,343.73,,0,19.09,148.09,1,fingertip
216631.8897,0,1450.80,343.73,1450.80,343.73,,0,12.72,145.44,1,fingertip
216631.9231,0,1450.80,343.73,1450.80,343.73,,0,13.38,142.21,1,fingertip
216631.9564,0,1450.80,343.73,1450.80,343.73,,0,11.31,143.58,1,fingertip
216631.9898,0,1450.80,343.73,1450.80,343.73,,0,10.71,140.74,1,fingertip
216632.0231,0,1450.80,343.73,1450.80,343.73,,0,10.73,143.81,1,fingertip
216632.0565,0,1450.80,343.73,1450.80,343.73,,0,9.20,140.68,1,fingertip
216632.0898,0,1450.80,343.73,1450.80,343.73,,0,9.50,144.71,1,fingertip
216632.1232,0,1450.80,343.73,1450.80,343.73,,0,8.74,142.83,1,fingertip
216632.1565,0,1450.80,343.73,1450.80,343.73,,0,15.56,152.54,1,fingertip
216632.1899,0,1450.80,343.73,1450.80,343.73,,0,12.89,144.56,1,fingertip
216632.2232,0,1450.80,343.73,1450.80,343.73,,0,12.99,148.08,1,fingertip
216632.2566,0,1450.80,343.73,1450.80,343.73,,0,15.69,147.81,1,fingertip
216632.2899,0,1450.80,343.73,1450.80,343.73,,0,9.12,144.23,1,fingertip
216632.3233,0,1450.80,343.73,1450.80,343.73,,0,12.20,144.71,1,fingertip
216632.3566,0,1450.80,343.73,1450.80,343.73,,0,12.49,148.26,1,fingertip
216632.3900,0,1450.80,343.73,1450.80,343.73,,0,9.60,141.01,1,fingertip
216632.4233,0,1450.80,343.73,1450.80,343.73,,0,19.21,150.38,1,fingertip
216632.4567,0,1450.80,343.73,1450.80,343.73,,0,12.72,144.80,1,fingertip
216632.4900,0,1450.80,343.73,1450.80,343.73,,0,11.05,143.16,1,fingertip
216632.5234,0,1450.80,343.73,1450.80,343.73,,0,18.92,148.26,1,fingertip
216632.5567,0,1450.80,343.73,1450.80,343.73,,0,13.75,145.77,1,fingertip
216632.5901,0,1450.80,343.73,1450.80,343.73,,0,16.04,143.48,1,fingertip
216632.6234,0,1450.80,343.73,1450.80,343.73,,0,11.09,141.60,1,fingertip
216632.6568,0,1450.80,343.73,1450.80,343.73,,0,14.57,143.26,1,fingertip
216632.6901,0,1450.80,343.73,1450.80,343.73,,0,14.24,144.36,1,fingertip
216632.7235,0,1450.80,343.73,1450.80,343.73,,0,11.68,142.64,1,fingertip
216632.7568,0,1450.80,343.73,1450.80,343.73,,0,26.95,151.62,1,fingertip
216632.7902,0,1450.80,343.73,1450.80,343.73,,0,11.09,138.07,1,fingertip
216632.8235,0,1450.80,343.73,1450.80,343.73,,0,23.16,147.52,1,fingertip
216632.8569,0,1450.80,343.73,1450.80,343.73,,0,16.35,142.78,1,fingertip
216632.8902,0,1450.80,343.73,1450.80,343.73,,0,28.17,151.62,1,fingertip
216632.9236,0,1450.80,343.73,1450.80,343.73,,0,10.76,135.20,1,fingertip
216632.9569,0,1450.80,343.73,1450.80,343.73,,0,23.93,148.07,1,fingertip
216632.9903,0,1450.80,343.73,1450.80,343.73,,0,14.72,142.52,1,fingertip
216633.0236,0,1450.80,343.73,1450.80,343.73,,0,23.05,148.20,1,fingertip
216633.0570,0,1450.80,343.73,1450.80,343.73,,0,11.32,140.07,1,fingertip
216633.0903,0,1450.80,343.73,1450.80,343.73,,0,25.09,149.66,1,fingertip
216633.1237,0,1450.80,343.73,1450.80,343.73,,0,20.54,144.61,1,fingertip
216633.1570,0,1450.80,343.73,1450.80,343.73,,0,22.55,146.02,1,fingertip
216633.1904,0,1450.80,343.73,1450.80,343.73,,0,15.69,141.94,1,fingertip
216633.2237,0,1450.80,343.73,1450.80,343.73,,0,24.70,145.94,1,fingertip
216633.2571,0,1450.80,343.73,1450.80,343.73,,0,13.78,138.81,1,fingertip
216633.2904,0,1450.80,343.73,1450.80,343.73,,0,28.48,149.58,1,fingertip
216633.3238,0,1450.80,343.73,1450.80,343.73,,0,11.37,135.28,1,fingertip
216633.3571,0,1450.80,343.73,1450.80,343.73,,0,25.87,149.61,1,fingertip
216633.3905,0,1450.80,343.73,1450.80,343.73,,0,11.36,136.57,1,fingertip
216633.4238,0,1450.80,343.73,1450.80,343.73,,0,26.97,151.25,1,fingertip
216633.4572,0,1450.80,343.73,1450.80,343.73,,0,13.03,138.34,1,fingertip
216633.4905,0,1450.80,343.73,1450.80,343.73,,0,24.94,159.53,1,fingertip
216633.5239,0,1450.80,343.73,1450.80,343.73,,0,10.67,137.21,1,fingertip
216633.5572,0,1450.80,343.73,1450.80,343.73,,0,25.23,149.48,1,fingertip
216633.5906,0,1450.80,343.73,1450.80,343.73,,0,21.27,143.18,1,fingertip
216633.6239,0,1450.80,343.73,1450.80,343.73,,0,28.42,151.55,1,fingertip
216633.6573,0,1450.80,343.73,1450.80,343.73,,0,14.52,138.03,1,fingertip
216633.6906,0,1450.80,343.73,1450.80,343.73,,0,28.87,149.11,1,fingertip
216633.7240,0,1450.80,343.73,1450.80,343.73,,0,20.34,143.86,1,fingertip
216633.7573,0,1450.80,343.73,1450.80,343.73,,0,26.34,148.67,1,fingertip
216633.7907,0,1450.80,343.73,1450.80,343.73,,0,14.98,140.94,1,fingertip
216633.8240,0,1450.80,343.73,1450.80,343.73,,0,25.74,148.84,1,fingertip
216633.8574,0,1450.80,343.73,1450.80,343.73,,0,9.92,134.92,1,fingertip
216633.8907,0,1450.80,343.73,1450.80,343.73,,0,25.91,149.24,1,fingertip
216633.9241,0,1450.80,343.73,1450.80,343.73,,0,15.58,140.77,1,fingertip
216633.9574,0,1450.80,343.73,1450.80,343.73,,0,26.62,150.91,1,fingertip
216633.9908,0,1450.80,343.73,1450.80,343.73,,0,13.40,141.53,1,fingertip
216634.0241,0,1450.80,343.73,1450.80,343.73,,0,24.89,149.95,1,fingertip
216634.0575,0,1450.80,343.73,1450.80,343.73,,0,9.37,136.18,1,fingertip
216634.0908,0,1450.80,343.73,1450.80,343.73,,0,24.90,150.99,1,fingertip
216634.1242,0,1450.80,343.73,1450.80,343.73,,0,10.40,140.20,1,fingertip
216634.1575,0,1450.80,343.73,1450.80,343.73,,0,19.45,147.29,1,fingertip
216634.1909,0,1450.80,343.73,1450.80,343.73,,0,12.82,144.39,1,fingertip
216634.2242,0,1450.80,343.73,1450.80,343.73,,0,21.22,147.36,1,fingertip
216634.2576,0,1450.80,343.73,1450.80,343.73,,0,12.73,138.99,1,fingertip
216634.2909,0,1450.80,343.73,1450.80,343.73,,0,18.54,146.40,1,fingertip
216634.3243,0,1450.80,343.73,1450.80,343.73,,0,18.10,143.18,1,fingertip
216634.3576,0,1450.80,343.73,1450.80,343.73,,0,16.62,145.87,1,fingertip
216634.3910,0,1450.80,343.73,1450.80,343.73,,0,16.32,142.57,1,fingertip
216634.4243,0,1450.80,343.73,1450.80,343.73,,0,14.56,139.77,1,fingertip
216634.4577,0,1450.80,343.73,1450.80,343.73,,0,18.49,143.65,1,fingertip
216634.4910,0,1450.80,343.73,1450.80,343.73,,0,17.52,145.64,1,fingertip
216634.5244,0,1450.80,343.73,1450.80,343.73,,0,20.22,143.57,1,fingertip
216634.5577,0,1450.80,343.73,1450.80,343.73,,0,21.75,149.10,1,fingertip
216634.5911,0,1450.80,343.73,1450.80,343.73,,0,11.96,136.55,1,fingertip
216634.6244,0,1450.80,343.73,1450.80,343.73,,0,23.21,149.39,1,fingertip
216634.6578,0,1450.80,343.73,1450.80,343.73,,0,10.32,136.17,1,fingertip
216634.6911,0,1450.80,343.73,1450.80,343.73,,0,24.21,149.93,1,fingertip
216634.7245,0,1450.80,343.73,1450.80,343.73,,0,10.30,135.73,1,fingertip
216634.7578,0,1450.80,343.73,1450.80,343.73,,0,19.60,148.48,1,fingertip
216634.7912,0,1450.80,343.73,1450.80,343.73,,0,16.46,141.94,1,fingertip
216634.8245,0,1450.80,343.73,1450.80,343.73,,0,17.64,143.94,1,fingertip
216634.8579,0,1450.80,343.73,1450.80,343.73,,0,21.57,146.48,1,fingertip
216634.8912,0,1450.80,343.73,1450.80,343.73,,0,16.09,144.04,1,fingertip
216634.9246,0,1450.80,343.73,1450.80,343.73,,0,29.77,153.53,1,fingertip
216634.9579,0,1450.80,343.73,1450.80,343.73,,0,14.41,141.68,1,fingertip
216634.9913,0,1450.80,343.73,1450.80,343.73,,0,24.49,150.30,1,fingertip
216635.0246,0,1450.80,343.73,1450.80,343.73,,0,13.75,138.23,1,fingertip
216635.0580,0,1450.80,343.73,1450.80,343.73,,0,24.68,150.04,1,fingertip
216635.0913,0,1450.80,343.73,1450.80,343.73,,0,10.33,136.45,1,fingertip
216635.1247,0,1450.80,343.73,1450.80,343.73,,0,27.98,150.40,1,fingertip
216635.1580,0,1450.80,343.73,1450.80,343.73,,0,13.83,138.24,1,fingertip
216635.1914,0,1450.80,343.73,1450.80,343.73,,0,28.20,150.59,1,fingertip
216635.2247,0,1450.80,343.73,1450.80,343.73,,0,13.12,137.43,1,fingertip
216635.2581,0,1450.80,343.73,1450.80,343.73,,0,29.42,152.10,1,fingertip
216635.2914,0,1450.80,343.73,1450.80,343.73,,0,9.04,134.20,1,fingertip
216635.3248,0,1450.80,343.73,1450.80,343.73,,0,25.83,148.38,1,fingertip
216635.3581,0,1450.80,343.73,1450.80,343.73,,0,16.57,138.72,1,fingertip
216635.3915,0,1450.80,343.73,1450.80,343.73,,0,25.18,152.34,1,fingertip
216635.4248,0,1450.80,343.73,1450.80,343.73,,0,11.99,135.29,1,fingertip
216635.4582,0,1450.80,343.73,1450.80,343.73,,0,21.57,148.65,1,fingertip
216635.4915,0,1450.80,343.73,1450.80,343.73,,0,18.12,138.72,1,fingertip
216635.5249,0,1450.80,343.73,1450.80,343.73,,0,24.01,146.62,1,fingertip
216635.5582,0,1450.80,343.73,1450.80,343.73,,0,29.37,150.93,1,fingertip
216635.5916,0,1450.80,343.73,1450.80,343.73,,0,11.23,135.54,1,fingertip
216635.6249,0,1450.80,343.73,1450.80,343.73,,0,25.69,147.79,1,fingertip
216635.6583,0,1450.80,343.73,1450.80,343.73,,0,9.39,134.84,1,fingertip
216635.6916,0,1450.80,343.73,1450.80,343.73,,0,23.81,148.31,1,fingertip
216635.7250,0,1450.80,343.73,1450.80,343.73,,0,10.12,138.34,1,fingertip
216635.7583,0,1450.80,343.73,1450.80,343.73,,0,22.75,149.76,1,fingertip
216635.7917,0,1450.80,343.73,1450.80,343.73,,0,13.59,143.67,1,fingertip
216635.8250,0,1450.80,343.73,1450.80,343.73,,0,17.14,145.64,1,fingertip
216635.8584,0,1450.80,343.73,1450.80,343.73,,0,13.46,143.76,1,fingertip
216635.8917,0,1450.80,343.73,1450.80,343.73,,0,18.16,145.92,1,fingertip
216635.9251,0,1450.80,343.73,1450.80,343.73,,0,13.86,145.10,1,fingertip
216635.9584,0,1450.80,343.73,1450.80,343.73,,0,20.85,148.95,1,fingertip
216635.9918,0,1450.80,343.73,1450.80,343.73,,0,10.67,142.18,1,fingertip
216636.0251,0,1450.80,343.73,1450.80,343.73,,0,12.29,142.58,1,fingertip
216636.0585,0,1450.80,343.73,1450.80,343.73,,0,15.67,145.43,1,fingertip
216636.0918,0,1450.80,343.73,1450.80,343.73,,0,9.73,141.90,1,fingertip
216636.1252,0,1450.80,343.73,1450.80,343.73,,0,13.98,144.09,1,fingertip
216636.1585,0,1450.80,343.73,1450.80,343.73,,0,13.89,147.13,1,fingertip
216636.1919,0,1450.80,343.73,1450.80,343.73,,0,14.10,145.55,1,fingertip
216636.2252,0,1450.80,343.73,1450.80,343.73,,0,10.00,145.31,1,fingertip
216636.2586,0,1450.80,343.73,1450.80,343.73,,0,13.16,143.32,1,fingertip
216636.2919,0,1450.80,343.73,1450.80,343.73,,0,15.31,146.19,1,fingertip
216636.3253,0,1450.80,343.73,1450.80,343.73,,0,18.05,148.60,1,fingertip
216636.3586,0,1450.80,343.73,1450.80,343.73,,0,14.64,146.77,1,fingertip
216636.3920,0,1450.80,343.73,1450.80,343.73,,0,12.11,150.13,1,fingertip
216636.4253,0,1450.80,343.73,1450.80,343.73,,0,21.83,162.25,1,fingertip
216636.4587,0,1450.80,343.73,1450.80,343.73,,0,11.16,140.18,1,fingertip
216636.4920,0,1450.80,343.73,1450.80,343.73,,0,9.14,137.40,1,fingertip
216636.5254,0,1450.80,343.73,1450.80,343.73,,0,9.70,140.94,1,fingertip
216636.5587,0,1450.80,343.73,1450.80,343.73,,0,13.30,137.34,1,fingertip
216636.5921,0,1450.80,343.73,1450.80,343.73,,0,16.83,141.35,1,fingertip
216636.6254,0,1450.80,343.73,1450.80,343.73,,0,21.52,142.86,1,fingertip
216636.6588,0,1450.80,343.73,1450.80,343.73,,0,24.18,145.25,1,fingertip
216636.6921,0,1450.80,343.73,1450.80,343.73,,0,16.91,140.59,1,fingertip
216636.7255,0,1450.80,343.73,1450.80,343.73,,0,24.81,144.13,1,fingertip
216636.7588,0,1450.80,343.73,1450.80,343.73,,0,16.43,139.17,1,fingertip
216636.7922,0,1450.80,343.73,1450.80,343.73,,0,22.97,144.29,1,fingertip
216636.8255,0,1450.80,343.73,1450.80,343.73,,0,16.23,139.45,1,fingertip
216636.8589,0,1450.80,343.73,1450.80,343.73,,0,18.92,141.61,1,fingertip
216636.8922,0,1450.80,343.73,1450.80,343.73,,0,14.44,139.07,1,fingertip
216636.9256,0,1450.80,343.73,1450.80,343.73,,0,17.63,142.03,1,fingertip
216636.9589,0,1450.80,343.73,1450.80,343.73,,0,13.24,137.60,1,fingertip
216636.9923,0,1450.80,343.73,1450.80,343.73,,0,14.90,141.62,1,fingertip
216637.0256,0,1450.80,343.73,1450.80,343.73,,0,16.14,137.92,1,fingertip
216637.0590,0,1450.80,343.73,1450.80,343.73,,0,20.15,141.28,1,fingertip
216637.0923,0,1450.80,343.73,1450.80,343.73,,0,14.11,138.74,1,fingertip
216637.1257,0,1450.80,343.73,1450.80,343.73,,0,19.67,141.56,1,fingertip
216637.1590,0,1450.80,343.73,1450.80,343.73,,0,15.94,140.99,1,fingertip
216637.1924,0,1450.80,343.73,1450.80,343.73,,0,24.04,145.56,1,fingertip
216637.2257,0,1450.80,343.73,1450.80,343.73,,0,11.38,136.48,1,fingertip
216637.2591,0,1450.80,343.73,1450.80,343.73,,0,29.13,153.04,1,fingertip
216637.2924,0,1450.80,343.73,1450.80,343.73,,0,12.02,137.82,1,fingertip
216637.3258,0,1450.80,343.73,1450.80,343.73,,0,20.92,144.59,1,fingertip
216637.3591,0,1450.80,343.73,1450.80,343.73,,0,21.04,145.27,1,fingertip
216637.3925,0,1450.80,343.73,1450.80,343.73,,0,27.99,153.49,1,fingertip
216637.4258,0,1450.80,343.73,1450.80,343.73,,0,11.28,135.83,1,fingertip
216637.4592,0,1450.80,343.73,1450.80,343.73,,0,25.90,154.43,1,fingertip
216637.4925,0,1450.80,343.73,1450.80,343.73,,0,10.25,136.37,1,fingertip
216637.5259,0,1450.80,343.73,1450.80,343.73,,0,16.53,144.65,1,fingertip
216637.5592,0,1450.80,343.73,1450.80,343.73,,0,13.18,141.05,1,fingertip
216637.5926,0,1450.80,343.73,1450.80,343.73,,0,23.07,146.87,1,fingertip
216637.6259,0,1450.80,343.73,1450.80,343.73,,0,13.62,140.80,1,fingertip
216637.6593,0,1450.80,343.73,1450.80,343.73,,0,25.39,150.26,1,fingertip
216637.6926,0,1450.80,343.73,1450.80,343.73,,0,12.39,140.31,1,fingertip
216637.7260,0,1450.80,343.73,1450.80,343.73,,0,21.66,147.03,1,fingertip
216637.7593,0,1450.80,343.73,1450.80,343.73,,0,9.32,138.58,1,fingertip
216637.7927,0,1450.80,343.73,1450.80,343.73,,0,17.71,144.83,1,fingertip
216637.8260,0,1450.80,343.73,1450.80,343.73,,0,14.13,144.44,1,fingertip
216637.8594,0,1450.80,343.73,1450.80,343.73,,0,15.87,144.94,1,fingertip
216637.8927,0,1450.80,343.73,1450.80,343.73,,0,9.32,142.21,1,fingertip
216637.9261,0,1450.80,343.73,1450.80,343.73,,0,11.53,139.63,1,fingertip
216637.9594,0,1450.80,343.73,1450.80,343.73,,0,16.47,147.75,1,fingertip
216637.9928,0,1450.80,343.73,1450.80,343.73,,0,15.22,144.64,1,fingertip
216638.0261,0,1450.80,343.73,1450.80,343.73,,0,13.26,146.24,1,fingertip
216638.0595,0,1450.80,343.73,1450.80,343.73,,0,10.04,138.91,1,fingertip
216638.0928,0,1450.80,343.73,1450.80,343.73,,0,11.97,145.25,1,fingertip
216638.1262,0,1450.80,343.73,1450.80,343.73,,0,13.82,144.93,1,fingertip
216638.1595,0,1450.80,343.73,1450.80,343.73,,0,12.68,145.58,1,fingertip
216638.1929,0,1450.80,343.73,1450.80,343.73,,0,11.80,144.28,1,fingertip
216638.2262,0,1450.80,343.73,1450.80,343.73,,0,9.28,142.53,1,fingertip
216638.2596,0,1450.80,343.73,1450.80,343.73,,0,11.74,144.70,1,fingertip
216638.2929,0,1450.80,343.73,1450.80,343.73,,0,11.15,146.58,1,fingertip
216638.3263,0,1450.80,343.73,1450.80,343.73,,0,13.16,148.37,1,fingertip
216638.3596,0,1450.80,343.73,1450.80,343.73,,0,13.47,149.75,1,fingertip
216638.3930,0,1450.80,343.73,1450.80,343.73,,0,17.79,152.96,1,fingertip
216638.4263,0,1450.80,343.73,1450.80,343.73,,0,12.29,149.72,1,fingertip
216638.4597,0,1450.80,343.73,1450.80,343.73,,0,12.40,148.53,1,fingertip
216638.4930,0,1450.80,343.73,1450.80,343.73,,0,13.03,150.86,1,fingertip
216638.5264,0,1450.80,343.73,1450.80,343.73,,0,14.97,153.21,1,fingertip
216638.5597,0,1450.80,343.73,1450.80,343.73,,0,12.93,148.42,1,fingertip
216638.5931,0,1450.80,343.73,1450.80,343.73,,0,8.03,145.77,1,fingertip
216638.6264,0,1450.80,343.73,1450.80,343.73,,0,12.81,145.84,1,fingertip
216638.6598,0,1450.80,343.73,1450.80,343.73,,0,12.76,147.76,1,fingertip
216638.6931,0,1450.80,343.73,1450.80,343.73,,0,17.96,150.87,1,fingertip
216638.7265,0,1450.80,343.73,1450.80,343.73,,0,14.15,150.82,1,fingertip
216638.7598,0,1450.80,343.73,1450.80,343.73,,0,10.02,142.97,1,fingertip
216638.7932,0,1450.80,343.73,1450.80,343.73,,0,13.40,149.79,1,fingertip
216638.8265,0,1450.80,343.73,1450.80,343.73,,0,17.66,152.78,1,fingertip
216638.8599,0,1450.80,343.73,1450.80,343.73,,0,13.20,151.81,1,fingertip
216638.8932,0,1450.80,343.73,1450.80,343.73,,0,13.00,154.09,1,fingertip
216638.9266,0,1450.80,343.73,1450.80,343.73,,0,12.93,147.79,1,fingertip
216638.9599,0,1450.80,343.73,1450.80,343.73,,0,12.86,151.09,1,fingertip
216638.9933,0,1450.80,343.73,1450.80,343.73,,0,12.95,149.27,1,fingertip
216639.0266,0,1450.80,343.73,1450.80,343.73,,0,12.81,150.07,1,fingertip
216639.0600,0,1450.80,343.73,1450.80,343.73,,0,12.77,149.65,1,fingertip
216639.0933,0,1450.80,343.73,1450.80,343.73,,0,16.93,155.93,1,fingertip
216639.1267,0,1450.80,343.73,1450.80,343.73,,0,14.84,152.40,1,fingertip
216639.1600,0,1450.80,343.73,1450.80,343.73,,0,12.60,153.80,1,fingertip
216639.1934,0,1450.80,343.73,1450.80,343.73,,0,15.29,155.57,1,fingertip
216639.2267,0,1450.80,343.73,1450.80,343.73,,0,27.59,150.06,1,fingertip
216639.2601,0,1450.80,343.73,1450.80,343.73,,0,23.95,140.84,1,fingertip
216639.2934,0,1450.80,343.73,1450.80,343.73,,0,10.25,121.33,1,fingertip
216639.3268,0,1450.80,343.73,1450.80,343.73,,0,27.46,140.93,1,fingertip
216639.3601,0,1450.80,343.73,1450.80,343.73,,0,13.60,121.50,1,fingertip
216639.3935,0,1450.80,343.73,1450.80,343.73,,0,12.17,123.41,1,fingertip
216639.4268,0,1450.80,343.73,1450.80,343.73,,0,15.53,124.56,1,fingertip
216639.4602,0,1450.80,343.73,1450.80,343.73,,0,29.48,140.48,1,fingertip
216639.4935,0,1450.80,343.73,1450.80,343.73,,0,34.76,144.33,1,fingertip
216639.5269,0,1450.80,343.73,1450.80,343.73,,0,7.37,120.63,1,fingertip
216639.5602,0,1450.80,343.73,1450.80,343.73,,0,13.25,122.86,1,fingertip
216639.5936,0,1450.80,343.73,1450.80,343.73,,0,31.82,142.44,1,fingertip
216639.6269,0,1450.80,343.73,1450.80,343.73,,0,26.52,140.20,1,fingertip
216639.6603,0,1450.80,343.73,1450.80,343.73,,0,11.38,120.75,1,fingertip
216639.6936,0,1450.80,343.73,1450.80,343.73,,0,9.92,120.45,1,fingertip
216639.7270,0,1450.80,343.73,1450.80,343.73,,0,32.05,142.63,1,fingertip
216639.7603,0,1450.80,343.73,1450.80,343.73,,0,10.13,119.73,1,fingertip
216639.7937,0,1450.80,343.73,1450.80,343.73,,0,13.79,122.75,1,fingertip
216639.8270,0,1450.80,343.73,1450.80,343.73,,0,13.76,123.14,1,fingertip
216639.8604,0,1450.80,343.73,1450.80,343.73,,0,12.88,119.18,1,fingertip
216639.8937,0,1450.80,343.73,1450.80,343.73,,0,31.79,141.68,1,fingertip
216639.9271,0,1450.80,343.73,1450.80,343.73,,0,10.19,118.71,1,fingertip
216639.9604,0,1450.80,343.73,1450.80,343.73,,0,16.27,123.27,1,fingertip
216639.9938,0,1450.80,343.73,1450.80,343.73,,0,11.94,114.26,1,fingertip
216640.0271,0,1450.80,343.73,1450.80,343.73,,0,12.49,114.49,1,fingertip
216640.0605,0,1450.80,343.73,1450.80,343.73,,0,12.97,118.40,1,fingertip
216640.0938,0,1450.80,343.73,1450.80,343.73,,0,13.89,118.01,1,fingertip
216640.1272,0,1450.80,343.73,1450.80,343.73,,0,12.20,119.28,1,fingertip
216640.1605,0,1450.80,343.73,1450.80,343.73,,0,13.28,119.40,1,fingertip
216640.1939,0,1450.80,343.73,1450.80,343.73,,0,12.85,121.67,1,fingertip
216640.2272,0,1450.80,343.73,1450.80,343.73,,0,14.74,121.98,1,fingertip
216640.2606,0,1450.80,343.73,1450.80,343.73,,0,31.95,142.37,1,fingertip
216640.2939,0,1450.80,343.73,1450.80,343.73,,0,11.92,121.63,1,fingertip
216640.3273,0,1450.80,343.73,1450.80,343.73,,0,31.76,145.76,1,fingertip
216640.3606,0,1450.80,343.73,1450.80,343.73,,0,9.58,122.18,1,fingertip
216640.3940,0,1450.80,343.73,1450.80,343.73,,0,14.35,125.12,1,fingertip
216640.4273,0,1450.80,343.73,1450.80,343.73,,0,13.72,122.80,1,fingertip
216640.4607,0,1450.80,343.73,1450.80,343.73,,0,12.18,123.67,1,fingertip
216640.4940,0,1450.80,343.73,1450.80,343.73,,0,12.71,122.88,1,fingertip
216640.5274,0,1450.80,343.73,1450.80,343.73,,0,26.11,139.38,1,fingertip
216640.5607,0,1450.80,343.73,1450.80,343.73,,0,11.37,118.63,1,fingertip
216640.5941,0,1450.80,343.73,1450.80,343.73,,0,9.56,120.98,1,fingertip
216640.6274,0,1450.80,343.73,1450.80,343.73,,0,15.41,120.24,1,fingertip
216640.6608,0,1450.80,343.73,1450.80,343.73,,0,15.93,123.42,1,fingertip
216640.6941,0,1450.80,343.73,1450.80,343.73,,0,11.01,114.54,1,fingertip
216640.7275,0,1450.80,343.73,1450.80,343.73,,0,14.63,123.42,1,fingertip
216640.7608,0,1450.80,343.73,1450.80,343.73,,0,11.30,116.12,1,fingertip
216640.7942,0,1450.80,343.73,1450.80,343.73,,0,17.04,123.62,1,fingertip
216640.8275,0,1450.80,343.73,1450.80,343.73,,0,24.79,138.91,1,fingertip
216640.8609,0,1450.80,343.73,1450.80,343.73,,0,20.13,140.32,1,fingertip
216640.8942,0,1450.80,343.73,1450.80,343.73,,0,32.84,147.82,1,fingertip
216640.9276,0,1450.80,343.73,1450.80,343.73,,0,30.07,148.41,1,fingertip
216640.9609,0,1450.80,343.73,1450.80,343.73,,0,27.31,142.65,1,fingertip
216640.9943,0,1450.80,343.73,1450.80,343.73,,0,32.51,146.41,1,fingertip
216641.0276,0,1450.80,343.73,1450.80,343.73,,0,13.28,126.54,1,fingertip
216641.0610,0,1450.80,343.73,1450.80,343.73,,0,26.28,142.35,1,fingertip
216641.0943,0,1450.80,343.73,1450.80,343.73,,0,13.47,123.55,1,fingertip
216641.1277,0,1450.80,343.73,1450.80,343.73,,0,12.33,122.06,1,fingertip
216641.1610,0,1450.80,343.73,1450.80,343.73,,0,27.87,140.75,1,fingertip
216641.1944,0,1450.80,343.73,1450.80,343.73,,0,9.47,121.02,1,fingertip
216641.2277,0,1450.80,343.73,1450.80,343.73,,0,27.61,141.25,1,fingertip
216641.2611,0,1450.80,343.73,1450.80,343.73,,0,11.45,123.13,1,fingertip
216641.2944,0,1450.80,343.73,1450.80,343.73,,0,27.68,142.75,1,fingertip
216641.3278,0,1450.80,343.73,1450.80,343.73,,0,11.68,122.17,1,fingertip
216641.3611,0,1450.80,343.73,1450.80,343.73,,0,29.16,141.28,1,fingertip
216641.3945,0,1450.80,343.73,1450.80,343.73,,0,11.18,120.91,1,fingertip
216641.4278,0,1450.80,343.73,1450.80,343.73,,0,13.17,122.96,1,fingertip
216641.4612,0,1450.80,343.73,1450.80,343.73,,0,25.24,136.57,1,fingertip
216641.4945,0,1450.80,343.73,1450.80,343.73,,0,9.59,119.16,1,fingertip
216641.5279,0,1450.80,343.73,1450.80,343.73,,0,27.60,140.48,1,fingertip
216641.5612,0,1450.80,343.73,1450.80,343.73,,0,10.78,120.51,1,fingertip
216641.5946,0,1450.80,343.73,1450.80,343.73,,0,12.04,121.61,1,fingertip
216641.6279,0,1450.80,343.73,1450.80,343.73,,0,28.29,140.92,1,fingertip
216641.6613,0,1450.80,343.73,1450.80,343.73,,0,8.97,120.67,1,fingertip
216641.6946,0,1450.80,343.73,1450.80,343.73,,0,14.08,124.22,1,fingertip
216641.7280,0,1450.80,343.73,1450.80,343.73,,0,29.57,143.24,1,fingertip
216641.7613,0,1450.80,343.73,1450.80,343.73,,0,11.05,122.39,1,fingertip
216641.7947,0,1450.80,343.73,1450.80,343.73,,0,31.77,144.68,1,fingertip
216641.8280,0,1450.80,343.73,1450.80,343.73,,0,10.31,121.85,1,fingertip
216641.8614,0,1450.80,343.73,1450.80,343.73,,0,31.71,144.26,1,fingertip
216641.8947,0,1450.80,343.73,1450.80,343.73,,0,12.30,123.41,1,fingertip
216641.9281,0,1450.80,343.73,1450.80,343.73,,0,26.53,144.81,1,fingertip
216641.9614,0,1450.80,343.73,1450.80,343.73,,0,23.81,135.38,1,fingertip
216641.9948,0,1450.80,343.73,1450.80,343.73,,0,9.97,119.22,1,fingertip
216642.0281,0,1450.80,343.73,1450.80,343.73,,0,11.46,118.79,1,fingertip
216642.0615,0,1450.80,343.73,1450.80,343.73,,0,14.99,122.97,1,fingertip
216642.0948,0,1450.80,343.73,1450.80,343.73,,0,11.60,120.77,1,fingertip
216642.1282,0,1450.80,343.73,1450.80,343.73,,0,11.57,118.35,1,fingertip
216642.1615,0,1450.80,343.73,1450.80,343.73,,0,12.26,121.78,1,fingertip
216642.1949,0,1450.80,343.73,1450.80,343.73,,0,10.69,118.81,1,fingertip
216642.2282,0,1450.80,343.73,1450.80,343.73,,0,11.18,119.37,1,fingertip
216642.2616,0,1450.80,343.73,1450.80,343.73,,0,15.25,125.18,1,fingertip
216642.2949,0,1450.80,343.73,1450.80,343.73,,0,10.52,118.00,1,fingertip
216642.3283,0,1450.80,343.73,1450.80,343.73,,0,13.69,124.89,1,fingertip
216642.3616,0,1450.80,343.73,1450.80,343.73,,0,13.89,119.68,1,fingertip
216642.3950,0,1450.80,343.73,1450.80,343.73,,0,13.71,122.53,1,fingertip
216642.4283,0,1450.80,343.73,1450.80,343.73,,0,21.63,127.65,1,fingertip
216642.4617,0,1450.80,343.73,1450.80,343.73,,0,9.93,114.90,1,fingertip
216642.4950,0,1450.80,343.73,1450.80,343.73,,0,12.36,120.53,1,fingertip
216642.5284,0,1450.80,343.73,1450.80,343.73,,0,23.39,125.85,1,fingertip
216642.5617,0,1450.80,343.73,1450.80,343.73,,0,17.84,121.67,1,fingertip
216642.5951,0,1450.80,343.73,1450.80,343.73,,0,22.72,125.51,1,fingertip
216642.6284,1,0.00,445.52,0.00,445.52,1.561,0,20.33,122.18,1,fingertip
216642.6618,0,0.00,445.52,0.00,445.52,,0,19.79,124.87,1,fingertip
216642.6951,1,0.00,425.70,0.00,431.73,0.812,0,37.11,139.80,1,fingertip
216642.7285,0,0.00,431.73,0.00,431.73,,0,21.80,128.49,1,fingertip
216642.7618,0,0.00,431.73,0.00,431.73,,0,19.00,124.74,1,fingertip
216642.7952,1,0.00,380.51,0.00,390.34,0.762,0,23.24,126.42,1,fingertip
216642.8285,0,0.00,390.34,0.00,390.34,,0,30.46,135.56,1,fingertip
216642.8619,0,0.00,390.34,0.00,390.34,,0,20.33,123.84,1,fingertip
216642.8952,0,0.00,390.34,0.00,390.34,,0,15.24,122.53,1,fingertip
216642.9286,0,0.00,390.34,0.00,390.34,,0,19.17,125.01,1,fingertip
216642.9619,0,0.00,390.34,0.00,390.34,,0,25.19,134.71,1,fingertip
216642.9953,0,0.00,390.34,0.00,390.34,,0,21.71,127.63,1,fingertip
216643.0286,0,0.00,390.34,0.00,390.34,,0,16.89,123.90,1,fingertip
216643.0620,0,0.00,390.34,0.00,390.34,,0,26.69,134.53,1,fingertip
216643.0953,0,0.00,390.34,0.00,390.34,,0,21.87,126.92,1,fingertip
216643.1287,0,0.00,390.34,0.00,390.34,,0,18.96,122.68,1,fingertip
216643.1620,0,0.00,390.34,0.00,390.34,,0,21.55,126.94,1,fingertip
216643.1954,0,0.00,390.34,0.00,390.34,,0,21.82,126.82,1,fingertip
216643.2287,0,0.00,390.34,0.00,390.34,,0,18.11,122.64,1,fingertip
216643.2621,0,0.00,390.34,0.00,390.34,,0,17.76,123.42,1,fingertip
216643.2954,0,0.00,390.34,0.00,390.34,,0,16.64,123.02,1,fingertip
216643.3288,0,0.00,390.34,0.00,390.34,,0,16.86,120.95,1,fingertip
216643.3621,0,0.00,390.34,0.00,390.34,,0,18.06,125.91,1,fingertip
216643.3955,0,0.00,390.34,0.00,390.34,,0,19.60,120.84,1,fingertip
216643.4288,0,0.00,390.34,0.00,390.34,,0,23.25,128.27,1,fingertip
216643.4622,0,0.00,390.34,0.00,390.34,,0,24.33,127.26,1,fingertip
216643.4955,1,0.00,982.00,0.00,982.00,0.905,0,21.05,127.23,1,fingertip
216643.5289,0,0.00,982.00,0.00,982.00,,0,22.08,126.69,1,fingertip
216643.5622,0,0.00,982.00,0.00,982.00,,0,28.07,136.28,1,fingertip
216643.5956,0,0.00,982.00,0.00,982.00,,0,18.64,124.52,1,fingertip
216643.6289,0,0.00,982.00,0.00,982.00,,0,20.35,128.20,1,fingertip
216643.6623,0,0.00,982.00,0.00,982.00,,0,30.35,137.06,1,fingertip
216643.6956,0,0.00,982.00,0.00,982.00,,0,14.47,123.47,1,fingertip
216643.7290,0,0.00,982.00,0.00,982.00,,0,13.97,122.11,1,fingertip
216643.7623,0,0.00,982.00,0.00,982.00,,0,32.43,146.36,1,fingertip
216643.7957,0,0.00,982.00,0.00,982.00,,0,11.08,124.29,1,fingertip
216643.8290,0,0.00,982.00,0.00,982.00,,0,36.95,148.32,1,fingertip
216643.8624,0,0.00,982.00,0.00,982.00,,0,25.59,140.74,1,fingertip
216643.8957,0,0.00,982.00,0.00,982.00,,0,14.16,123.58,1,fingertip
216643.9291,0,0.00,982.00,0.00,982.00,,0,14.78,120.63,1,fingertip
216643.9624,0,0.00,982.00,0.00,982.00,,0,13.59,121.82,1,fingertip
216643.9958,0,0.00,982.00,0.00,982.00,,0,11.50,118.81,1,fingertip
216644.0291,0,0.00,982.00,0.00,982.00,,0,10.92,121.97,1,fingertip
216644.0625,0,0.00,982.00,0.00,982.00,,0,13.06,122.05,1,fingertip
216644.0958,0,0.00,982.00,0.00,982.00,,0,15.08,125.56,1,fingertip
216644.1292,0,0.00,982.00,0.00,982.00,,0,31.86,140.47,1,fingertip
216644.1625,0,0.00,982.00,0.00,982.00,,0,9.60,118.74,1,fingertip
216644.1959,0,0.00,982.00,0.00,982.00,,0,13.06,122.98,1,fingertip
216644.2292,0,0.00,982.00,0.00,982.00,,0,13.70,121.38,1,fingertip
216644.2626,0,0.00,982.00,0.00,982.00,,0,31.04,140.55,1,fingertip
216644.2959,0,0.00,982.00,0.00,982.00,,0,12.08,119.51,1,fingertip
216644.3293,0,0.00,982.00,0.00,982.00,,0,15.31,124.65,1,fingertip
216644.3626,0,0.00,982.00,0.00,982.00,,0,12.91,120.05,1,fingertip
216644.3960,0,0.00,982.00,0.00,982.00,,0,11.69,120.25,1,fingertip
216644.4293,0,0.00,982.00,0.00,982.00,,0,14.40,120.01,1,fingertip
216644.4627,0,0.00,982.00,0.00,982.00,,0,15.37,124.90,1,fingertip
216644.4960,0,0.00,982.00,0.00,982.00,,0,16.43,123.56,1,fingertip
216644.5294,0,0.00,982.00,0.00,982.00,,0,9.99,117.31,1,fingertip
216644.5627,0,0.00,982.00,0.00,982.00,,0,13.07,121.59,1,fingertip
216644.5961,0,0.00,982.00,0.00,982.00,,0,14.89,120.95,1,fingertip
216644.6294,0,0.00,982.00,0.00,982.00,,0,31.93,141.07,1,fingertip
216644.6628,0,0.00,982.00,0.00,982.00,,0,7.45,115.27,1,fingertip
216644.6961,0,0.00,982.00,0.00,982.00,,0,12.46,122.01,1,fingertip
216644.7295,0,0.00,982.00,0.00,982.00,,0,11.26,117.54,1,fingertip
216644.7628,0,0.00,982.00,0.00,982.00,,0,13.70,124.40,1,fingertip
216644.7962,0,0.00,982.00,0.00,982.00,,0,12.62,121.06,1,fingertip
216644.8295,0,0.00,982.00,0.00,982.00,,0,27.72,147.51,1,fingertip
216644.8629,0,0.00,982.00,0.00,982.00,,0,7.22,121.49,1,fingertip
216644.8962,0,0.00,982.00,0.00,982.00,,0,28.38,141.73,1,fingertip
216644.9296,0,0.00,982.00,0.00,982.00,,0,8.74,117.74,1,fingertip
216644.9629,0,0.00,982.00,0.00,982.00,,0,29.61,142.44,1,fingertip
216644.9963,0,0.00,982.00,0.00,982.00,,0,10.85,120.90,1,fingertip
216645.0296,0,0.00,982.00,0.00,982.00,,0,12.00,122.01,1,fingertip
216645.0630,0,0.00,982.00,0.00,982.00,,0,10.12,122.12,1,fingertip
216645.0963,0,0.00,982.00,0.00,982.00,,0,10.69,122.40,1,fingertip
216645.1297,0,0.00,982.00,0.00,982.00,,0,26.00,141.46,1,fingertip
216645.1630,0,0.00,982.00,0.00,982.00,,0,27.34,140.30,1,fingertip
216645.1964,0,0.00,982.00,0.00,982.00,,0,36.45,152.29,1,fingertip
216645.2297,0,0.00,982.00,0.00,982.00,,0,22.41,141.56,1,fingertip
216645.2631,0,0.00,982.00,0.00,982.00,,0,30.51,143.55,1,fingertip
216645.2964,0,0.00,982.00,0.00,982.00,,0,27.03,143.83,1,fingertip
216645.3298,0,0.00,982.00,0.00,982.00,,0,13.22,124.51,1,fingertip
216645.3631,0,0.00,982.00,0.00,982.00,,0,35.01,150.04,1,fingertip
216645.3965,0,0.00,982.00,0.00,982.00,,0,24.54,141.44,1,fingertip
216645.4298,0,0.00,982.00,0.00,982.00,,0,34.25,149.61,1,fingertip
216645.4632,0,0.00,982.00,0.00,982.00,,0,21.41,137.87,1,fingertip
216645.4965,0,0.00,982.00,0.00,982.00,,0,32.29,147.26,1,fingertip
216645.5299,0,0.00,982.00,0.00,982.00,,0,22.66,136.77,1,fingertip
216645.5632,0,0.00,982.00,0.00,982.00,,0,26.54,138.96,1,fingertip
216645.5966,0,0.00,982.00,0.00,982.00,,0,9.54,119.49,1,fingertip
216645.6299,0,0.00,982.00,0.00,982.00,,0,13.22,123.65,1,fingertip
216645.6633,0,0.00,982.00,0.00,982.00,,0,33.18,146.58,1,fingertip
216645.6966,0,0.00,982.00,0.00,982.00,,0,9.74,123.18,1,fingertip
216645.7300,0,0.00,982.00,0.00,982.00,,0,13.18,119.69,1,fingertip
216645.7633,0,0.00,982.00,0.00,982.00,,0,15.13,124.95,1,fingertip
216645.7967,0,0.00,982.00,0.00,982.00,,0,15.39,123.97,1,fingertip
216645.8300,0,0.00,982.00,0.00,982.00,,0,28.96,137.53,1,fingertip
216645.8634,0,0.00,982.00,0.00,982.00,,0,16.10,124.76,1,fingertip
216645.8967,0,0.00,982.00,0.00,982.00,,0,12.54,117.33,1,fingertip
216645.9301,0,0.00,982.00,0.00,982.00,,0,31.17,142.36,1,fingertip
216645.9634,0,0.00,982.00,0.00,982.00,,0,9.31,118.50,1,fingertip
216645.9968,0,0.00,982.00,0.00,982.00,,0,13.52,119.80,1,fingertip
216646.0301,0,0.00,982.00,0.00,982.00,,0,12.44,116.89,1,fingertip
216646.0635,0,0.00,982.00,0.00,982.00,,0,8.56,112.69,1,fingertip
216646.0968,0,0.00,982.00,0.00,982.00,,0,6.37,110.17,1,fingertip
216646.1302,0,0.00,982.00,0.00,982.00,,0,15.53,119.64,1,fingertip
216646.1635,0,0.00,982.00,0.00,982.00,,0,10.37,116.30,1,fingertip
216646.1969,0,0.00,982.00,0.00,982.00,,0,13.87,118.18,1,fingertip
216646.2302,0,0.00,982.00,0.00,982.00,,0,12.81,115.25,1,fingertip
216646.2636,0,0.00,982.00,0.00,982.00,,0,12.91,118.28,1,fingertip
216646.2969,0,0.00,982.00,0.00,982.00,,0,12.21,113.05,1,fingertip
216646.3303,0,0.00,982.00,0.00,982.00,,0,8.70,110.68,1,fingertip
216646.3636,0,0.00,982.00,0.00,982.00,,0,13.57,115.67,1,fingertip
216646.3970,0,0.00,982.00,0.00,982.00,,0,8.31,111.34,1,fingertip
216646.4303,0,0.00,982.00,0.00,982.00,,0,14.20,118.35,1,fingertip
216646.4637,0,0.00,982.00,0.00,982.00,,0,14.01,113.25,1,fingertip
216646.4970,0,0.00,982.00,0.00,982.00,,0,15.04,116.74,1,fingertip
216646.5304,0,0.00,982.00,0.00,982.00,,0,11.74,108.26,1,fingertip
216646.5637,0,0.00,982.00,0.00,982.00,,0,17.66,118.64,1,fingertip
216646.5971,0,0.00,982.00,0.00,982.00,,0,12.95,108.47,1,fingertip
216646.6304,0,0.00,982.00,0.00,982.00,,0,25.95,120.96,1,fingertip
216646.6638,0,0.00,982.00,0.00,982.00,,0,12.23,110.94,1,fingertip
216646.6971,0,0.00,982.00,0.00,982.00,,0,16.48,113.95,1,fingertip
216646.7305,0,0.00,982.00,0.00,982.00,,0,12.83,114.00,1,fingertip
216646.7638,0,0.00,982.00,0.00,982.00,,0,18.07,118.53,1,fingertip
216646.7972,0,0.00,982.00,0.00,982.00,,0,15.29,119.01,1,fingertip
216646.8305,0,0.00,982.00,0.00,982.00,,0,13.63,115.78,1,fingertip
216646.8639,0,0.00,982.00,0.00,982.00,,0,10.13,113.69,1,fingertip
216646.8972,0,0.00,982.00,0.00,982.00,,0,13.74,115.80,1,fingertip
216646.9306,0,0.00,982.00,0.00,982.00,,0,10.24,117.93,1,fingertip
216646.9639,0,0.00,982.00,0.00,982.00,,0,13.93,118.83,1,fingertip
216646.9973,0,0.00,982.00,0.00,982.00,,0,12.64,118.48,1,fingertip
216647.0306,0,0.00,982.00,0.00,982.00,,0,13.28,116.75,1,fingertip
216647.0640,0,0.00,982.00,0.00,982.00,,0,14.24,117.80,1,fingertip
216647.0973,0,0.00,982.00,0.00,982.00,,0,12.58,115.90,1,fingertip
216647.1307,0,0.00,982.00,0.00,982.00,,0,10.24,115.77,1,fingertip
216647.1640,0,0.00,982.00,0.00,982.00,,0,8.07,109.71,1,fingertip
216647.1974,0,0.00,982.00,0.00,982.00,,0,12.47,114.26,1,fingertip
216647.2307,0,0.00,982.00,0.00,982.00,,0,9.42,108.94,1,fingertip
216647.2641,0,0.00,982.00,0.00,982.00,,0,12.38,114.95,1,fingertip
216647.2974,0,0.00,982.00,0.00,982.00,,0,14.47,114.04,1,fingertip
216647.3308,0,0.00,982.00,0.00,982.00,,0,12.64,115.18,1,fingertip
216647.3641,0,0.00,982.00,0.00,982.00,,0,11.73,111.10,1,fingertip
216647.3975,0,0.00,982.00,0.00,982.00,,0,8.60,109.06,1,fingertip
216647.4308,0,0.00,982.00,0.00,982.00,,0,26.68,126.16,1,fingertip
216647.4642,0,0.00,982.00,0.00,982.00,,0,11.59,113.55,1,fingertip
216647.4975,0,0.00,982.00,0.00,982.00,,0,12.29,111.79,1,fingertip
216647.5309,0,0.00,982.00,0.00,982.00,,0,12.42,115.03,1,fingertip
216647.5642,0,0.00,982.00,0.00,982.00,,0,11.24,109.97,1,fingertip
216647.5976,0,0.00,982.00,0.00,982.00,,0,9.42,109.71,1,fingertip
216647.6309,0,0.00,982.00,0.00,982.00,,0,12.27,112.40,1,fingertip
216647.6643,0,0.00,982.00,0.00,982.00,,0,9.64,108.09,1,fingertip
216647.6976,0,0.00,982.00,0.00,982.00,,0,9.99,110.93,1,fingertip
216647.7310,0,0.00,982.00,0.00,982.00,,0,14.14,114.72,1,fingertip
216647.7643,0,0.00,982.00,0.00,982.00,,0,11.55,113.98,1,fingertip
216647.7977,0,0.00,982.00,0.00,982.00,,0,13.54,116.25,1,fingertip
216647.8310,0,0.00,982.00,0.00,982.00,,0,11.91,112.95,1,fingertip
216647.8644,0,0.00,982.00,0.00,982.00,,0,14.99,116.62,1,fingertip
216647.8977,0,0.00,982.00,0.00,982.00,,0,11.69,112.93,1,fingertip
216647.9311,0,0.00,982.00,0.00,982.00,,0,8.13,113.12,1,fingertip
216647.9644,0,0.00,982.00,0.00,982.00,,0,14.93,117.13,1,fingertip
216647.9978,0,0.00,982.00,0.00,982.00,,0,13.79,119.49,1,fingertip
216648.0311,0,0.00,982.00,0.00,982.00,,0,12.93,116.96,1,fingertip
216648.0645,0,0.00,982.00,0.00,982.00,,0,9.11,114.93,1,fingertip
216648.0978,0,0.00,982.00,0.00,982.00,,0,12.61,114.75,1,fingertip
216648.1312,0,0.00,982.00,0.00,982.00,,0,8.99,114.04,1,fingertip
216648.1645,0,0.00,982.00,0.00,982.00,,0,13.17,115.38,1,fingertip
216648.1979,0,0.00,982.00,0.00,982.00,,0,14.06,119.35,1,fingertip
216648.2312,0,0.00,982.00,0.00,982.00,,0,13.58,115.55,1,fingertip
216648.2646,0,0.00,982.00,0.00,982.00,,0,14.32,122.45,1,fingertip
216648.2979,0,0.00,982.00,0.00,982.00,,0,23.07,126.16,1,fingertip
216648.3313,0,0.00,982.00,0.00,982.00,,0,10.43,112.47,1,fingertip
216648.3646,0,0.00,982.00,0.00,982.00,,0,10.78,116.57,1,fingertip
216648.3980,0,0.00,982.00,0.00,982.00,,0,8.25,111.78,1,fingertip
216648.4313,0,0.00,982.00,0.00,982.00,,0,15.15,122.45,1,fingertip
216648.4647,0,0.00,982.00,0.00,982.00,,0,12.39,117.45,1,fingertip
216648.4980,0,0.00,982.00,0.00,982.00,,0,13.13,119.76,1,fingertip
216648.5314,0,0.00,982.00,0.00,982.00,,0,12.72,118.75,1,fingertip
216648.5647,0,0.00,982.00,0.00,982.00,,0,11.68,119.61,1,fingertip
216648.5981,0,0.00,982.00,0.00,982.00,,0,18.32,125.96,1,fingertip
216648.6314,0,0.00,982.00,0.00,982.00,,0,18.02,124.52,1,fingertip
216648.6648,0,0.00,982.00,0.00,982.00,,0,36.96,147.17,1,fingertip
216648.6981,0,0.00,982.00,0.00,982.00,,0,33.47,147.49,1,fingertip
216648.7315,1,1512.00,0.00,1512.00,0.00,0.301,0,30.73,145.06,1,fingertip
216648.7648,0,1512.00,0.00,1512.00,0.00,,0,17.52,129.42,1,fingertip
216648.7982,0,1512.00,0.00,1512.00,0.00,,0,19.90,128.93,1,fingertip
216648.8315,0,1512.00,0.00,1512.00,0.00,,0,13.92,120.84,1,fingertip
216648.8649,0,1512.00,0.00,1512.00,0.00,,0,13.20,121.66,1,fingertip
216648.8982,0,1512.00,0.00,1512.00,0.00,,0,37.84,146.99,1,fingertip
216648.9316,0,1512.00,0.00,1512.00,0.00,,0,23.18,137.02,1,fingertip
216648.9649,0,1512.00,0.00,1512.00,0.00,,0,16.07,124.36,1,fingertip
216648.9983,0,1512.00,0.00,1512.00,0.00,,0,14.81,124.10,1,fingertip
216649.0316,0,1512.00,0.00,1512.00,0.00,,0,15.24,123.45,1,fingertip
216649.0650,0,1512.00,0.00,1512.00,0.00,,0,31.30,139.97,1,fingertip
216649.0983,0,1512.00,0.00,1512.00,0.00,,0,6.86,114.35,1,fingertip
216649.1317,0,1512.00,0.00,1512.00,0.00,,0,13.67,121.83,1,fingertip
216649.1650,0,1512.00,0.00,1512.00,0.00,,0,14.84,123.74,1,fingertip
216649.1984,0,1512.00,0.00,1512.00,0.00,,0,9.49,114.17,1,fingertip
216649.2317,0,1512.00,0.00,1512.00,0.00,,0,14.75,123.64,1,fingertip
216649.2651,0,1512.00,0.00,1512.00,0.00,,0,12.27,114.51,1,fingertip
216649.2984,0,1512.00,0.00,1512.00,0.00,,0,13.39,119.11,1,fingertip
216649.3318,0,1512.00,0.00,1512.00,0.00,,0,14.35,118.81,1,fingertip
216649.3651,0,1512.00,0.00,1512.00,0.00,,0,13.50,118.70,1,fingertip
216649.3985,0,1512.00,0.00,1512.00,0.00,,0,14.13,118.38,1,fingertip
216649.4318,0,1512.00,0.00,1512.00,0.00,,0,15.20,122.00,1,fingertip
216649.4652,0,1512.00,0.00,1512.00,0.00,,0,14.47,121.02,1,fingertip
216649.4985,0,1512.00,0.00,1512.00,0.00,,0,13.07,119.30,1,fingertip
216649.5319,0,1512.00,0.00,1512.00,0.00,,0,12.73,119.69,1,fingertip
216649.5652,0,1512.00,0.00,1512.00,0.00,,0,12.53,121.60,1,fingertip
216649.5986,0,1512.00,0.00,1512.00,0.00,,0,13.54,117.77,1,fingertip
216649.6319,0,1512.00,0.00,1512.00,0.00,,0,15.12,123.96,1,fingertip
216649.6653,0,1512.00,0.00,1512.00,0.00,,0,12.37,118.11,1,fingertip
216649.6986,0,1512.00,0.00,1512.00,0.00,,0,13.15,119.53,1,fingertip
216649.7320,0,1512.00,0.00,1512.00,0.00,,0,9.04,116.85,1,fingertip
216649.7653,0,1512.00,0.00,1512.00,0.00,,0,30.88,141.56,1,fingertip
216649.7987,0,1512.00,0.00,1512.00,0.00,,0,10.41,119.46,1,fingertip
216649.8320,0,1512.00,0.00,1512.00,0.00,,0,11.96,122.28,1,fingertip
216649.8654,0,1512.00,0.00,1512.00,0.00,,0,10.14,116.55,1,fingertip
216649.8987,0,1512.00,0.00,1512.00,0.00,,0,14.65,122.78,1,fingertip
216649.9321,0,1512.00,0.00,1512.00,0.00,,0,10.18,119.04,1,fingertip
216649.9654,0,1512.00,0.00,1512.00,0.00,,0,13.09,118.01,1,fingertip
216649.9988,0,1512.00,0.00,1512.00,0.00,,0,12.83,119.26,1,fingertip
216650.0321,0,1512.00,0.00,1512.00,0.00,,0,14.34,120.30,1,fingertip
216650.0655,0,1512.00,0.00,1512.00,0.00,,0,14.50,121.42,1,fingertip
216650.0988,0,1512.00,0.00,1512.00,0.00,,0,12.94,119.88,1,fingertip
216650.1322,0,1512.00,0.00,1512.00,0.00,,0,15.62,123.63,1,fingertip
216650.1655,0,1512.00,0.00,1512.00,0.00,,0,13.45,122.12,1,fingertip
216650.1989,0,1512.00,0.00,1512.00,0.00,,0,14.02,115.27,1,fingertip
216650.2322,0,1512.00,0.00,1512.00,0.00,,0,12.74,117.80,1,fingertip
216650.2656,0,1512.00,0.00,1512.00,0.00,,0,13.14,114.86,1,fingertip
216650.2989,0,1512.00,0.00,1512.00,0.00,,0,13.85,116.58,1,fingertip
216650.3323,0,1512.00,0.00,1512.00,0.00,,0,12.34,112.29,1,fingertip
216650.3656,0,1512.00,0.00,1512.00,0.00,,0,13.15,116.85,1,fingertip
216650.3990,0,1512.00,0.00,1512.00,0.00,,0,12.53,111.32,1,fingertip
216650.4323,0,1512.00,0.00,1512.00,0.00,,0,12.65,115.19,1,fingertip
216650.4657,0,1512.00,0.00,1512.00,0.00,,0,14.58,112.12,1,fingertip
216650.4990,0,1512.00,0.00,1512.00,0.00,,0,13.40,113.17,1,fingertip
216650.5324,0,1512.00,0.00,1512.00,0.00,,0,13.57,108.83,1,fingertip
216650.5657,0,1512.00,0.00,1512.00,0.00,,0,14.50,113.58,1,fingertip
216650.5991,0,1512.00,0.00,1512.00,0.00,,0,12.13,105.67,1,fingertip
216650.6324,0,1512.00,0.00,1512.00,0.00,,0,22.67,115.79,1,fingertip
216650.6658,0,1512.00,0.00,1512.00,0.00,,0,11.85,109.17,1,fingertip
216650.6991,0,1512.00,0.00,1512.00,0.00,,0,18.14,111.49,1,fingertip
216650.7325,0,1512.00,0.00,1512.00,0.00,,0,16.30,113.38,1,fingertip
216650.7658,0,1512.00,0.00,1512.00,0.00,,0,17.36,108.54,1,fingertip
216650.7992,0,1512.00,0.00,1512.00,0.00,,0,20.60,113.51,1,fingertip
216650.8325,0,1512.00,0.00,1512.00,0.00,,0,12.73,104.10,1,fingertip
216650.8659,0,1512.00,0.00,1512.00,0.00,,0,18.56,112.01,1,fingertip
216650.8992,0,1512.00,0.00,1512.00,0.00,,0,22.08,115.06,1,fingertip
216650.9326,0,1512.00,0.00,1512.00,0.00,,0,8.77,102.69,1,fingertip
216650.9659,0,1512.00,0.00,1512.00,0.00,,0,23.99,116.42,1,fingertip
216650.9993,0,1512.00,0.00,1512.00,0.00,,0,13.24,108.69,1,fingertip
216651.0326,0,1512.00,0.00,1512.00,0.00,,0,26.61,116.24,1,fingertip
216651.0660,0,1512.00,0.00,1512.00,0.00,,0,13.71,105.89,1,fingertip
216651.0993,0,1512.00,0.00,1512.00,0.00,,0,22.31,109.85,1,fingertip
216651.1327,0,1512.00,0.00,1512.00,0.00,,0,27.26,118.90,1,fingertip
216651.1660,0,1512.00,0.00,1512.00,0.00,,0,12.52,101.60,1,fingertip
216651.1994,0,1512.00,0.00,1512.00,0.00,,0,21.16,114.78,1,fingertip
216651.2327,0,1512.00,0.00,1512.00,0.00,,0,21.95,112.80,1,fingertip
216651.2661,0,1512.00,0.00,1512.00,0.00,,0,19.74,110.51,1,fingertip
216651.2994,0,1512.00,0.00,1512.00,0.00,,0,20.87,113.34,1,fingertip
216651.3328,0,1512.00,0.00,1512.00,0.00,,0,16.66,107.08,1,fingertip
216651.3661,0,1512.00,0.00,1512.00,0.00,,0,17.95,111.10,1,fingertip
216651.3995,0,1512.00,0.00,1512.00,0.00,,0,18.73,107.56,1,fingertip
216651.4328,0,1512.00,0.00,1512.00,0.00,,0,20.24,111.37,1,fingertip
216651.4662,0,1512.00,0.00,1512.00,0.00,,0,12.17,102.63,1,fingertip
216651.4995,0,1512.00,0.00,1512.00,0.00,,0,20.56,112.18,1,fingertip
216651.5329,0,1512.00,0.00,1512.00,0.00,,0,14.20,106.58,1,fingertip
216651.5662,0,1512.00,0.00,1512.00,0.00,,0,20.98,110.74,1,fingertip
216651.5996,0,1512.00,0.00,1512.00,0.00,,0,16.15,104.48,1,fingertip
216651.6329,0,1512.00,0.00,1512.00,0.00,,0,23.88,111.10,1,fingertip
216651.6663,0,1512.00,0.00,1512.00,0.00,,0,25.92,112.07,1,fingertip
216651.6996,0,1512.00,0.00,1512.00,0.00,,0,17.09,103.26,1,fingertip
216651.7330,0,1512.00,0.00,1512.00,0.00,,0,26.72,110.80,1,fingertip
216651.7663,0,1512.00,0.00,1512.00,0.00,,0,21.34,108.18,1,fingertip
216651.7997,0,1512.00,0.00,1512.00,0.00,,0,30.71,113.70,1,fingertip
216651.8330,0,1512.00,0.00,1512.00,0.00,,0,26.38,111.35,1,fingertip
216651.8664,0,1512.00,0.00,1512.00,0.00,,0,30.14,113.50,1,fingertip
216651.8997,0,1512.00,0.00,1512.00,0.00,,0,20.10,107.74,1,fingertip
216651.9331,0,1512.00,0.00,1512.00,0.00,,0,30.51,116.02,1,fingertip
216651.9664,0,1512.00,0.00,1512.00,0.00,,0,13.73,102.30,1,fingertip
216651.9998,0,1512.00,0.00,1512.00,0.00,,0,14.65,98.22,1,fingertip
216652.0331,0,1512.00,0.00,1512.00,0.00,,0,13.39,100.68,1,fingertip
216652.0665,0,1512.00,0.00,1512.00,0.00,,0,26.40,106.76,1,fingertip
216652.0998,0,1512.00,0.00,1512.00,0.00,,0,9.15,89.33,1,fingertip
216652.1332,0,1512.00,0.00,1512.00,0.00,,0,27.44,109.76,1,fingertip
216652.1665,0,1512.00,0.00,1512.00,0.00,,0,21.26,103.36,1,fingertip
216652.1999,0,1512.00,0.00,1512.00,0.00,,0,25.96,109.19,1,fingertip
216652.2332,0,1512.00,0.00,1512.00,0.00,,0,24.28,106.56,1,fingertip
216652.2666,0,1512.00,0.00,1512.00,0.00,,0,30.32,114.99,1,fingertip
216652.2999,0,1512.00,0.00,1512.00,0.00,,0,27.59,110.45,1,fingertip
216652.3333,0,1512.00,0.00,1512.00,0.00,,0,26.41,112.28,1,fingertip
216652.3666,0,1512.00,0.00,1512.00,0.00,,0,9.72,88.76,1,fingertip
216652.4000,0,1512.00,0.00,1512.00,0.00,,0,28.89,111.76,1,fingertip
216652.4333,0,1512.00,0.00,1512.00,0.00,,0,22.42,103.24,1,fingertip
216652.4667,0,1512.00,0.00,1512.00,0.00,,0,31.37,116.13,1,fingertip
216652.5000,0,1512.00,0.00,1512.00,0.00,,0,22.17,105.19,1,fingertip
216652.5334,0,1512.00,0.00,1512.00,0.00,,0,31.49,112.84,1,fingertip
216652.5667,0,1512.00,0.00,1512.00,0.00,,0,21.04,102.33,1,fingertip
216652.6001,0,1512.00,0.00,1512.00,0.00,,0,33.61,116.23,1,fingertip
216652.6334,0,1512.00,0.00,1512.00,0.00,,0,10.34,93.47,1,fingertip
216652.6668,0,1512.00,0.00,1512.00,0.00,,0,15.81,92.82,1,fingertip
216652.7001,0,1512.00,0.00,1512.00,0.00,,0,10.54,88.99,1,fingertip
216652.7335,0,1512.00,0.00,1512.00,0.00,,0,27.68,107.05,1,fingertip
216652.7668,0,1512.00,0.00,1512.00,0.00,,0,21.13,96.29,1,fingertip
216652.8002,0,1512.00,0.00,1512.00,0.00,,0,23.51,103.42,1,fingertip
216652.8335,0,1512.00,0.00,1512.00,0.00,,0,15.62,91.03,1,fingertip
216652.8669,0,1512.00,0.00,1512.00,0.00,,0,12.19,87.77,1,fingertip
216652.9002,0,1512.00,0.00,1512.00,0.00,,0,33.16,109.04,1,fingertip
216652.9336,0,1512.00,0.00,1512.00,0.00,,0,10.07,86.06,1,fingertip
216652.9669,0,1512.00,0.00,1512.00,0.00,,0,9.32,83.43,1,fingertip
216653.0003,0,1512.00,0.00,1512.00,0.00,,0,13.39,81.59,1,fingertip
216653.0336,0,1512.00,0.00,1512.00,0.00,,0,10.01,81.55,1,fingertip
216653.0670,0,1512.00,0.00,1512.00,0.00,,0,11.95,76.53,1,fingertip
216653.1003,0,1512.00,0.00,1512.00,0.00,,0,12.44,80.31,1,fingertip
216653.1337,0,1512.00,0.00,1512.00,0.00,,0,14.25,77.06,1,fingertip
216653.1670,0,1512.00,0.00,1512.00,0.00,,0,17.90,81.07,1,fingertip
216653.2004,0,1512.00,0.00,1512.00,0.00,,0,11.05,71.67,1,fingertip
216653.2337,0,1512.00,0.00,1512.00,0.00,,0,17.37,79.79,1,fingertip
216653.2671,0,1512.00,0.00,1512.00,0.00,,0,14.59,71.83,1,fingertip
216653.3004,0,1512.00,0.00,1512.00,0.00,,0,27.32,85.78,1,fingertip
216653.3338,0,1512.00,0.00,1512.00,0.00,,0,11.55,69.21,1,fingertip
216653.3671,0,1512.00,0.00,1512.00,0.00,,0,24.50,82.30,1,fingertip
216653.4005,0,1512.00,0.00,1512.00,0.00,,0,14.49,68.60,1,fingertip
216653.4338,0,1512.00,0.00,1512.00,0.00,,0,28.69,82.20,1,fingertip
216653.4672,0,1512.00,0.00,1512.00,0.00,,0,14.30,69.13,1,fingertip
216653.5005,0,1512.00,0.00,1512.00,0.00,,0,24.92,79.75,1,fingertip
216653.5339,0,1512.00,0.00,1512.00,0.00,,0,29.15,85.16,1,fingertip
216653.5672,0,1512.00,0.00,1512.00,0.00,,0,10.47,70.05,1,fingertip
216653.6006,0,1512.00,0.00,1512.00,0.00,,0,19.00,81.44,1,fingertip
216653.6339,0,1512.00,0.00,1512.00,0.00,,0,23.70,81.40,1,fingertip
216653.6673,0,1512.00,0.00,1512.00,0.00,,0,17.68,75.30,1,fingertip
216653.7006,0,1512.00,0.00,1512.00,0.00,,0,28.89,88.02,1,fingertip
216653.7340,0,1512.00,0.00,1512.00,0.00,,0,11.16,72.00,1,fingertip
216653.7673,0,1512.00,0.00,1512.00,0.00,,0,20.01,83.49,1,fingertip
216653.8007,0,1512.00,0.00,1512.00,0.00,,0,14.37,72.01,1,fingertip
216653.8340,0,1512.00,0.00,1512.00,0.00,,0,22.76,81.19,1,fingertip
216653.8674,0,1512.00,0.00,1512.00,0.00,,0,15.80,70.73,1,fingertip
216653.9007,0,1512.00,0.00,1512.00,0.00,,0,29.95,84.61,1,fingertip
216653.9341,0,1512.00,0.00,1512.00,0.00,,0,15.40,73.61,1,fingertip
216653.9674,0,1512.00,0.00,1512.00,0.00,,0,14.32,75.46,1,fingertip
216654.0008,0,1512.00,0.00,1512.00,0.00,,0,41.94,100.03,1,fingertip
216654.0341,0,1512.00,0.00,1512.00,0.00,,0,9.07,75.90,1,fingertip
216654.0675,0,1512.00,0.00,1512.00,0.00,,0,12.42,76.33,1,fingertip
216654.1008,0,1512.00,0.00,1512.00,0.00,,0,9.00,74.62,1,fingertip
216654.1342,0,1512.00,0.00,1512.00,0.00,,0,15.39,77.96,1,fingertip
216654.1675,0,1512.00,0.00,1512.00,0.00,,0,12.41,74.98,1,fingertip
216654.2009,0,1512.00,0.00,1512.00,0.00,,0,12.28,77.00,1,fingertip
216654.2342,0,1512.00,0.00,1512.00,0.00,,0,18.22,78.81,1,fingertip
216654.2676,0,1512.00,0.00,1512.00,0.00,,0,16.00,76.83,1,fingertip
216654.3009,0,1512.00,0.00,1512.00,0.00,,0,22.99,82.23,1,fingertip
216654.3343,0,1512.00,0.00,1512.00,0.00,,0,10.37,68.90,1,fingertip
216654.3676,0,1512.00,0.00,1512.00,0.00,,0,22.81,82.34,1,fingertip
216654.4010,0,1512.00,0.00,1512.00,0.00,,0,11.33,73.74,1,fingertip
216654.4343,0,1512.00,0.00,1512.00,0.00,,0,15.03,79.74,1,fingertip
216654.4677,0,1512.00,0.00,1512.00,0.00,,0,17.66,78.14,1,fingertip
216654.5010,0,1512.00,0.00,1512.00,0.00,,0,13.85,74.62,1,fingertip
216654.5344,0,1512.00,0.00,1512.00,0.00,,0,18.84,77.76,1,fingertip
216654.5677,0,1512.00,0.00,1512.00,0.00,,0,21.75,80.78,1,fingertip
216654.6011,0,1512.00,0.00,1512.00,0.00,,0,22.06,78.23,1,fingertip
216654.6344,0,1512.00,0.00,1512.00,0.00,,0,25.87,81.97,1,fingertip
216654.6678,0,1512.00,0.00,1512.00,0.00,,0,30.15,85.99,1,fingertip
216654.7011,0,1512.00,0.00,1512.00,0.00,,0,9.00,67.62,1,fingertip
216654.7345,0,1512.00,0.00,1512.00,0.00,,0,22.47,80.47,1,fingertip
216654.7678,0,1512.00,0.00,1512.00,0.00,,0,15.54,74.03,1,fingertip
216654.8012,0,1512.00,0.00,1512.00,0.00,,0,21.40,77.30,1,fingertip
216654.8345,0,1512.00,0.00,1512.00,0.00,,0,18.70,74.50,1,fingertip
216654.8679,0,1512.00,0.00,1512.00,0.00,,0,25.78,82.48,1,fingertip
216654.9012,0,1512.00,0.00,1512.00,0.00,,0,14.48,68.40,1,fingertip
216654.9346,0,1512.00,0.00,1512.00,0.00,,0,24.77,80.30,1,fingertip
216654.9679,0,1512.00,0.00,1512.00,0.00,,0,32.36,85.68,1,fingertip
216655.0013,0,1512.00,0.00,1512.00,0.00,,0,9.49,69.60,1,fingertip
216655.0346,0,1512.00,0.00,1512.00,0.00,,0,20.03,81.64,1,fingertip
216655.0680,0,1512.00,0.00,1512.00,0.00,,0,11.84,69.09,1,fingertip
216655.1013,0,1512.00,0.00,1512.00,0.00,,0,25.98,81.92,1,fingertip
216655.1347,0,1512.00,0.00,1512.00,0.00,,0,14.26,68.61,1,fingertip
216655.1680,0,1512.00,0.00,1512.00,0.00,,0,28.40,83.44,1,fingertip
216655.2014,0,1512.00,0.00,1512.00,0.00,,0,25.40,81.79,1,fingertip
216655.2347,0,1512.00,0.00,1512.00,0.00,,0,15.39,75.42,1,fingertip
216655.2681,0,1512.00,0.00,1512.00,0.00,,0,19.64,78.43,1,fingertip
216655.3014,0,1512.00,0.00,1512.00,0.00,,0,15.68,74.48,1,fingertip
216655.3348,0,1512.00,0.00,1512.00,0.00,,0,27.95,89.33,1,fingertip
216655.3681,0,1512.00,0.00,1512.00,0.00,,0,12.34,74.86,1,fingertip
216655.4015,0,1512.00,0.00,1512.00,0.00,,0,19.39,84.78,1,fingertip
216655.4348,0,1512.00,0.00,1512.00,0.00,,0,8.04,67.96,1,fingertip
216655.4682,0,1512.00,0.00,1512.00,0.00,,0,22.07,81.87,1,fingertip
216655.5015,0,1512.00,0.00,1512.00,0.00,,0,13.91,72.49,1,fingertip
216655.5349,0,1512.00,0.00,1512.00,0.00,,0,25.36,83.29,1,fingertip
216655.5682,0,1512.00,0.00,1512.00,0.00,,0,20.86,77.59,1,fingertip
216655.6016,0,1512.00,0.00,1512.00,0.00,,0,17.47,74.11,1,fingertip
216655.6349,0,1512.00,0.00,1512.00,0.00,,0,22.18,77.36,1,fingertip
216655.6683,0,1512.00,0.00,1512.00,0.00,,0,19.90,74.47,1,fingertip
216655.7016,0,1512.00,0.00,1512.00,0.00,,0,23.87,77.51,1,fingertip
216655.7350,0,1512.00,0.00,1512.00,0.00,,0,21.88,74.65,1,fingertip
216655.7683,0,1512.00,0.00,1512.00,0.00,,0,26.24,77.65,1,fingertip
216655.8017,0,1512.00,0.00,1512.00,0.00,,0,29.49,79.88,1,fingertip
216655.8350,0,1512.00,0.00,1512.00,0.00,,0,17.33,71.75,1,fingertip
216655.8684,0,1512.00,0.00,1512.00,0.00,,0,13.67,88.16,1,fingertip
216655.9017,0,1512.00,0.00,1512.00,0.00,,0,13.93,87.13,1,fingertip
216655.9351,0,1512.00,0.00,1512.00,0.00,,0,12.31,85.88,1,fingertip
216655.9684,0,1512.00,0.00,1512.00,0.00,,0,14.40,88.08,1,fingertip
216656.0018,0,1512.00,0.00,1512.00,0.00,,0,15.77,85.11,1,fingertip
216656.0351,0,1512.00,0.00,1512.00,0.00,,0,13.05,84.62,1,fingertip
216656.0685,0,1512.00,0.00,1512.00,0.00,,0,12.68,79.09,1,fingertip
216656.1018,0,1512.00,0.00,1512.00,0.00,,0,12.58,84.74,1,fingertip
216656.1352,0,1512.00,0.00,1512.00,0.00,,0,21.82,98.37,1,fingertip
216656.1685,0,1512.00,0.00,1512.00,0.00,,0,12.62,85.67,1,fingertip
216656.2019,0,1512.00,0.00,1512.00,0.00,,0,14.53,88.75,1,fingertip
216656.2352,0,1512.00,0.00,1512.00,0.00,,0,13.95,88.52,1,fingertip
216656.2686,0,1512.00,0.00,1512.00,0.00,,0,12.55,82.48,1,fingertip
216656.3019,0,1512.00,0.00,1512.00,0.00,,0,12.13,84.92,1,fingertip
216656.3353,0,1512.00,0.00,1512.00,0.00,,0,12.69,82.48,1,fingertip
216656.3686,0,1512.00,0.00,1512.00,0.00,,0,11.76,82.95,1,fingertip
216656.4020,0,1512.00,0.00,1512.00,0.00,,0,18.75,87.90,1,fingertip
216656.4353,0,1512.00,0.00,1512.00,0.00,,0,18.12,91.15,1,fingertip
216656.4687,0,1512.00,0.00,1512.00,0.00,,0,15.29,87.89,1,fingertip
216656.5020,0,1512.00,0.00,1512.00,0.00,,0,14.25,90.82,1,fingertip
216656.5354,0,1512.00,0.00,1512.00,0.00,,0,27.27,105.54,1,fingertip
216656.5687,0,1512.00,0.00,1512.00,0.00,,0,11.15,90.02,1,fingertip
216656.6021,0,1512.00,0.00,1512.00,0.00,,0,9.59,88.73,1,fingertip
216656.6354,0,1512.00,0.00,1512.00,0.00,,0,12.91,85.62,1,fingertip
216656.6688,0,1512.00,0.00,1512.00,0.00,,0,13.21,86.27,1,fingertip
216656.7021,0,1512.00,0.00,1512.00,0.00,,0,14.91,86.96,1,fingertip
216656.7355,0,1512.00,0.00,1512.00,0.00,,0,16.02,89.84,1,fingertip
216656.7688,0,1512.00,0.00,1512.00,0.00,,0,13.40,83.33,1,fingertip
216656.8022,0,1512.00,0.00,1512.00,0.00,,0,11.77,80.91,1,fingertip
216656.8355,0,1512.00,0.00,1512.00,0.00,,0,13.98,83.75,1,fingertip
216656.8689,0,1512.00,0.00,1512.00,0.00,,0,13.48,83.04,1,fingertip
216656.9022,0,1512.00,0.00,1512.00,0.00,,0,15.93,86.55,1,fingertip
216656.9356,0,1512.00,0.00,1512.00,0.00,,0,8.75,75.36,1,fingertip
216656.9689,0,1512.00,0.00,1512.00,0.00,,0,12.47,79.40,1,fingertip
216657.0023,0,1512.00,0.00,1512.00,0.00,,0,14.45,78.82,1,fingertip
216657.0356,0,1512.00,0.00,1512.00,0.00,,0,14.92,77.34,1,fingertip
216657.0690,0,1512.00,0.00,1512.00,0.00,,0,12.59,77.20,1,fingertip
216657.1023,0,1512.00,0.00,1512.00,0.00,,0,13.91,74.92,1,fingertip
216657.1357,0,1512.00,0.00,1512.00,0.00,,0,16.00,76.16,1,fingertip
216657.1690,0,1512.00,0.00,1512.00,0.00,,0,12.44,73.75,1,fingertip
216657.2024,0,1512.00,0.00,1512.00,0.00,,0,18.89,76.20,1,fingertip
216657.2357,0,1512.00,0.00,1512.00,0.00,,0,16.01,74.21,1,fingertip
216657.2691,0,1512.00,0.00,1512.00,0.00,,0,23.84,79.11,1,fingertip
216657.3024,0,1512.00,0.00,1512.00,0.00,,0,16.79,71.33,1,fingertip
216657.3358,0,1512.00,0.00,1512.00,0.00,,0,30.18,83.99,1,fingertip
216657.3691,0,1512.00,0.00,1512.00,0.00,,0,19.47,135.31,1,fingertip
216657.4025,0,1512.00,0.00,1512.00,0.00,,0,24.65,144.17,1,fingertip
216657.4358,0,1512.00,0.00,1512.00,0.00,,0,27.74,141.94,1,fingertip
216657.4692,0,1512.00,0.00,1512.00,0.00,,0,13.38,131.62,1,fingertip
216657.5025,0,1512.00,0.00,1512.00,0.00,,0,25.23,141.59,1,fingertip
216657.5359,0,1512.00,0.00,1512.00,0.00,,0,15.20,136.47,1,fingertip
216657.5692,0,1512.00,0.00,1512.00,0.00,,0,31.63,145.90,1,fingertip
216657.6026,0,1512.00,0.00,1512.00,0.00,,0,34.30,152.29,1,fingertip
216657.6359,0,1512.00,0.00,1512.00,0.00,,0,18.51,137.66,1,fingertip
216657.6693,0,1512.00,0.00,1512.00,0.00,,0,28.48,147.51,1,fingertip
216657.7026,0,1512.00,0.00,1512.00,0.00,,0,28.86,146.71,1,fingertip
216657.7360,0,1512.00,0.00,1512.00,0.00,,0,33.75,153.26,1,fingertip
216657.7693,0,1512.00,0.00,1512.00,0.00,,0,15.48,135.59,1,fingertip
216657.8027,0,1512.00,0.00,1512.00,0.00,,0,25.68,147.00,1,fingertip
216657.8360,0,1512.00,0.00,1512.00,0.00,,0,27.71,147.70,1,fingertip
216657.8694,0,1512.00,0.00,1512.00,0.00,,0,15.48,134.71,1,fingertip
216657.9027,0,1512.00,0.00,1512.00,0.00,,0,21.59,145.28,1,fingertip
216657.9361,0,1512.00,0.00,1512.00,0.00,,0,28.07,147.10,1,fingertip
216657.9694,0,1512.00,0.00,1512.00,0.00,,0,20.26,142.60,1,fingertip
216658.0028,0,1512.00,0.00,1512.00,0.00,,0,34.72,153.92,1,fingertip
216658.0361,0,1512.00,0.00,1512.00,0.00,,0,20.41,141.44,1,fingertip
216658.0695,0,1512.00,0.00,1512.00,0.00,,0,25.02,144.32,1,fingertip
216658.1028,0,1512.00,0.00,1512.00,0.00,,0,34.77,161.11,1,fingertip
216658.1362,1,1480.91,982.00,1480.91,982.00,1.057,0,19.73,147.68,1,fingertip
216658.1695,0,1480.91,982.00,1480.91,982.00,,0,30.93,150.00,1,fingertip
216658.2029,0,1480.91,982.00,1480.91,982.00,,0,38.01,157.02,1,fingertip
216658.2362,1,1489.21,982.00,1485.76,982.00,1.201,0,17.40,141.27,1,fingertip
216658.2696,0,1485.76,982.00,1485.76,982.00,,0,27.75,148.30,1,fingertip
216658.3029,0,1485.76,982.00,1485.76,982.00,,0,26.41,143.20,1,fingertip
216658.3363,0,1485.76,982.00,1485.76,982.00,,0,28.33,145.78,1,fingertip
216658.3696,0,1485.76,982.00,1485.76,982.00,,0,23.84,142.89,1,fingertip
216658.4030,0,1485.76,982.00,1485.76,982.00,,0,29.07,144.04,1,fingertip
216658.4363,0,1485.76,982.00,1485.76,982.00,,0,27.36,146.66,1,fingertip
216658.4697,0,1485.76,982.00,1485.76,982.00,,0,31.59,148.32,1,fingertip
216658.5030,0,1485.76,982.00,1485.76,982.00,,0,36.72,157.61,1,fingertip
216658.5364,0,1485.76,982.00,1485.76,982.00,,0,12.43,136.79,1,fingertip
216658.5697,0,1485.76,982.00,1485.76,982.00,,0,28.92,150.89,1,fingertip
216658.6031,0,1485.76,982.00,1485.76,982.00,,0,22.02,141.33,1,fingertip
216658.6364,0,1485.76,982.00,1485.76,982.00,,0,27.12,150.11,1,fingertip
216658.6698,0,1485.76,982.00,1485.76,982.00,,0,17.77,136.90,1,fingertip
216658.7031,0,1485.76,982.00,1485.76,982.00,,0,30.97,151.48,1,fingertip
216658.7365,0,1485.76,982.00,1485.76,982.00,,0,22.33,141.47,1,fingertip
216658.7698,0,1485.76,982.00,1485.76,982.00,,0,34.66,157.12,1,fingertip
216658.8032,0,1485.76,982.00,1485.76,982.00,,0,25.50,149.49,1,fingertip
216658.8365,0,1485.76,982.00,1485.76,982.00,,0,38.36,156.87,1,fingertip
216658.8699,0,1485.76,982.00,1485.76,982.00,,0,18.38,142.11,1,fingertip
216658.9032,0,1485.76,982.00,1485.76,982.00,,0,36.12,156.02,1,fingertip
216658.9366,0,1485.76,982.00,1485.76,982.00,,0,20.06,142.97,1,fingertip
216658.9699,0,1485.76,982.00,1485.76,982.00,,0,38.89,158.62,1,fingertip
216659.0033,0,1485.76,982.00,1485.76,982.00,,0,17.34,142.83,1,fingertip
216659.0366,0,1485.76,982.00,1485.76,982.00,,0,38.76,156.97,1,fingertip
216659.0700,0,1485.76,982.00,1485.76,982.00,,0,19.72,143.73,1,fingertip
216659.1033,0,1485.76,982.00,1485.76,982.00,,0,31.86,152.94,1,fingertip
216659.1367,0,1485.76,982.00,1485.76,982.00,,0,25.22,144.99,1,fingertip
216659.1700,0,1485.76,982.00,1485.76,982.00,,0,37.08,155.60,1,fingertip
216659.2034,0,1485.76,982.00,1485.76,982.00,,0,20.30,142.66,1,fingertip
216659.2367,0,1485.76,982.00,1485.76,982.00,,0,33.73,154.76,1,fingertip
216659.2701,0,1485.76,982.00,1485.76,982.00,,0,31.23,152.84,1,fingertip
216659.3034,0,1485.76,982.00,1485.76,982.00,,0,25.87,146.28,1,fingertip
216659.3368,0,1485.76,982.00,1485.76,982.00,,0,30.14,149.63,1,fingertip
216659.3701,0,1485.76,982.00,1485.76,982.00,,0,29.17,151.90,1,fingertip
216659.4035,0,1485.76,982.00,1485.76,982.00,,0,32.25,152.60,1,fingertip
216659.4368,0,1485.76,982.00,1485.76,982.00,,0,32.54,153.29,1,fingertip
216659.4702,1,181.06,982.00,181.06,982.00,0.618,0,31.72,154.15,1,fingertip
216659.5035,0,181.06,982.00,181.06,982.00,,0,24.38,145.45,1,fingertip
216659.5369,0,181.06,982.00,181.06,982.00,,0,31.33,157.92,1,fingertip
216659.5702,0,181.06,982.00,181.06,982.00,,0,19.23,144.01,1,fingertip
216659.6036,1,88.29,982.00,97.06,982.00,1.176,0,33.25,153.05,1,fingertip
216659.6369,0,97.06,982.00,97.06,982.00,,0,24.41,144.32,1,fingertip
216659.6703,0,97.06,982.00,97.06,982.00,,0,30.32,153.89,1,fingertip
216659.7036,0,97.06,982.00,97.06,982.00,,0,34.14,154.87,1,fingertip
216659.7370,0,97.06,982.00,97.06,982.00,,0,34.99,157.71,1,fingertip
216659.7703,0,97.06,982.00,97.06,982.00,,0,20.28,144.85,1,fingertip
216659.8037,0,97.06,982.00,97.06,982.00,,0,32.66,153.99,1,fingertip
216659.8370,0,97.06,982.00,97.06,982.00,,0,24.05,144.88,1,fingertip
216659.8704,0,97.06,982.00,97.06,982.00,,0,34.04,154.49,1,fingertip
216659.9037,0,97.06,982.00,97.06,982.00,,0,23.06,144.41,1,fingertip
216659.9371,0,97.06,982.00,97.06,982.00,,0,28.13,148.97,1,fingertip
216659.9704,1,658.47,982.00,658.47,982.00,0.223,0,37.75,156.11,1,fingertip
216660.0038,0,658.47,982.00,658.47,982.00,,0,12.75,135.62,1,fingertip
216660.0371,0,658.47,982.00,658.47,982.00,,0,28.53,145.55,1,fingertip
216660.0705,1,636.52,982.00,642.46,982.00,0.491,0,34.39,154.45,1,fingertip
216660.1038,0,642.46,982.00,642.46,982.00,,0,33.00,154.69,1,fingertip
216660.1372,0,642.46,982.00,642.46,982.00,,0,31.41,153.74,1,fingertip
216660.1705,0,642.46,982.00,642.46,982.00,,0,26.95,147.53,1,fingertip
216660.2039,0,642.46,982.00,642.46,982.00,,0,26.38,149.34,1,fingertip
216660.2372,0,642.46,982.00,642.46,982.00,,0,16.37,137.99,1,fingertip
216660.2706,0,642.46,982.00,642.46,982.00,,0,18.40,142.49,1,fingertip
216660.3039,0,642.46,982.00,642.46,982.00,,0,24.34,146.39,1,fingertip
216660.3373,0,642.46,982.00,642.46,982.00,,0,19.42,142.08,1,fingertip
216660.3706,0,642.46,982.00,642.46,982.00,,0,19.65,143.87,1,fingertip
216660.4040,0,642.46,982.00,642.46,982.00,,0,19.58,140.58,1,fingertip
216660.4373,0,642.46,982.00,642.46,982.00,,0,17.55,144.09,1,fingertip
216660.4707,0,642.46,982.00,642.46,982.00,,0,17.77,140.58,1,fingertip
216660.5040,0,642.46,982.00,642.46,982.00,,0,17.10,143.84,1,fingertip
216660.5374,0,642.46,982.00,642.46,982.00,,0,23.40,146.62,1,fingertip
216660.5707,0,642.46,982.00,642.46,982.00,,0,24.82,148.82,1,fingertip
216660.6041,0,642.46,982.00,642.46,982.00,,0,19.22,143.18,1,fingertip
216660.6374,0,642.46,982.00,642.46,982.00,,0,21.45,148.17,1,fingertip
216660.6708,0,642.46,982.00,642.46,982.00,,0,9.45,135.36,1,fingertip
216660.7041,0,642.46,982.00,642.46,982.00,,0,28.19,156.44,1,fingertip
216660.7375,0,642.46,982.00,642.46,982.00,,0,9.84,135.21,1,fingertip
216660.7708,0,642.46,982.00,642.46,982.00,,0,25.26,152.63,1,fingertip
216660.8042,0,642.46,982.00,642.46,982.00,,0,18.01,144.16,1,fingertip
216660.8375,0,642.46,982.00,642.46,982.00,,0,23.83,153.09,1,fingertip
216660.8709,0,642.46,982.00,642.46,982.00,,0,21.98,148.63,1,fingertip
216660.9042,0,642.46,982.00,642.46,982.00,,0,21.20,151.34,1,fingertip
216660.9376,0,642.46,982.00,642.46,982.00,,0,23.52,149.52,1,fingertip
216660.9709,1,1512.00,982.00,1512.00,982.00,0.493,0,24.52,150.85,1,fingertip
216661.0043,1,1512.00,982.00,1512.00,982.00,0.661,0,21.97,148.07,1,fingertip
216661.0376,0,1512.00,982.00,1512.00,982.00,,0,20.72,150.67,1,fingertip
216661.0710,1,1512.00,982.00,1512.00,982.00,0.824,0,20.69,149.38,1,fingertip
216661.1043,1,1512.00,982.00,1512.00,982.00,0.776,0,19.39,151.44,1,fingertip
216661.1377,0,1512.00,982.00,1512.00,982.00,,0,18.74,147.73,1,fingertip
216661.1710,0,1512.00,982.00,1512.00,982.00,,0,24.49,155.02,1,fingertip
216661.2044,0,1512.00,982.00,1512.00,982.00,,0,13.75,144.19,1,fingertip
216661.2377,0,1512.00,982.00,1512.00,982.00,,0,18.30,154.01,1,fingertip
216661.2711,0,1512.00,982.00,1512.00,982.00,,0,21.91,150.70,1,fingertip
216661.3044,0,1512.00,982.00,1512.00,982.00,,0,8.98,140.80,1,fingertip
216661.3378,0,1512.00,982.00,1512.00,982.00,,0,16.87,146.64,1,fingertip
216661.3711,0,1512.00,982.00,1512.00,982.00,,0,9.14,141.05,1,fingertip
216661.4045,0,1512.00,982.00,1512.00,982.00,,0,13.79,142.80,1,fingertip
216661.4378,0,1512.00,982.00,1512.00,982.00,,0,23.16,152.42,1,fingertip
216661.4712,0,1512.00,982.00,1512.00,982.00,,0,12.40,142.94,1,fingertip
216661.5045,0,1512.00,982.00,1512.00,982.00,,0,23.42,148.18,1,fingertip
216661.5379,0,1512.00,982.00,1512.00,982.00,,0,10.73,136.04,1,fingertip
216661.5712,0,1512.00,982.00,1512.00,982.00,,0,21.62,148.76,1,fingertip
216661.6046,0,1512.00,982.00,1512.00,982.00,,0,12.17,136.12,1,fingertip
216661.6379,0,1512.00,982.00,1512.00,982.00,,0,23.50,149.17,1,fingertip
216661.6713,0,1512.00,982.00,1512.00,982.00,,0,9.19,134.94,1,fingertip
216661.7046,0,1512.00,982.00,1512.00,982.00,,0,27.70,149.97,1,fingertip
216661.7380,0,1512.00,982.00,1512.00,982.00,,0,10.33,135.79,1,fingertip
216661.7713,0,1512.00,982.00,1512.00,982.00,,0,27.03,153.88,1,fingertip
216661.8047,0,1512.00,982.00,1512.00,982.00,,0,14.07,138.52,1,fingertip
216661.8380,0,1512.00,982.00,1512.00,982.00,,0,29.81,156.34,1,fingertip
216661.8714,0,1512.00,982.00,1512.00,982.00,,0,21.92,146.13,1,fingertip
216661.9047,0,1512.00,982.00,1512.00,982.00,,0,30.21,157.67,1,fingertip
216661.9381,0,1512.00,982.00,1512.00,982.00,,0,20.80,145.99,1,fingertip
216661.9714,0,1512.00,982.00,1512.00,982.00,,0,15.58,143.95,1,fingertip
216662.0048,0,1512.00,982.00,1512.00,982.00,,0,25.86,151.42,1,fingertip
216662.0381,0,1512.00,982.00,1512.00,982.00,,0,15.76,141.96,1,fingertip
216662.0715,0,1512.00,982.00,1512.00,982.00,,0,19.05,145.34,1,fingertip
216662.1048,0,1512.00,982.00,1512.00,982.00,,0,12.17,137.28,1,fingertip
216662.1382,0,1512.00,982.00,1512.00,982.00,,0,14.02,142.90,1,fingertip
216662.1715,0,1512.00,982.00,1512.00,982.00,,0,15.54,141.11,1,fingertip
216662.2049,0,1512.00,982.00,1512.00,982.00,,0,15.48,142.88,1,fingertip
216662.2382,0,1512.00,982.00,1512.00,982.00,,0,14.93,140.89,1,fingertip
216662.2716,0,1512.00,982.00,1512.00,982.00,,0,17.12,143.69,1,fingertip
216662.3049,0,1512.00,982.00,1512.00,982.00,,0,16.57,144.59,1,fingertip
216662.3383,0,1512.00,982.00,1512.00,982.00,,0,16.78,142.01,1,fingertip
216662.3716,0,1512.00,982.00,1512.00,982.00,,0,14.57,141.36,1,fingertip
216662.4050,0,1512.00,982.00,1512.00,982.00,,0,19.90,147.09,1,fingertip
216662.4383,0,1512.00,982.00,1512.00,982.00,,0,13.34,137.57,1,fingertip
216662.4717,0,1512.00,982.00,1512.00,982.00,,0,20.09,148.09,1,fingertip
216662.5050,0,1512.00,982.00,1512.00,982.00,,0,18.49,142.07,1,fingertip
216662.5384,0,1512.00,982.00,1512.00,982.00,,0,20.14,145.13,1,fingertip
216662.5717,0,1512.00,982.00,1512.00,982.00,,0,18.62,141.98,1,fingertip
216662.6051,0,1512.00,982.00,1512.00,982.00,,0,17.31,145.05,1,fingertip
216662.6384,0,1512.00,982.00,1512.00,982.00,,0,22.15,146.79,1,fingertip
216662.6718,0,1512.00,982.00,1512.00,982.00,,0,14.14,141.72,1,fingertip
216662.7051,0,1512.00,982.00,1512.00,982.00,,0,20.52,145.75,1,fingertip
216662.7385,0,1512.00,982.00,1512.00,982.00,,0,15.34,144.03,1,fingertip
216662.7718,0,1512.00,982.00,1512.00,982.00,,0,18.82,145.06,1,fingertip
216662.8052,0,1512.00,982.00,1512.00,982.00,,0,12.53,142.22,1,fingertip
216662.8385,0,1512.00,982.00,1512.00,982.00,,0,21.50,149.97,1,fingertip
216662.8719,0,1512.00,982.00,1512.00,982.00,,0,14.42,146.75,1,fingertip
216662.9052,0,1512.00,982.00,1512.00,982.00,,0,18.73,146.64,1,fingertip
216662.9386,0,1512.00,982.00,1512.00,982.00,,0,15.10,146.80,1,fingertip
216662.9719,0,1512.00,982.00,1512.00,982.00,,0,22.16,151.23,1,fingertip
216663.0053,0,1512.00,982.00,1512.00,982.00,,0,13.36,147.97,1,fingertip
216663.0386,0,1512.00,982.00,1512.00,982.00,,0,10.24,141.33,1,fingertip
216663.0720,0,1512.00,982.00,1512.00,982.00,,0,14.60,149.51,1,fingertip
216663.1053,0,1512.00,982.00,1512.00,982.00,,0,13.42,146.10,1,fingertip
216663.1387,0,1512.00,982.00,1512.00,982.00,,0,13.47,149.69,1,fingertip
216663.1720,0,1512.00,982.00,1512.00,982.00,,0,13.15,146.41,1,fingertip
216663.2054,0,1512.00,982.00,1512.00,982.00,,0,11.38,146.53,1,fingertip
216663.2387,0,1512.00,982.00,1512.00,982.00,,0,10.02,143.91,1,fingertip
216663.2721,0,1512.00,982.00,1512.00,982.00,,0,13.16,150.69,1,fingertip
216663.3054,0,1512.00,982.00,1512.00,982.00,,0,31.33,167.37,1,fingertip
216663.3388,0,1512.00,982.00,1512.00,982.00,,0,12.03,148.08,1,fingertip
216663.3721,0,1512.00,982.00,1512.00,982.00,,0,13.44,150.98,1,fingertip
216663.4055,0,1512.00,982.00,1512.00,982.00,,0,13.68,150.11,1,fingertip
216663.4388,0,1512.00,982.00,1512.00,982.00,,0,9.64,149.81,1,fingertip
216663.4722,0,1512.00,982.00,1512.00,982.00,,0,12.26,145.57,1,fingertip
216663.5055,0,1512.00,982.00,1512.00,982.00,,0,14.24,149.23,1,fingertip
216663.5389,0,1512.00,982.00,1512.00,982.00,,0,14.50,149.54,1,fingertip
216663.5722,0,1512.00,982.00,1512.00,982.00,,0,8.89,142.69,1,fingertip
216663.6056,0,1512.00,982.00,1512.00,982.00,,0,9.14,146.13,1,fingertip
216663.6389,0,1512.00,982.00,1512.00,982.00,,0,12.53,148.95,1,fingertip
216663.6723,0,1512.00,982.00,1512.00,982.00,,0,13.76,152.80,1,fingertip
216663.7056,0,1512.00,982.00,1512.00,982.00,,0,12.73,149.48,1,fingertip
216663.7390,0,1512.00,982.00,1512.00,982.00,,0,12.75,152.68,1,fingertip
216663.7723,0,1512.00,982.00,1512.00,982.00,,0,14.42,152.85,1,fingertip
216663.8057,0,1512.00,982.00,1512.00,982.00,,0,15.44,155.95,1,fingertip
216663.8390,0,1512.00,982.00,1512.00,982.00,,0,12.59,148.32,1,fingertip
216663.8724,0,1512.00,982.00,1512.00,982.00,,0,15.02,154.22,1,fingertip
216663.9057,0,1512.00,982.00,1512.00,982.00,,0,12.65,147.39,1,fingertip
216663.9391,0,1512.00,982.00,1512.00,982.00,,0,9.55,143.99,1,fingertip
216663.9724,0,1512.00,982.00,1512.00,982.00,,0,11.94,145.70,1,fingertip
216664.0058,0,1512.00,982.00,1512.00,982.00,,0,12.84,147.87,1,fingertip
216664.0391,0,1512.00,982.00,1512.00,982.00,,0,9.48,145.27,1,fingertip
216664.0725,0,1512.00,982.00,1512.00,982.00,,0,14.94,145.47,1,fingertip
216664.1058,0,1512.00,982.00,1512.00,982.00,,0,12.02,144.74,1,fingertip
216664.1392,0,1512.00,982.00,1512.00,982.00,,0,11.49,144.05,1,fingertip
216664.1725,0,1512.00,982.00,1512.00,982.00,,0,25.03,159.77,1,fingertip
216664.2059,0,1512.00,982.00,1512.00,982.00,,0,21.79,156.65,1,fingertip
216664.2392,0,1512.00,982.00,1512.00,982.00,,0,13.06,143.54,1,fingertip
216664.2726,0,1512.00,982.00,1512.00,982.00,,0,17.12,149.57,1,fingertip
216664.3059,0,1512.00,982.00,1512.00,982.00,,0,12.39,142.78,1,fingertip
216664.3393,0,1512.00,982.00,1512.00,982.00,,0,14.88,145.27,1,fingertip
216664.3726,0,1512.00,982.00,1512.00,982.00,,0,12.79,147.01,1,fingertip
216664.4060,0,1512.00,982.00,1512.00,982.00,,0,13.56,143.90,1,fingertip
216664.4393,0,1512.00,982.00,1512.00,982.00,,0,9.24,143.02,1,fingertip
216664.4727,0,1512.00,982.00,1512.00,982.00,,0,9.00,141.59,1,fingertip
216664.5060,0,1512.00,982.00,1512.00,982.00,,0,8.66,144.17,1,fingertip
216664.5394,0,1512.00,982.00,1512.00,982.00,,0,19.37,154.10,1,fingertip
216664.5727,0,1512.00,982.00,1512.00,982.00,,0,13.44,148.96,1,fingertip
216664.6061,0,1512.00,982.00,1512.00,982.00,,0,10.04,146.81,1,fingertip
216664.6394,0,1512.00,982.00,1512.00,982.00,,0,12.37,147.88,1,fingertip
216664.6728,0,1512.00,982.00,1512.00,982.00,,0,22.39,160.95,1,fingertip
216664.7061,0,1512.00,982.00,1512.00,982.00,,0,12.84,148.54,1,fingertip
216664.7395,0,1512.00,982.00,1512.00,982.00,,0,40.67,179.35,1,fingertip
216664.7728,0,1512.00,982.00,1512.00,982.00,,0,7.24,153.35,1,fingertip
216664.8062,0,1512.00,982.00,1512.00,982.00,,0,9.29,144.08,1,fingertip
216664.8395,0,1512.00,982.00,1512.00,982.00,,0,11.31,146.25,1,fingertip
216664.8729,0,1512.00,982.00,1512.00,982.00,,0,15.25,153.01,1,fingertip
216664.9062,0,1512.00,982.00,1512.00,982.00,,0,15.33,151.11,1,fingertip
216664.9396,0,1512.00,982.00,1512.00,982.00,,0,12.77,151.19,1,fingertip
216664.9729,0,1512.00,982.00,1512.00,982.00,,0,18.70,156.00,1,fingertip
216665.0063,0,1512.00,982.00,1512.00,982.00,,0,13.07,151.46,1,fingertip
216665.0396,0,1512.00,982.00,1512.00,982.00,,0,15.28,152.18,1,fingertip
216665.0730,0,1512.00,982.00,1512.00,982.00,,0,13.89,150.31,1,fingertip
216665.1063,0,1512.00,982.00,1512.00,982.00,,0,12.68,149.88,1,fingertip
216665.1397,0,1512.00,982.00,1512.00,982.00,,0,12.97,149.43,1,fingertip
216665.1730,0,1512.00,982.00,1512.00,982.00,,0,11.38,146.76,1,fingertip
216665.2064,0,1512.00,982.00,1512.00,982.00,,0,12.87,148.50,1,fingertip
216665.2397,0,1512.00,982.00,1512.00,982.00,,0,12.62,149.72,1,fingertip
216665.2731,0,1512.00,982.00,1512.00,982.00,,0,14.75,148.82,1,fingertip
216665.3064,0,1512.00,982.00,1512.00,982.00,,0,9.28,144.81,1,fingertip
216665.3398,0,1512.00,982.00,1512.00,982.00,,0,9.49,143.71,1,fingertip
216665.3731,0,1512.00,982.00,1512.00,982.00,,0,13.72,151.50,1,fingertip
216665.4065,0,1512.00,982.00,1512.00,982.00,,0,15.57,151.34,1,fingertip
216665.4398,0,1512.00,982.00,1512.00,982.00,,0,11.30,147.65,1,fingertip
216665.4732,0,1512.00,982.00,1512.00,982.00,,0,12.21,148.12,1,fingertip
216665.5065,0,1512.00,982.00,1512.00,982.00,,0,15.45,153.64,1,fingertip
216665.5399,0,1512.00,982.00,1512.00,982.00,,0,12.17,147.58,1,fingertip
216665.5732,0,1512.00,982.00,1512.00,982.00,,0,11.60,146.82,1,fingertip
216665.6066,0,1512.00,982.00,1512.00,982.00,,0,13.94,151.00,1,fingertip
216665.6399,0,1512.00,982.00,1512.00,982.00,,0,16.72,148.99,1,fingertip
216665.6733,0,1512.00,982.00,1512.00,982.00,,0,9.40,141.41,1,fingertip
216665.7066,0,1512.00,982.00,1512.00,982.00,,0,15.68,151.28,1,fingertip
216665.7400,0,1512.00,982.00,1512.00,982.00,,0,12.32,145.89,1,fingertip
216665.7733,0,1512.00,982.00,1512.00,982.00,,0,15.12,147.56,1,fingertip
216665.8067,0,1512.00,982.00,1512.00,982.00,,0,12.42,146.24,1,fingertip
216665.8400,0,1512.00,982.00,1512.00,982.00,,0,9.91,143.23,1,fingertip
216665.8734,0,1512.00,982.00,1512.00,982.00,,0,19.55,156.63,1,fingertip
216665.9067,0,1512.00,982.00,1512.00,982.00,,0,12.76,144.56,1,fingertip
216665.9401,0,1512.00,982.00,1512.00,982.00,,0,15.99,150.18,1,fingertip
216665.9734,0,1512.00,982.00,1512.00,982.00,,0,12.80,144.61,1,fingertip
216666.0068,0,1512.00,982.00,1512.00,982.00,,0,14.72,149.59,1,fingertip
216666.0401,0,1512.00,982.00,1512.00,982.00,,0,14.06,146.94,1,fingertip
216666.0735,0,1512.00,982.00,1512.00,982.00,,0,14.99,149.72,1,fingertip
216666.1068,0,1512.00,982.00,1512.00,982.00,,0,8.60,140.35,1,fingertip
216666.1402,0,1512.00,982.00,1512.00,982.00,,0,18.53,151.54,1,fingertip
216666.1735,0,1512.00,982.00,1512.00,982.00,,0,14.07,145.76,1,fingertip
216666.2069,0,1512.00,982.00,1512.00,982.00,,0,10.28,145.80,1,fingertip
216666.2402,0,1512.00,982.00,1512.00,982.00,,0,8.70,137.49,1,fingertip
216666.2736,0,1512.00,982.00,1512.00,982.00,,0,13.97,145.86,1,fingertip
216666.3069,0,1512.00,982.00,1512.00,982.00,,0,10.21,143.48,1,fingertip
216666.3403,0,1512.00,982.00,1512.00,982.00,,0,17.58,143.84,1,fingertip
216666.3736,0,1512.00,982.00,1512.00,982.00,,0,21.19,150.57,1,fingertip
216666.4070,0,1512.00,982.00,1512.00,982.00,,0,11.07,138.86,1,fingertip
216666.4403,0,1512.00,982.00,1512.00,982.00,,0,14.63,142.63,1,fingertip
216666.4737,0,1512.00,982.00,1512.00,982.00,,0,24.64,151.81,1,fingertip
216666.5070,0,1512.00,982.00,1512.00,982.00,,0,12.25,141.56,1,fingertip
216666.5404,0,1512.00,982.00,1512.00,982.00,,0,23.83,150.42,1,fingertip
216666.5737,0,1512.00,982.00,1512.00,982.00,,0,12.68,142.19,1,fingertip
216666.6071,0,1512.00,982.00,1512.00,982.00,,0,18.52,144.76,1,fingertip
216666.6404,0,1512.00,982.00,1512.00,982.00,,0,14.93,141.46,1,fingertip
216666.6738,0,1512.00,982.00,1512.00,982.00,,0,18.52,144.83,1,fingertip
216666.7071,0,1512.00,982.00,1512.00,982.00,,0,14.84,141.11,1,fingertip
216666.7405,0,1512.00,982.00,1512.00,982.00,,0,14.00,141.98,1,fingertip
216666.7738,0,1512.00,982.00,1512.00,982.00,,0,19.89,144.90,1,fingertip
216666.8072,0,1512.00,982.00,1512.00,982.00,,0,9.06,137.03,1,fingertip
216666.8405,0,1512.00,982.00,1512.00,982.00,,0,13.80,138.89,1,fingertip
216666.8739,0,1512.00,982.00,1512.00,982.00,,0,22.89,151.41,1,fingertip
216666.9072,0,1512.00,982.00,1512.00,982.00,,0,19.29,145.84,1,fingertip
216666.9406,0,1512.00,982.00,1512.00,982.00,,0,22.83,150.32,1,fingertip
216666.9739,0,1512.00,982.00,1512.00,982.00,,0,20.78,146.32,1,fingertip
216667.0073,0,1512.00,982.00,1512.00,982.00,,0,20.69,149.75,1,fingertip
216667.0406,1,0.00,0.00,0.00,0.00,0.834,0,21.21,146.25,1,fingertip
216667.0740,0,0.00,0.00,0.00,0.00,,0,24.53,150.48,1,fingertip
216667.1073,0,0.00,0.00,0.00,0.00,,0,20.32,147.73,1,fingertip
216667.1407,0,0.00,0.00,0.00,0.00,,0,24.45,150.26,1,fingertip
216667.1740,0,0.00,0.00,0.00,0.00,,0,23.70,152.69,1,fingertip
216667.2074,0,0.00,0.00,0.00,0.00,,0,19.37,142.44,1,fingertip
216667.2407,0,0.00,0.00,0.00,0.00,,0,29.77,156.08,1,fingertip
216667.2741,0,0.00,0.00,0.00,0.00,,0,19.24,143.88,1,fingertip
216667.3074,0,0.00,0.00,0.00,0.00,,0,27.71,156.30,1,fingertip
216667.3408,1,0.00,224.66,0.00,215.32,0.708,0,17.71,143.86,1,fingertip
216667.3741,1,0.00,209.33,0.00,211.29,0.593,0,31.22,157.59,1,fingertip
216667.4075,1,0.00,197.74,0.00,203.13,0.473,0,17.43,144.13,1,fingertip
216667.4408,0,0.00,203.13,0.00,203.13,,0,30.40,156.31,1,fingertip
216667.4742,1,0.00,227.91,0.00,221.63,0.481,0,55.44,185.14,1,fingertip
216667.5075,0,0.00,221.63,0.00,221.63,,0,25.14,177.12,1,fingertip
216667.5409,0,0.00,221.63,0.00,221.63,,0,29.26,173.22,1,fingertip
216667.5742,0,0.00,221.63,0.00,221.63,,0,18.02,158.12,1,fingertip
216667.6076,0,0.00,221.63,0.00,221.63,,0,21.72,149.27,1,fingertip
216667.6409,1,0.00,215.07,0.00,216.43,0.552,0,27.05,151.82,1,fingertip
216667.6743,1,0.00,222.93,0.00,219.27,0.595,0,20.74,149.28,1,fingertip
216667.7076,1,0.00,245.59,0.00,233.09,0.644,0,32.04,158.79,1,fingertip
216667.7410,1,0.00,243.31,0.00,238.49,0.665,0,18.15,146.67,1,fingertip
216667.7743,1,0.00,251.54,0.00,245.53,0.560,0,30.65,159.92,1,fingertip
216667.8077,0,0.00,245.53,0.00,245.53,,0,19.25,146.04,1,fingertip
216667.8410,1,0.00,311.46,0.00,297.17,0.617,0,35.79,159.60,1,fingertip
216667.8744,1,0.00,349.09,0.00,333.71,0.633,0,19.41,145.87,1,fingertip
216667.9077,1,0.00,358.18,0.00,350.99,0.654,0,37.54,158.13,1,fingertip
216667.9411,1,0.00,384.54,0.00,375.14,0.680,0,21.39,146.36,1,fingertip
216667.9744,1,0.00,391.41,0.00,386.66,0.684,0,36.57,159.31,1,fingertip
216668.0078,1,0.00,386.84,0.00,386.78,0.616,0,25.62,151.78,1,fingertip
216668.0411,1,0.00,410.31,0.00,402.75,0.682,0,26.08,148.28,1,fingertip
216668.0745,1,12.62,404.38,3.71,403.80,0.669,0,35.38,153.14,1,fingertip
216668.1078,1,6.92,325.18,4.68,388.19,0.576,0,28.34,149.48,1,fingertip
216668.1412,1,19.90,304.00,10.63,336.98,0.526,0,34.57,150.89,1,fingertip
216668.1745,0,10.63,336.98,10.63,336.98,,0,27.90,145.62,1,fingertip
216668.2079,0,10.63,336.98,10.63,336.98,,0,37.77,156.70,1,fingertip
216668.2412,1,1.91,111.21,6.04,129.55,0.283,0,18.97,142.52,1,fingertip
216668.2746,1,55.16,148.20,32.25,143.35,0.338,0,34.64,147.13,1,fingertip
216668.3079,1,28.49,164.55,30.45,157.59,0.304,0,35.78,150.96,1,fingertip
216668.3413,1,82.14,182.24,62.57,171.64,0.240,0,35.25,153.04,1,fingertip
216668.3746,1,33.07,200.92,48.50,183.23,0.152,0,31.87,151.75,1,fingertip
216668.4080,1,99.15,219.61,79.79,194.27,0.097,1,37.23,155.82,1,fingertip
216668.4413,0,79.79,194.27,79.79,194.27,,0,28.88,151.56,1,fingertip
216668.4747,0,79.79,194.27,79.79,194.27,,0,38.46,156.88,1,fingertip
216668.5080,0,79.79,194.27,79.79,194.27,,0,27.42,151.73,1,fingertip
216668.5414,1,130.15,316.37,123.02,300.26,0.156,0,37.27,155.84,1,fingertip
216668.5747,0,123.02,300.26,123.02,300.26,,0,22.41,145.12,1,fingertip
216668.6081,0,123.02,300.26,123.02,300.26,,0,39.23,151.29,1,fingertip
216668.6414,0,123.02,300.26,123.02,300.26,,0,33.74,151.86,1,fingertip
216668.6748,0,123.02,300.26,123.02,300.26,,0,27.74,146.43,1,fingertip
216668.7081,0,123.02,300.26,123.02,300.26,,0,32.61,146.05,1,fingertip
216668.7415,0,123.02,300.26,123.02,300.26,,0,29.66,142.56,1,fingertip
216668.7748,0,123.02,300.26,123.02,300.26,,0,16.85,126.86,1,fingertip
216668.8082,0,123.02,300.26,123.02,300.26,,0,19.79,124.56,1,fingertip
216668.8415,0,123.02,300.26,123.02,300.26,,0,30.68,138.18,1,fingertip
216668.8749,0,123.02,300.26,123.02,300.26,,0,20.97,125.99,1,fingertip
216668.9082,0,123.02,300.26,123.02,300.26,,0,18.11,123.41,1,fingertip
216668.9416,0,123.02,300.26,123.02,300.26,,0,21.21,125.85,1,fingertip
216668.9749,0,123.02,300.26,123.02,300.26,,0,28.43,136.88,1,fingertip
216669.0083,1,98.69,284.59,98.69,284.59,0.115,0,21.40,126.34,1,fingertip
216669.0416,0,98.69,284.59,98.69,284.59,,0,32.76,141.14,1,fingertip
216669.0750,1,101.03,304.03,99.61,298.05,0.148,0,35.48,143.47,1,fingertip
216669.1083,1,93.83,318.15,98.59,309.39,0.206,1,30.88,141.18,1,fingertip
216669.1417,1,76.06,321.01,90.32,315.95,0.235,1,39.58,147.63,1,fingertip
216669.1750,0,90.32,315.95,90.32,315.95,,0,31.14,145.63,1,fingertip
216669.2084,0,90.32,315.95,90.32,315.95,,0,35.29,147.76,1,fingertip
216669.2417,0,90.32,315.95,90.32,315.95,,0,35.93,150.63,1,fingertip
216669.2751,0,90.32,315.95,90.32,315.95,,0,31.93,149.39,1,fingertip
216669.3084,0,90.32,315.95,90.32,315.95,,0,36.57,152.81,1,fingertip
216669.3418,0,90.32,315.95,90.32,315.95,,0,22.94,142.63,1,fingertip
216669.3751,0,90.32,315.95,90.32,315.95,,0,38.58,148.26,1,fingertip
216669.4085,0,90.32,315.95,90.32,315.95,,0,35.78,150.89,1,fingertip
216669.4418,0,90.32,315.95,90.32,315.95,,0,36.78,154.72,1,fingertip
216669.4752,0,90.32,315.95,90.32,315.95,,0,23.16,144.65,1,fingertip
216669.5085,1,129.31,375.30,129.31,375.30,0.745,0,29.32,140.89,1,fingertip
216669.5419,0,129.31,375.30,129.31,375.30,,0,36.18,143.98,1,fingertip
216669.5752,1,152.76,334.78,146.30,342.51,0.614,0,29.18,140.24,1,fingertip
216669.6086,1,193.65,309.20,177.31,319.20,0.495,0,31.83,138.93,1,fingertip
216669.6419,1,206.65,277.94,197.13,289.28,0.554,0,36.25,142.01,1,fingertip
216669.6753,0,197.13,289.28,197.13,289.28,,0,21.24,130.10,1,fingertip
216669.7086,0,197.13,289.28,197.13,289.28,,0,20.08,124.97,1,fingertip
216669.7420,0,197.13,289.28,197.13,289.28,,0,33.19,140.79,1,fingertip
216669.7753,0,197.13,289.28,197.13,289.28,,0,21.10,128.72,1,fingertip
216669.8087,0,197.13,289.28,197.13,289.28,,0,25.40,132.74,1,fingertip
216669.8420,0,197.13,289.28,197.13,289.28,,0,20.62,126.79,1,fingertip
216669.8754,0,197.13,289.28,197.13,289.28,,0,35.65,142.83,1,fingertip
216669.9087,0,197.13,289.28,197.13,289.28,,0,41.48,151.20,1,fingertip
216669.9421,0,197.13,289.28,197.13,289.28,,0,31.53,149.54,1,fingertip
216669.9754,0,197.13,289.28,197.13,289.28,,0,37.25,153.80,1,fingertip
216670.0088,0,197.13,289.28,197.13,289.28,,0,32.24,152.93,1,fingertip
216670.0421,0,197.13,289.28,197.13,289.28,,0,33.78,154.49,1,fingertip
216670.0755,0,197.13,289.28,197.13,289.28,,0,30.36,151.70,1,fingertip
216670.1088,0,197.13,289.28,197.13,289.28,,0,39.27,157.81,1,fingertip
216670.1422,0,197.13,289.28,197.13,289.28,,0,20.86,145.50,1,fingertip
216670.1755,1,209.69,304.88,209.69,304.88,0.759,0,36.68,149.03,1,fingertip
216670.2089,1,198.55,222.44,203.48,231.62,0.541,0,34.83,150.71,1,fingertip
216670.2422,1,216.80,162.76,209.64,170.62,0.389,0,30.18,147.76,1,fingertip
216670.2756,0,209.64,170.62,209.64,170.62,,0,35.13,149.76,1,fingertip
216670.3089,1,226.26,123.69,217.39,127.20,0.279,0,29.12,145.75,1,fingertip
216670.3423,1,252.25,79.89,230.33,86.73,0.191,0,35.86,148.45,1,fingertip
216670.3756,0,230.33,86.73,230.33,86.73,,0,26.31,141.58,1,fingertip
216670.4090,0,230.33,86.73,230.33,86.73,,0,18.64,127.15,1,fingertip
216670.4423,0,230.33,86.73,230.33,86.73,,0,44.86,150.11,1,fingertip
216670.4757,0,230.33,86.73,230.33,86.73,,0,37.53,154.49,1,fingertip
216670.5090,0,230.33,86.73,230.33,86.73,,0,19.91,142.02,1,fingertip
216670.5424,0,230.33,86.73,230.33,86.73,,0,31.40,140.29,1,fingertip
216670.5757,0,230.33,86.73,230.33,86.73,,0,17.02,124.07,1,fingertip
216670.6091,0,230.33,86.73,230.33,86.73,,0,25.78,120.07,1,fingertip
216670.6424,0,230.33,86.73,230.33,86.73,,0,15.76,110.01,1,fingertip
216670.6758,0,230.33,86.73,230.33,86.73,,0,17.46,115.31,1,fingertip
216670.7091,0,230.33,86.73,230.33,86.73,,0,14.94,109.56,1,fingertip
216670.7425,0,230.33,86.73,230.33,86.73,,0,12.51,108.63,1,fingertip
216670.7758,0,230.33,86.73,230.33,86.73,,0,10.85,107.15,1,fingertip
216670.8092,0,230.33,86.73,230.33,86.73,,0,27.99,119.45,1,fingertip
216670.8425,0,230.33,86.73,230.33,86.73,,0,12.86,111.48,1,fingertip
216670.8759,0,230.33,86.73,230.33,86.73,,0,22.09,115.77,1,fingertip
216670.9092,0,230.33,86.73,230.33,86.73,,0,22.98,119.01,1,fingertip
216670.9426,0,230.33,86.73,230.33,86.73,,0,13.97,107.46,1,fingertip
216670.9759,0,230.33,86.73,230.33,86.73,,0,18.68,114.86,1,fingertip
216671.0093,0,230.33,86.73,230.33,86.73,,0,19.71,114.37,1,fingertip
216671.0426,0,230.33,86.73,230.33,86.73,,0,12.71,107.37,1,fingertip
216671.0760,0,230.33,86.73,230.33,86.73,,0,19.91,116.92,1,fingertip
216671.1093,0,230.33,86.73,230.33,86.73,,0,13.43,109.36,1,fingertip
216671.1427,0,230.33,86.73,230.33,86.73,,0,19.09,116.85,1,fingertip
216671.1760,0,230.33,86.73,230.33,86.73,,0,13.59,113.64,1,fingertip
216671.2094,0,230.33,86.73,230.33,86.73,,0,19.92,114.04,1,fingertip
216671.2427,0,230.33,86.73,230.33,86.73,,0,26.01,122.69,1,fingertip
216671.2761,0,230.33,86.73,230.33,86.73,,0,11.80,110.14,1,fingertip
216671.3094,0,230.33,86.73,230.33,86.73,,0,20.21,110.70,1,fingertip
216671.3428,0,230.33,86.73,230.33,86.73,,0,20.56,113.32,1,fingertip
216671.3761,0,230.33,86.73,230.33,86.73,,0,12.04,103.54,1,fingertip
216671.4095,0,230.33,86.73,230.33,86.73,,0,11.07,106.13,1,fingertip
216671.4428,0,230.33,86.73,230.33,86.73,,0,16.32,109.12,1,fingertip
216671.4762,0,230.33,86.73,230.33,86.73,,0,9.35,105.67,1,fingertip
216671.5095,0,230.33,86.73,230.33,86.73,,0,19.55,114.10,1,fingertip
216671.5429,0,230.33,86.73,230.33,86.73,,0,12.61,108.48,1,fingertip
216671.5762,0,230.33,86.73,230.33,86.73,,0,30.30,120.67,1,fingertip
216671.6096,0,230.33,86.73,230.33,86.73,,0,12.17,106.04,1,fingertip
216671.6429,0,230.33,86.73,230.33,86.73,,0,26.96,119.07,1,fingertip
216671.6763,0,230.33,86.73,230.33,86.73,,0,12.03,106.35,1,fingertip
216671.7096,0,230.33,86.73,230.33,86.73,,0,23.19,117.27,1,fingertip
216671.7430,0,230.33,86.73,230.33,86.73,,0,10.44,108.39,1,fingertip
216671.7763,0,230.33,86.73,230.33,86.73,,0,15.01,107.49,1,fingertip
216671.8097,0,230.33,86.73,230.33,86.73,,0,12.44,110.69,1,fingertip
216671.8430,0,230.33,86.73,230.33,86.73,,0,30.53,121.92,1,fingertip
216671.8764,0,230.33,86.73,230.33,86.73,,0,13.57,104.89,1,fingertip
216671.9097,0,230.33,86.73,230.33,86.73,,0,22.83,115.22,1,fingertip
216671.9431,0,230.33,86.73,230.33,86.73,,0,24.80,117.11,1,fingertip
216671.9764,0,230.33,86.73,230.33,86.73,,0,11.71,107.75,1,fingertip
216672.0098,0,230.33,86.73,230.33,86.73,,0,22.01,116.42,1,fingertip
216672.0431,0,230.33,86.73,230.33,86.73,,0,13.26,111.93,1,fingertip
216672.0765,0,230.33,86.73,230.33,86.73,,0,14.24,110.35,1,fingertip
216672.1098,0,230.33,86.73,230.33,86.73,,0,14.55,115.35,1,fingertip
216672.1432,0,230.33,86.73,230.33,86.73,,0,12.72,106.74,1,fingertip
216672.1765,0,230.33,86.73,230.33,86.73,,0,18.65,115.01,1,fingertip
216672.2099,0,230.33,86.73,230.33,86.73,,0,12.98,106.36,1,fingertip
216672.2432,0,230.33,86.73,230.33,86.73,,0,20.28,114.82,1,fingertip
216672.2766,0,230.33,86.73,230.33,86.73,,0,15.30,110.60,1,fingertip
216672.3099,0,230.33,86.73,230.33,86.73,,0,31.09,122.97,1,fingertip
216672.3433,0,230.33,86.73,230.33,86.73,,0,13.44,105.01,1,fingertip
216672.3766,0,230.33,86.73,230.33,86.73,,0,9.11,100.36,1,fingertip
216672.4100,0,230.33,86.73,230.33,86.73,,0,26.93,118.02,1,fingertip
216672.4433,0,230.33,86.73,230.33,86.73,,0,11.56,100.82,1,fingertip
216672.4767,0,230.33,86.73,230.33,86.73,,0,32.65,125.78,1,fingertip
216672.5100,0,230.33,86.73,230.33,86.73,,0,14.89,107.52,1,fingertip
216672.5434,0,230.33,86.73,230.33,86.73,,0,17.30,111.22,1,fingertip
216672.5767,0,230.33,86.73,230.33,86.73,,0,29.04,120.39,1,fingertip
216672.6101,0,230.33,86.73,230.33,86.73,,0,10.86,102.62,1,fingertip
216672.6434,0,230.33,86.73,230.33,86.73,,0,27.98,120.93,1,fingertip
216672.6768,0,230.33,86.73,230.33,86.73,,0,16.28,106.41,1,fingertip
216672.7101,0,230.33,86.73,230.33,86.73,,0,22.59,116.83,1,fingertip
216672.7435,0,230.33,86.73,230.33,86.73,,0,13.79,104.48,1,fingertip
216672.7768,0,230.33,86.73,230.33,86.73,,0,22.92,117.13,1,fingertip
216672.8102,0,230.33,86.73,230.33,86.73,,0,12.09,104.77,1,fingertip
216672.8435,0,230.33,86.73,230.33,86.73,,0,18.72,112.95,1,fingertip
216672.8769,0,230.33,86.73,230.33,86.73,,0,18.85,113.87,1,fingertip
216672.9102,0,230.33,86.73,230.33,86.73,,0,16.67,111.83,1,fingertip
216672.9436,0,230.33,86.73,230.33,86.73,,0,18.44,109.05,1,fingertip
216672.9769,0,230.33,86.73,230.33,86.73,,0,29.04,122.78,1,fingertip
216673.0103,0,230.33,86.73,230.33,86.73,,0,9.95,102.29,1,fingertip
216673.0436,0,230.33,86.73,230.33,86.73,,0,23.61,115.34,1,fingertip
216673.0770,0,230.33,86.73,230.33,86.73,,0,14.33,108.71,1,fingertip
216673.1103,0,230.33,86.73,230.33,86.73,,0,16.70,110.47,1,fingertip
216673.1437,0,230.33,86.73,230.33,86.73,,0,23.83,117.70,1,fingertip
216673.1770,0,230.33,86.73,230.33,86.73,,0,20.04,114.85,1,fingertip
216673.2104,0,230.33,86.73,230.33,86.73,,0,14.35,107.94,1,fingertip
216673.2437,0,230.33,86.73,230.33,86.73,,0,18.43,115.69,1,fingertip
216673.2771,0,230.33,86.73,230.33,86.73,,0,10.92,105.99,1,fingertip
216673.3104,0,230.33,86.73,230.33,86.73,,0,21.65,119.68,1,fingertip
216673.3438,0,230.33,86.73,230.33,86.73,,0,11.39,106.03,1,fingertip
216673.3771,0,230.33,86.73,230.33,86.73,,0,16.48,111.75,1,fingertip
