t,hand,raw_x,raw_y,x,y,pinch_ratio,pinched,vision_ms,latency_ms,filter,anchor,mode,cam_x,cam_y,sensitivity
218106.9786,0,756.00,491.00,756.00,491.00,,0,10.67,153.82,1,palm,direct,-1.0000,-1.0000,high
218107.0119,0,756.00,491.00,756.00,491.00,,0,19.30,157.21,1,palm,direct,-1.0000,-1.0000,high
218107.0453,0,756.00,491.00,756.00,491.00,,0,9.92,151.52,1,palm,direct,-1.0000,-1.0000,high
218107.0786,0,756.00,491.00,756.00,491.00,,0,13.89,150.66,1,palm,direct,-1.0000,-1.0000,high
218107.1120,0,756.00,491.00,756.00,491.00,,0,29.24,170.18,1,palm,direct,-1.0000,-1.0000,high
218107.1453,0,756.00,491.00,756.00,491.00,,0,10.93,149.69,1,palm,direct,-1.0000,-1.0000,high
218107.1787,0,756.00,491.00,756.00,491.00,,0,14.06,155.25,1,palm,direct,-1.0000,-1.0000,high
218107.2120,0,756.00,491.00,756.00,491.00,,0,32.37,171.97,1,palm,direct,-1.0000,-1.0000,high
218107.2454,0,756.00,491.00,756.00,491.00,,0,8.30,147.83,1,palm,direct,-1.0000,-1.0000,high
218107.2787,0,756.00,491.00,756.00,491.00,,0,33.66,177.00,1,palm,direct,-1.0000,-1.0000,high
218107.3121,0,756.00,491.00,756.00,491.00,,0,11.91,155.85,1,palm,direct,-1.0000,-1.0000,high
218107.3454,0,756.00,491.00,756.00,491.00,,0,15.10,156.39,1,palm,direct,-1.0000,-1.0000,high
218107.3788,0,756.00,491.00,756.00,491.00,,0,11.89,152.95,1,palm,direct,-1.0000,-1.0000,high
218107.4121,0,756.00,491.00,756.00,491.00,,0,35.11,175.43,1,palm,direct,-1.0000,-1.0000,high
218107.4455,0,756.00,491.00,756.00,491.00,,0,28.94,171.33,1,palm,direct,-1.0000,-1.0000,high
218107.4788,0,756.00,491.00,756.00,491.00,,0,23.75,169.14,1,palm,direct,-1.0000,-1.0000,high
218107.5122,0,756.00,491.00,756.00,491.00,,0,12.63,149.34,1,palm,direct,-1.0000,-1.0000,high
218107.5455,0,756.00,491.00,756.00,491.00,,0,14.19,152.10,1,palm,direct,-1.0000,-1.0000,high
218107.5789,0,756.00,491.00,756.00,491.00,,0,38.50,187.83,1,palm,direct,-1.0000,-1.0000,high
218107.6122,0,756.00,491.00,756.00,491.00,,0,15.00,169.83,1,palm,direct,-1.0000,-1.0000,high
218107.6456,0,756.00,491.00,756.00,491.00,,0,11.77,148.36,1,palm,direct,-1.0000,-1.0000,high
218107.6789,0,756.00,491.00,756.00,491.00,,0,8.97,139.15,1,palm,direct,-1.0000,-1.0000,high
218107.7123,0,756.00,491.00,756.00,491.00,,0,15.25,147.56,1,palm,direct,-1.0000,-1.0000,high
218107.7456,0,756.00,491.00,756.00,491.00,,0,18.50,145.83,1,palm,direct,-1.0000,-1.0000,high
218107.7790,0,756.00,491.00,756.00,491.00,,0,15.90,146.47,1,palm,direct,-1.0000,-1.0000,high
218107.8123,0,756.00,491.00,756.00,491.00,,0,15.60,148.36,1,palm,direct,-1.0000,-1.0000,high
218107.8457,0,756.00,491.00,756.00,491.00,,0,18.34,147.24,1,palm,direct,-1.0000,-1.0000,high
218107.8790,0,756.00,491.00,756.00,491.00,,0,26.39,154.36,1,palm,direct,-1.0000,-1.0000,high
218107.9124,0,756.00,491.00,756.00,491.00,,0,43.85,174.53,1,palm,direct,-1.0000,-1.0000,high
218107.9457,0,756.00,491.00,756.00,491.00,,0,14.45,155.85,1,palm,direct,-1.0000,-1.0000,high
218107.9791,0,756.00,491.00,756.00,491.00,,0,12.57,140.42,1,palm,direct,-1.0000,-1.0000,high
218108.0124,0,756.00,491.00,756.00,491.00,,0,20.81,148.65,1,palm,direct,-1.0000,-1.0000,high
218108.0458,0,756.00,491.00,756.00,491.00,,0,26.18,156.38,1,palm,direct,-1.0000,-1.0000,high
218108.0791,0,756.00,491.00,756.00,491.00,,0,14.12,143.60,1,palm,direct,-1.0000,-1.0000,high
218108.1125,0,756.00,491.00,756.00,491.00,,0,11.87,144.19,1,palm,direct,-1.0000,-1.0000,high
218108.1458,0,756.00,491.00,756.00,491.00,,0,15.50,146.41,1,palm,direct,-1.0000,-1.0000,high
218108.1792,0,756.00,491.00,756.00,491.00,,0,24.81,156.70,1,palm,direct,-1.0000,-1.0000,high
218108.2125,0,756.00,491.00,756.00,491.00,,0,10.95,143.20,1,palm,direct,-1.0000,-1.0000,high
218108.2459,0,756.00,491.00,756.00,491.00,,0,10.23,141.25,1,palm,direct,-1.0000,-1.0000,high
218108.2792,0,756.00,491.00,756.00,491.00,,0,20.07,155.43,1,palm,direct,-1.0000,-1.0000,high
218108.3126,0,756.00,491.00,756.00,491.00,,0,16.95,148.34,1,palm,direct,-1.0000,-1.0000,high
218108.3459,0,756.00,491.00,756.00,491.00,,0,15.22,147.09,1,palm,direct,-1.0000,-1.0000,high
218108.3793,0,756.00,491.00,756.00,491.00,,0,20.36,149.77,1,palm,direct,-1.0000,-1.0000,high
218108.4126,0,756.00,491.00,756.00,491.00,,0,10.36,142.66,1,palm,direct,-1.0000,-1.0000,high
218108.4460,0,756.00,491.00,756.00,491.00,,0,7.23,141.82,1,palm,direct,-1.0000,-1.0000,high
218108.4793,0,756.00,491.00,756.00,491.00,,0,18.91,148.19,1,palm,direct,-1.0000,-1.0000,high
218108.5127,0,756.00,491.00,756.00,491.00,,0,28.95,158.09,1,palm,direct,-1.0000,-1.0000,high
218108.5460,0,756.00,491.00,756.00,491.00,,0,12.19,144.23,1,palm,direct,-1.0000,-1.0000,high
218108.5794,0,756.00,491.00,756.00,491.00,,0,12.74,142.64,1,palm,direct,-1.0000,-1.0000,high
218108.6127,0,756.00,491.00,756.00,491.00,,0,19.33,149.52,1,palm,direct,-1.0000,-1.0000,high
218108.6461,0,756.00,491.00,756.00,491.00,,0,16.18,146.53,1,palm,direct,-1.0000,-1.0000,high
218108.6794,0,756.00,491.00,756.00,491.00,,0,14.38,139.58,1,palm,direct,-1.0000,-1.0000,high
218108.7128,0,756.00,491.00,756.00,491.00,,0,11.21,138.48,1,palm,direct,-1.0000,-1.0000,high
218108.7461,0,756.00,491.00,756.00,491.00,,0,13.28,140.33,1,palm,direct,-1.0000,-1.0000,high
218108.7795,0,756.00,491.00,756.00,491.00,,0,8.93,139.97,1,palm,direct,-1.0000,-1.0000,high
218108.8128,0,756.00,491.00,756.00,491.00,,0,13.98,140.81,1,palm,direct,-1.0000,-1.0000,high
218108.8462,0,756.00,491.00,756.00,491.00,,0,25.89,151.83,1,palm,direct,-1.0000,-1.0000,high
218108.8795,0,756.00,491.00,756.00,491.00,,0,15.49,145.57,1,palm,direct,-1.0000,-1.0000,high
218108.9129,0,756.00,491.00,756.00,491.00,,0,19.73,148.24,1,palm,direct,-1.0000,-1.0000,high
218108.9462,0,756.00,491.00,756.00,491.00,,0,21.96,153.81,1,palm,direct,-1.0000,-1.0000,high
218108.9796,0,756.00,491.00,756.00,491.00,,0,22.06,150.98,1,palm,direct,-1.0000,-1.0000,high
218109.0129,0,756.00,491.00,756.00,491.00,,0,19.61,150.40,1,palm,direct,-1.0000,-1.0000,high
218109.0463,0,756.00,491.00,756.00,491.00,,0,9.95,143.13,1,palm,direct,-1.0000,-1.0000,high
218109.0796,0,756.00,491.00,756.00,491.00,,0,18.58,146.49,1,palm,direct,-1.0000,-1.0000,high
218109.1130,0,756.00,491.00,756.00,491.00,,0,16.14,145.02,1,palm,direct,-1.0000,-1.0000,high
218109.1463,0,756.00,491.00,756.00,491.00,,0,23.60,150.03,1,palm,direct,-1.0000,-1.0000,high
218109.1797,0,756.00,491.00,756.00,491.00,,0,15.67,141.32,1,palm,direct,-1.0000,-1.0000,high
218109.2130,0,756.00,491.00,756.00,491.00,,0,21.71,150.67,1,palm,direct,-1.0000,-1.0000,high
218109.2464,0,756.00,491.00,756.00,491.00,,0,15.40,141.02,1,palm,direct,-1.0000,-1.0000,high
218109.2797,0,756.00,491.00,756.00,491.00,,0,12.92,144.27,1,palm,direct,-1.0000,-1.0000,high
218109.3131,0,756.00,491.00,756.00,491.00,,0,23.41,155.56,1,palm,direct,-1.0000,-1.0000,high
218109.3464,0,756.00,491.00,756.00,491.00,,0,22.90,148.23,1,palm,direct,-1.0000,-1.0000,high
218109.3798,0,756.00,491.00,756.00,491.00,,0,21.28,149.52,1,palm,direct,-1.0000,-1.0000,high
218109.4131,0,756.00,491.00,756.00,491.00,,0,22.45,154.88,1,palm,direct,-1.0000,-1.0000,high
218109.4465,0,756.00,491.00,756.00,491.00,,0,18.45,141.18,1,palm,direct,-1.0000,-1.0000,high
218109.4798,0,756.00,491.00,756.00,491.00,,0,15.17,141.37,1,palm,direct,-1.0000,-1.0000,high
218109.5132,0,756.00,491.00,756.00,491.00,,0,19.08,142.80,1,palm,direct,-1.0000,-1.0000,high
218109.5465,0,756.00,491.00,756.00,491.00,,0,25.21,153.19,1,palm,direct,-1.0000,-1.0000,high
218109.5799,0,756.00,491.00,756.00,491.00,,0,20.00,152.45,1,palm,direct,-1.0000,-1.0000,high
218109.6132,0,756.00,491.00,756.00,491.00,,0,25.54,147.29,1,palm,direct,-1.0000,-1.0000,high
218109.6466,0,756.00,491.00,756.00,491.00,,0,18.47,151.22,1,palm,direct,-1.0000,-1.0000,high
218109.6799,0,756.00,491.00,756.00,491.00,,0,25.05,145.19,1,palm,direct,-1.0000,-1.0000,high
218109.7133,0,756.00,491.00,756.00,491.00,,0,20.13,144.00,1,palm,direct,-1.0000,-1.0000,high
218109.7466,0,756.00,491.00,756.00,491.00,,0,28.98,146.34,1,palm,direct,-1.0000,-1.0000,high
218109.7800,0,756.00,491.00,756.00,491.00,,0,26.20,147.14,1,palm,direct,-1.0000,-1.0000,high
218109.8133,0,756.00,491.00,756.00,491.00,,0,23.38,142.36,1,palm,direct,-1.0000,-1.0000,high
218109.8467,0,756.00,491.00,756.00,491.00,,0,22.22,147.68,1,palm,direct,-1.0000,-1.0000,high
218109.8800,0,756.00,491.00,756.00,491.00,,0,24.64,146.57,1,palm,direct,-1.0000,-1.0000,high
218109.9134,0,756.00,491.00,756.00,491.00,,0,19.12,147.68,1,palm,direct,-1.0000,-1.0000,high
218109.9467,0,756.00,491.00,756.00,491.00,,0,22.50,151.02,1,palm,direct,-1.0000,-1.0000,high
218109.9801,0,756.00,491.00,756.00,491.00,,0,26.97,157.02,1,palm,direct,-1.0000,-1.0000,high
218110.0134,0,756.00,491.00,756.00,491.00,,0,14.21,146.50,1,palm,direct,-1.0000,-1.0000,high
218110.0468,0,756.00,491.00,756.00,491.00,,0,24.74,149.20,1,palm,direct,-1.0000,-1.0000,high
218110.0801,0,756.00,491.00,756.00,491.00,,0,15.56,143.74,1,palm,direct,-1.0000,-1.0000,high
218110.1135,0,756.00,491.00,756.00,491.00,,0,22.41,148.11,1,palm,direct,-1.0000,-1.0000,high
218110.1468,0,756.00,491.00,756.00,491.00,,0,17.52,146.67,1,palm,direct,-1.0000,-1.0000,high
218110.1802,0,756.00,491.00,756.00,491.00,,0,26.19,152.42,1,palm,direct,-1.0000,-1.0000,high
218110.2135,0,756.00,491.00,756.00,491.00,,0,14.77,143.85,1,palm,direct,-1.0000,-1.0000,high
218110.2469,0,756.00,491.00,756.00,491.00,,0,23.51,146.80,1,palm,direct,-1.0000,-1.0000,high
218110.2802,0,756.00,491.00,756.00,491.00,,0,50.39,179.82,1,palm,direct,-1.0000,-1.0000,high
218110.3136,0,756.00,491.00,756.00,491.00,,0,31.61,178.34,1,palm,direct,-1.0000,-1.0000,high
218110.3469,0,756.00,491.00,756.00,491.00,,0,41.02,186.15,1,palm,direct,-1.0000,-1.0000,high
218110.3803,0,756.00,491.00,756.00,491.00,,0,35.05,188.24,1,palm,direct,-1.0000,-1.0000,high
218110.4136,0,756.00,491.00,756.00,491.00,,0,23.48,178.50,1,palm,direct,-1.0000,-1.0000,high
218110.4470,0,756.00,491.00,756.00,491.00,,0,18.32,164.24,1,palm,direct,-1.0000,-1.0000,high
218110.4803,0,756.00,491.00,756.00,491.00,,0,25.05,156.05,1,palm,direct,-1.0000,-1.0000,high
218110.5137,0,756.00,491.00,756.00,491.00,,0,21.49,144.33,1,palm,direct,-1.0000,-1.0000,high
218110.5470,0,756.00,491.00,756.00,491.00,,0,18.85,145.27,1,palm,direct,-1.0000,-1.0000,high
218110.5804,0,756.00,491.00,756.00,491.00,,0,27.45,150.00,1,palm,direct,-1.0000,-1.0000,high
218110.6137,0,756.00,491.00,756.00,491.00,,0,22.40,148.63,1,palm,direct,-1.0000,-1.0000,high
218110.6471,0,756.00,491.00,756.00,491.00,,0,23.00,152.58,1,palm,direct,-1.0000,-1.0000,high
218110.6804,0,756.00,491.00,756.00,491.00,,0,44.49,175.04,1,palm,direct,-1.0000,-1.0000,high
218110.7138,0,756.00,491.00,756.00,491.00,,0,11.58,153.81,1,palm,direct,-1.0000,-1.0000,high
218110.7471,0,756.00,491.00,756.00,491.00,,0,25.38,148.93,1,palm,direct,-1.0000,-1.0000,high
218110.7805,0,756.00,491.00,756.00,491.00,,0,24.48,152.64,1,palm,direct,-1.0000,-1.0000,high
218110.8138,0,756.00,491.00,756.00,491.00,,0,19.18,140.94,1,palm,direct,-1.0000,-1.0000,high
218110.8472,0,756.00,491.00,756.00,491.00,,0,20.82,141.47,1,palm,direct,-1.0000,-1.0000,high
218110.8805,0,756.00,491.00,756.00,491.00,,0,32.55,157.19,1,palm,direct,-1.0000,-1.0000,high
218110.9139,0,756.00,491.00,756.00,491.00,,0,30.57,156.27,1,palm,direct,-1.0000,-1.0000,high
218110.9472,0,756.00,491.00,756.00,491.00,,0,24.93,148.04,1,palm,direct,-1.0000,-1.0000,high
218110.9806,0,756.00,491.00,756.00,491.00,,0,31.11,149.59,1,palm,direct,-1.0000,-1.0000,high
218111.0139,0,756.00,491.00,756.00,491.00,,0,21.64,146.11,1,palm,direct,-1.0000,-1.0000,high
218111.0473,0,756.00,491.00,756.00,491.00,,0,17.51,144.98,1,palm,direct,-1.0000,-1.0000,high
218111.0806,0,756.00,491.00,756.00,491.00,,0,33.60,147.35,1,palm,direct,-1.0000,-1.0000,high
218111.1140,0,756.00,491.00,756.00,491.00,,0,9.25,126.27,1,palm,direct,-1.0000,-1.0000,high
218111.1473,0,756.00,491.00,756.00,491.00,,0,30.78,145.33,1,palm,direct,-1.0000,-1.0000,high
218111.1807,0,756.00,491.00,756.00,491.00,,0,17.13,139.85,1,palm,direct,-1.0000,-1.0000,high
218111.2140,0,756.00,491.00,756.00,491.00,,0,38.59,152.80,1,palm,direct,-1.0000,-1.0000,high
218111.2474,0,756.00,491.00,756.00,491.00,,0,10.12,150.91,1,palm,direct,-1.0000,-1.0000,high
218111.2807,0,756.00,491.00,756.00,491.00,,0,22.66,140.31,1,palm,direct,-1.0000,-1.0000,high
218111.3141,0,756.00,491.00,756.00,491.00,,0,9.03,123.75,1,palm,direct,-1.0000,-1.0000,high
218111.3474,0,756.00,491.00,756.00,491.00,,0,40.43,153.23,1,palm,direct,-1.0000,-1.0000,high
218111.3808,0,756.00,491.00,756.00,491.00,,0,36.16,156.45,1,palm,direct,-1.0000,-1.0000,high
218111.4141,0,756.00,491.00,756.00,491.00,,0,12.25,135.68,1,palm,direct,-1.0000,-1.0000,high
218111.4475,0,756.00,491.00,756.00,491.00,,0,30.75,147.92,1,palm,direct,-1.0000,-1.0000,high
218111.4808,0,756.00,491.00,756.00,491.00,,0,21.88,138.21,1,palm,direct,-1.0000,-1.0000,high
218111.5142,0,756.00,491.00,756.00,491.00,,0,19.91,138.43,1,palm,direct,-1.0000,-1.0000,high
218111.5475,0,756.00,491.00,756.00,491.00,,0,12.73,131.95,1,palm,direct,-1.0000,-1.0000,high
218111.5809,0,756.00,491.00,756.00,491.00,,0,22.23,140.49,1,palm,direct,-1.0000,-1.0000,high
218111.6142,0,756.00,491.00,756.00,491.00,,0,12.15,126.21,1,palm,direct,-1.0000,-1.0000,high
218111.6476,0,756.00,491.00,756.00,491.00,,0,31.82,149.75,1,palm,direct,-1.0000,-1.0000,high
218111.6809,0,756.00,491.00,756.00,491.00,,0,24.32,141.10,1,palm,direct,-1.0000,-1.0000,high
218111.7143,0,756.00,491.00,756.00,491.00,,0,11.32,122.12,1,palm,direct,-1.0000,-1.0000,high
218111.7476,0,756.00,491.00,756.00,491.00,,0,30.20,142.14,1,palm,direct,-1.0000,-1.0000,high
218111.7810,0,756.00,491.00,756.00,491.00,,0,34.58,149.41,1,palm,direct,-1.0000,-1.0000,high
218111.8143,0,756.00,491.00,756.00,491.00,,0,9.01,125.28,1,palm,direct,-1.0000,-1.0000,high
218111.8477,0,756.00,491.00,756.00,491.00,,0,30.39,140.67,1,palm,direct,-1.0000,-1.0000,high
218111.8810,0,756.00,491.00,756.00,491.00,,0,9.64,121.22,1,palm,direct,-1.0000,-1.0000,high
218111.9144,0,756.00,491.00,756.00,491.00,,0,14.75,122.41,1,palm,direct,-1.0000,-1.0000,high
218111.9477,0,756.00,491.00,756.00,491.00,,0,28.02,139.43,1,palm,direct,-1.0000,-1.0000,high
218111.9811,0,756.00,491.00,756.00,491.00,,0,13.84,121.21,1,palm,direct,-1.0000,-1.0000,high
218112.0144,0,756.00,491.00,756.00,491.00,,0,40.53,151.38,1,palm,direct,-1.0000,-1.0000,high
218112.0478,0,756.00,491.00,756.00,491.00,,0,38.59,156.99,1,palm,direct,-1.0000,-1.0000,high
218112.0811,0,756.00,491.00,756.00,491.00,,0,16.66,140.64,1,palm,direct,-1.0000,-1.0000,high
218112.1145,0,756.00,491.00,756.00,491.00,,0,25.82,134.63,1,palm,direct,-1.0000,-1.0000,high
218112.1478,0,756.00,491.00,756.00,491.00,,0,14.91,126.20,1,palm,direct,-1.0000,-1.0000,high
218112.1812,0,756.00,491.00,756.00,491.00,,0,14.51,122.79,1,palm,direct,-1.0000,-1.0000,high
218112.2145,0,756.00,491.00,756.00,491.00,,0,36.21,148.43,1,palm,direct,-1.0000,-1.0000,high
218112.2479,0,756.00,491.00,756.00,491.00,,0,57.07,172.40,1,palm,direct,-1.0000,-1.0000,high
218112.2812,0,756.00,491.00,756.00,491.00,,0,12.12,151.40,1,palm,direct,-1.0000,-1.0000,high
218112.3146,0,756.00,491.00,756.00,491.00,,0,30.58,149.29,1,palm,direct,-1.0000,-1.0000,high
218112.3479,0,756.00,491.00,756.00,491.00,,0,31.80,147.89,1,palm,direct,-1.0000,-1.0000,high
218112.3813,0,756.00,491.00,756.00,491.00,,0,25.71,140.53,1,palm,direct,-1.0000,-1.0000,high
218112.4146,0,756.00,491.00,756.00,491.00,,0,13.29,120.74,1,palm,direct,-1.0000,-1.0000,high
218112.4480,0,756.00,491.00,756.00,491.00,,0,16.02,123.86,1,palm,direct,-1.0000,-1.0000,high
218112.4813,0,756.00,491.00,756.00,491.00,,0,11.80,117.73,1,palm,direct,-1.0000,-1.0000,high
218112.5147,0,756.00,491.00,756.00,491.00,,0,29.46,137.58,1,palm,direct,-1.0000,-1.0000,high
218112.5480,0,756.00,491.00,756.00,491.00,,0,16.79,126.85,1,palm,direct,-1.0000,-1.0000,high
218112.5814,0,756.00,491.00,756.00,491.00,,0,12.33,118.29,1,palm,direct,-1.0000,-1.0000,high
218112.6147,0,756.00,491.00,756.00,491.00,,0,14.74,120.33,1,palm,direct,-1.0000,-1.0000,high
218112.6481,0,756.00,491.00,756.00,491.00,,0,14.78,120.46,1,palm,direct,-1.0000,-1.0000,high
218112.6814,0,756.00,491.00,756.00,491.00,,0,48.04,153.43,1,palm,direct,-1.0000,-1.0000,high
218112.7148,0,756.00,491.00,756.00,491.00,,0,29.25,149.47,1,palm,direct,-1.0000,-1.0000,high
218112.7481,0,756.00,491.00,756.00,491.00,,0,32.42,148.96,1,palm,direct,-1.0000,-1.0000,high
218112.7815,0,756.00,491.00,756.00,491.00,,0,19.92,135.71,1,palm,direct,-1.0000,-1.0000,high
218112.8148,0,756.00,491.00,756.00,491.00,,0,31.91,139.98,1,palm,direct,-1.0000,-1.0000,high
218112.8482,0,756.00,491.00,756.00,491.00,,0,10.04,124.71,1,palm,direct,-1.0000,-1.0000,high
218112.8815,0,756.00,491.00,756.00,491.00,,0,15.04,123.39,1,palm,direct,-1.0000,-1.0000,high
218112.9149,0,756.00,491.00,756.00,491.00,,0,14.58,126.11,1,palm,direct,-1.0000,-1.0000,high
218112.9482,0,756.00,491.00,756.00,491.00,,0,27.27,136.29,1,palm,direct,-1.0000,-1.0000,high
218112.9816,0,756.00,491.00,756.00,491.00,,0,11.11,122.69,1,palm,direct,-1.0000,-1.0000,high
218113.0149,0,756.00,491.00,756.00,491.00,,0,12.28,120.59,1,palm,direct,-1.0000,-1.0000,high
218113.0483,0,756.00,491.00,756.00,491.00,,0,32.06,144.13,1,palm,direct,-1.0000,-1.0000,high
218113.0816,0,756.00,491.00,756.00,491.00,,0,40.78,154.39,1,palm,direct,-1.0000,-1.0000,high
218113.1150,0,756.00,491.00,756.00,491.00,,0,37.55,159.38,1,palm,direct,-1.0000,-1.0000,high
218113.1483,0,756.00,491.00,756.00,491.00,,0,23.23,149.38,1,palm,direct,-1.0000,-1.0000,high
218113.1817,0,756.00,491.00,756.00,491.00,,0,28.43,144.58,1,palm,direct,-1.0000,-1.0000,high
218113.2150,0,756.00,491.00,756.00,491.00,,0,11.40,122.87,1,palm,direct,-1.0000,-1.0000,high
218113.2484,0,756.00,491.00,756.00,491.00,,0,41.90,151.78,1,palm,direct,-1.0000,-1.0000,high
218113.2817,0,756.00,491.00,756.00,491.00,,0,52.26,171.10,1,palm,direct,-1.0000,-1.0000,high
218113.3151,0,756.00,491.00,756.00,491.00,,0,13.73,151.87,1,palm,direct,-1.0000,-1.0000,high
218113.3818,0,756.00,491.00,756.00,491.00,,0,9.65,112.62,1,palm,direct,-1.0000,-1.0000,high
218113.4151,0,756.00,491.00,756.00,491.00,,0,16.51,120.52,1,palm,direct,-1.0000,-1.0000,high
218113.4485,0,756.00,491.00,756.00,491.00,,0,13.87,112.81,1,palm,direct,-1.0000,-1.0000,high
218113.4818,0,756.00,491.00,756.00,491.00,,0,8.66,106.91,1,palm,direct,-1.0000,-1.0000,high
218113.5152,0,756.00,491.00,756.00,491.00,,0,8.91,110.90,1,palm,direct,-1.0000,-1.0000,high
218113.5485,0,756.00,491.00,756.00,491.00,,0,24.17,120.24,1,palm,direct,-1.0000,-1.0000,high
218113.5819,0,756.00,491.00,756.00,491.00,,0,40.45,138.67,1,palm,direct,-1.0000,-1.0000,high
218113.6152,0,756.00,491.00,756.00,491.00,,0,12.24,117.81,1,palm,direct,-1.0000,-1.0000,high
218113.6486,0,756.00,491.00,756.00,491.00,,0,13.24,114.01,1,palm,direct,-1.0000,-1.0000,high
218113.6819,0,756.00,491.00,756.00,491.00,,0,16.84,112.56,1,palm,direct,-1.0000,-1.0000,high
218113.7153,0,756.00,491.00,756.00,491.00,,0,9.77,108.89,1,palm,direct,-1.0000,-1.0000,high
218113.7486,0,756.00,491.00,756.00,491.00,,0,21.35,115.52,1,palm,direct,-1.0000,-1.0000,high
218113.7820,0,756.00,491.00,756.00,491.00,,0,9.14,107.21,1,palm,direct,-1.0000,-1.0000,high
218113.8153,0,756.00,491.00,756.00,491.00,,0,10.00,105.27,1,palm,direct,-1.0000,-1.0000,high
218113.8487,0,756.00,491.00,756.00,491.00,,0,12.50,108.02,1,palm,direct,-1.0000,-1.0000,high
218113.8820,0,756.00,491.00,756.00,491.00,,0,21.83,114.87,1,palm,direct,-1.0000,-1.0000,high
218113.9154,0,756.00,491.00,756.00,491.00,,0,15.55,112.36,1,palm,direct,-1.0000,-1.0000,high
218113.9487,0,756.00,491.00,756.00,491.00,,0,25.52,117.97,1,palm,direct,-1.0000,-1.0000,high
218113.9821,0,756.00,491.00,756.00,491.00,,0,19.67,113.78,1,palm,direct,-1.0000,-1.0000,high
218114.0154,0,756.00,491.00,756.00,491.00,,0,17.64,107.96,1,palm,direct,-1.0000,-1.0000,high
218114.0488,0,756.00,491.00,756.00,491.00,,0,20.19,117.00,1,palm,direct,-1.0000,-1.0000,high
218114.0821,0,756.00,491.00,756.00,491.00,,0,30.59,117.65,1,palm,direct,-1.0000,-1.0000,high
218114.1155,0,756.00,491.00,756.00,491.00,,0,23.20,108.78,1,palm,direct,-1.0000,-1.0000,high
218114.1488,0,756.00,491.00,756.00,491.00,,0,25.04,111.75,1,palm,direct,-1.0000,-1.0000,high
218114.1822,0,756.00,491.00,756.00,491.00,,0,29.10,116.80,1,palm,direct,-1.0000,-1.0000,high
218114.2155,0,756.00,491.00,756.00,491.00,,0,30.86,114.43,1,palm,direct,-1.0000,-1.0000,high
218114.2489,0,756.00,491.00,756.00,491.00,,0,31.90,117.28,1,palm,direct,-1.0000,-1.0000,high
218114.2822,0,756.00,491.00,756.00,491.00,,0,25.55,110.15,1,palm,direct,-1.0000,-1.0000,high
218114.3156,0,756.00,491.00,756.00,491.00,,0,8.28,88.80,1,palm,direct,-1.0000,-1.0000,high
218114.3489,0,756.00,491.00,756.00,491.00,,0,76.41,156.69,1,palm,direct,-1.0000,-1.0000,high
218114.3823,0,756.00,491.00,756.00,491.00,,0,14.69,138.26,1,palm,direct,-1.0000,-1.0000,high
218114.4156,0,756.00,491.00,756.00,491.00,,0,16.15,121.23,1,palm,direct,-1.0000,-1.0000,high
218114.4490,0,756.00,491.00,756.00,491.00,,0,12.98,117.34,1,palm,direct,-1.0000,-1.0000,high
218114.4823,0,756.00,491.00,756.00,491.00,,0,9.95,115.73,1,palm,direct,-1.0000,-1.0000,high
218114.5157,0,756.00,491.00,756.00,491.00,,0,13.52,116.84,1,palm,direct,-1.0000,-1.0000,high
218114.5490,0,756.00,491.00,756.00,491.00,,0,11.09,117.69,1,palm,direct,-1.0000,-1.0000,high
218114.5824,0,756.00,491.00,756.00,491.00,,0,33.79,137.86,1,palm,direct,-1.0000,-1.0000,high
218114.6157,0,756.00,491.00,756.00,491.00,,0,12.05,120.43,1,palm,direct,-1.0000,-1.0000,high
218114.6491,0,756.00,491.00,756.00,491.00,,0,14.17,118.08,1,palm,direct,-1.0000,-1.0000,high
218114.6824,0,756.00,491.00,756.00,491.00,,0,22.39,129.38,1,palm,direct,-1.0000,-1.0000,high
218114.7158,0,756.00,491.00,756.00,491.00,,0,13.38,119.01,1,palm,direct,-1.0000,-1.0000,high
218114.7491,0,756.00,491.00,756.00,491.00,,0,35.97,141.67,1,palm,direct,-1.0000,-1.0000,high
218114.7825,0,756.00,491.00,756.00,491.00,,0,10.04,118.62,1,palm,direct,-1.0000,-1.0000,high
218114.8158,0,756.00,491.00,756.00,491.00,,0,12.48,116.41,1,palm,direct,-1.0000,-1.0000,high
218114.8492,0,756.00,491.00,756.00,491.00,,0,14.37,120.02,1,palm,direct,-1.0000,-1.0000,high
218114.8825,0,756.00,491.00,756.00,491.00,,0,15.07,116.32,1,palm,direct,-1.0000,-1.0000,high
218114.9159,0,756.00,491.00,756.00,491.00,,0,42.91,147.91,1,palm,direct,-1.0000,-1.0000,high
218114.9492,0,756.00,491.00,756.00,491.00,,0,31.54,146.27,1,palm,direct,-1.0000,-1.0000,high
218114.9826,0,756.00,491.00,756.00,491.00,,0,32.75,145.78,1,palm,direct,-1.0000,-1.0000,high
218115.0159,1,756.00,491.00,756.00,491.00,,0,23.54,136.20,1,palm,direct,0.2563,0.1728,high
218115.0493,1,791.79,522.94,756.00,491.00,0.110,0,46.85,149.80,1,palm,direct,0.2722,0.2265,high
218115.0826,1,804.07,520.92,756.00,491.00,0.158,0,30.88,147.80,1,palm,direct,0.2916,0.2725,high
218115.1160,0,756.00,491.00,756.00,491.00,,0,34.73,149.48,1,palm,direct,-1.0000,-1.0000,high
218115.1493,0,756.00,491.00,756.00,491.00,,0,60.50,176.88,1,palm,direct,-1.0000,-1.0000,high
218115.1827,1,1512.00,627.82,1484.52,621.79,0.812,0,32.70,176.48,1,palm,direct,0.3548,0.2847,high
218115.2494,0,1484.52,621.79,1484.52,621.79,,0,9.14,119.05,1,palm,direct,-1.0000,-1.0000,high
218115.2827,0,1484.52,621.79,1484.52,621.79,,0,13.89,112.35,1,palm,direct,-1.0000,-1.0000,high
218115.3161,0,1484.52,621.79,1484.52,621.79,,0,15.50,115.72,1,palm,direct,-1.0000,-1.0000,high
218115.3494,0,1484.52,621.79,1484.52,621.79,,0,43.33,141.44,1,palm,direct,-1.0000,-1.0000,high
218115.3828,0,1484.52,621.79,1484.52,621.79,,0,14.88,123.21,1,palm,direct,-1.0000,-1.0000,high
218115.4161,0,1484.52,621.79,1484.52,621.79,,0,18.26,117.58,1,palm,direct,-1.0000,-1.0000,high
218115.4495,0,1484.52,621.79,1484.52,621.79,,0,12.66,111.07,1,palm,direct,-1.0000,-1.0000,high
218115.4828,0,1484.52,621.79,1484.52,621.79,,0,18.68,120.73,1,palm,direct,-1.0000,-1.0000,high
218115.5162,0,1484.52,621.79,1484.52,621.79,,0,18.33,114.28,1,palm,direct,-1.0000,-1.0000,high
218115.5495,0,1484.52,621.79,1484.52,621.79,,0,26.18,121.56,1,palm,direct,-1.0000,-1.0000,high
218115.5829,0,1484.52,621.79,1484.52,621.79,,0,13.70,111.30,1,palm,direct,-1.0000,-1.0000,high
218115.6162,0,1484.52,621.79,1484.52,621.79,,0,19.26,114.35,1,palm,direct,-1.0000,-1.0000,high
218115.6496,0,1484.52,621.79,1484.52,621.79,,0,19.74,117.52,1,palm,direct,-1.0000,-1.0000,high
218115.6829,0,1484.52,621.79,1484.52,621.79,,0,17.43,119.80,1,palm,direct,-1.0000,-1.0000,high
218115.7163,0,1484.52,621.79,1484.52,621.79,,0,17.79,107.49,1,palm,direct,-1.0000,-1.0000,high
218115.7496,0,1484.52,621.79,1484.52,621.79,,0,18.60,110.41,1,palm,direct,-1.0000,-1.0000,high
218115.7830,0,1484.52,621.79,1484.52,621.79,,0,23.90,115.16,1,palm,direct,-1.0000,-1.0000,high
218115.8163,0,1484.52,621.79,1484.52,621.79,,0,77.38,170.81,1,palm,direct,-1.0000,-1.0000,high
218115.8497,0,1484.52,621.79,1484.52,621.79,,0,12.29,150.13,1,palm,direct,-1.0000,-1.0000,high
218115.8830,0,1484.52,621.79,1484.52,621.79,,0,24.10,141.19,1,palm,direct,-1.0000,-1.0000,high
218115.9164,0,1484.52,621.79,1484.52,621.79,,0,12.69,127.53,1,palm,direct,-1.0000,-1.0000,high
218115.9497,0,1484.52,621.79,1484.52,621.79,,0,32.41,143.45,1,palm,direct,-1.0000,-1.0000,high
218115.9831,0,1484.52,621.79,1484.52,621.79,,0,31.17,145.93,1,palm,direct,-1.0000,-1.0000,high
218116.0164,0,1484.52,621.79,1484.52,621.79,,0,26.23,138.93,1,palm,direct,-1.0000,-1.0000,high
218116.0498,0,1484.52,621.79,1484.52,621.79,,0,25.74,140.40,1,palm,direct,-1.0000,-1.0000,high
218116.0831,0,1484.52,621.79,1484.52,621.79,,0,12.22,121.34,1,palm,direct,-1.0000,-1.0000,high
218116.1165,0,1484.52,621.79,1484.52,621.79,,0,34.48,147.23,1,palm,direct,-1.0000,-1.0000,high
218116.1498,0,1484.52,621.79,1484.52,621.79,,0,31.28,145.41,1,palm,direct,-1.0000,-1.0000,high
218116.1832,0,1484.52,621.79,1484.52,621.79,,0,24.33,140.53,1,palm,direct,-1.0000,-1.0000,high
218116.2165,0,1484.52,621.79,1484.52,621.79,,0,16.60,124.10,1,palm,direct,-1.0000,-1.0000,high
218116.2499,0,1484.52,621.79,1484.52,621.79,,0,20.95,125.85,1,palm,direct,-1.0000,-1.0000,high
218116.2832,0,1484.52,621.79,1484.52,621.79,,0,20.49,124.52,1,palm,direct,-1.0000,-1.0000,high
218116.3166,0,1484.52,621.79,1484.52,621.79,,0,28.77,136.54,1,palm,direct,-1.0000,-1.0000,high
218116.3499,0,1484.52,621.79,1484.52,621.79,,0,7.32,110.62,1,palm,direct,-1.0000,-1.0000,high
218116.3833,0,1484.52,621.79,1484.52,621.79,,0,8.95,115.47,1,palm,direct,-1.0000,-1.0000,high
218116.4166,0,1484.52,621.79,1484.52,621.79,,0,16.33,120.81,1,palm,direct,-1.0000,-1.0000,high
218116.4500,0,1484.52,621.79,1484.52,621.79,,0,14.97,122.90,1,palm,direct,-1.0000,-1.0000,high
218116.4833,0,1484.52,621.79,1484.52,621.79,,0,13.25,118.96,1,palm,direct,-1.0000,-1.0000,high
218116.5167,0,1484.52,621.79,1484.52,621.79,,0,14.65,121.29,1,palm,direct,-1.0000,-1.0000,high
218116.5500,0,1484.52,621.79,1484.52,621.79,,0,32.49,139.18,1,palm,direct,-1.0000,-1.0000,high
218116.5834,0,1484.52,621.79,1484.52,621.79,,0,15.03,121.65,1,palm,direct,-1.0000,-1.0000,high
218116.6167,0,1484.52,621.79,1484.52,621.79,,0,26.24,150.09,1,palm,direct,-1.0000,-1.0000,high
218116.6501,0,1484.52,621.79,1484.52,621.79,,0,24.78,141.65,1,palm,direct,-1.0000,-1.0000,high
218116.6834,0,1484.52,621.79,1484.52,621.79,,0,30.40,138.92,1,palm,direct,-1.0000,-1.0000,high
218116.7168,0,1484.52,621.79,1484.52,621.79,,0,11.22,117.01,1,palm,direct,-1.0000,-1.0000,high
218116.7501,0,1484.52,621.79,1484.52,621.79,,0,36.41,144.45,1,palm,direct,-1.0000,-1.0000,high
218116.7835,0,1484.52,621.79,1484.52,621.79,,0,11.73,122.96,1,palm,direct,-1.0000,-1.0000,high
218116.8168,0,1484.52,621.79,1484.52,621.79,,0,17.83,122.22,1,palm,direct,-1.0000,-1.0000,high
218116.8502,0,1484.52,621.79,1484.52,621.79,,0,15.84,114.53,1,palm,direct,-1.0000,-1.0000,high
218116.8835,0,1484.52,621.79,1484.52,621.79,,0,13.27,115.70,1,palm,direct,-1.0000,-1.0000,high
218116.9169,0,1484.52,621.79,1484.52,621.79,,0,22.60,122.55,1,palm,direct,-1.0000,-1.0000,high
218116.9502,0,1484.52,621.79,1484.52,621.79,,0,12.64,115.20,1,palm,direct,-1.0000,-1.0000,high
218116.9836,0,1484.52,621.79,1484.52,621.79,,0,18.62,116.04,1,palm,direct,-1.0000,-1.0000,high
218117.0169,0,1484.52,621.79,1484.52,621.79,,0,23.21,120.92,1,palm,direct,-1.0000,-1.0000,high
218117.0503,0,1484.52,621.79,1484.52,621.79,,0,16.91,111.67,1,palm,direct,-1.0000,-1.0000,high
218117.0836,0,1484.52,621.79,1484.52,621.79,,0,20.63,118.05,1,palm,direct,-1.0000,-1.0000,high
218117.1170,1,1484.52,621.79,1484.52,621.79,,0,43.29,136.07,1,palm,direct,0.3522,0.2797,high
218117.1503,1,1228.39,508.03,1272.17,535.87,1.133,0,43.80,146.66,1,palm,direct,0.3302,0.2666,high
218117.1837,1,1215.25,526.82,1272.17,535.87,0.114,0,37.17,150.72,1,palm,direct,0.2978,0.2654,high
218117.2170,1,1087.72,342.47,1118.69,389.36,0.226,0,41.96,159.70,1,palm,direct,0.2868,0.2442,high
218117.2504,0,1118.69,389.36,1118.69,389.36,,0,35.13,161.73,1,palm,direct,-1.0000,-1.0000,high
218117.2837,0,1118.69,389.36,1118.69,389.36,,0,25.10,153.75,1,palm,direct,-1.0000,-1.0000,high
218117.3171,1,1512.00,0.00,1507.74,4.22,,0,32.03,152.70,1,palm,direct,0.6499,0.2001,high
218117.3504,1,1512.00,260.82,1511.85,164.26,0.275,0,31.54,151.09,1,palm,direct,0.6468,0.2340,high
218117.3838,1,1508.89,554.32,1509.42,318.20,0.320,0,39.30,157.24,1,palm,direct,0.6453,0.2676,high
218117.4171,1,1481.00,818.52,1486.12,690.46,0.311,0,56.84,180.88,1,palm,direct,0.6429,0.2979,high
218117.4505,1,1479.33,973.11,1480.73,911.01,0.337,0,39.10,187.05,1,palm,direct,0.6427,0.3156,high
218117.5172,1,1453.59,982.00,1459.46,976.29,0.360,0,35.15,155.70,1,palm,direct,0.6405,0.3224,high
218117.5505,1,1400.90,982.00,1424.65,981.17,0.366,0,31.50,153.95,1,palm,direct,0.6360,0.3253,high
218117.5839,1,1370.57,982.00,1394.71,981.86,0.342,0,56.97,177.74,1,palm,direct,0.6334,0.3260,high
218117.6172,1,1322.50,912.84,1357.42,941.89,0.350,0,41.20,186.02,1,palm,direct,0.6292,0.3176,high
218117.6839,1,1226.66,874.86,1297.86,898.54,0.339,0,33.97,153.42,1,palm,direct,0.6210,0.3132,high
218117.7173,1,1202.92,923.92,1279.41,907.23,0.324,0,38.40,158.60,1,palm,direct,0.6189,0.3188,high
218117.7506,1,1200.09,916.58,1254.38,911.94,0.325,0,31.26,157.35,1,palm,direct,0.6187,0.3180,high
218117.7840,1,1220.78,982.00,1239.81,974.30,0.308,0,31.87,156.54,1,palm,direct,0.6205,0.3309,high
218117.8173,1,1224.40,982.00,1237.27,977.37,0.335,0,30.69,154.43,1,palm,direct,0.6208,0.3309,high
218117.8507,1,1282.16,982.00,1239.66,978.85,0.301,0,40.40,161.90,1,palm,direct,0.6258,0.3431,high
218117.8840,1,1302.58,982.00,1251.24,980.94,0.301,0,23.51,152.27,1,palm,direct,0.6275,0.3408,high
218117.9174,1,1326.14,982.00,1274.53,981.78,0.299,0,39.59,158.78,1,palm,direct,0.6295,0.3417,high
218117.9507,1,1335.19,982.00,1296.20,981.95,0.300,0,35.91,161.55,1,palm,direct,0.6303,0.3417,high
218117.9841,1,1346.45,952.23,1315.81,970.51,0.294,0,26.28,154.75,1,palm,direct,0.6313,0.3379,high
218118.0174,1,1379.91,925.31,1343.05,954.62,0.284,0,33.60,155.12,1,palm,direct,0.6342,0.3349,high
218118.0508,1,1377.27,879.45,1356.71,944.70,0.283,0,31.59,153.83,1,palm,direct,0.6339,0.3296,high
218118.0841,1,1394.71,923.61,1371.18,939.61,0.275,0,30.25,150.87,1,palm,direct,0.6354,0.3347,high
218118.1175,1,1442.06,918.05,1403.22,933.76,0.270,0,65.16,182.90,1,palm,direct,0.6395,0.3340,high
218118.1508,1,1452.91,881.23,1426.15,917.58,0.274,0,39.63,189.76,1,palm,direct,0.6404,0.3298,high
218118.2175,1,1452.57,847.38,1442.11,880.00,0.289,0,51.52,174.94,1,palm,direct,0.6404,0.3259,high
218118.2509,1,1435.08,823.61,1440.96,856.55,0.296,0,43.74,185.53,1,palm,direct,0.6389,0.3232,high
218118.2842,1,1450.23,843.09,1442.30,852.88,0.297,0,37.37,189.69,1,palm,direct,0.6402,0.3254,high
218118.3509,1,1411.85,856.97,1436.20,852.66,0.298,0,50.21,173.44,1,palm,direct,0.6369,0.3270,high
218118.3843,1,1395.28,861.41,1429.84,854.00,0.300,0,40.83,181.15,1,palm,direct,0.6355,0.3275,high
218118.4510,1,1404.63,886.67,1422.78,861.12,0.296,0,54.11,169.01,1,palm,direct,0.6363,0.3304,high
218118.4843,1,1362.93,882.80,1408.37,866.24,0.289,0,15.84,151.75,1,palm,direct,0.6327,0.3300,high
218118.5510,1,1340.70,857.50,1376.86,865.41,0.281,0,29.30,121.31,1,palm,direct,0.6308,0.3271,high
218118.5844,1,1327.32,890.71,1359.90,869.36,0.289,0,40.73,128.85,1,palm,direct,0.6296,0.3309,high
218118.6177,1,1299.60,905.41,1336.24,878.89,0.276,0,53.71,149.36,1,palm,direct,0.6273,0.3326,high
218118.6511,1,1248.80,900.54,1296.52,886.32,0.278,0,57.47,173.76,1,palm,direct,0.6229,0.3320,high
218118.6844,1,1219.49,860.54,1259.53,882.04,0.282,0,21.48,162.10,1,palm,direct,0.6204,0.3274,high
218118.7511,1,1220.66,889.68,1238.22,883.89,0.281,0,28.73,124.30,1,palm,direct,0.6205,0.3308,high
218118.7845,1,1200.79,894.90,1223.21,886.09,0.274,0,27.37,123.76,1,palm,direct,0.6188,0.3314,high
218118.8178,1,1196.98,893.11,1213.85,887.55,0.276,0,28.46,123.72,1,palm,direct,0.6184,0.3312,high
218118.8512,1,1195.49,901.86,1208.04,889.85,0.282,0,48.67,147.13,1,palm,direct,0.6183,0.3322,high
218118.8845,1,1194.54,918.85,1203.01,895.93,0.263,0,51.41,165.65,1,palm,direct,0.6182,0.3341,high
218118.9179,1,1205.01,937.65,1201.88,908.47,0.266,0,50.72,183.14,1,palm,direct,0.6191,0.3363,high
218118.9846,1,1172.16,919.54,1191.23,914.15,0.270,0,31.38,148.06,1,palm,direct,0.6163,0.3342,high
218119.0179,1,1187.34,910.31,1191.23,914.15,0.267,0,34.18,149.08,1,palm,direct,0.6176,0.3331,high
218119.0513,1,1181.29,913.83,1190.79,914.19,0.262,0,41.56,157.46,1,palm,direct,0.6171,0.3335,high
218119.0846,1,1188.25,909.17,1190.79,914.19,0.259,0,26.81,151.10,1,palm,direct,0.6177,0.3330,high
218119.1180,1,1163.82,941.20,1184.22,918.35,0.245,0,37.89,155.76,1,palm,direct,0.6156,0.3367,high
218119.1513,1,1163.99,947.64,1178.29,925.60,0.256,0,33.45,156.09,1,palm,direct,0.6156,0.3374,high
218119.1847,1,1132.01,973.54,1163.28,942.90,0.296,0,39.20,162.05,1,palm,direct,0.6129,0.3404,high
218119.2180,1,1068.60,962.80,1124.10,952.11,0.261,0,54.96,183.78,1,palm,direct,0.6074,0.3392,high
218119.2847,1,1018.36,876.68,1058.58,934.63,0.223,0,66.39,183.79,1,palm,direct,0.6031,0.3293,high
218119.3181,1,1034.68,897.70,1049.15,927.77,0.245,0,50.47,201.21,1,palm,direct,0.6045,0.3317,high
218119.3848,1,1069.37,892.47,1055.27,915.14,0.240,0,24.99,159.62,1,palm,direct,0.6075,0.3311,high
218119.4515,1,1134.35,920.96,1075.45,914.20,0.225,0,25.75,118.82,1,palm,direct,0.6131,0.3344,high
218119.4848,1,1111.76,948.89,1081.95,917.72,0.217,0,68.85,156.20,1,palm,direct,0.6111,0.3376,high
218119.5182,1,1112.23,934.86,1087.97,920.97,0.203,0,38.60,161.79,1,palm,direct,0.6112,0.3359,high
218119.5515,1,1128.91,961.66,1099.49,931.68,0.211,0,28.59,157.19,1,palm,direct,0.6126,0.3390,high
218119.6182,1,1123.90,934.28,1107.13,933.64,0.209,0,36.46,130.77,1,palm,direct,0.6122,0.3359,high
218119.6516,1,1114.27,970.42,1110.79,941.60,0.204,0,23.87,122.56,1,palm,direct,0.6113,0.3400,high
218119.6849,1,1127.19,953.01,1113.27,944.45,0.211,0,17.53,120.62,1,palm,direct,0.6124,0.3380,high
218119.7183,1,1123.57,965.45,1116.00,949.30,0.206,0,33.24,124.13,1,palm,direct,0.6121,0.3395,high
218119.7516,1,1128.93,946.69,1116.36,949.49,0.211,0,36.71,130.83,1,palm,direct,0.6126,0.3373,high
218119.7850,1,1121.41,954.62,1116.58,949.63,0.210,0,29.52,127.15,1,palm,direct,0.6119,0.3382,high
218119.8183,1,1123.11,917.39,1116.58,949.63,0.210,0,29.68,125.89,1,palm,direct,0.6121,0.3339,high
218119.8517,1,1149.91,944.00,1123.98,948.26,0.210,0,32.14,124.82,1,palm,direct,0.6144,0.3370,high
218119.8850,1,1108.99,935.63,1123.98,948.26,0.207,0,35.22,130.34,1,palm,direct,0.6109,0.3360,high
218119.9184,1,1116.85,955.38,1123.98,948.26,0.210,0,45.86,142.96,1,palm,direct,0.6115,0.3383,high
218119.9517,1,1139.72,980.24,1124.57,949.45,0.207,0,40.86,150.71,1,palm,direct,0.6135,0.3412,high
218119.9851,1,1174.54,982.00,1137.38,962.72,0.208,0,34.64,152.23,1,palm,direct,0.6165,0.3425,high
218120.0184,1,1199.28,982.00,1158.48,978.42,0.221,0,38.99,158.09,1,palm,direct,0.6186,0.3453,high
218120.0518,1,1257.63,979.50,1201.51,980.76,0.245,0,36.38,161.35,1,palm,direct,0.6237,0.3417,high
218120.0851,1,1310.51,926.26,1256.53,971.67,0.268,0,56.54,184.66,1,palm,direct,0.6282,0.3356,high
218120.1518,1,1512.00,907.75,1488.53,943.87,0.263,0,48.59,166.81,1,palm,direct,0.6496,0.3334,high
218120.1852,1,1512.00,876.74,1508.12,920.80,0.266,0,27.54,161.26,1,palm,direct,0.6540,0.3299,high
218120.2519,1,1512.00,893.35,1510.69,909.35,0.245,0,30.94,125.69,1,palm,direct,0.6607,0.3318,high
218120.2852,1,1512.00,853.86,1511.72,887.50,0.252,0,32.25,127.17,1,palm,direct,0.6618,0.3273,high
218120.3186,1,1512.00,840.16,1511.93,868.00,0.265,0,58.51,156.40,1,palm,direct,0.6630,0.3257,high
218120.3519,1,1512.00,890.36,1511.93,868.00,0.267,0,36.10,159.38,1,palm,direct,0.6641,0.3314,high
218120.3853,1,1512.00,930.44,1511.98,878.77,0.258,0,33.45,159.62,1,palm,direct,0.6664,0.3360,high
218120.4186,1,1512.00,900.29,1511.98,881.01,0.287,0,22.54,149.28,1,palm,direct,0.6671,0.3326,high
218120.4520,1,1512.00,923.45,1511.99,890.48,0.314,0,32.10,148.75,1,palm,direct,0.6676,0.3352,high
218120.4853,1,1511.70,942.97,1511.89,907.00,0.248,0,27.77,143.40,1,palm,direct,0.6669,0.3375,high
218120.5187,1,1512.00,916.15,1511.91,908.05,0.254,0,38.24,148.60,1,palm,direct,0.6680,0.3344,high
218120.5520,1,1512.00,912.22,1511.91,908.05,0.250,0,43.45,159.01,1,palm,direct,0.6683,0.3339,high
218120.5854,1,1509.77,927.92,1511.59,912.06,0.228,0,26.94,152.83,1,palm,direct,0.6676,0.3357,high
218120.6521,1,1512.00,930.08,1511.79,917.57,0.242,0,29.49,122.71,1,palm,direct,0.6709,0.3360,high
218120.6854,1,1500.75,882.63,1511.79,917.57,0.243,0,49.14,140.44,1,palm,direct,0.6685,0.3306,high
218120.7188,1,1498.69,891.96,1509.87,915.81,0.240,0,44.00,151.40,1,palm,direct,0.6684,0.3316,high
218120.7521,1,1512.00,980.93,1511.22,926.03,0.210,0,27.25,145.54,1,palm,direct,0.6719,0.3418,high
218120.7855,1,1512.00,958.11,1511.68,934.71,0.224,0,38.98,151.51,1,palm,direct,0.6706,0.3392,high
218120.8188,1,1489.36,982.00,1507.02,976.04,0.212,0,34.27,152.64,1,palm,direct,0.6682,0.3478,high
218120.8522,1,1512.00,982.00,1508.15,977.39,0.216,0,33.26,152.76,1,palm,direct,0.6723,0.3614,high
218120.8855,1,1512.00,982.00,1508.15,977.39,0.202,0,33.22,153.58,1,palm,direct,0.6721,0.3636,high
218120.9189,1,1508.72,982.00,1508.15,977.39,0.197,0,63.93,184.36,1,palm,direct,0.6707,0.3688,high
218120.9522,1,1512.00,982.00,1508.15,977.39,0.212,0,32.20,183.47,1,palm,direct,0.6749,0.3790,high
218121.0189,1,1512.00,982.00,1508.15,977.39,0.200,0,28.21,145.19,1,palm,direct,0.6724,0.3811,high
218121.0523,1,1512.00,982.00,1508.15,977.39,0.193,0,14.89,126.94,1,palm,direct,0.6733,0.3813,high
218121.0856,1,1507.34,959.87,1508.15,977.39,0.179,0,28.86,125.53,1,palm,direct,0.6722,0.3781,high
218121.1190,1,1493.42,969.67,1508.15,977.39,0.152,0,50.79,149.78,1,palm,direct,0.6709,0.3775,high
218121.1523,1,1492.73,941.26,1506.75,969.09,0.165,0,25.11,141.76,1,palm,direct,0.6708,0.3743,high
218121.1857,1,1493.32,933.73,1506.75,969.09,0.154,0,40.49,149.12,1,palm,direct,0.6706,0.3714,high
218121.2190,1,1512.00,982.00,1507.82,975.29,0.163,0,62.92,178.91,1,palm,direct,0.6729,0.3797,high
218121.2524,1,1512.00,982.00,1508.83,976.91,0.272,0,31.61,177.53,1,palm,direct,0.6750,0.3776,high
218121.3191,1,1512.00,982.00,1508.83,976.91,0.328,0,14.01,125.09,1,palm,direct,0.6771,0.3867,high
218121.3524,1,1512.00,982.00,1508.83,976.91,0.342,0,33.47,125.34,1,palm,direct,0.6773,0.3857,high
218121.3858,1,1512.00,982.00,1508.83,976.91,0.347,0,47.24,139.79,1,palm,direct,0.6764,0.3864,high
218121.4191,1,1512.00,982.00,1508.83,976.91,0.362,0,16.83,123.83,1,palm,direct,0.6785,0.3865,high
218121.4525,1,1512.00,952.95,1508.83,976.91,0.356,0,27.42,118.08,1,palm,direct,0.6772,0.3823,high
218121.4858,1,1512.00,982.00,1508.83,976.91,0.325,0,32.89,126.79,1,palm,direct,0.6792,0.3857,high
218121.5192,1,1479.38,940.52,1508.83,976.91,0.338,0,56.23,149.84,1,palm,direct,0.6749,0.3809,high
218121.5525,1,1477.86,901.36,1500.82,953.90,0.340,0,35.17,151.87,1,palm,direct,0.6748,0.3764,high
218121.6192,1,1462.21,864.39,1488.26,904.68,0.345,0,39.57,155.63,1,palm,direct,0.6734,0.3722,high
218121.6526,1,1487.50,922.42,1488.26,904.68,0.313,0,21.21,143.67,1,palm,direct,0.6756,0.3788,high
218121.7193,1,1458.76,953.08,1479.97,915.55,0.297,0,55.18,148.33,1,palm,direct,0.6731,0.3823,high
218121.7526,1,1460.08,916.65,1477.52,916.85,0.310,0,66.13,181.27,1,palm,direct,0.6733,0.3782,high
218121.7860,1,1430.03,902.09,1464.78,916.02,0.302,0,38.59,187.00,1,palm,direct,0.6707,0.3765,high
218121.8527,1,1379.79,844.30,1419.50,881.50,0.300,0,26.72,147.24,1,palm,direct,0.6663,0.3699,high
218121.8860,1,1325.76,816.40,1377.98,853.85,0.285,0,10.73,124.74,1,palm,direct,0.6617,0.3667,high
218121.9194,1,1265.08,760.17,1319.61,806.14,0.292,0,28.67,120.18,1,palm,direct,0.6565,0.3602,high
218121.9527,1,1223.24,708.26,1266.69,751.10,0.290,0,25.84,120.14,1,palm,direct,0.6529,0.3543,high
218121.9861,1,1200.61,720.57,1232.20,734.33,0.287,0,15.41,102.30,1,palm,direct,0.6509,0.3557,high
218122.0194,1,1144.66,653.09,1182.39,688.12,0.287,0,31.73,120.70,1,palm,direct,0.6461,0.3480,high
218122.0528,1,1101.16,606.68,1135.73,639.77,0.280,0,32.31,119.87,1,palm,direct,0.6424,0.3426,high
218122.0861,1,1099.52,668.19,1117.93,650.60,0.280,0,39.04,125.69,1,palm,direct,0.6423,0.3497,high
218122.1195,1,1039.65,658.60,1075.23,655.53,0.281,0,31.96,124.55,1,palm,direct,0.6371,0.3486,high
218122.1528,1,1001.87,620.40,1034.47,639.82,0.280,0,32.35,123.76,1,palm,direct,0.6339,0.3442,high
218122.1862,1,957.34,598.19,990.99,619.41,0.287,0,34.04,124.56,1,palm,direct,0.6300,0.3417,high
218122.2195,1,914.67,568.88,947.50,593.83,0.279,0,23.54,115.06,1,palm,direct,0.6264,0.3383,high
218122.2529,1,847.34,525.74,887.92,556.74,0.292,0,36.41,118.43,1,palm,direct,0.6206,0.3334,high
218122.2862,1,816.47,495.64,846.07,523.29,0.287,0,37.13,122.33,1,palm,direct,0.6179,0.3299,high
218122.3196,1,774.00,463.67,804.06,489.89,0.278,0,27.99,117.35,1,palm,direct,0.6143,0.3262,high
218122.3529,1,755.58,432.27,776.59,458.14,0.289,0,38.53,122.76,1,palm,direct,0.6127,0.3226,high
218122.3863,1,706.01,415.92,737.07,434.23,0.293,0,32.26,122.09,1,palm,direct,0.6084,0.3208,high
218122.4196,1,668.08,426.91,698.91,429.50,0.296,0,33.22,122.13,1,palm,direct,0.6052,0.3220,high
218122.4530,1,660.80,427.60,679.95,428.48,0.286,0,37.53,126.46,1,palm,direct,0.6045,0.3221,high
218122.4863,1,637.26,418.30,658.70,424.42,0.278,0,59.56,152.75,1,palm,direct,0.6025,0.3210,high
218122.5197,1,619.30,414.00,639.86,420.23,0.288,0,46.72,167.41,1,palm,direct,0.6010,0.3205,high
218122.5530,1,596.38,423.86,619.27,420.84,0.274,0,23.57,157.82,1,palm,direct,0.5990,0.3217,high
218122.6197,1,582.25,403.14,598.12,413.04,0.265,0,35.03,144.85,1,palm,direct,0.5978,0.3193,high
218122.6531,1,538.96,395.51,570.68,406.36,0.289,0,18.34,129.95,1,palm,direct,0.5941,0.3184,high
218122.6864,1,502.12,374.10,536.99,394.17,0.307,0,28.63,125.34,1,palm,direct,0.5909,0.3160,high
218122.7198,1,498.49,362.20,519.15,382.45,0.306,0,33.53,127.03,1,palm,direct,0.5906,0.3146,high
218122.7531,1,473.80,338.91,497.69,364.37,0.320,0,24.42,119.55,1,palm,direct,0.5885,0.3119,high
218122.7865,1,445.60,318.83,472.78,344.00,0.322,0,69.53,157.77,1,palm,direct,0.5860,0.3096,high
218122.8198,1,432.78,316.30,454.79,331.99,0.311,0,53.45,178.83,1,palm,direct,0.5849,0.3093,high
218122.8532,1,440.72,326.78,450.86,330.25,0.293,0,20.72,166.58,1,palm,direct,0.5856,0.3105,high
218122.9199,1,424.73,298.45,436.77,314.69,0.270,0,35.24,136.30,1,palm,direct,0.5842,0.3073,high
218122.9532,1,413.47,319.45,430.45,314.18,0.267,0,44.25,147.43,1,palm,direct,0.5833,0.3097,high
218122.9866,1,407.52,315.87,423.41,314.31,0.258,0,35.82,150.15,1,palm,direct,0.5828,0.3093,high
218123.0199,1,412.37,343.42,419.96,317.33,0.267,0,38.99,156.01,1,palm,direct,0.5832,0.3125,high
218123.0533,1,405.30,325.67,416.84,319.16,0.247,0,30.62,153.41,1,palm,direct,0.5826,0.3104,high
218123.0866,1,413.15,372.64,413.86,329.26,0.252,0,34.08,154.40,1,palm,direct,0.5832,0.3158,high
218123.1200,1,379.24,407.25,402.31,358.45,0.256,0,36.75,157.94,1,palm,direct,0.5803,0.3198,high
218123.1533,1,365.59,428.58,389.06,389.21,0.259,0,25.32,150.17,1,palm,direct,0.5791,0.3222,high
218123.1867,1,368.89,383.73,389.06,389.21,0.140,0,31.68,148.74,1,palm,direct,0.5780,0.3172,high
218123.2200,1,361.09,380.30,383.33,387.56,0.241,0,43.24,159.05,1,palm,direct,0.5774,0.3169,high
218123.2534,1,346.37,404.68,370.24,391.35,0.172,0,33.56,159.48,1,palm,direct,0.5761,0.3196,high
218123.2867,1,368.02,405.13,369.31,392.65,0.207,0,32.00,158.46,1,palm,direct,0.5780,0.3197,high
218123.3201,1,338.24,394.22,360.86,394.88,0.213,0,28.71,154.16,1,palm,direct,0.5754,0.3184,high
218123.3534,1,313.50,407.90,343.61,398.90,0.203,0,39.72,160.70,1,palm,direct,0.5733,0.3200,high
218123.3868,1,322.90,408.65,337.45,401.04,0.211,0,46.31,173.88,1,palm,direct,0.5741,0.3201,high
218123.4201,1,337.28,399.62,337.45,401.04,0.140,0,35.38,176.14,1,palm,direct,0.5748,0.3192,high
218123.4868,1,332.50,423.56,336.37,405.75,0.202,0,14.09,123.75,1,palm,direct,0.5744,0.3220,high
218123.5202,1,329.65,401.66,336.37,405.75,0.212,0,19.69,117.57,1,palm,direct,0.5742,0.3195,high
218123.5535,1,319.04,417.24,333.76,407.66,0.214,0,22.83,116.42,1,palm,direct,0.5733,0.3212,high
218123.5869,1,340.21,402.45,333.76,407.66,0.212,0,25.25,120.44,1,palm,direct,0.5751,0.3196,high
218123.6202,1,339.23,398.63,333.76,407.66,0.195,0,82.04,173.94,1,palm,direct,0.5750,0.3191,high
218123.6536,1,307.21,397.90,332.25,407.32,0.198,0,49.12,189.95,1,palm,direct,0.5722,0.3190,high
218123.7203,1,263.71,349.03,299.48,383.48,0.194,0,30.50,153.89,1,palm,direct,0.5685,0.3134,high
218123.7536,1,259.48,343.48,286.04,370.96,0.185,0,35.76,156.54,1,palm,direct,0.5681,0.3128,high
218123.7870,1,234.41,336.61,267.34,358.38,0.177,0,30.07,153.40,1,palm,direct,0.5660,0.3120,high
218123.8203,1,203.31,312.95,240.70,340.12,0.181,0,31.45,151.61,1,palm,direct,0.5633,0.3093,high
218123.8537,1,188.06,255.11,216.44,299.62,0.176,0,39.24,157.82,1,palm,direct,0.5620,0.3027,high
218123.8870,1,153.97,212.49,187.09,252.83,0.170,0,23.46,148.14,1,palm,direct,0.5591,0.2978,high
218123.9204,1,88.90,165.31,136.37,202.06,0.175,0,30.50,145.41,1,palm,direct,0.5535,0.2924,high
218123.9537,1,92.64,169.51,136.37,202.06,0.157,0,39.48,151.83,1,palm,direct,0.5481,0.2858,high
218123.9871,1,95.21,166.62,136.37,202.06,0.149,0,26.54,145.23,1,palm,direct,0.5427,0.2774,high
218124.0204,1,56.79,111.98,90.60,145.38,0.175,0,29.93,141.93,1,palm,direct,0.5394,0.2711,high
218124.0538,1,18.80,39.73,47.64,75.46,0.169,0,35.79,144.60,1,palm,direct,0.5361,0.2628,high
218124.0871,1,23.23,55.06,47.64,75.46,0.154,0,39.76,151.13,1,palm,direct,0.5328,0.2587,high
218124.1205,1,26.30,58.91,47.64,75.46,0.152,0,28.47,146.40,1,palm,direct,0.5302,0.2551,high
218124.1538,1,17.24,17.86,32.15,41.88,0.169,0,35.64,149.05,1,palm,direct,0.5294,0.2504,high
218124.1872,1,13.48,25.87,24.66,33.97,0.165,0,25.61,141.51,1,palm,direct,0.5291,0.2513,high
218124.2205,1,33.31,36.02,24.66,33.97,0.156,0,34.64,143.02,1,palm,direct,0.5312,0.2523,high
218124.2539,1,29.43,33.24,24.66,33.97,0.154,0,45.33,155.13,1,palm,direct,0.5312,0.2519,high
218124.2872,1,40.57,20.71,24.66,33.97,0.147,0,62.97,184.99,1,palm,direct,0.5330,0.2485,high
218124.3206,1,17.87,32.51,24.66,33.97,0.150,0,27.54,179.40,1,palm,direct,0.5307,0.2497,high
218124.3873,1,24.15,2.55,24.49,19.49,0.160,0,39.16,152.07,1,palm,direct,0.5312,0.2463,high
218124.4206,1,5.74,0.00,20.13,5.86,0.172,0,34.50,153.46,1,palm,direct,0.5297,0.2444,high
218124.4540,1,0.00,0.00,12.51,2.45,0.170,0,36.27,156.56,1,palm,direct,0.5280,0.2424,high
218124.4873,1,2.55,0.00,11.20,1.99,0.180,0,38.42,161.77,1,palm,direct,0.5294,0.2409,high
218124.5207,1,0.00,0.00,5.91,1.05,0.183,0,32.13,160.66,1,palm,direct,0.5275,0.2373,high
218124.5874,1,0.00,0.00,5.91,1.05,0.206,0,45.48,142.35,1,palm,direct,0.5267,0.2343,high
218124.6207,1,0.00,0.00,5.91,1.05,0.233,0,38.85,148.08,1,palm,direct,0.5255,0.2329,high
218124.6541,1,5.78,0.00,5.91,1.05,,0,28.38,143.24,1,palm,direct,0.5275,0.2311,high
218124.6874,1,0.00,0.00,5.91,1.05,0.114,0,46.23,156.54,1,palm,direct,0.5252,0.2304,high
218124.7208,1,0.00,0.00,5.91,1.05,0.100,1,30.21,153.60,1,palm,direct,0.5250,0.2305,high
218124.7541,1,10.60,1.56,5.91,1.05,0.099,1,33.01,153.40,1,palm,direct,0.5264,0.2311,high
218124.7875,1,0.00,10.28,5.91,1.05,0.101,1,39.44,159.69,1,palm,direct,0.5251,0.2321,high
218124.8208,1,17.30,2.93,5.91,1.05,0.091,1,21.10,148.05,1,palm,direct,0.5270,0.2313,high
218124.8542,1,11.57,9.54,5.91,1.05,0.083,1,30.34,145.15,1,palm,direct,0.5265,0.2321,high
218124.8875,1,17.14,0.00,5.91,1.05,0.095,1,32.77,144.83,1,palm,direct,0.5270,0.2296,high
218124.9209,1,9.64,0.00,5.91,1.05,0.088,1,64.35,176.08,1,palm,direct,0.5263,0.2303,high
218124.9542,1,29.18,0.00,5.91,1.05,0.086,1,47.66,190.61,1,palm,direct,0.5280,0.2288,high
218125.0209,1,40.54,0.00,16.78,0.37,0.083,1,34.75,158.81,1,palm,direct,0.5290,0.2290,high
218125.0876,1,18.92,3.38,16.78,0.37,0.087,1,20.99,117.41,1,palm,direct,0.5271,0.2300,high
218125.1210,1,34.93,9.57,18.76,1.09,,1,26.38,126.58,1,palm,direct,0.5285,0.2307,high
218125.1543,1,43.39,14.92,23.45,2.90,0.087,1,29.34,128.54,1,palm,direct,0.5292,0.2313,high
218125.1877,1,36.31,14.66,25.46,3.91,0.095,1,42.85,145.82,1,palm,direct,0.5286,0.2313,high
218125.2210,1,34.25,20.24,27.15,5.41,0.089,1,40.39,152.97,1,palm,direct,0.5284,0.2319,high
218125.2544,1,55.18,12.54,32.51,7.69,0.080,1,33.24,153.01,1,palm,direct,0.5302,0.2310,high
218125.2877,1,35.30,22.49,33.29,8.53,,1,59.29,179.30,1,palm,direct,0.5285,0.2322,high
218125.3211,1,84.55,11.83,46.72,11.43,,1,39.30,185.46,1,palm,direct,0.5328,0.2310,high
218125.3878,1,109.71,53.14,77.68,28.18,,1,31.57,150.91,1,palm,direct,0.5349,0.2357,high
218125.4211,1,158.81,87.51,111.22,50.09,,1,24.75,142.44,1,palm,direct,0.5392,0.2396,high
218125.4545,1,203.66,116.94,155.05,79.88,0.371,0,12.10,121.30,1,palm,direct,0.5430,0.2430,high
218125.4878,1,281.05,153.54,223.42,117.39,0.401,0,26.01,123.16,1,palm,direct,0.5497,0.2472,high
218125.5212,1,341.61,204.08,292.16,165.26,0.354,0,34.10,124.11,1,palm,direct,0.5549,0.2530,high
218125.5545,1,404.79,275.80,360.63,231.86,0.331,0,24.98,115.90,1,palm,direct,0.5603,0.2612,high
218125.5879,1,475.21,340.56,432.19,300.98,0.309,0,30.84,128.94,1,palm,direct,0.5664,0.2686,high
218125.6212,1,550.74,374.37,507.39,348.02,0.309,0,31.89,127.86,1,palm,direct,0.5729,0.2725,high
218125.6546,1,639.60,467.50,594.76,427.71,0.309,0,50.17,144.87,1,palm,direct,0.5805,0.2832,high
218125.6879,1,760.41,530.33,708.00,498.04,0.289,0,40.89,152.63,1,palm,direct,0.5909,0.2904,high
218125.7213,1,809.57,571.17,776.15,546.79,0.281,0,57.16,176.71,1,palm,direct,0.5951,0.2951,high
218125.7546,1,862.94,620.54,833.58,595.51,0.281,0,42.78,186.41,1,palm,direct,0.5997,0.3007,high
218125.8213,1,990.83,625.12,956.23,618.41,0.264,0,33.14,153.76,1,palm,direct,0.6107,0.3013,high
218125.8547,1,1023.87,697.65,999.57,666.29,0.248,0,32.23,152.84,1,palm,direct,0.6135,0.3096,high
218125.8880,1,1079.63,673.56,1048.37,671.80,0.254,0,34.37,154.11,1,palm,direct,0.6183,0.3068,high
218125.9214,1,1118.02,692.51,1090.45,682.86,0.258,0,53.25,174.34,1,palm,direct,0.6216,0.3090,high
218125.9547,1,1145.22,717.25,1122.51,700.67,0.251,0,50.04,191.24,1,palm,direct,0.6240,0.3118,high
218126.0214,1,1247.50,774.92,1215.09,752.62,0.240,0,36.10,160.82,1,palm,direct,0.6328,0.3184,high
218126.0548,1,1284.53,783.87,1255.00,769.16,0.252,0,25.95,153.58,1,palm,direct,0.6359,0.3195,high
218126.0881,1,1297.91,815.19,1278.95,792.07,0.239,0,29.91,150.29,1,palm,direct,0.6371,0.3231,high
218126.1215,1,1341.16,860.01,1314.18,829.37,0.234,0,30.22,147.32,1,palm,direct,0.6408,0.3282,high
218126.1548,1,1356.95,858.41,1336.16,844.43,0.228,0,39.31,153.49,1,palm,direct,0.6422,0.3280,high
218126.1882,1,1392.54,884.03,1366.26,864.98,0.206,0,36.69,157.06,1,palm,direct,0.6452,0.3309,high
218126.2215,1,1398.53,863.00,1380.65,865.40,0.225,0,53.79,177.65,1,palm,direct,0.6457,0.3285,high
218126.2882,1,1417.92,876.90,1402.13,871.18,0.226,0,39.31,150.37,1,palm,direct,0.6474,0.3301,high
218126.3216,1,1425.62,894.70,1411.98,879.09,0.230,0,63.27,180.53,1,palm,direct,0.6481,0.3322,high
218126.3549,1,1450.33,914.77,1428.68,893.92,0.219,0,67.07,214.48,1,palm,direct,0.6502,0.3345,high
218126.4216,1,1491.10,951.43,1466.16,928.35,0.246,0,20.11,168.12,1,palm,direct,0.6537,0.3387,high
218126.4883,1,1512.00,973.40,1503.22,954.87,0.251,0,35.86,137.40,1,palm,direct,0.6570,0.3412,high
218126.5217,1,1508.89,950.19,1503.22,954.87,0.261,0,40.29,144.60,1,palm,direct,0.6552,0.3385,high
218126.5550,1,1512.00,982.00,1510.01,974.14,0.263,0,37.63,149.10,1,palm,direct,0.6568,0.3452,high
218126.5884,1,1512.00,982.00,1510.53,976.18,0.252,0,58.66,174.58,1,palm,direct,0.6594,0.3511,high
218126.6217,1,1512.00,982.00,1510.53,976.18,0.256,0,40.34,181.81,1,palm,direct,0.6598,0.3470,high
218126.6884,1,1512.00,982.00,1510.53,976.18,0.242,0,35.26,150.62,1,palm,direct,0.6608,0.3574,high
218126.7218,1,1512.00,982.00,1510.53,976.18,0.247,0,39.79,157.28,1,palm,direct,0.6598,0.3566,high
218126.7551,1,1512.00,982.00,1510.53,976.18,0.229,0,27.23,151.29,1,palm,direct,0.6629,0.3632,high
218126.8218,1,1512.00,982.00,1510.53,976.18,0.231,0,28.51,118.90,1,palm,direct,0.6644,0.3631,high
218126.8552,1,1489.73,877.37,1506.29,959.05,0.266,0,22.84,114.92,1,palm,direct,0.6610,0.3500,high
218126.8885,1,1512.00,962.51,1506.29,959.05,0.183,0,40.63,130.13,1,palm,direct,0.6635,0.3598,high
218126.9219,1,1503.82,914.16,1506.29,959.05,0.142,0,49.25,146.26,1,palm,direct,0.6624,0.3525,high
218126.9552,1,1491.34,909.35,1506.29,959.05,0.144,0,42.61,155.73,1,palm,direct,0.6610,0.3482,high
218126.9886,1,1490.65,951.22,1506.29,959.05,0.142,0,56.74,179.35,1,palm,direct,0.6606,0.3524,high
218127.0219,1,1488.85,958.88,1506.29,959.05,0.144,0,14.79,163.30,1,palm,direct,0.6601,0.3532,high
218127.0886,1,1492.96,982.00,1506.29,959.05,0.127,0,36.18,134.54,1,palm,direct,0.6599,0.3576,high
218127.1220,1,1507.90,973.62,1506.29,959.05,0.129,0,42.17,144.21,1,palm,direct,0.6612,0.3568,high
218127.1553,1,1512.00,940.03,1506.29,959.05,0.143,0,38.30,149.72,1,palm,direct,0.6619,0.3523,high
218127.1887,1,1504.22,962.18,1506.29,959.05,0.131,0,32.78,149.48,1,palm,direct,0.6610,0.3549,high
218127.2220,1,1505.33,947.20,1506.29,959.05,0.140,0,62.33,178.69,1,palm,direct,0.6611,0.3532,high
218127.2554,1,1499.83,947.12,1506.29,959.05,0.145,0,34.71,180.68,1,palm,direct,0.6606,0.3532,high
218127.3221,1,1503.83,977.51,1506.29,959.05,0.140,0,22.44,136.53,1,palm,direct,0.6609,0.3567,high
218127.3554,1,1495.37,982.00,1506.29,959.05,0.136,0,19.99,123.42,1,palm,direct,0.6602,0.3585,high
218127.3888,1,1487.94,959.50,1506.29,959.05,0.142,0,35.84,126.89,1,palm,direct,0.6596,0.3546,high
218127.4221,1,1504.19,982.00,1502.79,967.67,0.144,0,61.23,156.64,1,palm,direct,0.6610,0.3583,high
218127.4555,1,1512.00,982.00,1503.33,976.01,0.137,0,60.46,184.74,1,palm,direct,0.6624,0.3621,high
218127.4888,1,1503.84,955.68,1503.33,976.01,0.136,0,27.91,179.71,1,palm,direct,0.6609,0.3553,high
218127.5555,1,1512.00,950.59,1504.60,972.98,0.148,0,72.00,185.24,1,palm,direct,0.6619,0.3548,high
218127.5889,1,1507.82,970.78,1504.60,972.98,0.142,0,57.07,209.80,1,palm,direct,0.6613,0.3571,high
218127.6556,1,1511.85,982.00,1504.60,972.98,0.151,0,49.82,193.37,1,palm,direct,0.6616,0.3585,high
218127.7223,1,1509.38,935.97,1506.80,966.57,0.152,0,81.07,207.97,1,palm,direct,0.6614,0.3531,high
218127.7556,1,1499.42,958.51,1506.82,966.39,0.177,0,17.76,192.60,1,palm,direct,0.6606,0.3557,high
218127.8223,1,1485.59,982.00,1504.35,969.03,0.245,0,32.91,158.92,1,palm,direct,0.6594,0.3602,high
218127.8557,1,1491.20,982.00,1500.88,976.55,0.249,0,50.20,176.02,1,palm,direct,0.6599,0.3613,high
218127.8890,1,1496.87,982.00,1500.82,976.67,0.235,0,36.55,179.43,1,palm,direct,0.6603,0.3635,high
218127.9224,1,1485.85,982.00,1499.66,977.81,0.236,0,36.55,182.75,1,palm,direct,0.6594,0.3646,high
218127.9557,1,1512.00,982.00,1499.66,977.81,0.224,0,45.08,194.71,1,palm,direct,0.6617,0.3639,high
218127.9891,1,1500.24,929.88,1499.29,974.79,0.190,0,34.59,196.20,1,palm,direct,0.6606,0.3569,high
218128.0224,1,1508.52,960.84,1499.29,974.79,0.132,0,46.84,209.96,1,palm,direct,0.6614,0.3594,high
218128.0891,1,1479.49,940.45,1499.29,974.79,0.128,0,39.63,183.16,1,palm,direct,0.6581,0.3540,high
218128.1225,1,1497.44,958.40,1499.29,974.79,0.125,0,36.81,186.75,1,palm,direct,0.6596,0.3552,high
218128.1558,1,1504.22,961.82,1499.29,974.79,0.129,0,41.06,194.59,1,palm,direct,0.6603,0.3548,high
218128.1892,1,1494.01,953.19,1499.29,974.79,0.143,0,30.99,192.56,1,palm,direct,0.6593,0.3523,high
218128.2225,1,1497.69,942.81,1499.29,974.79,0.154,0,31.54,190.90,1,palm,direct,0.6596,0.3480,high
218128.2892,1,1500.83,982.00,1499.29,974.79,0.128,0,50.55,179.23,1,palm,direct,0.6599,0.3543,high
218128.3226,1,1497.47,971.90,1499.29,974.79,0.130,0,72.42,218.51,1,palm,direct,0.6596,0.3527,high
218128.3559,1,1493.89,948.13,1498.79,970.50,0.133,0,50.39,235.85,1,palm,direct,0.6593,0.3500,high
218128.4226,1,1484.46,924.82,1494.73,948.49,0.128,0,38.06,207.43,1,palm,direct,0.6585,0.3473,high
218128.4893,1,1512.00,982.00,1497.21,955.81,0.114,0,31.73,172.65,1,palm,direct,0.6611,0.3563,high
218128.5227,1,1510.45,982.00,1500.20,973.76,0.107,1,34.87,174.27,1,palm,direct,0.6607,0.3585,high
218128.5560,1,1512.00,982.00,1501.67,976.65,0.114,1,39.37,180.60,1,palm,direct,0.6612,0.3602,high
218128.5894,1,1478.75,893.70,1501.24,973.44,0.127,1,27.44,174.82,1,palm,direct,0.6580,0.3461,high
218128.6227,1,1504.48,941.47,1501.15,967.16,0.120,1,18.20,159.88,1,palm,direct,0.6602,0.3516,high
218128.6561,1,1477.64,903.77,1497.39,945.97,0.124,1,29.77,162.01,1,palm,direct,0.6579,0.3473,high
218128.6894,1,1505.59,949.17,1497.39,945.97,0.114,1,25.47,157.46,1,palm,direct,0.6603,0.3525,high
218128.7228,1,1472.30,916.35,1494.46,939.08,0.134,1,25.85,160.83,1,palm,direct,0.6575,0.3487,high
218128.7561,1,1490.61,891.87,1492.49,922.52,0.133,1,58.71,188.91,1,palm,direct,0.6590,0.3459,high
218128.7895,1,1498.04,873.25,1492.86,903.12,0.128,1,62.75,218.80,1,palm,direct,0.6597,0.3438,high
218128.8228,1,1499.44,944.41,1493.26,906.21,0.134,1,39.91,225.58,1,palm,direct,0.6598,0.3519,high
218128.8895,1,1509.12,937.18,1496.34,915.28,0.124,1,32.66,191.77,1,palm,direct,0.6606,0.3511,high
218128.9229,1,1508.29,937.35,1497.57,917.93,0.124,1,29.98,189.11,1,palm,direct,0.6606,0.3511,high
218128.9562,1,1505.05,920.30,1497.60,917.98,0.125,1,31.26,187.27,1,palm,direct,0.6603,0.3492,high
218128.9896,1,1481.34,868.72,1497.79,911.98,0.142,1,31.26,185.40,1,palm,direct,0.6582,0.3432,high
218129.0229,1,1512.00,966.13,1498.58,912.86,0.114,1,34.61,186.87,1,palm,direct,0.6617,0.3544,high
218129.0563,1,1476.95,910.53,1498.58,912.86,0.118,1,41.79,195.69,1,palm,direct,0.6579,0.3480,high
218129.0896,1,1512.00,969.56,1501.39,926.88,0.107,1,53.97,216.86,1,palm,direct,0.6617,0.3548,high
218129.1230,1,1512.00,957.73,1504.14,935.64,0.115,1,21.29,204.93,1,palm,direct,0.6614,0.3534,high
218129.1897,1,1482.14,893.41,1502.54,932.32,0.130,1,13.53,151.90,1,palm,direct,0.6583,0.3461,high
218129.2230,1,1493.07,877.64,1499.99,919.39,0.136,1,20.05,153.01,1,palm,direct,0.6592,0.3443,high
218129.2564,1,1484.33,923.13,1499.99,919.39,0.126,1,27.30,155.72,1,palm,direct,0.6585,0.3495,high
218129.2897,1,1510.32,912.39,1499.99,919.39,0.132,1,19.47,151.07,1,palm,direct,0.6607,0.3482,high
218129.3231,1,1474.42,896.09,1496.69,914.83,0.134,1,32.17,157.73,1,palm,direct,0.6576,0.3464,high
218129.3564,1,1486.27,973.26,1494.24,920.07,0.125,1,29.44,158.92,1,palm,direct,0.6587,0.3552,high
218129.3898,1,1474.65,938.17,1491.20,924.08,0.132,1,31.02,158.16,1,palm,direct,0.6577,0.3512,high
218129.4231,1,1484.11,948.82,1489.05,929.29,0.112,1,48.58,178.82,1,palm,direct,0.6585,0.3524,high
218129.4565,1,1498.21,933.43,1489.05,929.29,0.120,1,73.39,219.07,1,palm,direct,0.6597,0.3507,high
218129.4898,1,1479.02,942.10,1488.61,930.80,0.124,1,34.20,220.14,1,palm,direct,0.6580,0.3517,high
218129.5565,1,1462.91,982.00,1479.70,955.78,0.203,0,32.85,186.50,1,palm,direct,0.6567,0.3566,high
218129.5899,1,1450.00,982.00,1472.01,976.38,0.243,0,38.95,192.33,1,palm,direct,0.6555,0.3619,high
218129.6232,1,1412.96,982.00,1455.17,980.56,0.261,0,21.21,180.35,1,palm,direct,0.6524,0.3579,high
218129.6899,1,1365.54,982.00,1406.02,981.84,0.246,0,31.85,162.88,1,palm,direct,0.6483,0.3660,high
218129.7233,1,1289.35,982.00,1349.74,981.98,0.247,0,26.20,156.14,1,palm,direct,0.6417,0.3665,high
218129.7566,1,1237.18,982.00,1289.85,982.00,0.241,0,22.09,148.65,1,palm,direct,0.6372,0.3691,high
218129.7900,1,1175.09,982.00,1224.65,982.00,0.219,0,30.06,156.28,1,palm,direct,0.6319,0.3706,high
218129.8233,1,1117.79,982.00,1161.93,982.00,0.207,0,29.17,155.20,1,palm,direct,0.6270,0.3708,high
218129.8567,1,1014.73,981.56,1069.13,981.82,0.200,0,29.30,156.35,1,palm,direct,0.6181,0.3697,high
218129.8900,1,937.14,982.00,983.97,981.99,0.200,0,33.94,158.22,1,palm,direct,0.6115,0.3711,high
218129.9234,1,872.61,982.00,912.08,982.00,0.203,0,35.81,161.80,1,palm,direct,0.6059,0.3730,high
218129.9567,1,836.36,982.00,865.10,982.00,0.204,0,28.50,159.39,1,palm,direct,0.6028,0.3747,high
218129.9901,1,807.78,982.00,831.30,982.00,0.187,0,35.49,175.81,1,palm,direct,0.6003,0.3776,high
218130.0234,1,778.92,982.00,801.50,982.00,0.187,0,41.77,184.38,1,palm,direct,0.5978,0.3776,high
218130.0568,1,745.70,982.00,770.13,982.00,0.183,0,33.96,185.28,1,palm,direct,0.5950,0.3846,high
218130.0901,1,747.46,982.00,770.13,982.00,0.095,0,43.26,195.43,1,palm,direct,0.5914,0.3918,high
218130.1235,1,687.15,982.00,723.73,982.00,0.171,0,28.28,190.68,1,palm,direct,0.5862,0.3997,high
218130.1568,1,662.86,982.00,689.56,982.00,0.172,0,29.10,186.67,1,palm,direct,0.5841,0.4061,high
218130.1902,1,622.92,982.00,652.05,982.00,0.179,0,24.45,177.87,1,palm,direct,0.5807,0.4130,high
218130.2569,1,495.70,982.00,536.32,982.00,0.175,0,32.89,148.63,1,palm,direct,0.5697,0.4219,high
218130.2902,1,451.38,982.00,486.54,982.00,0.161,0,59.48,177.40,1,palm,direct,0.5659,0.4284,high
218130.3236,1,404.50,982.00,438.41,982.00,0.168,0,17.71,162.34,1,palm,direct,0.5619,0.4316,high
218130.3569,1,365.04,982.00,395.92,982.00,0.173,0,28.15,157.26,1,palm,direct,0.5585,0.4331,high
218130.3903,1,327.43,982.00,356.80,982.00,0.178,0,30.48,163.90,1,palm,direct,0.5553,0.4356,high
218130.4236,1,332.18,981.31,345.68,981.74,0.175,0,47.89,178.59,1,palm,direct,0.5557,0.4342,high
218130.4570,1,269.82,982.00,303.58,981.97,0.174,0,39.14,184.62,1,palm,direct,0.5503,0.4347,high
218130.4903,1,249.88,955.16,274.88,971.23,0.163,0,38.55,190.02,1,palm,direct,0.5486,0.4314,high
218130.5237,1,254.46,947.47,274.88,971.23,0.158,0,61.31,218.38,1,palm,direct,0.5460,0.4286,high
218130.5904,1,223.46,953.42,244.31,964.61,0.162,0,61.16,213.08,1,palm,direct,0.5434,0.4293,high
218130.6237,1,210.73,949.44,244.31,964.61,0.158,0,44.16,224.20,1,palm,direct,0.5379,0.4282,high
218130.6904,1,224.68,964.35,244.31,964.61,0.155,0,25.00,182.92,1,palm,direct,0.5351,0.4299,high
218130.7571,1,207.37,944.34,225.42,960.06,0.169,0,29.70,156.80,1,palm,direct,0.5336,0.4276,high
218130.7905,1,199.80,944.45,215.77,957.28,0.168,0,36.28,161.09,1,palm,direct,0.5329,0.4277,high
218130.8238,1,193.76,952.29,208.37,955.96,0.171,0,49.00,176.99,1,palm,direct,0.5324,0.4286,high
218130.8572,1,174.16,937.23,195.21,952.10,0.165,0,41.53,185.53,1,palm,direct,0.5307,0.4268,high
218130.8905,1,175.85,939.86,189.08,949.75,0.163,0,41.37,193.76,1,palm,direct,0.5309,0.4271,high
218130.9239,1,158.17,936.19,178.17,946.25,0.174,0,35.70,196.22,1,palm,direct,0.5294,0.4267,high
218130.9906,1,130.32,962.09,153.43,949.48,0.162,0,49.90,180.72,1,palm,direct,0.5270,0.4297,high
218131.0239,1,130.86,976.27,146.16,952.72,0.176,0,41.00,188.63,1,palm,direct,0.5270,0.4313,high
218131.0573,1,115.81,966.18,136.22,955.78,0.176,0,59.22,214.90,1,palm,direct,0.5257,0.4301,high
218131.0906,1,87.99,973.12,117.94,960.08,0.184,0,51.05,232.72,1,palm,direct,0.5233,0.4309,high
218131.1573,1,78.39,982.00,97.04,978.08,0.195,0,28.71,194.88,1,palm,direct,0.5225,0.4350,high
218131.2240,1,11.07,982.00,48.41,981.57,0.192,0,33.51,164.01,1,palm,direct,0.5167,0.4358,high
218131.2574,1,0.00,982.00,10.77,981.94,0.196,0,24.88,155.84,1,palm,direct,0.5129,0.4373,high
218131.2907,1,0.00,982.00,6.00,981.97,0.187,0,53.89,185.85,1,palm,direct,0.5117,0.4398,high
218131.3241,1,0.00,982.00,6.00,981.97,0.183,0,33.00,185.72,1,palm,direct,0.5078,0.4408,high
218131.3574,1,0.00,982.00,6.00,981.97,0.182,0,29.83,182.31,1,palm,direct,0.5066,0.4409,high
218131.3908,1,0.00,982.00,6.00,981.97,0.187,0,45.33,194.55,1,palm,direct,0.5070,0.4433,high
218131.4241,1,0.00,982.00,6.00,981.97,0.180,0,57.78,219.11,1,palm,direct,0.5045,0.4427,high
218131.4575,1,0.00,982.00,6.00,981.97,0.178,0,30.09,215.98,1,palm,direct,0.5021,0.4465,high
218131.5242,1,0.00,982.00,6.00,981.97,0.172,0,25.58,175.00,1,palm,direct,0.4999,0.4489,high
218131.5575,1,0.00,982.00,6.00,981.97,0.165,0,16.79,158.85,1,palm,direct,0.4989,0.4472,high
218131.5909,1,0.00,982.00,6.00,981.97,0.159,0,25.21,157.16,1,palm,direct,0.4991,0.4514,high
218131.6242,1,0.00,982.00,6.00,981.97,0.134,0,28.63,159.43,1,palm,direct,0.4952,0.4518,high
218131.6576,1,0.00,973.23,6.00,981.97,0.094,0,43.68,178.17,1,palm,direct,0.4962,0.4486,high
218131.6909,1,0.00,969.23,6.00,981.97,0.088,1,35.61,180.55,1,palm,direct,0.4939,0.4475,high
218131.7243,1,40.04,956.51,13.42,978.73,0.098,1,32.76,180.23,1,palm,direct,0.4985,0.4460,high
218131.7576,1,20.00,960.33,14.68,977.68,0.095,1,32.91,180.22,1,palm,direct,0.4967,0.4465,high
218131.7910,1,60.10,971.27,23.31,975.15,0.090,1,29.13,176.35,1,palm,direct,0.5002,0.4477,high
218131.8243,1,40.02,980.76,25.25,975.04,0.100,1,17.84,161.19,1,palm,direct,0.4985,0.4488,high
218131.8577,1,54.06,956.23,29.25,973.47,0.088,1,27.97,159.53,1,palm,direct,0.4997,0.4460,high
218131.8910,1,61.64,966.12,34.97,971.87,0.092,1,52.28,184.45,1,palm,direct,0.5003,0.4471,high
218131.9243,1,68.73,969.56,42.33,970.90,0.079,1,57.13,208.46,1,palm,direct,0.5009,0.4475,high
218131.9577,1,50.69,971.90,42.91,970.86,0.087,1,41.28,216.67,1,palm,direct,0.4994,0.4478,high
218132.0244,1,96.84,961.67,65.48,968.29,0.085,1,31.10,181.21,1,palm,direct,0.5033,0.4466,high
218132.0578,1,74.39,982.00,66.55,968.62,0.084,1,37.69,185.84,1,palm,direct,0.5014,0.4493,high
218132.0911,1,85.44,980.29,70.54,970.14,0.091,1,34.93,187.64,1,palm,direct,0.5024,0.4488,high
218132.1245,1,75.58,982.00,72.40,972.64,0.085,1,29.36,183.77,1,palm,direct,0.5015,0.4502,high
218132.1578,1,77.78,979.84,72.84,973.22,0.076,1,39.73,190.40,1,palm,direct,0.5017,0.4487,high
218132.1911,1,84.82,982.00,74.80,975.63,0.082,1,30.45,187.99,1,palm,direct,0.5023,0.4495,high
218132.2245,1,90.33,982.00,77.18,977.74,0.090,1,32.96,187.74,1,palm,direct,0.5028,0.4494,high
218132.2578,1,70.49,982.00,77.18,977.74,0.089,1,27.53,182.24,1,palm,direct,0.5011,0.4503,high
218132.2912,1,77.07,978.21,77.18,977.74,0.080,1,34.75,184.42,1,palm,direct,0.5016,0.4489,high
218132.3245,1,57.32,972.27,77.18,977.74,0.089,1,60.92,212.17,1,palm,direct,0.4999,0.4482,high
218132.3579,1,77.90,936.06,76.75,974.76,0.081,1,30.58,209.64,1,palm,direct,0.5017,0.4440,high
218132.4246,1,65.17,954.97,74.76,968.93,0.088,1,39.35,182.57,1,palm,direct,0.5006,0.4462,high
218132.4580,1,95.96,919.21,76.43,954.03,0.090,1,29.43,178.91,1,palm,direct,0.5033,0.4421,high
218132.4913,1,104.93,914.58,81.66,940.69,0.092,1,46.34,192.26,1,palm,direct,0.5040,0.4416,high
218132.5247,1,156.08,849.68,106.87,898.04,0.088,1,26.57,186.83,1,palm,direct,0.5084,0.4341,high
218132.5580,1,195.53,811.60,144.57,852.46,0.097,1,31.71,185.29,1,palm,direct,0.5118,0.4298,high
218132.5914,1,263.27,740.19,205.38,786.12,0.126,1,31.44,183.55,1,palm,direct,0.5177,0.4216,high
218132.6247,1,270.55,664.39,240.22,709.85,0.191,0,41.51,191.91,1,palm,direct,0.5183,0.4129,high
218132.6580,1,402.95,567.59,337.47,613.16,0.295,0,21.06,180.42,1,palm,direct,0.5297,0.4018,high
218132.6914,1,437.46,393.55,400.14,452.81,0.339,0,36.30,183.53,1,palm,direct,0.5326,0.3818,high
218132.7247,1,523.52,269.50,478.87,315.03,0.323,0,45.52,195.90,1,palm,direct,0.5400,0.3676,high
218132.7581,1,606.27,88.35,563.19,138.50,0.333,0,45.08,207.74,1,palm,direct,0.5471,0.3468,high
218132.7914,1,656.47,0.00,624.53,5.45,0.295,0,20.81,195.37,1,palm,direct,0.5515,0.3274,high
218132.8581,1,765.54,0.00,731.38,0.29,0.208,0,25.93,157.24,1,palm,direct,0.5608,0.3024,high
218132.8915,1,782.22,0.00,760.29,0.05,0.203,0,30.93,160.39,1,palm,direct,0.5623,0.2903,high
218132.9249,1,910.67,0.00,857.66,0.00,0.193,0,31.56,162.69,1,palm,direct,0.5733,0.2815,high
218132.9582,1,988.37,0.00,943.50,0.00,0.171,0,34.07,164.92,1,palm,direct,0.5800,0.2762,high
218132.9916,1,986.85,0.00,943.50,0.00,0.098,0,28.08,162.33,1,palm,direct,0.5894,0.2685,high
218133.0249,1,983.90,0.00,943.50,0.00,0.080,1,42.26,175.56,1,palm,direct,0.5980,0.2642,high
218133.0583,1,1122.43,0.00,1069.51,0.00,0.061,1,18.08,160.50,1,palm,direct,0.6099,0.2554,high
218133.0916,1,1270.95,0.00,1217.13,0.00,0.063,1,52.32,182.55,1,palm,direct,0.6227,0.2437,high
218133.1249,1,1379.05,0.00,1335.61,0.00,0.077,1,40.89,190.36,1,palm,direct,0.6320,0.2383,high
218133.1583,1,1482.09,0.00,1442.41,0.00,0.104,1,35.45,192.71,1,palm,direct,0.6408,0.2234,high
218133.1916,1,1512.00,0.00,1506.00,0.00,0.139,1,33.01,192.63,1,palm,direct,0.6480,0.2034,high
218133.2250,1,1512.00,0.00,1506.00,0.00,0.132,1,62.15,221.70,1,palm,direct,0.6594,0.1968,high
218133.2583,0,1506.00,0.00,1506.00,0.00,,1,36.00,224.49,1,palm,direct,-1.0000,-1.0000,high
218133.3251,1,1512.00,0.00,1506.00,0.00,,1,55.56,213.45,1,palm,direct,0.6726,0.1640,high
218133.3584,1,1512.00,0.00,1506.00,0.00,,1,37.27,217.70,1,palm,direct,0.6766,0.1457,high
218133.4251,0,1506.00,0.00,1506.00,0.00,,1,27.67,178.80,1,palm,direct,-1.0000,-1.0000,high
218133.4585,0,1506.00,0.00,1506.00,0.00,,1,44.18,189.85,1,palm,direct,-1.0000,-1.0000,high
218133.4918,0,1506.00,0.00,1506.00,0.00,,1,31.99,188.66,1,palm,direct,-1.0000,-1.0000,high
218133.5252,0,1506.00,0.00,1506.00,0.00,,1,26.15,181.59,1,palm,direct,-1.0000,-1.0000,high
218133.5585,0,1506.00,0.00,1506.00,0.00,,1,32.15,180.73,1,palm,direct,-1.0000,-1.0000,high
218133.5918,0,1506.00,0.00,1506.00,0.00,,0,29.83,177.35,1,palm,direct,-1.0000,-1.0000,high
218133.6252,0,1506.00,0.00,1506.00,0.00,,0,52.15,196.29,1,palm,direct,-1.0000,-1.0000,high
218133.6585,0,1506.00,0.00,1506.00,0.00,,0,46.51,209.67,1,palm,direct,-1.0000,-1.0000,high
218133.6919,0,1506.00,0.00,1506.00,0.00,,0,37.18,213.75,1,palm,direct,-1.0000,-1.0000,high
218133.7586,0,1506.00,0.00,1506.00,0.00,,0,32.62,179.92,1,palm,direct,-1.0000,-1.0000,high
218133.7920,0,1506.00,0.00,1506.00,0.00,,0,44.94,191.76,1,palm,direct,-1.0000,-1.0000,high
218133.8253,0,1506.00,0.00,1506.00,0.00,,0,50.55,209.24,1,palm,direct,-1.0000,-1.0000,high
218133.8587,0,1506.00,0.00,1506.00,0.00,,0,48.93,225.31,1,palm,direct,-1.0000,-1.0000,high
218133.9254,0,1506.00,0.00,1506.00,0.00,,0,38.00,196.84,1,palm,direct,-1.0000,-1.0000,high
218133.9587,0,1506.00,0.00,1506.00,0.00,,0,34.71,198.32,1,palm,direct,-1.0000,-1.0000,high
218133.9921,0,1506.00,0.00,1506.00,0.00,,0,57.76,222.95,1,palm,direct,-1.0000,-1.0000,high
218134.0254,1,1506.00,0.00,1506.00,0.00,,0,27.97,217.97,1,palm,direct,0.6425,0.0554,high
218134.0921,1,1213.35,40.54,1257.54,23.78,,0,18.88,170.30,1,palm,direct,0.6174,0.0600,high
218134.1254,1,1079.66,50.78,1124.48,35.43,,0,74.61,211.73,1,palm,direct,0.6059,0.0612,high
218134.1588,0,1124.48,35.43,1124.48,35.43,,0,32.72,211.22,1,palm,direct,-1.0000,-1.0000,high
218134.2255,1,571.24,93.48,622.57,75.44,,0,13.78,158.40,1,palm,direct,0.5622,0.0661,high
218134.2589,1,488.16,114.57,522.24,92.65,,0,37.71,178.28,1,palm,direct,0.5550,0.0685,high
218134.2922,1,362.39,141.13,402.12,115.87,,0,39.64,184.70,1,palm,direct,0.5442,0.0716,high
218134.3256,1,235.06,163.34,276.25,139.74,,0,28.79,180.35,1,palm,direct,0.5333,0.0741,high
218134.3589,1,171.56,178.12,200.10,158.85,,0,44.32,191.55,1,palm,direct,0.5278,0.0758,high
218134.3923,1,94.73,211.42,124.26,186.02,,0,35.92,194.29,1,palm,direct,0.5212,0.0796,high
218134.4256,1,0.00,230.71,30.02,210.04,,0,25.16,186.29,1,palm,direct,0.5125,0.0818,high
218134.4590,1,10.33,261.72,16.95,234.52,,0,31.59,184.89,1,palm,direct,0.5140,0.0854,high
218134.4923,1,0.00,271.26,3.58,252.49,,0,46.60,198.32,1,palm,direct,0.5086,0.0865,high
218134.5256,1,0.00,305.91,0.66,278.89,,0,46.96,212.25,1,palm,direct,0.5073,0.0905,high
218134.5590,1,0.00,335.99,0.11,308.37,,0,43.14,222.24,1,palm,direct,0.5036,0.0939,high
218134.6257,0,0.11,308.37,0.11,308.37,,0,28.11,183.92,1,palm,direct,-1.0000,-1.0000,high
218134.6590,1,0.00,337.64,0.03,325.77,,0,29.91,180.59,1,palm,direct,0.4971,0.0941,high
218134.6924,1,0.00,364.73,0.01,342.35,,0,42.75,190.24,1,palm,direct,0.4971,0.0972,high
218134.7258,1,0.00,319.15,0.01,342.13,,0,57.95,215.08,1,palm,direct,0.4903,0.0920,high
218134.7591,1,0.00,311.36,0.00,333.87,,0,26.01,207.86,1,palm,direct,0.4883,0.0911,high
218134.8258,1,2.98,297.32,1.32,323.06,,0,44.37,185.85,1,palm,direct,0.4906,0.0895,high
218134.8592,1,0.00,272.89,0.49,312.83,,0,32.49,185.21,1,palm,direct,0.4843,0.0867,high
218134.8925,1,14.54,287.75,4.07,306.81,0.313,0,35.05,187.11,1,palm,direct,0.4884,0.0884,high
218134.9258,1,0.00,293.50,2.89,304.67,0.308,0,37.64,191.62,1,palm,direct,0.4835,0.0890,high
218134.9592,1,11.16,255.75,4.43,289.70,0.329,0,36.52,195.08,1,palm,direct,0.4866,0.0847,high
218134.9925,1,0.00,246.67,1.24,274.64,0.348,0,27.02,189.25,1,palm,direct,0.4836,0.0837,high
218135.0259,1,0.00,224.80,0.29,255.11,0.333,0,33.43,189.57,1,palm,direct,0.4842,0.0812,high
218135.0592,1,23.33,215.76,6.20,239.28,0.327,0,33.47,189.94,1,palm,direct,0.4866,0.0801,high
218135.0926,1,32.75,230.21,10.49,235.88,0.316,0,23.20,180.00,1,palm,direct,0.4874,0.0818,high
218135.1259,1,7.30,201.67,12.15,224.45,0.342,0,33.97,180.78,1,palm,direct,0.4852,0.0785,high
218135.1593,1,29.06,228.88,12.15,224.45,0.330,0,69.62,217.41,1,palm,direct,0.4871,0.0816,high
218135.1927,1,0.00,207.03,5.02,219.79,,0,46.47,230.85,1,palm,direct,0.4791,0.0791,high
218135.2594,1,0.00,218.97,5.02,219.79,0.307,0,55.46,219.83,1,palm,direct,0.4825,0.0805,high
218135.3261,1,0.00,208.49,3.72,218.14,0.357,0,35.33,188.65,1,palm,direct,0.4777,0.0793,high
218135.3594,1,0.00,205.80,2.82,216.45,,0,33.31,188.88,1,palm,direct,0.4786,0.0790,high
218135.3927,1,0.00,209.77,2.66,216.14,0.335,0,49.26,205.00,1,palm,direct,0.4785,0.0794,high
218135.4261,1,9.30,207.42,2.67,215.86,,0,17.61,189.49,1,palm,direct,0.4800,0.0792,high
218135.4928,1,11.11,219.33,2.67,215.86,,0,23.40,153.85,1,palm,direct,0.4801,0.0805,high
218135.5261,1,0.00,203.12,2.67,215.86,0.350,0,25.99,158.62,1,palm,direct,0.4785,0.0787,high
218135.5595,1,5.50,187.39,2.89,210.20,,0,59.23,191.45,1,palm,direct,0.4797,0.0769,high
218135.5928,1,51.62,203.52,6.98,207.41,,0,31.90,190.35,1,palm,direct,0.4836,0.0787,high
218135.6262,1,59.50,215.63,19.31,206.78,,0,31.22,188.36,1,palm,direct,0.4843,0.0801,high
218135.6596,1,35.60,192.32,22.66,205.37,0.913,0,31.65,186.76,1,palm,direct,0.4822,0.0774,high
218135.6929,1,0.00,201.99,19.02,204.37,,0,38.72,192.37,1,palm,direct,0.4753,0.0786,high
218135.7263,1,83.88,208.24,25.86,204.11,0.349,0,31.61,190.74,1,palm,direct,0.4864,0.0793,high
218135.7596,1,8.40,200.60,25.86,204.11,0.359,0,37.47,195.12,1,palm,direct,0.4799,0.0784,high
218135.7930,0,25.86,204.11,25.86,204.11,,0,32.78,194.88,1,palm,direct,-1.0000,-1.0000,high
218135.8263,0,25.86,204.11,25.86,204.11,,0,25.05,186.81,1,palm,direct,-1.0000,-1.0000,high
218135.8596,1,19.60,160.45,24.89,186.49,,0,59.71,213.44,1,palm,direct,0.4809,0.0738,high
218135.8930,1,7.83,180.03,24.45,185.67,,0,27.63,208.65,1,palm,direct,0.4799,0.0760,high
218135.9597,1,28.95,160.83,23.93,177.99,,0,17.59,159.77,1,palm,direct,0.4817,0.0738,high
218135.9930,1,13.29,155.33,22.92,172.93,,0,27.05,156.57,1,palm,direct,0.4803,0.0732,high
218136.0264,1,0.00,178.65,14.15,171.09,0.368,0,22.68,154.32,1,palm,direct,0.4769,0.0759,high
218136.0597,1,0.00,154.44,5.61,167.83,,0,34.59,161.57,1,palm,direct,0.4755,0.0731,high
218136.0931,0,5.61,167.83,5.61,167.83,,0,28.44,159.94,1,palm,direct,-1.0000,-1.0000,high
218136.1265,1,0.00,159.63,4.65,167.05,,0,22.76,151.99,1,palm,direct,0.4757,0.0737,high
218136.1598,1,0.00,161.22,4.41,166.83,,0,22.51,155.48,1,palm,direct,0.4738,0.0739,high
218136.1932,0,4.41,166.83,4.41,166.83,,0,34.45,165.19,1,palm,direct,-1.0000,-1.0000,high
218136.2265,0,4.41,166.83,4.41,166.83,,0,25.21,158.53,1,palm,direct,-1.0000,-1.0000,high
218136.2599,0,4.41,166.83,4.41,166.83,,0,26.43,158.68,1,palm,direct,-1.0000,-1.0000,high
218136.2932,1,0.00,160.39,3.85,166.16,0.343,0,26.45,159.57,1,palm,direct,0.4738,0.0738,high
218136.3265,0,3.85,166.16,3.85,166.16,,0,33.23,165.62,1,palm,direct,-1.0000,-1.0000,high
218136.3599,0,3.85,166.16,3.85,166.16,,0,49.02,184.54,1,palm,direct,-1.0000,-1.0000,high
218136.3932,0,3.85,166.16,3.85,166.16,,0,31.51,183.06,1,palm,direct,-1.0000,-1.0000,high
218136.4266,1,0.00,158.26,3.85,166.16,,0,34.65,184.58,1,palm,direct,0.4726,0.0735,high
218136.4599,1,7.95,157.66,3.85,166.16,,0,34.64,186.23,1,palm,direct,0.4740,0.0735,high
218136.4933,0,3.85,166.16,3.85,166.16,,0,35.23,188.47,1,palm,direct,-1.0000,-1.0000,high
218136.5267,1,30.42,166.69,3.85,166.16,,0,32.46,187.80,1,palm,direct,0.4759,0.0745,high
218136.5600,1,32.85,172.51,3.85,166.16,,0,28.66,183.38,1,palm,direct,0.4762,0.0752,high
218136.5934,0,3.85,166.16,3.85,166.16,,0,28.82,179.11,1,palm,direct,-1.0000,-1.0000,high
218136.6267,1,6.29,164.65,3.85,166.16,,0,25.90,174.37,1,palm,direct,0.4739,0.0743,high
218136.6601,0,3.85,166.16,3.85,166.16,,0,18.05,159.23,1,palm,direct,-1.0000,-1.0000,high
218136.6934,1,27.17,164.00,3.85,166.16,0.354,0,43.61,182.24,1,palm,direct,0.4757,0.0742,high
218136.7268,1,65.81,170.18,25.01,165.24,,0,58.85,207.96,1,palm,direct,0.4790,0.0749,high
218136.7601,1,0.00,151.88,23.50,164.75,,0,35.85,210.79,1,palm,direct,0.4700,0.0728,high
218136.8268,1,36.93,157.65,23.50,164.75,,0,34.70,179.01,1,palm,direct,0.4765,0.0735,high
218136.8601,0,23.50,164.75,23.50,164.75,,0,51.25,197.16,1,palm,direct,-1.0000,-1.0000,high
218136.8935,1,0.00,155.18,13.69,161.41,,0,27.28,191.26,1,palm,direct,0.4718,0.0732,high
218136.9268,1,64.72,158.70,14.72,161.10,,0,53.66,211.81,1,palm,direct,0.4789,0.0736,high
218136.9602,1,67.79,158.04,28.92,159.70,,0,48.16,226.95,1,palm,direct,0.4792,0.0735,high
218137.0269,1,112.31,154.87,71.31,158.06,,0,23.55,184.03,1,palm,direct,0.4830,0.0732,high
218137.0603,1,91.73,208.13,78.77,167.00,,0,25.61,176.41,1,palm,direct,0.4812,0.0793,high
218137.0936,1,81.66,205.75,81.02,177.30,,0,38.68,183.47,1,palm,direct,0.4803,0.0790,high
218137.1270,1,88.54,187.44,81.82,179.07,,0,24.93,182.87,1,palm,direct,0.4809,0.0769,high
218137.1603,1,41.20,208.53,77.96,187.49,,0,23.22,172.84,1,palm,direct,0.4769,0.0793,high
218137.1937,1,49.48,190.98,76.16,188.80,,0,16.96,162.03,1,palm,direct,0.4776,0.0773,high
218137.2270,1,43.73,170.63,71.06,188.08,,0,35.94,177.98,1,palm,direct,0.4771,0.0750,high
218137.2603,0,71.06,188.08,71.06,188.08,,0,31.31,177.10,1,palm,direct,-1.0000,-1.0000,high
218137.2937,1,22.18,139.58,51.18,173.89,,0,37.74,181.74,1,palm,direct,0.4752,0.0714,high
218137.3270,1,0.00,140.66,32.66,164.56,,0,40.33,191.01,1,palm,direct,0.4727,0.0715,high
218137.3604,1,37.27,143.49,31.95,161.91,,0,27.58,185.46,1,palm,direct,0.4765,0.0718,high
218137.3937,1,44.67,148.44,32.55,159.57,,0,29.84,182.62,1,palm,direct,0.4772,0.0724,high
218137.4271,0,32.55,159.57,32.55,159.57,,0,42.72,192.24,1,palm,direct,-1.0000,-1.0000,high
218137.4605,0,32.55,159.57,32.55,159.57,,0,19.02,178.49,1,palm,direct,-1.0000,-1.0000,high
218137.4938,1,0.00,156.33,17.39,156.30,,0,26.60,171.98,1,palm,direct,0.4727,0.0733,high
218137.5272,0,17.39,156.30,17.39,156.30,,0,24.90,185.58,1,palm,direct,-1.0000,-1.0000,high
218137.5605,0,17.39,156.30,17.39,156.30,,0,30.71,183.07,1,palm,direct,-1.0000,-1.0000,high
218137.5939,0,17.39,156.30,17.39,156.30,,0,32.29,182.24,1,palm,direct,-1.0000,-1.0000,high
218137.6272,0,17.39,156.30,17.39,156.30,,0,29.26,179.25,1,palm,direct,-1.0000,-1.0000,high
218137.6606,0,17.39,156.30,17.39,156.30,,0,19.22,165.23,1,palm,direct,-1.0000,-1.0000,high
218137.6939,1,19.39,123.84,16.57,140.48,,0,22.46,156.32,1,palm,direct,0.4750,0.0696,high
218137.7272,1,1.19,138.02,16.33,140.13,,0,28.10,158.21,1,palm,direct,0.4734,0.0712,high
218137.7606,0,16.33,140.13,16.33,140.13,,0,52.09,182.41,1,palm,direct,-1.0000,-1.0000,high
218137.7939,0,16.33,140.13,16.33,140.13,,0,42.04,191.32,1,palm,direct,-1.0000,-1.0000,high
218137.8273,0,16.33,140.13,16.33,140.13,,0,33.52,191.71,1,palm,direct,-1.0000,-1.0000,high
218137.8606,0,16.33,140.13,16.33,140.13,,0,47.98,206.59,1,palm,direct,-1.0000,-1.0000,high
218137.8940,1,36.00,113.42,21.43,127.94,,0,52.88,226.40,1,palm,direct,0.4764,0.0684,high
218137.9607,1,116.11,137.59,61.76,126.71,,0,35.17,195.08,1,palm,direct,0.4833,0.0712,high
218137.9941,1,83.10,162.91,67.98,131.82,,0,44.90,206.87,1,palm,direct,0.4805,0.0741,high
218138.0608,1,103.66,168.79,83.41,146.72,,0,42.33,182.73,1,palm,direct,0.4822,0.0747,high
218138.0941,1,89.39,151.40,83.76,147.02,,0,27.77,177.27,1,palm,direct,0.4810,0.0728,high
218138.1274,1,73.84,177.88,84.24,153.75,,0,44.34,188.49,1,palm,direct,0.4797,0.0758,high
218138.1608,1,11.99,168.95,72.90,159.85,,0,34.57,190.98,1,palm,direct,0.4744,0.0748,high
218138.1941,1,74.79,146.46,72.90,159.85,,0,55.11,213.22,1,palm,direct,0.4798,0.0722,high
218138.2275,1,69.05,146.01,72.90,159.85,,0,41.39,221.51,1,palm,direct,0.4793,0.0721,high
218138.2942,1,25.88,128.21,56.28,150.28,,0,24.62,179.55,1,palm,direct,0.4756,0.0701,high
218138.3275,1,27.21,130.55,49.32,146.34,,0,33.85,180.33,1,palm,direct,0.4757,0.0704,high
218138.3609,1,63.52,147.73,49.32,146.34,,0,28.70,177.22,1,palm,direct,0.4788,0.0723,high
218138.3943,1,11.59,144.06,43.64,145.31,0.373,0,11.65,156.34,1,palm,direct,0.4743,0.0719,high
218138.4276,0,43.64,145.31,43.64,145.31,,0,21.34,153.88,1,palm,direct,-1.0000,-1.0000,high
218138.4610,0,43.64,145.31,43.64,145.31,,0,27.04,156.06,1,palm,direct,-1.0000,-1.0000,high
218138.4943,1,5.78,145.57,26.16,144.89,,0,28.77,157.01,1,palm,direct,0.4738,0.0721,high
218138.5277,1,26.16,139.82,26.16,144.89,,0,23.21,155.22,1,palm,direct,0.4756,0.0714,high
218138.5610,0,26.16,144.89,26.16,144.89,,0,25.16,153.56,1,palm,direct,-1.0000,-1.0000,high
218138.5943,0,26.16,144.89,26.16,144.89,,0,25.57,153.76,1,palm,direct,-1.0000,-1.0000,high
218138.6277,0,26.16,144.89,26.16,144.89,,0,49.00,176.65,1,palm,direct,-1.0000,-1.0000,high
218138.6610,0,26.16,144.89,26.16,144.89,,0,40.85,184.40,1,palm,direct,-1.0000,-1.0000,high
218138.6944,0,26.16,144.89,26.16,144.89,,0,62.73,213.93,1,palm,direct,-1.0000,-1.0000,high
218138.7277,0,26.16,144.89,26.16,144.89,,0,43.99,224.73,1,palm,direct,-1.0000,-1.0000,high
218138.7944,0,26.16,144.89,26.16,144.89,,0,32.08,190.55,1,palm,direct,-1.0000,-1.0000,high
218138.8278,1,22.46,144.26,26.16,144.89,,0,40.69,198.10,1,palm,direct,0.4753,0.0719,high
218138.8612,1,0.00,153.91,8.20,145.53,,0,32.92,197.81,1,palm,direct,0.4697,0.0730,high
218138.9279,1,40.59,188.75,12.90,158.49,,0,32.52,165.99,1,palm,direct,0.4768,0.0770,high
218138.9612,1,62.14,213.74,22.46,177.12,,0,44.45,180.12,1,palm,direct,0.4787,0.0799,high
218138.9946,1,126.42,204.20,58.90,188.94,,0,37.91,184.95,1,palm,direct,0.4842,0.0788,high
218139.0279,1,78.29,200.84,64.44,191.79,,0,29.16,180.96,1,palm,direct,0.4801,0.0784,high
218139.0612,1,77.88,221.15,69.52,199.95,,0,33.48,181.35,1,palm,direct,0.4800,0.0807,high
218139.0946,1,59.42,211.80,69.32,201.62,,0,38.86,186.98,1,palm,direct,0.4784,0.0797,high
218139.1279,1,0.98,191.96,63.65,202.17,,0,72.07,226.06,1,palm,direct,0.4734,0.0774,high
218139.1613,1,46.88,188.34,61.29,201.28,,0,26.72,219.64,1,palm,direct,0.4774,0.0770,high
218139.2280,1,22.21,174.38,48.13,195.25,0.335,0,33.50,186.55,1,palm,direct,0.4752,0.0754,high
218139.2613,1,66.25,191.95,48.13,195.25,0.314,0,35.50,189.00,1,palm,direct,0.4790,0.0774,high
218139.2947,1,55.82,180.99,48.13,195.25,,0,47.74,203.82,1,palm,direct,0.4781,0.0761,high
218139.3281,1,33.05,198.11,48.13,195.25,,0,19.32,190.01,1,palm,direct,0.4762,0.0781,high
218139.3948,0,48.13,195.25,48.13,195.25,,0,30.57,158.43,1,palm,direct,-1.0000,-1.0000,high
218139.4281,0,48.13,195.25,48.13,195.25,,0,24.59,157.13,1,palm,direct,-1.0000,-1.0000,high
218139.4615,0,48.13,195.25,48.13,195.25,,0,32.27,157.94,1,palm,direct,-1.0000,-1.0000,high
218139.4948,0,48.13,195.25,48.13,195.25,,0,32.89,160.42,1,palm,direct,-1.0000,-1.0000,high
218139.5281,0,48.13,195.25,48.13,195.25,,0,29.43,156.72,1,palm,direct,-1.0000,-1.0000,high
218139.5615,0,48.13,195.25,48.13,195.25,,0,34.59,164.93,1,palm,direct,-1.0000,-1.0000,high
218139.5948,0,48.13,195.25,48.13,195.25,,0,49.00,180.68,1,palm,direct,-1.0000,-1.0000,high
218139.6282,0,48.13,195.25,48.13,195.25,,0,39.67,187.40,1,palm,direct,-1.0000,-1.0000,high
218139.6615,1,0.00,200.24,6.00,196.94,,0,32.53,186.78,1,palm,direct,0.4499,0.0784,high
218139.6949,0,6.00,196.94,6.00,196.94,,0,36.85,190.49,1,palm,direct,-1.0000,-1.0000,high
218139.7282,1,18.82,212.52,6.00,196.94,,0,33.74,191.10,1,palm,direct,0.4552,0.0798,high
218139.7616,1,14.90,233.64,8.68,205.26,,0,32.23,190.24,1,palm,direct,0.4548,0.0822,high
218139.7950,1,283.20,217.51,141.96,212.45,,0,30.31,187.44,1,palm,direct,0.4779,0.0803,high
218139.8283,1,267.75,228.96,210.08,217.19,0.965,0,30.88,185.32,1,palm,direct,0.4766,0.0816,high
218139.8617,1,301.97,213.18,260.76,216.51,,0,35.88,188.13,1,palm,direct,0.4795,0.0798,high
218139.8950,1,302.88,217.36,281.54,216.63,1.156,0,32.02,187.06,1,palm,direct,0.4796,0.0803,high
218139.9284,1,286.49,233.10,282.40,217.35,,0,55.87,209.90,1,palm,direct,0.4782,0.0821,high
218139.9617,1,264.27,241.12,279.41,222.24,,0,16.80,193.53,1,palm,direct,0.4763,0.0830,high
218140.0284,1,289.04,260.40,282.61,238.07,0.316,0,23.05,158.99,1,palm,direct,0.4784,0.0852,high
218140.0617,1,258.81,253.93,278.94,242.60,,0,29.12,163.46,1,palm,direct,0.4758,0.0845,high
218140.0951,1,229.75,218.03,270.72,241.46,0.316,0,41.31,178.82,1,palm,direct,0.4733,0.0804,high
218140.1284,0,270.72,241.46,270.72,241.46,,0,21.07,166.77,1,palm,direct,-1.0000,-1.0000,high
218140.1618,0,270.72,241.46,270.72,241.46,,0,31.50,167.17,1,palm,direct,-1.0000,-1.0000,high
218140.1951,1,179.12,225.39,228.33,235.91,,0,53.66,188.14,1,palm,direct,0.4690,0.0812,high
218140.2285,1,259.55,243.20,228.33,235.91,0.328,0,32.10,187.00,1,palm,direct,0.4759,0.0833,high
218140.2618,0,228.33,235.91,228.33,235.91,,0,35.18,189.34,1,palm,direct,-1.0000,-1.0000,high
218140.2952,1,174.14,222.59,212.33,233.64,0.308,0,38.78,195.10,1,palm,direct,0.4685,0.0809,high
218140.3285,1,247.73,251.24,212.33,233.64,0.313,0,22.16,184.17,1,palm,direct,0.4749,0.0842,high
218140.3619,0,212.33,233.64,212.33,233.64,,0,28.59,179.72,1,palm,direct,-1.0000,-1.0000,high
218140.3952,0,212.33,233.64,212.33,233.64,,0,26.25,173.49,1,palm,direct,-1.0000,-1.0000,high
218140.4286,1,193.72,272.22,207.32,248.98,0.314,0,49.04,189.43,1,palm,direct,0.4702,0.0866,high
218140.4619,0,207.32,248.98,207.32,248.98,,0,35.56,191.79,1,palm,direct,-1.0000,-1.0000,high
218140.4953,0,207.32,248.98,207.32,248.98,,0,41.89,200.58,1,palm,direct,-1.0000,-1.0000,high
218140.5286,1,76.82,261.43,131.25,257.25,,0,40.04,207.40,1,palm,direct,0.4602,0.0854,high
218140.5620,0,131.25,257.25,131.25,257.25,,0,84.80,259.21,1,palm,direct,-1.0000,-1.0000,high
218140.5953,1,134.71,287.96,130.27,265.13,,0,34.32,260.60,1,palm,direct,0.4651,0.0884,high
218140.6954,0,130.27,265.13,130.27,265.13,,0,49.64,210.38,1,palm,direct,-1.0000,-1.0000,high
218140.7287,1,233.43,259.89,179.58,265.43,,0,44.09,221.52,1,palm,direct,0.4736,0.0852,high
218140.7954,0,179.58,265.43,179.58,265.43,,0,58.06,213.04,1,palm,direct,-1.0000,-1.0000,high
218140.8288,0,179.58,265.43,179.58,265.43,,0,40.54,220.47,1,palm,direct,-1.0000,-1.0000,high
218140.8621,1,156.13,277.19,177.84,267.14,0.286,0,43.26,230.50,1,palm,direct,0.4670,0.0872,high
218140.9288,1,207.25,283.98,181.50,271.36,,0,50.64,214.61,1,palm,direct,0.4714,0.0880,high
218140.9622,1,232.87,289.47,194.23,276.87,0.232,0,30.14,211.68,1,palm,direct,0.4736,0.0886,high
218141.0289,1,207.45,271.53,197.06,276.81,0.292,0,40.58,186.50,1,palm,direct,0.4714,0.0865,high
218141.0622,0,197.06,276.81,197.06,276.81,,0,29.23,182.51,1,palm,direct,-1.0000,-1.0000,high
218141.0956,0,197.06,276.81,197.06,276.81,,0,37.29,188.65,1,palm,direct,-1.0000,-1.0000,high
218141.1289,1,123.34,288.49,174.04,280.84,,0,35.91,191.38,1,palm,direct,0.4642,0.0885,high
218141.1623,1,246.93,289.01,184.16,282.48,,0,28.56,186.70,1,palm,direct,0.4748,0.0885,high
218141.1956,0,184.16,282.48,184.16,282.48,,0,25.94,179.44,1,palm,direct,-1.0000,-1.0000,high
218141.2290,1,206.72,262.94,191.52,280.02,,0,30.43,177.58,1,palm,direct,0.4713,0.0855,high
218141.2623,0,191.52,280.02,191.52,280.02,,0,38.48,182.95,1,palm,direct,-1.0000,-1.0000,high
218141.2957,0,191.52,280.02,191.52,280.02,,0,39.77,189.63,1,palm,direct,-1.0000,-1.0000,high
218141.3290,1,11.31,320.89,86.80,298.09,,0,34.53,191.87,1,palm,direct,0.4545,0.0922,high
218141.3624,1,0.00,340.44,5.91,311.90,,0,47.21,206.09,1,palm,direct,0.4307,0.0944,high
218141.3957,1,144.48,330.57,64.99,318.39,,0,42.94,215.94,1,palm,direct,0.4538,0.0933,high
218141.4291,1,0.00,359.17,5.81,333.63,,0,35.48,218.34,1,palm,direct,0.4290,0.0966,high
218141.4958,0,5.81,333.63,5.81,333.63,,0,32.68,184.54,1,palm,direct,-1.0000,-1.0000,high
218141.5291,0,5.81,333.63,5.81,333.63,,0,39.16,190.58,1,palm,direct,-1.0000,-1.0000,high
218141.5625,0,5.81,333.63,5.81,333.63,,0,34.27,191.73,1,palm,direct,-1.0000,-1.0000,high
218141.5958,1,0.00,359.67,1.77,346.76,,0,34.65,193.19,1,palm,direct,0.4182,0.0966,high
218141.6292,1,0.00,370.21,0.89,352.61,,0,35.19,195.38,1,palm,direct,0.4156,0.0978,high
218141.6625,1,0.00,372.60,0.49,357.42,,0,28.38,190.73,1,palm,direct,0.4155,0.0981,high
218141.6959,1,0.00,385.70,0.21,365.56,,0,30.07,187.75,1,palm,direct,0.4115,0.0996,high
218141.7292,0,0.21,365.56,0.21,365.56,,0,36.21,190.72,1,palm,direct,-1.0000,-1.0000,high
218141.7626,1,17.61,416.06,9.27,390.97,,0,49.88,213.14,1,palm,direct,0.4152,0.1031,high
218141.7959,0,9.27,390.97,9.27,390.97,,0,28.96,209.12,1,palm,direct,-1.0000,-1.0000,high
218141.8626,1,0.00,389.23,5.93,391.50,,0,15.82,158.47,1,palm,direct,0.4067,0.1000,high
218141.8960,1,0.00,396.46,5.65,391.60,,0,18.58,152.96,1,palm,direct,0.4024,0.1008,high
218141.9293,0,5.65,391.60,5.65,391.60,,0,25.24,163.17,1,palm,direct,-1.0000,-1.0000,high
218141.9627,1,0.00,402.50,4.18,393.11,,0,22.54,157.38,1,palm,direct,0.4019,0.1015,high
218141.9960,1,24.48,399.87,5.44,394.18,,0,21.86,159.94,1,palm,direct,0.4053,0.1012,high
218142.0294,1,0.00,396.62,5.03,394.44,,0,41.84,178.72,1,palm,direct,0.4018,0.1009,high
218142.0627,0,5.03,394.44,5.03,394.44,,0,38.58,184.19,1,palm,direct,-1.0000,-1.0000,high
218142.0961,0,5.03,394.44,5.03,394.44,,0,64.44,215.52,1,palm,direct,-1.0000,-1.0000,high
218142.1294,1,397.34,322.36,287.79,359.41,,0,63.15,245.57,1,palm,direct,0.4373,0.0924,high
218142.1961,0,287.79,359.41,287.79,359.41,,0,47.52,226.62,1,palm,direct,-1.0000,-1.0000,high
218142.2628,0,287.79,359.41,287.79,359.41,,0,28.75,189.01,1,palm,direct,-1.0000,-1.0000,high
218142.2962,0,287.79,359.41,287.79,359.41,,0,29.65,185.66,1,palm,direct,-1.0000,-1.0000,high
218142.3295,0,287.79,359.41,287.79,359.41,,0,28.14,185.22,1,palm,direct,-1.0000,-1.0000,high
218142.3629,0,287.79,359.41,287.79,359.41,,0,41.74,193.79,1,palm,direct,-1.0000,-1.0000,high
218142.3962,0,287.79,359.41,287.79,359.41,,0,18.48,179.28,1,palm,direct,-1.0000,-1.0000,high
218142.4296,0,287.79,359.41,287.79,359.41,,0,23.12,169.38,1,palm,direct,-1.0000,-1.0000,high
218142.4629,0,287.79,359.41,287.79,359.41,,0,8.09,144.25,1,palm,direct,-1.0000,-1.0000,high
218142.4963,0,287.79,359.41,287.79,359.41,,0,15.02,151.41,1,palm,direct,-1.0000,-1.0000,high
218142.5296,0,287.79,359.41,287.79,359.41,,0,20.08,150.07,1,palm,direct,-1.0000,-1.0000,high
218142.5630,0,287.79,359.41,287.79,359.41,,0,21.77,150.82,1,palm,direct,-1.0000,-1.0000,high
218142.5963,0,287.79,359.41,287.79,359.41,,0,45.07,176.67,1,palm,direct,-1.0000,-1.0000,high
218142.6297,0,287.79,359.41,287.79,359.41,,0,30.02,174.77,1,palm,direct,-1.0000,-1.0000,high
218142.6630,0,287.79,359.41,287.79,359.41,,0,9.56,151.12,1,palm,direct,-1.0000,-1.0000,high
218142.6964,0,287.79,359.41,287.79,359.41,,0,15.94,142.78,1,palm,direct,-1.0000,-1.0000,high
218142.7297,0,287.79,359.41,287.79,359.41,,0,22.90,151.04,1,palm,direct,-1.0000,-1.0000,high
218142.7631,0,287.79,359.41,287.79,359.41,,0,11.08,139.93,1,palm,direct,-1.0000,-1.0000,high
218142.7964,0,287.79,359.41,287.79,359.41,,0,23.81,150.42,1,palm,direct,-1.0000,-1.0000,high
218142.8298,0,287.79,359.41,287.79,359.41,,0,15.39,145.86,1,palm,direct,-1.0000,-1.0000,high
218142.8631,0,287.79,359.41,287.79,359.41,,0,22.32,146.77,1,palm,direct,-1.0000,-1.0000,high
218142.8965,0,287.79,359.41,287.79,359.41,,0,22.25,148.30,1,palm,direct,-1.0000,-1.0000,high
218142.9298,0,287.79,359.41,287.79,359.41,,0,25.61,151.51,1,palm,direct,-1.0000,-1.0000,high
218142.9632,0,287.79,359.41,287.79,359.41,,0,23.22,151.93,1,palm,direct,-1.0000,-1.0000,high
218142.9965,0,287.79,359.41,287.79,359.41,,0,12.46,140.90,1,palm,direct,-1.0000,-1.0000,high
218143.0299,0,287.79,359.41,287.79,359.41,,0,13.68,145.12,1,palm,direct,-1.0000,-1.0000,high
218143.0632,0,287.79,359.41,287.79,359.41,,0,14.42,144.31,1,palm,direct,-1.0000,-1.0000,high
218143.0966,0,287.79,359.41,287.79,359.41,,0,13.95,143.40,1,palm,direct,-1.0000,-1.0000,high
218143.1299,0,287.79,359.41,287.79,359.41,,0,23.23,168.57,1,palm,direct,-1.0000,-1.0000,high
218143.1633,0,287.79,359.41,287.79,359.41,,0,12.49,147.83,1,palm,direct,-1.0000,-1.0000,high
218143.1966,0,287.79,359.41,287.79,359.41,,0,20.96,150.15,1,palm,direct,-1.0000,-1.0000,high
218143.2300,0,287.79,359.41,287.79,359.41,,0,19.90,153.06,1,palm,direct,-1.0000,-1.0000,high
218143.2633,0,287.79,359.41,287.79,359.41,,0,14.08,141.33,1,palm,direct,-1.0000,-1.0000,high
218143.2967,0,287.79,359.41,287.79,359.41,,0,14.20,144.70,1,palm,direct,-1.0000,-1.0000,high
218143.3300,0,287.79,359.41,287.79,359.41,,0,19.44,147.56,1,palm,direct,-1.0000,-1.0000,high
218143.3634,0,287.79,359.41,287.79,359.41,,0,12.85,142.15,1,palm,direct,-1.0000,-1.0000,high
218143.3967,0,287.79,359.41,287.79,359.41,,0,17.85,147.85,1,palm,direct,-1.0000,-1.0000,high
218143.4301,0,287.79,359.41,287.79,359.41,,0,22.81,150.38,1,palm,direct,-1.0000,-1.0000,high
218143.4634,0,287.79,359.41,287.79,359.41,,0,22.03,151.96,1,palm,direct,-1.0000,-1.0000,high
218143.4968,0,287.79,359.41,287.79,359.41,,0,19.99,148.68,1,palm,direct,-1.0000,-1.0000,high
218143.5301,0,287.79,359.41,287.79,359.41,,0,22.97,151.11,1,palm,direct,-1.0000,-1.0000,high
218143.5635,0,287.79,359.41,287.79,359.41,,0,21.90,150.71,1,palm,direct,-1.0000,-1.0000,high
218143.5968,0,287.79,359.41,287.79,359.41,,0,18.59,145.96,1,palm,direct,-1.0000,-1.0000,high
218143.6302,0,287.79,359.41,287.79,359.41,,0,20.56,149.34,1,palm,direct,-1.0000,-1.0000,high
218143.6635,0,287.79,359.41,287.79,359.41,,0,18.94,148.47,1,palm,direct,-1.0000,-1.0000,high
218143.6969,0,287.79,359.41,287.79,359.41,,0,19.98,147.23,1,palm,direct,-1.0000,-1.0000,high
218143.7302,0,287.79,359.41,287.79,359.41,,0,10.06,141.06,1,palm,direct,-1.0000,-1.0000,high
218143.7636,0,287.79,359.41,287.79,359.41,,0,18.37,144.04,1,palm,direct,-1.0000,-1.0000,high
218143.7969,0,287.79,359.41,287.79,359.41,,0,10.10,140.41,1,palm,direct,-1.0000,-1.0000,high
218143.8303,0,287.79,359.41,287.79,359.41,,0,17.09,144.40,1,palm,direct,-1.0000,-1.0000,high
218143.8636,0,287.79,359.41,287.79,359.41,,0,21.61,150.65,1,palm,direct,-1.0000,-1.0000,high
218143.8970,0,287.79,359.41,287.79,359.41,,0,20.20,147.10,1,palm,direct,-1.0000,-1.0000,high
218143.9303,0,287.79,359.41,287.79,359.41,,0,26.79,155.59,1,palm,direct,-1.0000,-1.0000,high
218143.9637,0,287.79,359.41,287.79,359.41,,0,15.80,144.63,1,palm,direct,-1.0000,-1.0000,high
218143.9970,0,287.79,359.41,287.79,359.41,,0,15.01,144.70,1,palm,direct,-1.0000,-1.0000,high
218144.0304,0,287.79,359.41,287.79,359.41,,0,12.53,142.97,1,palm,direct,-1.0000,-1.0000,high
218144.0637,0,287.79,359.41,287.79,359.41,,0,23.13,147.01,1,palm,direct,-1.0000,-1.0000,high
218144.0971,0,287.79,359.41,287.79,359.41,,0,14.81,138.61,1,palm,direct,-1.0000,-1.0000,high
218144.1304,0,287.79,359.41,287.79,359.41,,0,27.60,152.97,1,palm,direct,-1.0000,-1.0000,high
218144.1638,0,287.79,359.41,287.79,359.41,,0,12.92,137.71,1,palm,direct,-1.0000,-1.0000,high
218144.1971,0,287.79,359.41,287.79,359.41,,0,22.44,148.41,1,palm,direct,-1.0000,-1.0000,high
218144.2305,0,287.79,359.41,287.79,359.41,,0,41.03,171.57,1,palm,direct,-1.0000,-1.0000,high
218144.2638,0,287.79,359.41,287.79,359.41,,0,9.84,148.27,1,palm,direct,-1.0000,-1.0000,high
218144.2972,0,287.79,359.41,287.79,359.41,,0,15.23,140.94,1,palm,direct,-1.0000,-1.0000,high
218144.3305,0,287.79,359.41,287.79,359.41,,0,12.25,142.31,1,palm,direct,-1.0000,-1.0000,high
218144.3639,0,287.79,359.41,287.79,359.41,,0,25.21,148.33,1,palm,direct,-1.0000,-1.0000,high
218144.3972,0,287.79,359.41,287.79,359.41,,0,24.06,149.43,1,palm,direct,-1.0000,-1.0000,high
218144.4306,0,287.79,359.41,287.79,359.41,,0,22.39,146.52,1,palm,direct,-1.0000,-1.0000,high
218144.4639,0,287.79,359.41,287.79,359.41,,0,14.26,144.21,1,palm,direct,-1.0000,-1.0000,high
218144.4973,0,287.79,359.41,287.79,359.41,,0,21.93,146.61,1,palm,direct,-1.0000,-1.0000,high
218144.5306,0,287.79,359.41,287.79,359.41,,0,24.27,148.85,1,palm,direct,-1.0000,-1.0000,high
218144.5640,0,287.79,359.41,287.79,359.41,,0,15.83,144.28,1,palm,direct,-1.0000,-1.0000,high
218144.5973,0,287.79,359.41,287.79,359.41,,0,23.83,149.27,1,palm,direct,-1.0000,-1.0000,high
218144.6307,0,287.79,359.41,287.79,359.41,,0,14.13,142.03,1,palm,direct,-1.0000,-1.0000,high
218144.6640,0,287.79,359.41,287.79,359.41,,0,25.19,149.64,1,palm,direct,-1.0000,-1.0000,high
218144.6974,0,287.79,359.41,287.79,359.41,,0,24.12,152.29,1,palm,direct,-1.0000,-1.0000,high
218144.7307,0,287.79,359.41,287.79,359.41,,0,14.05,141.13,1,palm,direct,-1.0000,-1.0000,high
218144.7641,0,287.79,359.41,287.79,359.41,,0,25.10,153.40,1,palm,direct,-1.0000,-1.0000,high
218144.7974,0,287.79,359.41,287.79,359.41,,0,27.27,156.31,1,palm,direct,-1.0000,-1.0000,high
218144.8308,0,287.79,359.41,287.79,359.41,,0,16.14,143.47,1,palm,direct,-1.0000,-1.0000,high
218144.8641,0,287.79,359.41,287.79,359.41,,0,17.10,144.89,1,palm,direct,-1.0000,-1.0000,high
218144.8975,0,287.79,359.41,287.79,359.41,,0,19.56,146.25,1,palm,direct,-1.0000,-1.0000,high
218144.9308,0,287.79,359.41,287.79,359.41,,0,21.27,149.05,1,palm,direct,-1.0000,-1.0000,high
218144.9642,0,287.79,359.41,287.79,359.41,,0,19.05,147.63,1,palm,direct,-1.0000,-1.0000,high
218144.9975,0,287.79,359.41,287.79,359.41,,0,31.87,158.15,1,palm,direct,-1.0000,-1.0000,high
218145.0309,0,287.79,359.41,287.79,359.41,,0,17.71,146.20,1,palm,direct,-1.0000,-1.0000,high
218145.0642,0,287.79,359.41,287.79,359.41,,0,16.55,146.50,1,palm,direct,-1.0000,-1.0000,high
218145.0976,0,287.79,359.41,287.79,359.41,,0,24.37,152.33,1,palm,direct,-1.0000,-1.0000,high
218145.1309,0,287.79,359.41,287.79,359.41,,0,20.14,155.49,1,palm,direct,-1.0000,-1.0000,high
218145.1643,0,287.79,359.41,287.79,359.41,,0,12.17,140.83,1,palm,direct,-1.0000,-1.0000,high
218145.1976,0,287.79,359.41,287.79,359.41,,0,20.82,149.43,1,palm,direct,-1.0000,-1.0000,high
218145.2310,0,287.79,359.41,287.79,359.41,,0,24.88,155.18,1,palm,direct,-1.0000,-1.0000,high
218145.2643,0,287.79,359.41,287.79,359.41,,0,15.69,145.17,1,palm,direct,-1.0000,-1.0000,high
218145.2977,0,287.79,359.41,287.79,359.41,,0,14.77,147.19,1,palm,direct,-1.0000,-1.0000,high
218145.3310,0,287.79,359.41,287.79,359.41,,0,23.41,151.10,1,palm,direct,-1.0000,-1.0000,high
218145.3644,0,287.79,359.41,287.79,359.41,,0,15.52,142.29,1,palm,direct,-1.0000,-1.0000,high
218145.3977,0,287.79,359.41,287.79,359.41,,0,16.20,146.42,1,palm,direct,-1.0000,-1.0000,high
218145.4311,0,287.79,359.41,287.79,359.41,,0,13.20,142.16,1,palm,direct,-1.0000,-1.0000,high
218145.4644,0,287.79,359.41,287.79,359.41,,0,12.32,142.65,1,palm,direct,-1.0000,-1.0000,high
218145.4978,0,287.79,359.41,287.79,359.41,,0,21.00,151.45,1,palm,direct,-1.0000,-1.0000,high
218145.5311,0,287.79,359.41,287.79,359.41,,0,15.89,145.27,1,palm,direct,-1.0000,-1.0000,high
218145.5645,0,287.79,359.41,287.79,359.41,,0,11.98,142.14,1,palm,direct,-1.0000,-1.0000,high
218145.5978,0,287.79,359.41,287.79,359.41,,0,10.12,137.91,1,palm,direct,-1.0000,-1.0000,high
218145.6312,0,287.79,359.41,287.79,359.41,,0,14.70,146.48,1,palm,direct,-1.0000,-1.0000,high
218145.6645,0,287.79,359.41,287.79,359.41,,0,17.54,147.04,1,palm,direct,-1.0000,-1.0000,high
218145.6979,0,287.79,359.41,287.79,359.41,,0,15.12,148.93,1,palm,direct,-1.0000,-1.0000,high
218145.7312,0,287.79,359.41,287.79,359.41,,0,19.87,149.47,1,palm,direct,-1.0000,-1.0000,high
218145.7646,0,287.79,359.41,287.79,359.41,,0,11.83,145.18,1,palm,direct,-1.0000,-1.0000,high
218145.7979,0,287.79,359.41,287.79,359.41,,0,17.31,148.44,1,palm,direct,-1.0000,-1.0000,high
218145.8313,0,287.79,359.41,287.79,359.41,,0,20.01,157.50,1,palm,direct,-1.0000,-1.0000,high
218145.8646,0,287.79,359.41,287.79,359.41,,0,21.26,154.74,1,palm,direct,-1.0000,-1.0000,high
218145.8980,0,287.79,359.41,287.79,359.41,,0,33.19,170.54,1,palm,direct,-1.0000,-1.0000,high
218145.9313,0,287.79,359.41,287.79,359.41,,0,10.65,147.96,1,palm,direct,-1.0000,-1.0000,high
218145.9647,0,287.79,359.41,287.79,359.41,,0,13.35,146.74,1,palm,direct,-1.0000,-1.0000,high
218145.9980,0,287.79,359.41,287.79,359.41,,0,21.25,158.58,1,palm,direct,-1.0000,-1.0000,high
218146.0314,0,287.79,359.41,287.79,359.41,,0,14.88,149.99,1,palm,direct,-1.0000,-1.0000,high
218146.0647,0,287.79,359.41,287.79,359.41,,0,8.89,147.74,1,palm,direct,-1.0000,-1.0000,high
218146.0981,0,287.79,359.41,287.79,359.41,,0,44.77,177.57,1,palm,direct,-1.0000,-1.0000,high
218146.1314,0,287.79,359.41,287.79,359.41,,0,13.69,158.44,1,palm,direct,-1.0000,-1.0000,high
218146.1648,0,287.79,359.41,287.79,359.41,,0,10.06,144.33,1,palm,direct,-1.0000,-1.0000,high
218146.1981,0,287.79,359.41,287.79,359.41,,0,14.91,148.47,1,palm,direct,-1.0000,-1.0000,high
218146.2315,0,287.79,359.41,287.79,359.41,,0,13.49,150.77,1,palm,direct,-1.0000,-1.0000,high
218146.2648,0,287.79,359.41,287.79,359.41,,0,14.55,146.35,1,palm,direct,-1.0000,-1.0000,high
218146.2982,0,287.79,359.41,287.79,359.41,,0,28.40,172.78,1,palm,direct,-1.0000,-1.0000,high
218146.3315,0,287.79,359.41,287.79,359.41,,0,11.87,151.61,1,palm,direct,-1.0000,-1.0000,high
218146.3649,0,287.79,359.41,287.79,359.41,,0,10.60,146.55,1,palm,direct,-1.0000,-1.0000,high
218146.3982,0,287.79,359.41,287.79,359.41,,0,44.87,176.21,1,palm,direct,-1.0000,-1.0000,high
218146.4316,0,287.79,359.41,287.79,359.41,,0,9.97,152.96,1,palm,direct,-1.0000,-1.0000,high
218146.4649,0,287.79,359.41,287.79,359.41,,0,6.28,138.89,1,palm,direct,-1.0000,-1.0000,high
218146.4983,0,287.79,359.41,287.79,359.41,,0,13.18,149.46,1,palm,direct,-1.0000,-1.0000,high
218146.5316,0,287.79,359.41,287.79,359.41,,0,24.14,155.21,1,palm,direct,-1.0000,-1.0000,high
218146.5650,0,287.79,359.41,287.79,359.41,,0,11.95,144.51,1,palm,direct,-1.0000,-1.0000,high
218146.5983,0,287.79,359.41,287.79,359.41,,0,12.39,141.31,1,palm,direct,-1.0000,-1.0000,high
218146.6317,0,287.79,359.41,287.79,359.41,,0,15.26,146.86,1,palm,direct,-1.0000,-1.0000,high
218146.6650,0,287.79,359.41,287.79,359.41,,0,21.64,153.04,1,palm,direct,-1.0000,-1.0000,high
218146.6984,0,287.79,359.41,287.79,359.41,,0,23.52,156.04,1,palm,direct,-1.0000,-1.0000,high
218146.7317,1,287.79,359.41,287.79,359.41,,0,25.93,157.94,1,palm,direct,0.5412,0.1981,high
218146.7651,1,226.90,626.72,252.33,590.65,0.345,0,36.54,171.32,1,palm,direct,0.5360,0.2287,high
218146.7984,1,318.06,846.12,283.99,811.76,0.283,0,88.06,226.30,1,palm,direct,0.5438,0.2538,high
218146.8318,1,366.42,831.81,308.84,826.82,0.255,0,34.71,227.93,1,palm,direct,0.5480,0.2522,high
218146.8985,1,412.21,867.89,338.79,859.87,0.283,0,24.78,186.25,1,palm,direct,0.5519,0.2563,high
218146.9318,1,431.11,797.93,369.93,816.98,0.276,0,36.80,189.89,1,palm,direct,0.5535,0.2483,high
218146.9652,1,473.45,807.88,413.26,809.89,0.240,0,30.89,187.64,1,palm,direct,0.5572,0.2495,high
218146.9985,1,497.99,766.74,454.00,782.71,0.276,0,55.08,209.67,1,palm,direct,0.5593,0.2447,high
218147.0319,1,500.76,754.92,475.34,767.08,0.280,0,44.67,221.22,1,palm,direct,0.5595,0.2434,high
218147.0986,1,397.66,800.28,443.47,787.83,0.300,0,34.23,188.92,1,palm,direct,0.5507,0.2486,high
218147.1319,1,367.66,815.53,431.37,800.92,0.292,0,61.19,217.24,1,palm,direct,0.5481,0.2503,high
218147.1653,1,310.07,822.28,389.53,813.12,0.289,0,46.11,230.39,1,palm,direct,0.5431,0.2511,high
218147.2320,1,192.59,813.12,259.26,813.68,0.291,0,56.07,219.94,1,palm,direct,0.5330,0.2501,high
218147.2987,1,73.52,796.02,127.28,804.25,0.290,0,33.82,187.25,1,palm,direct,0.5228,0.2481,high
218147.3320,1,27.30,732.04,70.45,793.31,0.249,0,34.63,190.05,1,palm,direct,0.5188,0.2408,high
218147.3654,1,0.00,717.01,13.51,768.79,0.267,0,55.66,212.70,1,palm,direct,0.5142,0.2390,high
218147.3987,1,0.00,650.65,1.29,713.32,0.303,0,41.94,221.54,1,palm,direct,0.5094,0.2314,high
218147.4654,1,0.00,576.09,0.08,617.79,0.296,0,29.17,184.28,1,palm,direct,0.5014,0.2229,high
218147.4988,1,0.00,557.55,0.01,586.08,0.296,0,31.69,182.81,1,palm,direct,0.4971,0.2208,high
218147.5321,1,0.00,487.72,0.00,528.52,0.305,0,36.62,186.34,1,palm,direct,0.4949,0.2128,high
218147.5655,1,0.00,500.61,0.00,515.36,0.317,0,38.03,191.24,1,palm,direct,0.4906,0.2142,high
218147.5988,1,0.00,481.89,0.00,499.28,0.306,0,34.46,192.62,1,palm,direct,0.4885,0.2121,high
218147.6322,1,0.00,436.63,0.00,465.49,,0,35.13,194.59,1,palm,direct,0.4851,0.2069,high
218147.6655,1,0.00,440.76,0.00,454.75,0.302,0,27.35,188.89,1,palm,direct,0.4851,0.2074,high
218147.6989,1,0.00,439.27,0.00,449.60,0.215,0,40.95,196.72,1,palm,direct,0.4849,0.2072,high
218147.7322,1,5.32,454.75,0.00,449.60,0.111,0,53.69,217.32,1,palm,direct,0.4863,0.2089,high
218147.7989,1,1.55,445.54,0.00,449.60,0.107,1,39.72,190.58,1,palm,direct,0.4862,0.2071,high
218147.8323,1,0.00,469.10,0.00,450.67,0.111,1,30.67,188.11,1,palm,direct,0.4843,0.2098,high
218147.8656,1,0.00,452.21,0.00,450.67,0.107,1,39.48,194.66,1,palm,direct,0.4846,0.2079,high
218147.8990,1,0.00,437.53,0.00,450.67,0.100,1,21.54,183.06,1,palm,direct,0.4847,0.2062,high
218147.9657,1,0.00,435.01,0.00,447.99,0.107,1,32.94,158.78,1,palm,direct,0.4848,0.2059,high
218147.9990,1,0.00,449.40,0.00,447.99,0.100,1,23.28,150.04,1,palm,direct,0.4845,0.2075,high
218148.0324,1,0.00,432.98,0.00,446.84,,1,23.80,150.94,1,palm,direct,0.4845,0.2056,high
218148.0657,1,16.79,416.55,2.25,438.59,,1,30.40,153.84,1,palm,direct,0.4861,0.2038,high
218148.0991,1,15.46,411.73,4.36,431.16,,1,34.08,156.25,1,palm,direct,0.4860,0.2032,high
218148.1324,1,0.00,431.29,4.36,431.16,0.110,1,55.78,180.91,1,palm,direct,0.4845,0.2055,high
218148.1658,1,7.12,428.67,4.36,431.16,0.107,1,39.18,190.93,1,palm,direct,0.4853,0.2052,high
218148.1991,1,22.84,407.70,5.82,427.06,0.103,1,24.48,182.23,1,palm,direct,0.4866,0.2027,high
218148.2325,1,19.79,405.01,7.91,421.65,,1,33.76,182.93,1,palm,direct,0.4864,0.2024,high
218148.2658,1,27.21,429.16,8.19,421.55,0.139,1,66.16,216.00,1,palm,direct,0.4870,0.2052,high
218148.2992,1,0.00,398.41,9.00,418.88,,1,42.84,225.72,1,palm,direct,0.4842,0.2017,high
218148.3659,1,0.45,393.37,8.37,409.85,,1,32.16,191.56,1,palm,direct,0.4847,0.2011,high
218148.3992,1,0.00,369.55,5.15,397.29,,1,37.36,195.84,1,palm,direct,0.4835,0.1984,high
218148.4326,1,0.00,345.72,1.55,378.15,,1,25.18,187.93,1,palm,direct,0.4838,0.1956,high
218148.4993,1,0.00,356.77,0.64,369.61,0.337,0,23.30,150.14,1,palm,direct,0.4836,0.1969,high
218148.5326,1,15.36,366.85,0.64,369.61,0.323,0,48.88,178.98,1,palm,direct,0.4856,0.1981,high
218148.5660,1,4.96,359.13,1.04,368.52,,0,67.64,213.70,1,palm,direct,0.4847,0.1972,high
218148.5993,1,26.50,372.78,1.97,368.11,,0,44.62,225.31,1,palm,direct,0.4866,0.1987,high
218148.6660,1,52.54,408.00,20.51,375.23,0.293,0,24.63,183.36,1,palm,direct,0.4888,0.2028,high
218148.7327,1,130.19,389.98,78.18,380.86,,0,26.48,152.02,1,palm,direct,0.4955,0.2007,high
218148.7661,1,166.89,452.59,117.27,404.48,0.275,0,33.72,152.85,1,palm,direct,0.4986,0.2079,high
218148.7994,1,211.06,455.42,162.82,425.54,0.270,0,63.52,186.57,1,palm,direct,0.5024,0.2082,high
218148.8328,1,247.04,494.66,206.55,457.48,0.278,0,38.33,191.90,1,palm,direct,0.5055,0.2127,high
218148.8661,1,278.41,495.00,243.63,475.47,0.276,0,38.00,196.86,1,palm,direct,0.5082,0.2128,high
218148.8995,1,324.89,524.43,287.63,499.44,,0,46.63,210.27,1,palm,direct,0.5122,0.2161,high
218148.9662,1,378.24,537.77,348.80,523.52,0.246,0,20.74,164.52,1,palm,direct,0.5168,0.2177,high
218148.9995,1,411.15,553.71,381.02,537.18,0.223,0,48.32,179.80,1,palm,direct,0.5196,0.2195,high
218149.0329,1,461.46,570.28,424.46,552.77,0.213,0,35.33,182.00,1,palm,direct,0.5239,0.2214,high
218149.0662,1,487.02,575.91,457.50,563.26,0.191,0,37.57,186.81,1,palm,direct,0.5261,0.2220,high
218149.0996,1,528.32,611.09,496.25,585.58,0.183,0,30.48,184.18,1,palm,direct,0.5297,0.2261,high
218149.1329,1,553.98,615.41,526.67,599.65,0.190,0,37.33,188.34,1,palm,direct,0.5319,0.2266,high
218149.1663,1,575.60,627.62,551.74,612.23,0.199,0,36.51,191.74,1,palm,direct,0.5338,0.2280,high
218149.1996,1,636.55,644.49,598.35,627.85,0.210,0,30.81,189.32,1,palm,direct,0.5390,0.2299,high
218149.2330,1,643.09,615.09,620.68,624.24,0.214,0,31.90,188.32,1,palm,direct,0.5396,0.2265,high
218149.2663,1,665.18,660.31,643.26,637.44,0.212,0,39.58,194.70,1,palm,direct,0.5415,0.2317,high
218149.2997,1,694.95,688.07,670.00,660.17,0.192,0,50.27,211.81,1,palm,direct,0.5440,0.2349,high
218149.3664,1,670.98,640.98,670.00,660.17,0.070,0,37.30,182.71,1,palm,direct,0.5425,0.2274,high
218149.3997,1,667.73,665.77,670.00,660.17,0.067,1,36.03,185.62,1,palm,direct,0.5421,0.2306,high
218149.4331,1,669.42,711.23,669.83,675.74,0.070,1,39.52,192.38,1,palm,direct,0.5422,0.2358,high
218149.4664,1,637.80,596.56,663.95,670.87,0.089,1,21.21,181.31,1,palm,direct,0.5395,0.2227,high
218149.4998,1,641.18,595.74,656.47,649.27,0.081,1,29.28,177.36,1,palm,direct,0.5398,0.2226,high
218149.5331,1,655.09,613.70,655.30,638.55,0.070,1,46.66,191.02,1,palm,direct,0.5410,0.2247,high
218149.5665,1,651.90,628.92,655.07,637.23,0.080,1,23.14,181.21,1,palm,direct,0.5407,0.2264,high
218149.5998,1,668.12,681.38,655.07,637.23,0.077,1,30.93,179.06,1,palm,direct,0.5421,0.2324,high
218149.6332,1,666.56,655.11,655.85,638.15,0.068,1,40.52,186.49,1,palm,direct,0.5420,0.2294,high
218149.6665,1,670.69,671.81,659.60,644.88,0.071,1,15.88,169.28,1,palm,direct,0.5423,0.2313,high
218149.6999,1,648.89,663.12,659.63,647.67,0.075,1,41.61,177.75,1,palm,direct,0.5405,0.2303,high
218149.7332,1,668.56,642.54,659.63,647.67,0.070,1,39.27,183.95,1,palm,direct,0.5422,0.2280,high
218149.7666,1,674.02,660.05,660.59,648.76,0.077,1,70.90,222.19,1,palm,direct,0.5426,0.2300,high
218149.7999,1,678.41,655.49,663.04,650.42,0.064,1,38.26,227.37,1,palm,direct,0.5430,0.2295,high
218149.8666,1,665.20,660.42,663.61,651.25,0.073,1,24.31,185.28,1,palm,direct,0.5419,0.2300,high
218149.9000,1,664.14,633.49,663.61,651.25,0.074,1,32.03,184.08,1,palm,direct,0.5418,0.2269,high
218149.9333,1,674.39,678.18,664.87,653.22,0.066,1,44.27,195.34,1,palm,direct,0.5427,0.2321,high
218149.9667,1,657.88,586.49,665.81,642.61,0.087,1,33.03,195.40,1,palm,direct,0.5412,0.2215,high
218150.0000,1,683.11,607.91,668.36,632.51,0.139,1,23.38,185.66,1,palm,direct,0.5434,0.2240,high
218150.0334,1,718.37,662.08,678.45,633.85,0.216,0,40.02,192.61,1,palm,direct,0.5464,0.2302,high
218150.0667,1,720.82,645.91,690.92,635.73,0.262,0,29.85,189.43,1,palm,direct,0.5466,0.2284,high
218150.1001,1,735.15,646.87,705.29,637.47,0.271,0,39.05,195.38,1,palm,direct,0.5479,0.2285,high
218150.1334,1,745.02,670.02,719.13,643.76,0.261,0,43.66,205.80,1,palm,direct,0.5487,0.2311,high
218150.2001,1,784.01,626.51,753.26,641.01,0.240,0,55.09,195.13,1,palm,direct,0.5521,0.2261,high
218150.2335,1,786.17,623.51,764.53,638.65,0.240,0,31.82,193.86,1,palm,direct,0.5523,0.2258,high
218150.2668,1,814.41,634.02,783.69,637.23,0.232,0,23.50,184.26,1,palm,direct,0.5547,0.2270,high
218150.3002,1,815.27,616.45,795.08,633.65,0.235,0,26.14,177.22,1,palm,direct,0.5548,0.2250,high
218150.3335,1,821.32,612.67,804.17,629.14,0.243,0,39.01,183.14,1,palm,direct,0.5553,0.2245,high
218150.3669,1,830.01,648.21,812.14,630.04,0.226,0,35.92,186.08,1,palm,direct,0.5560,0.2286,high
218150.4002,1,860.27,622.00,830.60,629.14,0.227,0,31.68,185.10,1,palm,direct,0.5586,0.2256,high
218150.4336,1,869.54,601.31,845.63,623.27,0.236,0,41.20,193.19,1,palm,direct,0.5594,0.2232,high
218150.4669,1,923.40,655.36,880.58,625.92,0.223,0,33.19,193.26,1,palm,direct,0.5641,0.2294,high
218150.5003,1,954.30,539.38,916.97,597.01,0.251,0,19.78,179.94,1,palm,direct,0.5667,0.2161,high
218150.5336,1,988.61,660.63,951.84,603.44,0.232,0,27.15,173.86,1,palm,direct,0.5697,0.2300,high
218150.5670,1,1081.51,708.34,1025.88,642.92,0.223,0,17.02,157.78,1,palm,direct,0.5777,0.2355,high
218150.6003,1,1090.76,698.08,1061.50,666.27,0.224,0,25.37,162.73,1,palm,direct,0.5785,0.2343,high
218150.6337,1,1140.01,682.59,1104.83,674.20,0.218,0,23.45,163.64,1,palm,direct,0.5827,0.2326,high
218150.6670,1,1212.92,717.48,1168.75,693.41,0.214,0,47.73,181.16,1,palm,direct,0.5890,0.2366,high
218150.7004,1,1259.48,736.61,1222.61,713.46,0.211,0,34.74,182.73,1,palm,direct,0.5930,0.2388,high
218150.7337,1,1326.63,786.56,1286.55,751.03,0.208,0,72.47,222.13,1,palm,direct,0.5987,0.2445,high
218150.7671,1,1372.75,836.20,1339.69,798.27,0.225,0,28.97,218.10,1,palm,direct,0.6027,0.2502,high
218150.8338,1,1493.73,890.69,1456.29,864.76,0.205,0,25.84,177.49,1,palm,direct,0.6131,0.2564,high
218150.8671,1,1512.00,944.18,1505.83,910.58,0.194,0,13.93,158.23,1,palm,direct,0.6168,0.2625,high
218150.9005,1,1512.00,927.61,1505.83,910.58,0.155,0,21.93,157.75,1,palm,direct,0.6224,0.2642,high
218150.9338,1,1512.00,934.22,1505.83,910.58,0.074,0,25.64,161.42,1,palm,direct,0.6245,0.2693,high
218150.9672,1,1512.00,920.88,1505.83,910.58,0.055,1,47.86,185.68,1,palm,direct,0.6287,0.2696,high
218151.0005,1,1512.00,939.22,1509.93,921.73,0.083,1,40.03,192.64,1,palm,direct,0.6304,0.2717,high
218151.0339,1,1512.00,915.20,1509.93,921.73,0.071,1,57.45,217.05,1,palm,direct,0.6316,0.2689,high
218151.0672,1,1512.00,894.71,1511.04,914.86,0.111,1,34.98,219.17,1,palm,direct,0.6321,0.2666,high
218151.1339,1,1512.00,884.70,1511.69,902.36,0.078,1,36.14,188.96,1,palm,direct,0.6358,0.2654,high
218151.1673,1,1512.00,853.99,1511.87,893.55,0.077,1,36.42,192.31,1,palm,direct,0.6364,0.2619,high
218151.2006,1,1508.17,840.17,1510.76,881.89,0.076,1,49.50,208.72,1,palm,direct,0.6351,0.2603,high
218151.2340,1,1512.00,831.18,1511.65,866.57,0.084,1,40.65,216.52,1,palm,direct,0.6358,0.2593,high
218151.3007,1,1512.00,850.10,1511.81,861.55,0.077,1,28.04,178.52,1,palm,direct,0.6370,0.2615,high
218151.3340,1,1512.00,815.97,1511.95,846.58,0.085,1,14.16,159.62,1,palm,direct,0.6370,0.2576,high
218151.3674,1,1512.00,823.85,1511.97,840.21,0.070,1,44.61,185.16,1,palm,direct,0.6373,0.2585,high
218151.4007,1,1512.00,813.57,1511.99,832.15,0.071,1,32.36,184.54,1,palm,direct,0.6378,0.2573,high
218151.4341,1,1510.07,838.17,1511.99,832.15,0.064,1,30.28,181.71,1,palm,direct,0.6370,0.2601,high
218151.4674,1,1512.00,822.03,1511.99,832.15,0.067,1,33.46,182.04,1,palm,direct,0.6385,0.2582,high
218151.5008,1,1512.00,862.49,1511.99,832.15,0.070,1,33.38,183.11,1,palm,direct,0.6385,0.2629,high
218151.5341,1,1506.65,815.61,1511.99,832.15,0.080,1,62.06,212.63,1,palm,direct,0.6374,0.2575,high
218151.5675,1,1498.74,778.34,1508.94,817.21,0.079,1,94.63,274.03,1,palm,direct,0.6367,0.2532,high
218151.6342,1,1512.00,837.46,1508.94,817.21,0.085,1,31.55,239.13,1,palm,direct,0.6394,0.2600,high
218151.7342,1,1512.00,820.15,1508.94,817.21,0.105,1,14.26,153.53,1,palm,direct,0.6401,0.2580,high
218151.7676,1,1505.09,795.78,1508.94,817.21,0.083,1,24.41,158.91,1,palm,direct,0.6386,0.2552,high
218151.8009,1,1471.69,789.16,1506.07,811.46,0.107,1,25.70,157.71,1,palm,direct,0.6357,0.2545,high
218151.8343,1,1409.23,770.02,1474.67,795.34,0.150,1,29.49,161.71,1,palm,direct,0.6303,0.2523,high
218151.8676,1,1317.15,727.65,1396.36,764.98,0.226,0,19.52,153.25,1,palm,direct,0.6224,0.2474,high
218151.9010,1,1225.09,727.33,1296.43,747.00,0.255,0,25.71,156.51,1,palm,direct,0.6145,0.2474,high
218151.9343,1,1125.18,661.85,1187.46,702.38,0.258,0,27.99,159.86,1,palm,direct,0.6059,0.2399,high
218151.9677,1,988.16,622.16,1051.90,656.44,0.254,0,53.96,184.52,1,palm,direct,0.5941,0.2353,high
218152.0010,1,868.95,627.97,923.81,640.14,0.253,0,25.58,176.98,1,palm,direct,0.5839,0.2360,high
218152.0344,1,735.69,573.34,788.40,601.87,0.294,0,31.16,175.00,1,palm,direct,0.5724,0.2297,high
218152.0677,1,621.30,553.04,667.32,573.54,0.262,0,75.65,217.54,1,palm,direct,0.5626,0.2274,high
218152.1011,1,570.84,522.80,599.84,544.97,0.266,0,38.77,223.13,1,palm,direct,0.5582,0.2239,high
218152.1678,1,422.12,515.64,455.70,524.37,0.265,0,26.43,182.97,1,palm,direct,0.5455,0.2231,high
218152.2011,1,389.99,574.26,412.98,543.31,0.256,0,39.23,189.26,1,palm,direct,0.5427,0.2298,high
218152.2345,1,343.26,556.23,368.88,548.99,0.248,0,36.91,193.07,1,palm,direct,0.5387,0.2278,high
218152.2678,1,311.22,542.95,333.92,547.52,0.222,0,32.77,192.70,1,palm,direct,0.5359,0.2263,high
218152.3012,1,278.54,507.67,300.81,533.29,0.187,0,39.35,198.92,1,palm,direct,0.5331,0.2222,high
218152.3345,1,281.95,515.31,300.81,533.29,0.105,0,27.77,193.60,1,palm,direct,0.5299,0.2212,high
218152.3679,1,286.90,511.31,300.81,533.29,0.105,1,57.13,217.51,1,palm,direct,0.5284,0.2186,high
218152.4012,1,283.30,509.85,294.49,526.73,,1,61.11,245.47,1,palm,direct,0.5280,0.2184,high
218152.4679,1,276.08,473.77,282.64,497.14,,1,31.27,210.19,1,palm,direct,0.5274,0.2143,high
218152.5346,1,254.89,446.72,266.68,468.56,0.084,1,18.95,162.64,1,palm,direct,0.5256,0.2112,high
218152.5680,1,267.49,449.53,266.08,463.15,0.088,1,52.96,182.36,1,palm,direct,0.5267,0.2115,high
218152.6013,1,265.53,460.94,266.08,463.15,0.092,1,27.50,177.28,1,palm,direct,0.5265,0.2128,high
218152.6347,1,270.95,444.88,266.63,459.17,0.089,1,18.14,162.26,1,palm,direct,0.5270,0.2110,high
218152.6680,1,286.20,429.07,270.84,448.91,,1,24.19,159.39,1,palm,direct,0.5283,0.2092,high
218152.7014,1,286.33,436.64,273.05,445.70,,1,17.06,148.81,1,palm,direct,0.5283,0.2100,high
218152.7347,1,291.38,450.79,273.63,445.56,0.084,1,25.69,160.65,1,palm,direct,0.5287,0.2116,high
218152.7681,1,274.41,447.55,273.63,445.56,0.084,1,21.19,154.33,1,palm,direct,0.5273,0.2113,high
218152.8014,1,311.37,480.57,279.01,448.39,0.091,1,35.79,178.50,1,palm,direct,0.5305,0.2151,high
218152.8348,1,310.40,452.27,284.63,449.85,,1,41.11,186.68,1,palm,direct,0.5304,0.2118,high
218152.8681,1,325.89,429.09,294.99,447.53,,1,32.08,185.54,1,palm,direct,0.5317,0.2092,high
218152.9015,1,349.10,395.92,313.37,432.61,,1,31.59,184.03,1,palm,direct,0.5337,0.2054,high
218152.9348,1,406.83,419.97,352.08,426.74,0.138,1,30.44,181.28,1,palm,direct,0.5387,0.2081,high
218152.9682,1,397.19,374.73,371.62,408.75,,1,34.84,182.94,1,palm,direct,0.5378,0.2029,high
218153.0015,1,382.89,279.50,378.40,341.42,0.513,0,41.27,191.43,1,palm,direct,0.5366,0.1920,high
218153.0349,1,270.40,312.36,361.77,326.95,,0,45.55,204.81,1,palm,direct,0.5269,0.1958,high
218153.0682,1,429.68,0.00,381.26,5.99,,0,14.64,186.21,1,palm,direct,0.5406,0.1202,high
218153.1349,0,381.26,5.99,381.26,5.99,,0,38.19,182.52,1,palm,direct,-1.0000,-1.0000,high
218153.1683,0,381.26,5.99,381.26,5.99,,0,20.98,171.27,1,palm,direct,-1.0000,-1.0000,high
218153.2016,0,381.26,5.99,381.26,5.99,,0,10.18,148.25,1,palm,direct,-1.0000,-1.0000,high
218153.2350,0,381.26,5.99,381.26,5.99,,0,13.43,149.81,1,palm,direct,-1.0000,-1.0000,high
218153.2683,0,381.26,5.99,381.26,5.99,,0,25.57,165.93,1,palm,direct,-1.0000,-1.0000,high
218153.3017,0,381.26,5.99,381.26,5.99,,0,15.82,153.28,1,palm,direct,-1.0000,-1.0000,high
218153.3350,0,381.26,5.99,381.26,5.99,,0,32.01,173.23,1,palm,direct,-1.0000,-1.0000,high
218153.3684,0,381.26,5.99,381.26,5.99,,0,12.75,152.94,1,palm,direct,-1.0000,-1.0000,high
218153.4017,0,381.26,5.99,381.26,5.99,,0,15.63,153.03,1,palm,direct,-1.0000,-1.0000,high
218153.4351,0,381.26,5.99,381.26,5.99,,0,13.98,153.25,1,palm,direct,-1.0000,-1.0000,high
218153.4684,0,381.26,5.99,381.26,5.99,,0,13.43,150.11,1,palm,direct,-1.0000,-1.0000,high
218153.5018,0,381.26,5.99,381.26,5.99,,0,15.07,153.62,1,palm,direct,-1.0000,-1.0000,high
218153.5351,0,381.26,5.99,381.26,5.99,,0,16.32,150.57,1,palm,direct,-1.0000,-1.0000,high
218153.5685,0,381.26,5.99,381.26,5.99,,0,34.33,170.74,1,palm,direct,-1.0000,-1.0000,high
218153.6018,0,381.26,5.99,381.26,5.99,,0,13.11,150.74,1,palm,direct,-1.0000,-1.0000,high
218153.6352,0,381.26,5.99,381.26,5.99,,0,36.24,170.20,1,palm,direct,-1.0000,-1.0000,high
218153.6685,0,381.26,5.99,381.26,5.99,,0,42.66,182.69,1,palm,direct,-1.0000,-1.0000,high
218153.7019,0,381.26,5.99,381.26,5.99,,0,31.62,181.28,1,palm,direct,-1.0000,-1.0000,high
218153.7352,0,381.26,5.99,381.26,5.99,,0,33.70,181.95,1,palm,direct,-1.0000,-1.0000,high
218153.7686,0,381.26,5.99,381.26,5.99,,0,30.28,179.16,1,palm,direct,-1.0000,-1.0000,high
218153.8019,0,381.26,5.99,381.26,5.99,,0,11.31,157.44,1,palm,direct,-1.0000,-1.0000,high
218153.8353,0,381.26,5.99,381.26,5.99,,0,18.78,155.12,1,palm,direct,-1.0000,-1.0000,high
218153.8686,0,381.26,5.99,381.26,5.99,,0,23.44,155.53,1,palm,direct,-1.0000,-1.0000,high
218153.9020,0,381.26,5.99,381.26,5.99,,0,21.47,153.70,1,palm,direct,-1.0000,-1.0000,high
218153.9353,0,381.26,5.99,381.26,5.99,,0,13.68,145.76,1,palm,direct,-1.0000,-1.0000,high
218153.9687,0,381.26,5.99,381.26,5.99,,0,13.07,147.75,1,palm,direct,-1.0000,-1.0000,high
218154.0020,0,381.26,5.99,381.26,5.99,,0,13.71,144.82,1,palm,direct,-1.0000,-1.0000,high
218154.0354,0,381.26,5.99,381.26,5.99,,0,14.13,148.45,1,palm,direct,-1.0000,-1.0000,high
218154.0687,0,381.26,5.99,381.26,5.99,,0,22.25,151.51,1,palm,direct,-1.0000,-1.0000,high
218154.1021,0,381.26,5.99,381.26,5.99,,0,21.60,153.62,1,palm,direct,-1.0000,-1.0000,high
218154.1354,0,381.26,5.99,381.26,5.99,,0,8.85,139.98,1,palm,direct,-1.0000,-1.0000,high
218154.1688,0,381.26,5.99,381.26,5.99,,0,14.86,148.99,1,palm,direct,-1.0000,-1.0000,high
218154.2021,0,381.26,5.99,381.26,5.99,,0,19.04,147.97,1,palm,direct,-1.0000,-1.0000,high
218154.2355,0,381.26,5.99,381.26,5.99,,0,19.51,150.72,1,palm,direct,-1.0000,-1.0000,high
218154.2688,0,381.26,5.99,381.26,5.99,,0,17.03,148.00,1,palm,direct,-1.0000,-1.0000,high
218154.3022,0,381.26,5.99,381.26,5.99,,0,12.37,146.40,1,palm,direct,-1.0000,-1.0000,high
218154.3355,0,381.26,5.99,381.26,5.99,,0,15.77,144.77,1,palm,direct,-1.0000,-1.0000,high
218154.3689,0,381.26,5.99,381.26,5.99,,0,25.26,155.17,1,palm,direct,-1.0000,-1.0000,high
218154.4022,0,381.26,5.99,381.26,5.99,,0,9.68,140.21,1,palm,direct,-1.0000,-1.0000,high
218154.4356,0,381.26,5.99,381.26,5.99,,0,14.07,143.33,1,palm,direct,-1.0000,-1.0000,high
218154.4689,0,381.26,5.99,381.26,5.99,,0,16.70,148.59,1,palm,direct,-1.0000,-1.0000,high
218154.5023,0,381.26,5.99,381.26,5.99,,0,13.55,145.03,1,palm,direct,-1.0000,-1.0000,high
218154.5356,0,381.26,5.99,381.26,5.99,,0,6.34,141.24,1,palm,direct,-1.0000,-1.0000,high
218154.5690,0,381.26,5.99,381.26,5.99,,0,16.93,150.62,1,palm,direct,-1.0000,-1.0000,high
218154.6023,0,381.26,5.99,381.26,5.99,,0,18.00,151.93,1,palm,direct,-1.0000,-1.0000,high
218154.6357,0,381.26,5.99,381.26,5.99,,0,34.96,170.70,1,palm,direct,-1.0000,-1.0000,high
218154.6690,0,381.26,5.99,381.26,5.99,,0,16.73,154.47,1,palm,direct,-1.0000,-1.0000,high
218154.7024,0,381.26,5.99,381.26,5.99,,0,22.82,152.27,1,palm,direct,-1.0000,-1.0000,high
218154.7357,0,381.26,5.99,381.26,5.99,,0,13.59,145.81,1,palm,direct,-1.0000,-1.0000,high
218154.7691,0,381.26,5.99,381.26,5.99,,0,17.55,146.11,1,palm,direct,-1.0000,-1.0000,high
218154.8024,0,381.26,5.99,381.26,5.99,,0,40.12,174.25,1,palm,direct,-1.0000,-1.0000,high
218154.8358,0,381.26,5.99,381.26,5.99,,0,17.50,158.61,1,palm,direct,-1.0000,-1.0000,high
218154.8691,0,381.26,5.99,381.26,5.99,,0,18.18,150.43,1,palm,direct,-1.0000,-1.0000,high
218154.9025,0,381.26,5.99,381.26,5.99,,0,15.01,148.49,1,palm,direct,-1.0000,-1.0000,high
218154.9358,0,381.26,5.99,381.26,5.99,,0,11.84,146.93,1,palm,direct,-1.0000,-1.0000,high
218154.9692,0,381.26,5.99,381.26,5.99,,0,9.23,141.47,1,palm,direct,-1.0000,-1.0000,high
218155.0025,0,381.26,5.99,381.26,5.99,,0,22.43,155.69,1,palm,direct,-1.0000,-1.0000,high
218155.0359,0,381.26,5.99,381.26,5.99,,0,23.27,156.96,1,palm,direct,-1.0000,-1.0000,high
218155.0692,0,381.26,5.99,381.26,5.99,,0,18.63,151.01,1,palm,direct,-1.0000,-1.0000,high
218155.1026,0,381.26,5.99,381.26,5.99,,0,19.72,153.81,1,palm,direct,-1.0000,-1.0000,high
218155.1359,0,381.26,5.99,381.26,5.99,,0,16.99,150.55,1,palm,direct,-1.0000,-1.0000,high
218155.1693,0,381.26,5.99,381.26,5.99,,0,9.58,145.18,1,palm,direct,-1.0000,-1.0000,high
218155.2026,0,381.26,5.99,381.26,5.99,,0,15.01,149.03,1,palm,direct,-1.0000,-1.0000,high
218155.2360,0,381.26,5.99,381.26,5.99,,0,15.13,157.69,1,palm,direct,-1.0000,-1.0000,high
218155.2693,0,381.26,5.99,381.26,5.99,,0,13.58,146.34,1,palm,direct,-1.0000,-1.0000,high
218155.3027,0,381.26,5.99,381.26,5.99,,0,13.61,149.70,1,palm,direct,-1.0000,-1.0000,high
218155.3360,0,381.26,5.99,381.26,5.99,,0,15.20,147.06,1,palm,direct,-1.0000,-1.0000,high
218155.3694,0,381.26,5.99,381.26,5.99,,0,21.46,152.77,1,palm,direct,-1.0000,-1.0000,high
218155.4027,0,381.26,5.99,381.26,5.99,,0,11.62,144.18,1,palm,direct,-1.0000,-1.0000,high
218155.4361,0,381.26,5.99,381.26,5.99,,0,13.10,149.97,1,palm,direct,-1.0000,-1.0000,high
218155.4694,0,381.26,5.99,381.26,5.99,,0,18.09,147.79,1,palm,direct,-1.0000,-1.0000,high
218155.5028,0,381.26,5.99,381.26,5.99,,0,15.34,148.35,1,palm,direct,-1.0000,-1.0000,high
218155.5361,0,381.26,5.99,381.26,5.99,,0,19.99,153.69,1,palm,direct,-1.0000,-1.0000,high
218155.5695,0,381.26,5.99,381.26,5.99,,0,16.63,146.78,1,palm,direct,-1.0000,-1.0000,high
218155.6028,0,381.26,5.99,381.26,5.99,,0,18.44,150.04,1,palm,direct,-1.0000,-1.0000,high
218155.6362,0,381.26,5.99,381.26,5.99,,0,14.17,146.72,1,palm,direct,-1.0000,-1.0000,high
218155.6695,0,381.26,5.99,381.26,5.99,,0,15.55,144.19,1,palm,direct,-1.0000,-1.0000,high
218155.7029,0,381.26,5.99,381.26,5.99,,0,13.09,145.83,1,palm,direct,-1.0000,-1.0000,high
218155.7362,0,381.26,5.99,381.26,5.99,,0,11.07,144.20,1,palm,direct,-1.0000,-1.0000,high
218155.7696,0,381.26,5.99,381.26,5.99,,0,22.72,152.76,1,palm,direct,-1.0000,-1.0000,high
218155.8029,0,381.26,5.99,381.26,5.99,,0,13.04,146.79,1,palm,direct,-1.0000,-1.0000,high
218155.8363,0,381.26,5.99,381.26,5.99,,0,9.83,142.10,1,palm,direct,-1.0000,-1.0000,high
218155.8696,0,381.26,5.99,381.26,5.99,,0,14.89,148.41,1,palm,direct,-1.0000,-1.0000,high
218155.9030,0,381.26,5.99,381.26,5.99,,0,15.35,148.79,1,palm,direct,-1.0000,-1.0000,high
218155.9363,0,381.26,5.99,381.26,5.99,,0,16.55,148.86,1,palm,direct,-1.0000,-1.0000,high
218155.9697,0,381.26,5.99,381.26,5.99,,0,23.73,159.15,1,palm,direct,-1.0000,-1.0000,high
218156.0030,0,381.26,5.99,381.26,5.99,,0,15.03,149.09,1,palm,direct,-1.0000,-1.0000,high
218156.0364,0,381.26,5.99,381.26,5.99,,0,14.21,150.54,1,palm,direct,-1.0000,-1.0000,high
218156.0697,0,381.26,5.99,381.26,5.99,,0,13.85,152.24,1,palm,direct,-1.0000,-1.0000,high
218156.1031,0,381.26,5.99,381.26,5.99,,0,22.06,151.26,1,palm,direct,-1.0000,-1.0000,high
218156.1364,0,381.26,5.99,381.26,5.99,,0,21.23,152.78,1,palm,direct,-1.0000,-1.0000,high
218156.1698,0,381.26,5.99,381.26,5.99,,0,17.65,146.29,1,palm,direct,-1.0000,-1.0000,high
218156.2031,0,381.26,5.99,381.26,5.99,,0,12.44,142.39,1,palm,direct,-1.0000,-1.0000,high
218156.2365,0,381.26,5.99,381.26,5.99,,0,15.57,140.01,1,palm,direct,-1.0000,-1.0000,high
218156.2698,0,381.26,5.99,381.26,5.99,,0,9.44,138.44,1,palm,direct,-1.0000,-1.0000,high
218156.3032,0,381.26,5.99,381.26,5.99,,0,18.00,143.15,1,palm,direct,-1.0000,-1.0000,high
218156.3365,0,381.26,5.99,381.26,5.99,,0,25.41,153.01,1,palm,direct,-1.0000,-1.0000,high
218156.3699,0,381.26,5.99,381.26,5.99,,0,17.03,145.22,1,palm,direct,-1.0000,-1.0000,high
218156.4032,0,381.26,5.99,381.26,5.99,,0,26.37,153.32,1,palm,direct,-1.0000,-1.0000,high
218156.4366,0,381.26,5.99,381.26,5.99,,0,14.64,142.89,1,palm,direct,-1.0000,-1.0000,high
218156.4699,0,381.26,5.99,381.26,5.99,,0,15.08,145.34,1,palm,direct,-1.0000,-1.0000,high
218156.5033,0,381.26,5.99,381.26,5.99,,0,26.02,150.97,1,palm,direct,-1.0000,-1.0000,high
218156.5366,0,381.26,5.99,381.26,5.99,,0,17.17,151.56,1,palm,direct,-1.0000,-1.0000,high
218156.5700,0,381.26,5.99,381.26,5.99,,0,12.50,143.33,1,palm,direct,-1.0000,-1.0000,high
218156.6033,0,381.26,5.99,381.26,5.99,,0,12.92,147.48,1,palm,direct,-1.0000,-1.0000,high
218156.6367,0,381.26,5.99,381.26,5.99,,0,19.43,150.11,1,palm,direct,-1.0000,-1.0000,high
218156.6700,0,381.26,5.99,381.26,5.99,,0,14.38,148.47,1,palm,direct,-1.0000,-1.0000,high
218156.7034,0,381.26,5.99,381.26,5.99,,0,37.53,170.12,1,palm,direct,-1.0000,-1.0000,high
218156.7367,0,381.26,5.99,381.26,5.99,,0,13.75,150.83,1,palm,direct,-1.0000,-1.0000,high
218156.7701,0,381.26,5.99,381.26,5.99,,0,18.91,153.39,1,palm,direct,-1.0000,-1.0000,high
218156.8034,0,381.26,5.99,381.26,5.99,,0,15.35,151.21,1,palm,direct,-1.0000,-1.0000,high
218156.8368,0,381.26,5.99,381.26,5.99,,0,17.09,153.60,1,palm,direct,-1.0000,-1.0000,high
218156.8701,0,381.26,5.99,381.26,5.99,,0,9.61,141.99,1,palm,direct,-1.0000,-1.0000,high
218156.9035,0,381.26,5.99,381.26,5.99,,0,17.73,154.01,1,palm,direct,-1.0000,-1.0000,high
218156.9368,0,381.26,5.99,381.26,5.99,,0,18.71,154.17,1,palm,direct,-1.0000,-1.0000,high
218156.9702,0,381.26,5.99,381.26,5.99,,0,17.45,156.73,1,palm,direct,-1.0000,-1.0000,high
218157.0035,0,381.26,5.99,381.26,5.99,,0,35.77,177.07,1,palm,direct,-1.0000,-1.0000,high
218157.0369,0,381.26,5.99,381.26,5.99,,0,12.11,156.11,1,palm,direct,-1.0000,-1.0000,high
218157.0702,0,381.26,5.99,381.26,5.99,,0,14.00,148.65,1,palm,direct,-1.0000,-1.0000,high
218157.1036,0,381.26,5.99,381.26,5.99,,0,14.37,148.80,1,palm,direct,-1.0000,-1.0000,high
218157.1369,0,381.26,5.99,381.26,5.99,,0,15.62,150.26,1,palm,direct,-1.0000,-1.0000,high
218157.1703,0,381.26,5.99,381.26,5.99,,0,34.85,170.15,1,palm,direct,-1.0000,-1.0000,high
218157.2036,0,381.26,5.99,381.26,5.99,,0,8.62,146.00,1,palm,direct,-1.0000,-1.0000,high
218157.2370,0,381.26,5.99,381.26,5.99,,0,16.35,145.67,1,palm,direct,-1.0000,-1.0000,high
218157.2703,0,381.26,5.99,381.26,5.99,,0,40.56,176.69,1,palm,direct,-1.0000,-1.0000,high
218157.3037,0,381.26,5.99,381.26,5.99,,0,13.94,157.63,1,palm,direct,-1.0000,-1.0000,high
218157.3370,0,381.26,5.99,381.26,5.99,,0,10.57,140.34,1,palm,direct,-1.0000,-1.0000,high
218157.3704,0,381.26,5.99,381.26,5.99,,0,14.86,145.54,1,palm,direct,-1.0000,-1.0000,high
218157.4037,0,381.26,5.99,381.26,5.99,,0,28.39,155.45,1,palm,direct,-1.0000,-1.0000,high
218157.4371,0,381.26,5.99,381.26,5.99,,0,17.87,145.40,1,palm,direct,-1.0000,-1.0000,high
218157.4704,0,381.26,5.99,381.26,5.99,,0,20.46,149.20,1,palm,direct,-1.0000,-1.0000,high
218157.5038,0,381.26,5.99,381.26,5.99,,0,18.65,146.54,1,palm,direct,-1.0000,-1.0000,high
218157.5371,0,381.26,5.99,381.26,5.99,,0,21.86,153.43,1,palm,direct,-1.0000,-1.0000,high
218157.5705,0,381.26,5.99,381.26,5.99,,0,19.19,147.61,1,palm,direct,-1.0000,-1.0000,high
218157.6038,0,381.26,5.99,381.26,5.99,,0,22.91,153.54,1,palm,direct,-1.0000,-1.0000,high
218157.6372,0,381.26,5.99,381.26,5.99,,0,16.04,146.40,1,palm,direct,-1.0000,-1.0000,high
218157.6705,0,381.26,5.99,381.26,5.99,,0,13.11,150.08,1,palm,direct,-1.0000,-1.0000,high
218157.7039,0,381.26,5.99,381.26,5.99,,0,23.86,157.13,1,palm,direct,-1.0000,-1.0000,high
218157.7372,0,381.26,5.99,381.26,5.99,,0,14.03,147.26,1,palm,direct,-1.0000,-1.0000,high
218157.7706,0,381.26,5.99,381.26,5.99,,0,13.98,150.97,1,palm,direct,-1.0000,-1.0000,high
218157.8039,0,381.26,5.99,381.26,5.99,,0,13.79,148.07,1,palm,direct,-1.0000,-1.0000,high
218157.8373,0,381.26,5.99,381.26,5.99,,0,14.74,152.02,1,palm,direct,-1.0000,-1.0000,high
218157.8706,0,381.26,5.99,381.26,5.99,,0,16.46,151.77,1,palm,direct,-1.0000,-1.0000,high
218157.9040,0,381.26,5.99,381.26,5.99,,0,12.26,150.60,1,palm,direct,-1.0000,-1.0000,high
218157.9373,0,381.26,5.99,381.26,5.99,,0,17.91,150.23,1,palm,direct,-1.0000,-1.0000,high
218157.9707,0,381.26,5.99,381.26,5.99,,0,13.21,149.41,1,palm,direct,-1.0000,-1.0000,high
218158.0040,0,381.26,5.99,381.26,5.99,,0,19.78,151.95,1,palm,direct,-1.0000,-1.0000,high
218158.0374,0,381.26,5.99,381.26,5.99,,0,12.93,147.78,1,palm,direct,-1.0000,-1.0000,high
218158.0707,0,381.26,5.99,381.26,5.99,,0,19.88,149.65,1,palm,direct,-1.0000,-1.0000,high
218158.1041,0,381.26,5.99,381.26,5.99,,0,41.57,172.51,1,palm,direct,-1.0000,-1.0000,high
218158.1374,0,381.26,5.99,381.26,5.99,,0,9.47,148.97,1,palm,direct,-1.0000,-1.0000,high
218158.1708,0,381.26,5.99,381.26,5.99,,0,12.79,142.43,1,palm,direct,-1.0000,-1.0000,high
218158.2041,0,381.26,5.99,381.26,5.99,,0,21.97,159.24,1,palm,direct,-1.0000,-1.0000,high
218158.2375,0,381.26,5.99,381.26,5.99,,0,10.88,142.66,1,palm,direct,-1.0000,-1.0000,high
218158.2708,0,381.26,5.99,381.26,5.99,,0,13.35,148.59,1,palm,direct,-1.0000,-1.0000,high
218158.3042,0,381.26,5.99,381.26,5.99,,0,39.11,173.47,1,palm,direct,-1.0000,-1.0000,high
218158.3375,0,381.26,5.99,381.26,5.99,,0,13.22,153.87,1,palm,direct,-1.0000,-1.0000,high
218158.3709,0,381.26,5.99,381.26,5.99,,0,18.73,152.09,1,palm,direct,-1.0000,-1.0000,high
218158.4042,0,381.26,5.99,381.26,5.99,,0,14.91,151.62,1,palm,direct,-1.0000,-1.0000,high
218158.4376,0,381.26,5.99,381.26,5.99,,0,13.72,147.82,1,palm,direct,-1.0000,-1.0000,high
218158.4709,0,381.26,5.99,381.26,5.99,,0,17.91,155.27,1,palm,direct,-1.0000,-1.0000,high
218158.5043,0,381.26,5.99,381.26,5.99,,0,35.43,172.11,1,palm,direct,-1.0000,-1.0000,high
218158.5376,0,381.26,5.99,381.26,5.99,,0,15.43,154.43,1,palm,direct,-1.0000,-1.0000,high
218158.5710,0,381.26,5.99,381.26,5.99,,0,14.49,152.63,1,palm,direct,-1.0000,-1.0000,high
218158.6043,0,381.26,5.99,381.26,5.99,,0,39.54,177.92,1,palm,direct,-1.0000,-1.0000,high
218158.6377,0,381.26,5.99,381.26,5.99,,0,12.67,157.62,1,palm,direct,-1.0000,-1.0000,high
218158.6710,0,381.26,5.99,381.26,5.99,,0,11.36,149.83,1,palm,direct,-1.0000,-1.0000,high
218158.7044,0,381.26,5.99,381.26,5.99,,0,13.05,155.37,1,palm,direct,-1.0000,-1.0000,high
218158.7377,0,381.26,5.99,381.26,5.99,,0,9.13,149.36,1,palm,direct,-1.0000,-1.0000,high
218158.7711,0,381.26,5.99,381.26,5.99,,0,26.65,169.84,1,palm,direct,-1.0000,-1.0000,high
218158.8044,0,381.26,5.99,381.26,5.99,,0,37.60,182.40,1,palm,direct,-1.0000,-1.0000,high
218158.8378,0,381.26,5.99,381.26,5.99,,0,25.97,175.26,1,palm,direct,-1.0000,-1.0000,high
218158.8711,0,381.26,5.99,381.26,5.99,,0,24.48,166.69,1,palm,direct,-1.0000,-1.0000,high
218158.9045,0,381.26,5.99,381.26,5.99,,0,10.15,147.29,1,palm,direct,-1.0000,-1.0000,high
218158.9378,0,381.26,5.99,381.26,5.99,,0,15.47,155.08,1,palm,direct,-1.0000,-1.0000,high
218158.9712,0,381.26,5.99,381.26,5.99,,0,22.17,156.69,1,palm,direct,-1.0000,-1.0000,high
218159.0045,0,381.26,5.99,381.26,5.99,,0,31.83,170.11,1,palm,direct,-1.0000,-1.0000,high
218159.0379,0,381.26,5.99,381.26,5.99,,0,9.96,146.89,1,palm,direct,-1.0000,-1.0000,high
218159.0712,0,381.26,5.99,381.26,5.99,,0,14.80,152.06,1,palm,direct,-1.0000,-1.0000,high
218159.1046,0,381.26,5.99,381.26,5.99,,0,8.26,145.20,1,palm,direct,-1.0000,-1.0000,high
218159.1379,0,381.26,5.99,381.26,5.99,,0,14.69,147.65,1,palm,direct,-1.0000,-1.0000,high
218159.1713,0,381.26,5.99,381.26,5.99,,0,19.39,153.92,1,palm,direct,-1.0000,-1.0000,high
218159.2046,0,381.26,5.99,381.26,5.99,,0,11.24,144.92,1,palm,direct,-1.0000,-1.0000,high
218159.2380,0,381.26,5.99,381.26,5.99,,0,16.04,150.63,1,palm,direct,-1.0000,-1.0000,high
218159.2713,0,381.26,5.99,381.26,5.99,,0,15.28,149.92,1,palm,direct,-1.0000,-1.0000,high
218159.3047,0,381.26,5.99,381.26,5.99,,0,15.04,146.59,1,palm,direct,-1.0000,-1.0000,high
218159.3380,0,381.26,5.99,381.26,5.99,,0,8.06,141.85,1,palm,direct,-1.0000,-1.0000,high
218159.3714,0,381.26,5.99,381.26,5.99,,0,13.50,150.58,1,palm,direct,-1.0000,-1.0000,high
218159.4047,0,381.26,5.99,381.26,5.99,,0,23.42,154.91,1,palm,direct,-1.0000,-1.0000,high
218159.4381,0,381.26,5.99,381.26,5.99,,0,20.31,151.77,1,palm,direct,-1.0000,-1.0000,high
218159.4714,0,381.26,5.99,381.26,5.99,,0,20.12,150.85,1,palm,direct,-1.0000,-1.0000,high
218159.5048,0,381.26,5.99,381.26,5.99,,0,13.68,147.13,1,palm,direct,-1.0000,-1.0000,high
218159.5381,0,381.26,5.99,381.26,5.99,,0,20.05,152.25,1,palm,direct,-1.0000,-1.0000,high
218159.5715,0,381.26,5.99,381.26,5.99,,0,35.45,170.88,1,palm,direct,-1.0000,-1.0000,high
218159.6048,0,381.26,5.99,381.26,5.99,,0,12.81,150.66,1,palm,direct,-1.0000,-1.0000,high
218159.6382,0,381.26,5.99,381.26,5.99,,0,18.47,152.94,1,palm,direct,-1.0000,-1.0000,high
218159.6715,0,381.26,5.99,381.26,5.99,,0,16.08,147.47,1,palm,direct,-1.0000,-1.0000,high
218159.7049,0,381.26,5.99,381.26,5.99,,0,16.17,152.72,1,palm,direct,-1.0000,-1.0000,high
218159.7382,0,381.26,5.99,381.26,5.99,,0,26.84,155.99,1,palm,direct,-1.0000,-1.0000,high
218159.7716,0,381.26,5.99,381.26,5.99,,0,12.70,140.88,1,palm,direct,-1.0000,-1.0000,high
218159.8049,0,381.26,5.99,381.26,5.99,,0,17.11,146.33,1,palm,direct,-1.0000,-1.0000,high
218159.8383,0,381.26,5.99,381.26,5.99,,0,14.65,143.79,1,palm,direct,-1.0000,-1.0000,high
218159.8716,0,381.26,5.99,381.26,5.99,,0,9.74,140.12,1,palm,direct,-1.0000,-1.0000,high
218159.9050,0,381.26,5.99,381.26,5.99,,0,12.36,142.37,1,palm,direct,-1.0000,-1.0000,high
218159.9383,0,381.26,5.99,381.26,5.99,,0,16.29,149.60,1,palm,direct,-1.0000,-1.0000,high
218159.9717,0,381.26,5.99,381.26,5.99,,0,28.06,155.35,1,palm,direct,-1.0000,-1.0000,high
218160.0050,0,381.26,5.99,381.26,5.99,,0,23.91,154.94,1,palm,direct,-1.0000,-1.0000,high
218160.0384,0,381.26,5.99,381.26,5.99,,0,21.48,150.40,1,palm,direct,-1.0000,-1.0000,high
218160.0717,0,381.26,5.99,381.26,5.99,,0,13.41,144.27,1,palm,direct,-1.0000,-1.0000,high
218160.1051,0,381.26,5.99,381.26,5.99,,0,14.51,144.04,1,palm,direct,-1.0000,-1.0000,high
218160.1384,0,381.26,5.99,381.26,5.99,,0,20.48,149.33,1,palm,direct,-1.0000,-1.0000,high
218160.1718,0,381.26,5.99,381.26,5.99,,0,24.31,155.06,1,palm,direct,-1.0000,-1.0000,high
218160.2051,0,381.26,5.99,381.26,5.99,,0,17.70,143.89,1,palm,direct,-1.0000,-1.0000,high
218160.2385,0,381.26,5.99,381.26,5.99,,0,15.00,143.16,1,palm,direct,-1.0000,-1.0000,high
218160.2718,0,381.26,5.99,381.26,5.99,,0,20.69,147.24,1,palm,direct,-1.0000,-1.0000,high
218160.3052,0,381.26,5.99,381.26,5.99,,0,23.32,149.78,1,palm,direct,-1.0000,-1.0000,high
218160.3385,0,381.26,5.99,381.26,5.99,,0,21.88,149.51,1,palm,direct,-1.0000,-1.0000,high
218160.3719,0,381.26,5.99,381.26,5.99,,0,21.52,146.49,1,palm,direct,-1.0000,-1.0000,high
218160.4052,0,381.26,5.99,381.26,5.99,,0,18.37,147.10,1,palm,direct,-1.0000,-1.0000,high
218160.4386,0,381.26,5.99,381.26,5.99,,0,18.64,145.02,1,palm,direct,-1.0000,-1.0000,high
218160.4719,0,381.26,5.99,381.26,5.99,,0,15.71,144.54,1,palm,direct,-1.0000,-1.0000,high
218160.5053,0,381.26,5.99,381.26,5.99,,0,22.77,149.23,1,palm,direct,-1.0000,-1.0000,high
218160.5386,0,381.26,5.99,381.26,5.99,,0,20.63,150.83,1,palm,direct,-1.0000,-1.0000,high
218160.5720,0,381.26,5.99,381.26,5.99,,0,24.37,151.59,1,palm,direct,-1.0000,-1.0000,high
218160.6053,0,381.26,5.99,381.26,5.99,,0,19.09,146.70,1,palm,direct,-1.0000,-1.0000,high
218160.6387,0,381.26,5.99,381.26,5.99,,0,10.94,139.23,1,palm,direct,-1.0000,-1.0000,high
218160.6720,0,381.26,5.99,381.26,5.99,,0,23.61,152.09,1,palm,direct,-1.0000,-1.0000,high
218160.7054,0,381.26,5.99,381.26,5.99,,0,27.29,155.87,1,palm,direct,-1.0000,-1.0000,high
218160.7387,0,381.26,5.99,381.26,5.99,,0,25.04,153.47,1,palm,direct,-1.0000,-1.0000,high
218160.7721,0,381.26,5.99,381.26,5.99,,0,20.43,151.31,1,palm,direct,-1.0000,-1.0000,high
218160.8054,0,381.26,5.99,381.26,5.99,,0,30.46,168.81,1,palm,direct,-1.0000,-1.0000,high
218160.8388,0,381.26,5.99,381.26,5.99,,0,12.90,148.66,1,palm,direct,-1.0000,-1.0000,high
218160.8721,0,381.26,5.99,381.26,5.99,,0,13.82,143.64,1,palm,direct,-1.0000,-1.0000,high
218160.9055,0,381.26,5.99,381.26,5.99,,0,17.85,150.92,1,palm,direct,-1.0000,-1.0000,high
218160.9388,0,381.26,5.99,381.26,5.99,,0,20.32,146.78,1,palm,direct,-1.0000,-1.0000,high
218160.9722,0,381.26,5.99,381.26,5.99,,0,50.18,184.02,1,palm,direct,-1.0000,-1.0000,high
218161.0055,0,381.26,5.99,381.26,5.99,,0,9.26,160.33,1,palm,direct,-1.0000,-1.0000,high
218161.0389,0,381.26,5.99,381.26,5.99,,0,12.54,145.78,1,palm,direct,-1.0000,-1.0000,high
218161.0722,0,381.26,5.99,381.26,5.99,,0,14.34,147.95,1,palm,direct,-1.0000,-1.0000,high
218161.1056,0,381.26,5.99,381.26,5.99,,0,43.21,177.53,1,palm,direct,-1.0000,-1.0000,high
218161.1389,0,381.26,5.99,381.26,5.99,,0,14.58,159.15,1,palm,direct,-1.0000,-1.0000,high
218161.1723,0,381.26,5.99,381.26,5.99,,0,11.98,144.86,1,palm,direct,-1.0000,-1.0000,high
218161.2056,0,381.26,5.99,381.26,5.99,,0,20.25,151.82,1,palm,direct,-1.0000,-1.0000,high
218161.2390,0,381.26,5.99,381.26,5.99,,0,15.00,148.62,1,palm,direct,-1.0000,-1.0000,high
218161.2723,0,381.26,5.99,381.26,5.99,,0,14.38,147.79,1,palm,direct,-1.0000,-1.0000,high
218161.3057,0,381.26,5.99,381.26,5.99,,0,20.33,157.58,1,palm,direct,-1.0000,-1.0000,high
218161.3390,0,381.26,5.99,381.26,5.99,,0,24.13,154.68,1,palm,direct,-1.0000,-1.0000,high
218161.3724,0,381.26,5.99,381.26,5.99,,0,17.60,150.16,1,palm,direct,-1.0000,-1.0000,high
218161.4057,0,381.26,5.99,381.26,5.99,,0,12.43,143.48,1,palm,direct,-1.0000,-1.0000,high
218161.4391,0,381.26,5.99,381.26,5.99,,0,13.01,143.11,1,palm,direct,-1.0000,-1.0000,high
218161.4724,0,381.26,5.99,381.26,5.99,,0,14.65,148.16,1,palm,direct,-1.0000,-1.0000,high
218161.5058,0,381.26,5.99,381.26,5.99,,0,23.53,155.30,1,palm,direct,-1.0000,-1.0000,high
218161.5391,0,381.26,5.99,381.26,5.99,,0,13.23,148.39,1,palm,direct,-1.0000,-1.0000,high
218161.5725,0,381.26,5.99,381.26,5.99,,0,18.05,151.16,1,palm,direct,-1.0000,-1.0000,high
218161.6058,0,381.26,5.99,381.26,5.99,,0,21.16,156.45,1,palm,direct,-1.0000,-1.0000,high
218161.6392,0,381.26,5.99,381.26,5.99,,0,10.74,143.33,1,palm,direct,-1.0000,-1.0000,high
218161.6725,0,381.26,5.99,381.26,5.99,,0,20.11,154.33,1,palm,direct,-1.0000,-1.0000,high
218161.7059,0,381.26,5.99,381.26,5.99,,0,16.25,149.82,1,palm,direct,-1.0000,-1.0000,high
218161.7392,0,381.26,5.99,381.26,5.99,,0,9.38,146.38,1,palm,direct,-1.0000,-1.0000,high
218161.7726,0,381.26,5.99,381.26,5.99,,0,9.91,145.64,1,palm,direct,-1.0000,-1.0000,high
218161.8059,0,381.26,5.99,381.26,5.99,,0,7.54,151.74,1,palm,direct,-1.0000,-1.0000,high
218161.8393,0,381.26,5.99,381.26,5.99,,0,13.81,148.66,1,palm,direct,-1.0000,-1.0000,high
218161.8726,0,381.26,5.99,381.26,5.99,,0,10.87,144.22,1,palm,direct,-1.0000,-1.0000,high
218161.9060,0,381.26,5.99,381.26,5.99,,0,16.52,153.32,1,palm,direct,-1.0000,-1.0000,high
218161.9393,0,381.26,5.99,381.26,5.99,,0,19.32,153.10,1,palm,direct,-1.0000,-1.0000,high
218161.9727,0,381.26,5.99,381.26,5.99,,0,18.18,155.70,1,palm,direct,-1.0000,-1.0000,high
218162.0060,0,381.26,5.99,381.26,5.99,,0,13.01,148.12,1,palm,direct,-1.0000,-1.0000,high
218162.0394,0,381.26,5.99,381.26,5.99,,0,14.74,148.69,1,palm,direct,-1.0000,-1.0000,high
218162.0727,0,381.26,5.99,381.26,5.99,,0,11.27,144.34,1,palm,direct,-1.0000,-1.0000,high
218162.1061,0,381.26,5.99,381.26,5.99,,0,10.90,147.20,1,palm,direct,-1.0000,-1.0000,high
218162.1394,0,381.26,5.99,381.26,5.99,,0,22.97,155.98,1,palm,direct,-1.0000,-1.0000,high
218162.1728,0,381.26,5.99,381.26,5.99,,0,8.30,144.51,1,palm,direct,-1.0000,-1.0000,high
218162.2061,0,381.26,5.99,381.26,5.99,,0,10.17,140.29,1,palm,direct,-1.0000,-1.0000,high
218162.2395,0,381.26,5.99,381.26,5.99,,0,8.89,142.02,1,palm,direct,-1.0000,-1.0000,high
218162.2728,0,381.26,5.99,381.26,5.99,,0,22.73,154.74,1,palm,direct,-1.0000,-1.0000,high
218162.3062,0,381.26,5.99,381.26,5.99,,0,13.21,147.04,1,palm,direct,-1.0000,-1.0000,high
218162.3395,0,381.26,5.99,381.26,5.99,,0,18.85,152.01,1,palm,direct,-1.0000,-1.0000,high
218162.3729,0,381.26,5.99,381.26,5.99,,0,14.73,147.70,1,palm,direct,-1.0000,-1.0000,high
218162.4062,0,381.26,5.99,381.26,5.99,,0,18.71,153.65,1,palm,direct,-1.0000,-1.0000,high
218162.4396,0,381.26,5.99,381.26,5.99,,0,29.95,174.44,1,palm,direct,-1.0000,-1.0000,high
218162.4729,0,381.26,5.99,381.26,5.99,,0,9.86,151.32,1,palm,direct,-1.0000,-1.0000,high
218162.5063,0,381.26,5.99,381.26,5.99,,0,19.49,152.51,1,palm,direct,-1.0000,-1.0000,high
218162.5396,0,381.26,5.99,381.26,5.99,,0,19.26,147.22,1,palm,direct,-1.0000,-1.0000,high
218162.5730,0,381.26,5.99,381.26,5.99,,0,14.92,146.62,1,palm,direct,-1.0000,-1.0000,high
218162.6063,0,381.26,5.99,381.26,5.99,,0,18.79,149.48,1,palm,direct,-1.0000,-1.0000,high
218162.6397,0,381.26,5.99,381.26,5.99,,0,12.65,146.69,1,palm,direct,-1.0000,-1.0000,high
218162.6730,0,381.26,5.99,381.26,5.99,,0,11.53,141.47,1,palm,direct,-1.0000,-1.0000,high
218162.7064,0,381.26,5.99,381.26,5.99,,0,11.94,148.18,1,palm,direct,-1.0000,-1.0000,high
218162.7397,0,381.26,5.99,381.26,5.99,,0,20.95,151.12,1,palm,direct,-1.0000,-1.0000,high
218162.7731,0,381.26,5.99,381.26,5.99,,0,21.67,151.56,1,palm,direct,-1.0000,-1.0000,high
218162.8064,0,381.26,5.99,381.26,5.99,,0,41.46,175.42,1,palm,direct,-1.0000,-1.0000,high
218162.8398,0,381.26,5.99,381.26,5.99,,0,14.00,156.36,1,palm,direct,-1.0000,-1.0000,high
218162.8731,0,381.26,5.99,381.26,5.99,,0,13.10,144.87,1,palm,direct,-1.0000,-1.0000,high
218162.9065,0,381.26,5.99,381.26,5.99,,0,14.10,146.60,1,palm,direct,-1.0000,-1.0000,high
218162.9398,0,381.26,5.99,381.26,5.99,,0,16.29,148.07,1,palm,direct,-1.0000,-1.0000,high
218162.9732,0,381.26,5.99,381.26,5.99,,0,14.20,148.49,1,palm,direct,-1.0000,-1.0000,high
218163.0065,0,381.26,5.99,381.26,5.99,,0,20.13,156.90,1,palm,direct,-1.0000,-1.0000,high
218163.0399,0,381.26,5.99,381.26,5.99,,0,19.28,153.85,1,palm,direct,-1.0000,-1.0000,high
218163.0732,0,381.26,5.99,381.26,5.99,,0,31.01,179.45,1,palm,direct,-1.0000,-1.0000,high
218163.1066,0,381.26,5.99,381.26,5.99,,0,12.48,158.97,1,palm,direct,-1.0000,-1.0000,high
218163.1399,0,381.26,5.99,381.26,5.99,,0,33.97,171.90,1,palm,direct,-1.0000,-1.0000,high
218163.1733,0,381.26,5.99,381.26,5.99,,0,11.44,150.21,1,palm,direct,-1.0000,-1.0000,high
218163.2066,0,381.26,5.99,381.26,5.99,,0,16.91,154.86,1,palm,direct,-1.0000,-1.0000,high
218163.2400,0,381.26,5.99,381.26,5.99,,0,13.81,148.58,1,palm,direct,-1.0000,-1.0000,high
218163.2733,0,381.26,5.99,381.26,5.99,,0,31.72,172.96,1,palm,direct,-1.0000,-1.0000,high
218163.3067,0,381.26,5.99,381.26,5.99,,0,12.36,152.23,1,palm,direct,-1.0000,-1.0000,high
218163.3400,0,381.26,5.99,381.26,5.99,,0,34.87,177.99,1,palm,direct,-1.0000,-1.0000,high
218163.3734,0,381.26,5.99,381.26,5.99,,0,29.86,175.71,1,palm,direct,-1.0000,-1.0000,high
218163.4067,0,381.26,5.99,381.26,5.99,,0,11.11,153.79,1,palm,direct,-1.0000,-1.0000,high
218163.4401,0,381.26,5.99,381.26,5.99,,0,13.90,154.06,1,palm,direct,-1.0000,-1.0000,high
218163.4734,0,381.26,5.99,381.26,5.99,,0,16.95,153.40,1,palm,direct,-1.0000,-1.0000,high
218163.5068,0,381.26,5.99,381.26,5.99,,0,14.46,154.26,1,palm,direct,-1.0000,-1.0000,high
218163.5401,0,381.26,5.99,381.26,5.99,,0,13.49,150.26,1,palm,direct,-1.0000,-1.0000,high
218163.5735,0,381.26,5.99,381.26,5.99,,0,43.37,183.46,1,palm,direct,-1.0000,-1.0000,high
218163.6068,0,381.26,5.99,381.26,5.99,,0,33.73,184.04,1,palm,direct,-1.0000,-1.0000,high
218163.6402,0,381.26,5.99,381.26,5.99,,0,19.86,170.68,1,palm,direct,-1.0000,-1.0000,high
218163.6735,0,381.26,5.99,381.26,5.99,,0,45.82,191.14,1,palm,direct,-1.0000,-1.0000,high
218163.7069,0,381.26,5.99,381.26,5.99,,0,49.16,207.19,1,palm,direct,-1.0000,-1.0000,high
218163.7402,0,381.26,5.99,381.26,5.99,,0,10.85,185.03,1,palm,direct,-1.0000,-1.0000,high
218163.8069,0,381.26,5.99,381.26,5.99,,0,6.74,141.12,1,palm,direct,-1.0000,-1.0000,high
218163.8403,0,381.26,5.99,381.26,5.99,,0,11.44,143.64,1,palm,direct,-1.0000,-1.0000,high
218163.8736,0,381.26,5.99,381.26,5.99,,0,17.28,153.24,1,palm,direct,-1.0000,-1.0000,high
218163.9070,0,381.26,5.99,381.26,5.99,,0,11.45,149.73,1,palm,direct,-1.0000,-1.0000,high
218163.9403,0,381.26,5.99,381.26,5.99,,0,15.87,145.16,1,palm,direct,-1.0000,-1.0000,high
218163.9737,0,381.26,5.99,381.26,5.99,,0,14.11,147.29,1,palm,direct,-1.0000,-1.0000,high
218164.0070,0,381.26,5.99,381.26,5.99,,0,44.74,175.64,1,palm,direct,-1.0000,-1.0000,high
218164.0404,0,381.26,5.99,381.26,5.99,,0,9.87,152.41,1,palm,direct,-1.0000,-1.0000,high
218164.0737,0,381.26,5.99,381.26,5.99,,0,9.12,141.84,1,palm,direct,-1.0000,-1.0000,high
218164.1071,0,381.26,5.99,381.26,5.99,,0,15.68,147.87,1,palm,direct,-1.0000,-1.0000,high
218164.1404,0,381.26,5.99,381.26,5.99,,0,39.76,172.33,1,palm,direct,-1.0000,-1.0000,high
218164.1738,0,381.26,5.99,381.26,5.99,,0,17.98,157.11,1,palm,direct,-1.0000,-1.0000,high
218164.2071,0,381.26,5.99,381.26,5.99,,0,13.92,149.58,1,palm,direct,-1.0000,-1.0000,high
218164.2405,0,381.26,5.99,381.26,5.99,,0,24.72,155.37,1,palm,direct,-1.0000,-1.0000,high
218164.2738,0,381.26,5.99,381.26,5.99,,0,19.98,151.20,1,palm,direct,-1.0000,-1.0000,high
218164.3072,0,381.26,5.99,381.26,5.99,,0,15.39,148.35,1,palm,direct,-1.0000,-1.0000,high
218164.3405,0,381.26,5.99,381.26,5.99,,0,20.31,150.97,1,palm,direct,-1.0000,-1.0000,high
218164.3739,0,381.26,5.99,381.26,5.99,,0,20.47,154.51,1,palm,direct,-1.0000,-1.0000,high
218164.4072,0,381.26,5.99,381.26,5.99,,0,23.83,150.59,1,palm,direct,-1.0000,-1.0000,high
218164.4406,0,381.26,5.99,381.26,5.99,,0,10.53,139.46,1,palm,direct,-1.0000,-1.0000,high
218164.4739,0,381.26,5.99,381.26,5.99,,0,11.93,142.09,1,palm,direct,-1.0000,-1.0000,high
218164.5073,0,381.26,5.99,381.26,5.99,,0,21.89,150.26,1,palm,direct,-1.0000,-1.0000,high
218164.5406,0,381.26,5.99,381.26,5.99,,0,12.65,140.90,1,palm,direct,-1.0000,-1.0000,high
218164.5740,0,381.26,5.99,381.26,5.99,,0,17.00,145.32,1,palm,direct,-1.0000,-1.0000,high
218164.6073,0,381.26,5.99,381.26,5.99,,0,16.16,144.15,1,palm,direct,-1.0000,-1.0000,high
218164.6407,0,381.26,5.99,381.26,5.99,,0,50.09,182.77,1,palm,direct,-1.0000,-1.0000,high
218164.6740,0,381.26,5.99,381.26,5.99,,0,26.20,175.87,1,palm,direct,-1.0000,-1.0000,high
218164.7074,0,381.26,5.99,381.26,5.99,,0,13.97,156.71,1,palm,direct,-1.0000,-1.0000,high
218164.7407,0,381.26,5.99,381.26,5.99,,0,21.38,152.17,1,palm,direct,-1.0000,-1.0000,high
218164.7741,0,381.26,5.99,381.26,5.99,,0,20.41,152.73,1,palm,direct,-1.0000,-1.0000,high
218164.8074,0,381.26,5.99,381.26,5.99,,0,14.91,148.42,1,palm,direct,-1.0000,-1.0000,high
218164.8408,0,381.26,5.99,381.26,5.99,,0,21.91,148.37,1,palm,direct,-1.0000,-1.0000,high
218164.8741,0,381.26,5.99,381.26,5.99,,0,28.17,156.96,1,palm,direct,-1.0000,-1.0000,high
218164.9075,0,381.26,5.99,381.26,5.99,,0,24.86,151.88,1,palm,direct,-1.0000,-1.0000,high
218164.9408,0,381.26,5.99,381.26,5.99,,0,13.45,144.32,1,palm,direct,-1.0000,-1.0000,high
218164.9742,0,381.26,5.99,381.26,5.99,,0,20.29,148.41,1,palm,direct,-1.0000,-1.0000,high
218165.0075,0,381.26,5.99,381.26,5.99,,0,28.79,155.53,1,palm,direct,-1.0000,-1.0000,high
218165.0409,0,381.26,5.99,381.26,5.99,,0,22.36,152.82,1,palm,direct,-1.0000,-1.0000,high
218165.0742,0,381.26,5.99,381.26,5.99,,0,23.15,151.38,1,palm,direct,-1.0000,-1.0000,high
218165.1076,0,381.26,5.99,381.26,5.99,,0,29.55,170.79,1,palm,direct,-1.0000,-1.0000,high
218165.1409,0,381.26,5.99,381.26,5.99,,0,7.29,144.86,1,palm,direct,-1.0000,-1.0000,high
218165.1743,0,381.26,5.99,381.26,5.99,,0,20.24,153.81,1,palm,direct,-1.0000,-1.0000,high
218165.2076,0,381.26,5.99,381.26,5.99,,0,24.05,155.78,1,palm,direct,-1.0000,-1.0000,high
218165.2410,0,381.26,5.99,381.26,5.99,,0,21.51,156.01,1,palm,direct,-1.0000,-1.0000,high
218165.2743,0,381.26,5.99,381.26,5.99,,0,17.34,144.79,1,palm,direct,-1.0000,-1.0000,high
218165.3077,0,381.26,5.99,381.26,5.99,,0,20.64,149.41,1,palm,direct,-1.0000,-1.0000,high
218165.3410,0,381.26,5.99,381.26,5.99,,0,21.27,147.72,1,palm,direct,-1.0000,-1.0000,high
218165.3744,0,381.26,5.99,381.26,5.99,,0,17.47,147.81,1,palm,direct,-1.0000,-1.0000,high
218165.4077,0,381.26,5.99,381.26,5.99,,0,20.80,146.26,1,palm,direct,-1.0000,-1.0000,high
218165.4411,0,381.26,5.99,381.26,5.99,,0,13.70,142.21,1,palm,direct,-1.0000,-1.0000,high
218165.4744,0,381.26,5.99,381.26,5.99,,0,9.86,139.44,1,palm,direct,-1.0000,-1.0000,high
218165.5078,0,381.26,5.99,381.26,5.99,,0,26.55,155.47,1,palm,direct,-1.0000,-1.0000,high
218165.5411,0,381.26,5.99,381.26,5.99,,0,20.64,151.92,1,palm,direct,-1.0000,-1.0000,high
218165.5745,0,381.26,5.99,381.26,5.99,,0,19.93,150.37,1,palm,direct,-1.0000,-1.0000,high
218165.6078,0,381.26,5.99,381.26,5.99,,0,14.68,144.29,1,palm,direct,-1.0000,-1.0000,high
218165.6412,0,381.26,5.99,381.26,5.99,,0,10.73,143.33,1,palm,direct,-1.0000,-1.0000,high
218165.6745,0,381.26,5.99,381.26,5.99,,0,13.82,146.27,1,palm,direct,-1.0000,-1.0000,high
218165.7079,0,381.26,5.99,381.26,5.99,,0,17.96,146.32,1,palm,direct,-1.0000,-1.0000,high
218165.7412,0,381.26,5.99,381.26,5.99,,0,25.55,158.46,1,palm,direct,-1.0000,-1.0000,high
218165.7746,0,381.26,5.99,381.26,5.99,,0,13.12,143.42,1,palm,direct,-1.0000,-1.0000,high
218165.8079,0,381.26,5.99,381.26,5.99,,0,16.92,149.16,1,palm,direct,-1.0000,-1.0000,high
218165.8413,0,381.26,5.99,381.26,5.99,,0,8.94,140.20,1,palm,direct,-1.0000,-1.0000,high
218165.8746,0,381.26,5.99,381.26,5.99,,0,13.91,147.44,1,palm,direct,-1.0000,-1.0000,high
218165.9080,0,381.26,5.99,381.26,5.99,,0,11.81,142.95,1,palm,direct,-1.0000,-1.0000,high
218165.9413,0,381.26,5.99,381.26,5.99,,0,25.20,155.56,1,palm,direct,-1.0000,-1.0000,high
218165.9747,0,381.26,5.99,381.26,5.99,,0,9.78,143.41,1,palm,direct,-1.0000,-1.0000,high
218166.0080,0,381.26,5.99,381.26,5.99,,0,20.47,155.07,1,palm,direct,-1.0000,-1.0000,high
218166.0414,0,381.26,5.99,381.26,5.99,,0,9.73,143.10,1,palm,direct,-1.0000,-1.0000,high
218166.0747,0,381.26,5.99,381.26,5.99,,0,13.43,149.40,1,palm,direct,-1.0000,-1.0000,high
218166.1081,0,381.26,5.99,381.26,5.99,,0,12.32,147.12,1,palm,direct,-1.0000,-1.0000,high
218166.1414,0,381.26,5.99,381.26,5.99,,0,17.30,153.79,1,palm,direct,-1.0000,-1.0000,high
218166.1748,0,381.26,5.99,381.26,5.99,,0,16.13,149.57,1,palm,direct,-1.0000,-1.0000,high
218166.2081,0,381.26,5.99,381.26,5.99,,0,16.08,149.85,1,palm,direct,-1.0000,-1.0000,high
218166.2415,0,381.26,5.99,381.26,5.99,,0,20.66,151.62,1,palm,direct,-1.0000,-1.0000,high
218166.2748,0,381.26,5.99,381.26,5.99,,0,13.78,144.35,1,palm,direct,-1.0000,-1.0000,high
218166.3082,0,381.26,5.99,381.26,5.99,,0,17.44,148.56,1,palm,direct,-1.0000,-1.0000,high
218166.3415,0,381.26,5.99,381.26,5.99,,0,19.13,147.11,1,palm,direct,-1.0000,-1.0000,high
218166.3749,0,381.26,5.99,381.26,5.99,,0,8.94,140.34,1,palm,direct,-1.0000,-1.0000,high
218166.4082,0,381.26,5.99,381.26,5.99,,0,10.38,139.75,1,palm,direct,-1.0000,-1.0000,high
218166.4416,0,381.26,5.99,381.26,5.99,,0,9.85,141.01,1,palm,direct,-1.0000,-1.0000,high
218166.4749,0,381.26,5.99,381.26,5.99,,0,10.30,139.96,1,palm,direct,-1.0000,-1.0000,high
218166.5083,0,381.26,5.99,381.26,5.99,,0,11.10,142.12,1,palm,direct,-1.0000,-1.0000,high
218166.5416,0,381.26,5.99,381.26,5.99,,0,23.76,153.09,1,palm,direct,-1.0000,-1.0000,high
218166.5750,0,381.26,5.99,381.26,5.99,,0,12.16,145.21,1,palm,direct,-1.0000,-1.0000,high
218166.6083,0,381.26,5.99,381.26,5.99,,0,17.89,148.34,1,palm,direct,-1.0000,-1.0000,high
218166.6417,0,381.26,5.99,381.26,5.99,,0,36.13,185.77,1,palm,direct,-1.0000,-1.0000,high
218166.6750,0,381.26,5.99,381.26,5.99,,0,30.62,183.22,1,palm,direct,-1.0000,-1.0000,high
218166.7084,0,381.26,5.99,381.26,5.99,,0,32.34,182.44,1,palm,direct,-1.0000,-1.0000,high
218166.7417,0,381.26,5.99,381.26,5.99,,0,21.82,171.04,1,palm,direct,-1.0000,-1.0000,high
218166.7751,0,381.26,5.99,381.26,5.99,,0,12.17,150.10,1,palm,direct,-1.0000,-1.0000,high
218166.8084,0,381.26,5.99,381.26,5.99,,0,18.09,145.53,1,palm,direct,-1.0000,-1.0000,high
218166.8418,0,381.26,5.99,381.26,5.99,,0,22.95,151.18,1,palm,direct,-1.0000,-1.0000,high
218166.8751,0,381.26,5.99,381.26,5.99,,0,21.77,149.87,1,palm,direct,-1.0000,-1.0000,high
218166.9085,0,381.26,5.99,381.26,5.99,,0,9.94,141.67,1,palm,direct,-1.0000,-1.0000,high
218166.9418,0,381.26,5.99,381.26,5.99,,0,11.98,141.71,1,palm,direct,-1.0000,-1.0000,high
218166.9752,0,381.26,5.99,381.26,5.99,,0,16.62,149.30,1,palm,direct,-1.0000,-1.0000,high
218167.0085,0,381.26,5.99,381.26,5.99,,0,11.08,141.73,1,palm,direct,-1.0000,-1.0000,high
218167.0419,0,381.26,5.99,381.26,5.99,,0,13.83,148.16,1,palm,direct,-1.0000,-1.0000,high
218167.0752,0,381.26,5.99,381.26,5.99,,0,16.53,146.18,1,palm,direct,-1.0000,-1.0000,high
218167.1086,0,381.26,5.99,381.26,5.99,,0,19.52,152.96,1,palm,direct,-1.0000,-1.0000,high
218167.1419,0,381.26,5.99,381.26,5.99,,0,15.44,146.75,1,palm,direct,-1.0000,-1.0000,high
218167.1753,0,381.26,5.99,381.26,5.99,,0,8.34,139.52,1,palm,direct,-1.0000,-1.0000,high
218167.2086,0,381.26,5.99,381.26,5.99,,0,21.05,155.70,1,palm,direct,-1.0000,-1.0000,high
218167.2420,0,381.26,5.99,381.26,5.99,,0,13.40,154.29,1,palm,direct,-1.0000,-1.0000,high
218167.2753,0,381.26,5.99,381.26,5.99,,0,15.17,145.31,1,palm,direct,-1.0000,-1.0000,high
218167.3087,0,381.26,5.99,381.26,5.99,,0,10.68,144.61,1,palm,direct,-1.0000,-1.0000,high
218167.3420,0,381.26,5.99,381.26,5.99,,0,10.17,144.25,1,palm,direct,-1.0000,-1.0000,high
218167.3754,0,381.26,5.99,381.26,5.99,,0,26.88,157.20,1,palm,direct,-1.0000,-1.0000,high
218167.4087,0,381.26,5.99,381.26,5.99,,0,15.55,153.62,1,palm,direct,-1.0000,-1.0000,high
218167.4421,0,381.26,5.99,381.26,5.99,,0,11.74,143.52,1,palm,direct,-1.0000,-1.0000,high
218167.4754,0,381.26,5.99,381.26,5.99,,0,13.67,149.41,1,palm,direct,-1.0000,-1.0000,high
218167.5088,0,381.26,5.99,381.26,5.99,,0,17.96,151.40,1,palm,direct,-1.0000,-1.0000,high
218167.5421,0,381.26,5.99,381.26,5.99,,0,16.48,157.11,1,palm,direct,-1.0000,-1.0000,high
218167.5755,0,381.26,5.99,381.26,5.99,,0,13.09,146.81,1,palm,direct,-1.0000,-1.0000,high
218167.6088,0,381.26,5.99,381.26,5.99,,0,13.05,149.67,1,palm,direct,-1.0000,-1.0000,high
218167.6422,0,381.26,5.99,381.26,5.99,,0,17.09,152.74,1,palm,direct,-1.0000,-1.0000,high
218167.6755,0,381.26,5.99,381.26,5.99,,0,13.12,149.53,1,palm,direct,-1.0000,-1.0000,high
218167.7089,0,381.26,5.99,381.26,5.99,,0,15.82,152.39,1,palm,direct,-1.0000,-1.0000,high
218167.7422,0,381.26,5.99,381.26,5.99,,0,26.44,161.72,1,palm,direct,-1.0000,-1.0000,high
218167.7756,0,381.26,5.99,381.26,5.99,,0,27.62,170.37,1,palm,direct,-1.0000,-1.0000,high
218167.8089,0,381.26,5.99,381.26,5.99,,0,32.30,174.40,1,palm,direct,-1.0000,-1.0000,high
218167.8423,0,381.26,5.99,381.26,5.99,,0,13.37,159.02,1,palm,direct,-1.0000,-1.0000,high
218167.8756,0,381.26,5.99,381.26,5.99,,0,30.17,172.88,1,palm,direct,-1.0000,-1.0000,high
218167.9090,0,381.26,5.99,381.26,5.99,,0,13.62,158.63,1,palm,direct,-1.0000,-1.0000,high
218167.9423,0,381.26,5.99,381.26,5.99,,0,6.68,151.59,1,palm,direct,-1.0000,-1.0000,high
218167.9757,0,381.26,5.99,381.26,5.99,,0,16.63,161.86,1,palm,direct,-1.0000,-1.0000,high
218168.0090,0,381.26,5.99,381.26,5.99,,0,34.80,182.87,1,palm,direct,-1.0000,-1.0000,high
218168.0424,0,381.26,5.99,381.26,5.99,,0,34.56,184.32,1,palm,direct,-1.0000,-1.0000,high
218168.0757,0,381.26,5.99,381.26,5.99,,0,52.55,219.18,1,palm,direct,-1.0000,-1.0000,high
218168.1091,0,381.26,5.99,381.26,5.99,,0,21.49,207.55,1,palm,direct,-1.0000,-1.0000,high
218168.1758,0,381.26,5.99,381.26,5.99,,0,8.03,153.75,1,palm,direct,-1.0000,-1.0000,high
218168.2091,0,381.26,5.99,381.26,5.99,,0,33.27,180.38,1,palm,direct,-1.0000,-1.0000,high
218168.2425,0,381.26,5.99,381.26,5.99,,0,23.12,170.31,1,palm,direct,-1.0000,-1.0000,high
218168.2758,0,381.26,5.99,381.26,5.99,,0,14.18,163.62,1,palm,direct,-1.0000,-1.0000,high
218168.3092,0,381.26,5.99,381.26,5.99,,0,29.47,177.56,1,palm,direct,-1.0000,-1.0000,high
218168.3425,0,381.26,5.99,381.26,5.99,,0,21.27,176.03,1,palm,direct,-1.0000,-1.0000,high
218168.3759,0,381.26,5.99,381.26,5.99,,0,41.34,191.48,1,palm,direct,-1.0000,-1.0000,high
218168.4092,0,381.26,5.99,381.26,5.99,,0,23.68,182.12,1,palm,direct,-1.0000,-1.0000,high
218168.4426,0,381.26,5.99,381.26,5.99,,0,25.25,178.77,1,palm,direct,-1.0000,-1.0000,high
218168.4759,0,381.26,5.99,381.26,5.99,,0,24.60,172.68,1,palm,direct,-1.0000,-1.0000,high
218168.5093,0,381.26,5.99,381.26,5.99,,0,29.77,180.81,1,palm,direct,-1.0000,-1.0000,high
218168.5426,0,381.26,5.99,381.26,5.99,,0,12.79,162.46,1,palm,direct,-1.0000,-1.0000,high
218168.5760,0,381.26,5.99,381.26,5.99,,0,32.44,183.70,1,palm,direct,-1.0000,-1.0000,high
218168.6093,0,381.26,5.99,381.26,5.99,,0,30.41,183.58,1,palm,direct,-1.0000,-1.0000,high
218168.6427,0,381.26,5.99,381.26,5.99,,0,26.84,179.70,1,palm,direct,-1.0000,-1.0000,high
218168.6760,0,381.26,5.99,381.26,5.99,,0,35.86,184.68,1,palm,direct,-1.0000,-1.0000,high
218168.7094,0,381.26,5.99,381.26,5.99,,0,22.64,174.42,1,palm,direct,-1.0000,-1.0000,high
218168.7427,0,381.26,5.99,381.26,5.99,,0,26.86,177.59,1,palm,direct,-1.0000,-1.0000,high
218168.7761,0,381.26,5.99,381.26,5.99,,0,26.53,176.77,1,palm,direct,-1.0000,-1.0000,high
218168.8094,0,381.26,5.99,381.26,5.99,,0,30.31,182.35,1,palm,direct,-1.0000,-1.0000,high
218168.8428,0,381.26,5.99,381.26,5.99,,0,31.67,180.95,1,palm,direct,-1.0000,-1.0000,high
218168.8761,0,381.26,5.99,381.26,5.99,,0,31.83,179.64,1,palm,direct,-1.0000,-1.0000,high
218168.9095,0,381.26,5.99,381.26,5.99,,0,39.43,186.02,1,palm,direct,-1.0000,-1.0000,high
218168.9428,0,381.26,5.99,381.26,5.99,,0,24.66,177.47,1,palm,direct,-1.0000,-1.0000,high
218168.9762,0,381.26,5.99,381.26,5.99,,0,9.94,154.60,1,palm,direct,-1.0000,-1.0000,high
218169.0095,0,381.26,5.99,381.26,5.99,,0,19.92,146.47,1,palm,direct,-1.0000,-1.0000,high
218169.0429,0,381.26,5.99,381.26,5.99,,0,28.84,153.34,1,palm,direct,-1.0000,-1.0000,high
218169.0762,0,381.26,5.99,381.26,5.99,,0,24.61,150.96,1,palm,direct,-1.0000,-1.0000,high
218169.1096,0,381.26,5.99,381.26,5.99,,0,34.06,156.51,1,palm,direct,-1.0000,-1.0000,high
218169.1429,0,381.26,5.99,381.26,5.99,,0,23.16,149.62,1,palm,direct,-1.0000,-1.0000,high
218169.1763,0,381.26,5.99,381.26,5.99,,0,27.98,156.31,1,palm,direct,-1.0000,-1.0000,high
218169.2096,0,381.26,5.99,381.26,5.99,,0,15.29,144.27,1,palm,direct,-1.0000,-1.0000,high
218169.2430,0,381.26,5.99,381.26,5.99,,0,18.77,139.73,1,palm,direct,-1.0000,-1.0000,high
218169.2763,0,381.26,5.99,381.26,5.99,,0,21.65,150.93,1,palm,direct,-1.0000,-1.0000,high
218169.3097,0,381.26,5.99,381.26,5.99,,0,16.40,138.15,1,palm,direct,-1.0000,-1.0000,high
218169.3430,0,381.26,5.99,381.26,5.99,,0,16.82,141.70,1,palm,direct,-1.0000,-1.0000,high
218169.3764,0,381.26,5.99,381.26,5.99,,0,26.85,149.32,1,palm,direct,-1.0000,-1.0000,high
218169.4097,0,381.26,5.99,381.26,5.99,,0,24.37,151.53,1,palm,direct,-1.0000,-1.0000,high
218169.4431,0,381.26,5.99,381.26,5.99,,0,18.91,146.74,1,palm,direct,-1.0000,-1.0000,high
218169.4764,0,381.26,5.99,381.26,5.99,,0,22.88,144.11,1,palm,direct,-1.0000,-1.0000,high
218169.5097,0,381.26,5.99,381.26,5.99,,0,22.40,149.15,1,palm,direct,-1.0000,-1.0000,high
218169.5431,0,381.26,5.99,381.26,5.99,,0,17.12,140.10,1,palm,direct,-1.0000,-1.0000,high
218169.5764,0,381.26,5.99,381.26,5.99,,0,16.30,146.21,1,palm,direct,-1.0000,-1.0000,high
218169.6098,0,381.26,5.99,381.26,5.99,,0,11.17,130.94,1,palm,direct,-1.0000,-1.0000,high
218169.6431,0,381.26,5.99,381.26,5.99,,0,46.12,169.96,1,palm,direct,-1.0000,-1.0000,high
218169.6765,0,381.26,5.99,381.26,5.99,,0,10.08,146.91,1,palm,direct,-1.0000,-1.0000,high
218169.7099,0,381.26,5.99,381.26,5.99,,0,19.55,138.98,1,palm,direct,-1.0000,-1.0000,high
218169.7432,0,381.26,5.99,381.26,5.99,,0,26.51,144.51,1,palm,direct,-1.0000,-1.0000,high
218169.7766,0,381.26,5.99,381.26,5.99,,0,22.57,147.02,1,palm,direct,-1.0000,-1.0000,high
218169.8099,0,381.26,5.99,381.26,5.99,,0,26.79,145.94,1,palm,direct,-1.0000,-1.0000,high
218169.8433,0,381.26,5.99,381.26,5.99,,0,26.34,146.09,1,palm,direct,-1.0000,-1.0000,high
218169.8766,0,381.26,5.99,381.26,5.99,,0,22.28,143.50,1,palm,direct,-1.0000,-1.0000,high
218169.9100,0,381.26,5.99,381.26,5.99,,0,24.59,158.95,1,palm,direct,-1.0000,-1.0000,high
218169.9433,0,381.26,5.99,381.26,5.99,,0,20.09,145.84,1,palm,direct,-1.0000,-1.0000,high
218169.9766,0,381.26,5.99,381.26,5.99,,0,13.12,128.98,1,palm,direct,-1.0000,-1.0000,high
218170.0100,0,381.26,5.99,381.26,5.99,,0,7.26,123.38,1,palm,direct,-1.0000,-1.0000,high
218170.0433,0,381.26,5.99,381.26,5.99,,0,24.37,139.86,1,palm,direct,-1.0000,-1.0000,high
218170.0767,0,381.26,5.99,381.26,5.99,,0,26.67,143.81,1,palm,direct,-1.0000,-1.0000,high
218170.1100,0,381.26,5.99,381.26,5.99,,0,22.07,150.47,1,palm,direct,-1.0000,-1.0000,high
218170.1434,0,381.26,5.99,381.26,5.99,,0,12.26,129.50,1,palm,direct,-1.0000,-1.0000,high
218170.1768,0,381.26,5.99,381.26,5.99,,0,13.10,127.33,1,palm,direct,-1.0000,-1.0000,high
218170.2101,0,381.26,5.99,381.26,5.99,,0,35.14,146.56,1,palm,direct,-1.0000,-1.0000,high
218170.2435,0,381.26,5.99,381.26,5.99,,0,22.03,139.25,1,palm,direct,-1.0000,-1.0000,high
218170.2768,0,381.26,5.99,381.26,5.99,,0,26.40,139.44,1,palm,direct,-1.0000,-1.0000,high
218170.3102,0,381.26,5.99,381.26,5.99,,0,23.88,142.09,1,palm,direct,-1.0000,-1.0000,high
218170.3435,0,381.26,5.99,381.26,5.99,,0,33.36,148.48,1,palm,direct,-1.0000,-1.0000,high
218170.3769,0,381.26,5.99,381.26,5.99,,0,7.23,122.49,1,palm,direct,-1.0000,-1.0000,high
218170.4102,0,381.26,5.99,381.26,5.99,,0,11.42,130.15,1,palm,direct,-1.0000,-1.0000,high
218170.4435,0,381.26,5.99,381.26,5.99,,0,26.74,142.68,1,palm,direct,-1.0000,-1.0000,high
218170.4769,0,381.26,5.99,381.26,5.99,,0,51.05,183.02,1,palm,direct,-1.0000,-1.0000,high
218170.5102,0,381.26,5.99,381.26,5.99,,0,37.40,187.38,1,palm,direct,-1.0000,-1.0000,high
218170.5436,0,381.26,5.99,381.26,5.99,,0,16.58,170.75,1,palm,direct,-1.0000,-1.0000,high
218170.6103,0,381.26,5.99,381.26,5.99,,0,23.23,141.65,1,palm,direct,-1.0000,-1.0000,high
218170.6437,0,381.26,5.99,381.26,5.99,,0,31.74,147.16,1,palm,direct,-1.0000,-1.0000,high
218170.6770,0,381.26,5.99,381.26,5.99,,0,26.08,145.95,1,palm,direct,-1.0000,-1.0000,high
218170.7104,0,381.26,5.99,381.26,5.99,,0,20.97,138.98,1,palm,direct,-1.0000,-1.0000,high
218170.7437,0,381.26,5.99,381.26,5.99,,0,22.03,149.07,1,palm,direct,-1.0000,-1.0000,high
218170.7771,0,381.26,5.99,381.26,5.99,,0,33.11,151.83,1,palm,direct,-1.0000,-1.0000,high
218170.8104,0,381.26,5.99,381.26,5.99,,0,29.99,151.00,1,palm,direct,-1.0000,-1.0000,high
218170.8438,0,381.26,5.99,381.26,5.99,,0,25.32,144.61,1,palm,direct,-1.0000,-1.0000,high
218170.8771,0,381.26,5.99,381.26,5.99,,0,17.88,141.57,1,palm,direct,-1.0000,-1.0000,high
218170.9104,0,381.26,5.99,381.26,5.99,,0,24.49,142.88,1,palm,direct,-1.0000,-1.0000,high
218170.9438,0,381.26,5.99,381.26,5.99,,0,14.59,141.80,1,palm,direct,-1.0000,-1.0000,high
218170.9771,0,381.26,5.99,381.26,5.99,,0,25.58,145.67,1,palm,direct,-1.0000,-1.0000,high
218171.0105,0,381.26,5.99,381.26,5.99,,0,19.70,146.20,1,palm,direct,-1.0000,-1.0000,high
218171.0438,0,381.26,5.99,381.26,5.99,,0,29.00,153.98,1,palm,direct,-1.0000,-1.0000,high
218171.0772,0,381.26,5.99,381.26,5.99,,0,21.65,149.31,1,palm,direct,-1.0000,-1.0000,high
218171.1106,0,381.26,5.99,381.26,5.99,,0,12.78,142.66,1,palm,direct,-1.0000,-1.0000,high
218171.1439,0,381.26,5.99,381.26,5.99,,0,19.18,145.50,1,palm,direct,-1.0000,-1.0000,high
218171.1773,0,381.26,5.99,381.26,5.99,,0,28.34,171.34,1,palm,direct,-1.0000,-1.0000,high
218171.2106,0,381.26,5.99,381.26,5.99,,0,13.18,151.34,1,palm,direct,-1.0000,-1.0000,high
218171.2440,0,381.26,5.99,381.26,5.99,,0,13.84,142.31,1,palm,direct,-1.0000,-1.0000,high
218171.2773,0,381.26,5.99,381.26,5.99,,0,15.82,143.52,1,palm,direct,-1.0000,-1.0000,high
218171.3106,0,381.26,5.99,381.26,5.99,,0,17.53,145.06,1,palm,direct,-1.0000,-1.0000,high
218171.3440,0,381.26,5.99,381.26,5.99,,0,26.35,154.83,1,palm,direct,-1.0000,-1.0000,high
218171.3773,0,381.26,5.99,381.26,5.99,,0,14.98,143.36,1,palm,direct,-1.0000,-1.0000,high
218171.4107,0,381.26,5.99,381.26,5.99,,0,12.74,146.38,1,palm,direct,-1.0000,-1.0000,high
218171.4440,0,381.26,5.99,381.26,5.99,,0,15.85,145.53,1,palm,direct,-1.0000,-1.0000,high
218171.4774,0,381.26,5.99,381.26,5.99,,0,16.03,147.63,1,palm,direct,-1.0000,-1.0000,high
218171.5107,0,381.26,5.99,381.26,5.99,,0,19.77,149.94,1,palm,direct,-1.0000,-1.0000,high
218171.5441,0,381.26,5.99,381.26,5.99,,0,10.07,141.69,1,palm,direct,-1.0000,-1.0000,high
218171.5775,0,381.26,5.99,381.26,5.99,,0,18.17,146.89,1,palm,direct,-1.0000,-1.0000,high
218171.6108,0,381.26,5.99,381.26,5.99,,0,53.33,215.87,1,palm,direct,-1.0000,-1.0000,high
218171.6442,0,381.26,5.99,381.26,5.99,,0,7.09,189.84,1,palm,direct,-1.0000,-1.0000,high
218171.7109,0,381.26,5.99,381.26,5.99,,0,9.12,141.57,1,palm,direct,-1.0000,-1.0000,high
218171.7442,0,381.26,5.99,381.26,5.99,,0,31.74,171.56,1,palm,direct,-1.0000,-1.0000,high
218171.7775,0,381.26,5.99,381.26,5.99,,0,14.42,152.86,1,palm,direct,-1.0000,-1.0000,high
218171.8109,0,381.26,5.99,381.26,5.99,,0,13.28,146.43,1,palm,direct,-1.0000,-1.0000,high
218171.8442,0,381.26,5.99,381.26,5.99,,0,25.17,156.27,1,palm,direct,-1.0000,-1.0000,high
218171.8776,0,381.26,5.99,381.26,5.99,,0,14.53,149.33,1,palm,direct,-1.0000,-1.0000,high
218171.9109,0,381.26,5.99,381.26,5.99,,0,18.85,147.49,1,palm,direct,-1.0000,-1.0000,high
218171.9443,0,381.26,5.99,381.26,5.99,,0,22.35,150.53,1,palm,direct,-1.0000,-1.0000,high
218171.9776,0,381.26,5.99,381.26,5.99,,0,23.72,156.76,1,palm,direct,-1.0000,-1.0000,high
218172.0110,0,381.26,5.99,381.26,5.99,,0,28.53,153.81,1,palm,direct,-1.0000,-1.0000,high
218172.0444,0,381.26,5.99,381.26,5.99,,0,16.44,145.42,1,palm,direct,-1.0000,-1.0000,high
218172.0777,0,381.26,5.99,381.26,5.99,,0,20.97,147.65,1,palm,direct,-1.0000,-1.0000,high
218172.1111,0,381.26,5.99,381.26,5.99,,0,19.99,150.35,1,palm,direct,-1.0000,-1.0000,high
218172.1444,0,381.26,5.99,381.26,5.99,,0,18.73,146.85,1,palm,direct,-1.0000,-1.0000,high
218172.1778,0,381.26,5.99,381.26,5.99,,0,16.85,146.08,1,palm,direct,-1.0000,-1.0000,high
218172.2111,0,381.26,5.99,381.26,5.99,,0,11.82,139.35,1,palm,direct,-1.0000,-1.0000,high
218172.2444,0,381.26,5.99,381.26,5.99,,0,13.24,144.50,1,palm,direct,-1.0000,-1.0000,high
218172.2778,0,381.26,5.99,381.26,5.99,,0,16.66,144.79,1,palm,direct,-1.0000,-1.0000,high
218172.3111,0,381.26,5.99,381.26,5.99,,0,29.28,159.71,1,palm,direct,-1.0000,-1.0000,high
218172.3445,0,381.26,5.99,381.26,5.99,,0,16.83,151.95,1,palm,direct,-1.0000,-1.0000,high
218172.3778,0,381.26,5.99,381.26,5.99,,0,14.81,144.89,1,palm,direct,-1.0000,-1.0000,high
218172.4112,0,381.26,5.99,381.26,5.99,,0,17.86,153.23,1,palm,direct,-1.0000,-1.0000,high
218172.4445,0,381.26,5.99,381.26,5.99,,0,19.88,150.95,1,palm,direct,-1.0000,-1.0000,high
218172.4779,0,381.26,5.99,381.26,5.99,,0,79.29,210.37,1,palm,direct,-1.0000,-1.0000,high
218172.5113,0,381.26,5.99,381.26,5.99,,0,11.51,188.75,1,palm,direct,-1.0000,-1.0000,high
218172.5780,0,381.26,5.99,381.26,5.99,,0,10.30,147.13,1,palm,direct,-1.0000,-1.0000,high
218172.6113,0,381.26,5.99,381.26,5.99,,0,14.12,149.27,1,palm,direct,-1.0000,-1.0000,high
218172.6447,0,381.26,5.99,381.26,5.99,,0,21.19,156.79,1,palm,direct,-1.0000,-1.0000,high
218172.6780,0,381.26,5.99,381.26,5.99,,0,14.28,152.68,1,palm,direct,-1.0000,-1.0000,high
218172.7113,0,381.26,5.99,381.26,5.99,,0,12.76,147.99,1,palm,direct,-1.0000,-1.0000,high
218172.7447,0,381.26,5.99,381.26,5.99,,0,17.40,155.59,1,palm,direct,-1.0000,-1.0000,high
218172.7780,0,381.26,5.99,381.26,5.99,,0,16.65,150.92,1,palm,direct,-1.0000,-1.0000,high
218172.8114,0,381.26,5.99,381.26,5.99,,0,8.27,144.36,1,palm,direct,-1.0000,-1.0000,high
218172.8447,0,381.26,5.99,381.26,5.99,,0,24.26,156.43,1,palm,direct,-1.0000,-1.0000,high
218172.8781,0,381.26,5.99,381.26,5.99,,0,24.04,160.82,1,palm,direct,-1.0000,-1.0000,high
218172.9115,0,381.26,5.99,381.26,5.99,,0,23.29,158.43,1,palm,direct,-1.0000,-1.0000,high
218172.9448,0,381.26,5.99,381.26,5.99,,0,11.50,147.47,1,palm,direct,-1.0000,-1.0000,high
218172.9782,0,381.26,5.99,381.26,5.99,,0,37.80,179.34,1,palm,direct,-1.0000,-1.0000,high
218173.0115,0,381.26,5.99,381.26,5.99,,0,9.93,156.27,1,palm,direct,-1.0000,-1.0000,high
218173.0449,0,381.26,5.99,381.26,5.99,,0,13.38,152.87,1,palm,direct,-1.0000,-1.0000,high
218173.0782,0,381.26,5.99,381.26,5.99,,0,13.62,150.71,1,palm,direct,-1.0000,-1.0000,high
218173.1116,0,381.26,5.99,381.26,5.99,,0,13.40,149.26,1,palm,direct,-1.0000,-1.0000,high
218173.1449,0,381.26,5.99,381.26,5.99,,0,14.35,152.00,1,palm,direct,-1.0000,-1.0000,high
218173.1782,0,381.26,5.99,381.26,5.99,,0,13.02,151.58,1,palm,direct,-1.0000,-1.0000,high
218173.2116,0,381.26,5.99,381.26,5.99,,0,13.58,147.98,1,palm,direct,-1.0000,-1.0000,high
218173.2449,0,381.26,5.99,381.26,5.99,,0,12.36,149.15,1,palm,direct,-1.0000,-1.0000,high
218173.2783,0,381.26,5.99,381.26,5.99,,0,15.35,150.93,1,palm,direct,-1.0000,-1.0000,high
218173.3116,0,381.26,5.99,381.26,5.99,,0,14.76,149.55,1,palm,direct,-1.0000,-1.0000,high
218173.3450,0,381.26,5.99,381.26,5.99,,0,21.49,156.48,1,palm,direct,-1.0000,-1.0000,high
218173.3784,0,381.26,5.99,381.26,5.99,,0,14.69,150.51,1,palm,direct,-1.0000,-1.0000,high
218173.4117,0,381.26,5.99,381.26,5.99,,0,17.23,150.01,1,palm,direct,-1.0000,-1.0000,high
218173.4451,0,381.26,5.99,381.26,5.99,,0,24.01,160.50,1,palm,direct,-1.0000,-1.0000,high
218173.4784,0,381.26,5.99,381.26,5.99,,0,14.38,143.92,1,palm,direct,-1.0000,-1.0000,high
218173.5118,0,381.26,5.99,381.26,5.99,,0,11.04,144.80,1,palm,direct,-1.0000,-1.0000,high
218173.5451,0,381.26,5.99,381.26,5.99,,0,22.39,159.21,1,palm,direct,-1.0000,-1.0000,high
218173.5785,0,381.26,5.99,381.26,5.99,,0,19.16,148.72,1,palm,direct,-1.0000,-1.0000,high
218173.6118,0,381.26,5.99,381.26,5.99,,0,21.67,154.63,1,palm,direct,-1.0000,-1.0000,high
218173.6451,0,381.26,5.99,381.26,5.99,,0,14.54,144.09,1,palm,direct,-1.0000,-1.0000,high
218173.6785,0,381.26,5.99,381.26,5.99,,0,13.34,147.97,1,palm,direct,-1.0000,-1.0000,high
218173.7118,0,381.26,5.99,381.26,5.99,,0,13.23,143.71,1,palm,direct,-1.0000,-1.0000,high
218173.7452,0,381.26,5.99,381.26,5.99,,0,11.60,144.71,1,palm,direct,-1.0000,-1.0000,high
218173.7785,0,381.26,5.99,381.26,5.99,,0,21.26,151.47,1,palm,direct,-1.0000,-1.0000,high
218173.8119,0,381.26,5.99,381.26,5.99,,0,19.62,151.20,1,palm,direct,-1.0000,-1.0000,high
218173.8453,0,381.26,5.99,381.26,5.99,,0,15.14,146.57,1,palm,direct,-1.0000,-1.0000,high
218173.8786,0,381.26,5.99,381.26,5.99,,0,15.19,148.82,1,palm,direct,-1.0000,-1.0000,high
218173.9120,0,381.26,5.99,381.26,5.99,,0,22.54,155.12,1,palm,direct,-1.0000,-1.0000,high
218173.9453,0,381.26,5.99,381.26,5.99,,0,11.84,146.90,1,palm,direct,-1.0000,-1.0000,high
218173.9787,0,381.26,5.99,381.26,5.99,,0,14.41,148.44,1,palm,direct,-1.0000,-1.0000,high
218174.0120,0,381.26,5.99,381.26,5.99,,0,15.48,153.28,1,palm,direct,-1.0000,-1.0000,high
218174.0454,0,381.26,5.99,381.26,5.99,,0,16.19,151.79,1,palm,direct,-1.0000,-1.0000,high
218174.0787,0,381.26,5.99,381.26,5.99,,0,21.78,164.31,1,palm,direct,-1.0000,-1.0000,high
218174.1120,0,381.26,5.99,381.26,5.99,,0,21.05,156.40,1,palm,direct,-1.0000,-1.0000,high
218174.1454,0,381.26,5.99,381.26,5.99,,0,13.44,150.74,1,palm,direct,-1.0000,-1.0000,high
218174.1787,0,381.26,5.99,381.26,5.99,,0,12.43,147.76,1,palm,direct,-1.0000,-1.0000,high
218174.2121,0,381.26,5.99,381.26,5.99,,0,13.22,152.28,1,palm,direct,-1.0000,-1.0000,high
218174.2454,0,381.26,5.99,381.26,5.99,,0,13.74,146.23,1,palm,direct,-1.0000,-1.0000,high
218174.2788,0,381.26,5.99,381.26,5.99,,0,21.38,162.07,1,palm,direct,-1.0000,-1.0000,high
218174.3122,0,381.26,5.99,381.26,5.99,,0,17.61,151.93,1,palm,direct,-1.0000,-1.0000,high
218174.3455,0,381.26,5.99,381.26,5.99,,0,22.33,170.05,1,palm,direct,-1.0000,-1.0000,high
218174.3789,0,381.26,5.99,381.26,5.99,,0,13.37,150.25,1,palm,direct,-1.0000,-1.0000,high
218174.4122,0,381.26,5.99,381.26,5.99,,0,11.71,143.93,1,palm,direct,-1.0000,-1.0000,high
218174.4456,0,381.26,5.99,381.26,5.99,,0,27.11,179.03,1,palm,direct,-1.0000,-1.0000,high
218174.4789,0,381.26,5.99,381.26,5.99,,0,21.03,166.80,1,palm,direct,-1.0000,-1.0000,high
218174.5122,0,381.26,5.99,381.26,5.99,,0,14.18,150.52,1,palm,direct,-1.0000,-1.0000,high
218174.5456,0,381.26,5.99,381.26,5.99,,0,21.13,151.89,1,palm,direct,-1.0000,-1.0000,high
218174.5789,0,381.26,5.99,381.26,5.99,,0,21.80,154.03,1,palm,direct,-1.0000,-1.0000,high
218174.6123,0,381.26,5.99,381.26,5.99,,0,9.93,141.91,1,palm,direct,-1.0000,-1.0000,high
218174.6456,0,381.26,5.99,381.26,5.99,,0,10.71,146.01,1,palm,direct,-1.0000,-1.0000,high
218174.6790,0,381.26,5.99,381.26,5.99,,0,9.37,144.55,1,palm,direct,-1.0000,-1.0000,high
218174.7123,0,381.26,5.99,381.26,5.99,,0,11.93,147.53,1,palm,direct,-1.0000,-1.0000,high
218174.7457,0,381.26,5.99,381.26,5.99,,0,10.72,146.10,1,palm,direct,-1.0000,-1.0000,high
218174.7791,0,381.26,5.99,381.26,5.99,,0,18.93,156.82,1,palm,direct,-1.0000,-1.0000,high
218174.8124,0,381.26,5.99,381.26,5.99,,0,15.74,150.82,1,palm,direct,-1.0000,-1.0000,high
218174.8458,0,381.26,5.99,381.26,5.99,,0,10.32,145.41,1,palm,direct,-1.0000,-1.0000,high
218174.8791,0,381.26,5.99,381.26,5.99,,0,10.99,149.84,1,palm,direct,-1.0000,-1.0000,high
218174.9125,0,381.26,5.99,381.26,5.99,,0,10.42,144.75,1,palm,direct,-1.0000,-1.0000,high
218174.9458,0,381.26,5.99,381.26,5.99,,0,12.66,151.59,1,palm,direct,-1.0000,-1.0000,high
218174.9791,0,381.26,5.99,381.26,5.99,,0,11.68,146.88,1,palm,direct,-1.0000,-1.0000,high
218175.0125,0,381.26,5.99,381.26,5.99,,0,10.10,144.98,1,palm,direct,-1.0000,-1.0000,high
218175.0458,0,381.26,5.99,381.26,5.99,,0,14.60,150.50,1,palm,direct,-1.0000,-1.0000,high
218175.0792,0,381.26,5.99,381.26,5.99,,0,19.05,155.44,1,palm,direct,-1.0000,-1.0000,high
218175.1125,0,381.26,5.99,381.26,5.99,,0,13.37,148.43,1,palm,direct,-1.0000,-1.0000,high
218175.1459,0,381.26,5.99,381.26,5.99,,0,10.47,149.09,1,palm,direct,-1.0000,-1.0000,high
218175.1792,0,381.26,5.99,381.26,5.99,,0,15.50,155.79,1,palm,direct,-1.0000,-1.0000,high
218175.2126,0,381.26,5.99,381.26,5.99,,0,12.29,142.33,1,palm,direct,-1.0000,-1.0000,high
218175.2460,0,381.26,5.99,381.26,5.99,,0,20.03,151.89,1,palm,direct,-1.0000,-1.0000,high
218175.2793,0,381.26,5.99,381.26,5.99,,0,14.10,145.67,1,palm,direct,-1.0000,-1.0000,high
218175.3127,0,381.26,5.99,381.26,5.99,,0,12.93,148.04,1,palm,direct,-1.0000,-1.0000,high
218175.3460,0,381.26,5.99,381.26,5.99,,0,12.80,144.60,1,palm,direct,-1.0000,-1.0000,high
218175.3794,0,381.26,5.99,381.26,5.99,,0,16.25,150.72,1,palm,direct,-1.0000,-1.0000,high
218175.4127,0,381.26,5.99,381.26,5.99,,0,10.47,142.33,1,palm,direct,-1.0000,-1.0000,high
218175.4460,0,381.26,5.99,381.26,5.99,,0,15.23,149.91,1,palm,direct,-1.0000,-1.0000,high
218175.4794,0,381.26,5.99,381.26,5.99,,0,17.90,149.57,1,palm,direct,-1.0000,-1.0000,high
218175.5127,0,381.26,5.99,381.26,5.99,,0,16.16,151.65,1,palm,direct,-1.0000,-1.0000,high
218175.5461,0,381.26,5.99,381.26,5.99,,0,14.68,143.33,1,palm,direct,-1.0000,-1.0000,high
218175.5794,0,381.26,5.99,381.26,5.99,,0,15.94,149.04,1,palm,direct,-1.0000,-1.0000,high
218175.6128,0,381.26,5.99,381.26,5.99,,0,23.39,151.89,1,palm,direct,-1.0000,-1.0000,high
218175.6461,0,381.26,5.99,381.26,5.99,,0,13.78,143.30,1,palm,direct,-1.0000,-1.0000,high
218175.6795,0,381.26,5.99,381.26,5.99,,0,22.67,150.86,1,palm,direct,-1.0000,-1.0000,high
218175.7129,0,381.26,5.99,381.26,5.99,,0,21.32,149.46,1,palm,direct,-1.0000,-1.0000,high
218175.7462,0,381.26,5.99,381.26,5.99,,0,18.58,151.16,1,palm,direct,-1.0000,-1.0000,high
218175.7796,0,381.26,5.99,381.26,5.99,,0,16.30,144.10,1,palm,direct,-1.0000,-1.0000,high
218175.8129,0,381.26,5.99,381.26,5.99,,0,14.61,146.20,1,palm,direct,-1.0000,-1.0000,high
218175.8463,0,381.26,5.99,381.26,5.99,,0,27.34,154.19,1,palm,direct,-1.0000,-1.0000,high
218175.8796,0,381.26,5.99,381.26,5.99,,0,22.02,148.11,1,palm,direct,-1.0000,-1.0000,high
218175.9129,0,381.26,5.99,381.26,5.99,,0,8.52,140.01,1,palm,direct,-1.0000,-1.0000,high
218175.9463,0,381.26,5.99,381.26,5.99,,0,16.48,146.88,1,palm,direct,-1.0000,-1.0000,high
218175.9796,0,381.26,5.99,381.26,5.99,,0,10.01,142.28,1,palm,direct,-1.0000,-1.0000,high
218176.0130,0,381.26,5.99,381.26,5.99,,0,12.33,143.92,1,palm,direct,-1.0000,-1.0000,high
218176.0463,0,381.26,5.99,381.26,5.99,,0,14.04,151.86,1,palm,direct,-1.0000,-1.0000,high
218176.0797,0,381.26,5.99,381.26,5.99,,0,23.47,152.77,1,palm,direct,-1.0000,-1.0000,high
218176.1131,0,381.26,5.99,381.26,5.99,,0,20.85,149.96,1,palm,direct,-1.0000,-1.0000,high
218176.1464,0,381.26,5.99,381.26,5.99,,0,15.80,149.54,1,palm,direct,-1.0000,-1.0000,high
218176.1797,0,381.26,5.99,381.26,5.99,,0,19.21,149.90,1,palm,direct,-1.0000,-1.0000,high
218176.2131,0,381.26,5.99,381.26,5.99,,0,16.77,150.15,1,palm,direct,-1.0000,-1.0000,high
218176.2464,0,381.26,5.99,381.26,5.99,,0,10.46,147.21,1,palm,direct,-1.0000,-1.0000,high
218176.2798,0,381.26,5.99,381.26,5.99,,0,21.40,151.69,1,palm,direct,-1.0000,-1.0000,high
218176.3131,0,381.26,5.99,381.26,5.99,,0,23.57,157.65,1,palm,direct,-1.0000,-1.0000,high
218176.3465,0,381.26,5.99,381.26,5.99,,0,23.54,153.15,1,palm,direct,-1.0000,-1.0000,high
218176.3798,0,381.26,5.99,381.26,5.99,,0,20.20,153.17,1,palm,direct,-1.0000,-1.0000,high
218176.4132,0,381.26,5.99,381.26,5.99,,0,16.76,148.49,1,palm,direct,-1.0000,-1.0000,high
218176.4465,0,381.26,5.99,381.26,5.99,,0,15.08,149.61,1,palm,direct,-1.0000,-1.0000,high
218176.4799,0,381.26,5.99,381.26,5.99,,0,18.08,149.17,1,palm,direct,-1.0000,-1.0000,high
218176.5132,0,381.26,5.99,381.26,5.99,,0,15.09,145.80,1,palm,direct,-1.0000,-1.0000,high
218176.5466,0,381.26,5.99,381.26,5.99,,0,21.88,151.95,1,palm,direct,-1.0000,-1.0000,high
218176.5799,0,381.26,5.99,381.26,5.99,,0,40.28,174.10,1,palm,direct,-1.0000,-1.0000,high
218176.6133,0,381.26,5.99,381.26,5.99,,0,10.85,151.87,1,palm,direct,-1.0000,-1.0000,high
218176.6466,0,381.26,5.99,381.26,5.99,,0,45.88,176.00,1,palm,direct,-1.0000,-1.0000,high
218176.6800,0,381.26,5.99,381.26,5.99,,0,16.58,159.49,1,palm,direct,-1.0000,-1.0000,high
218176.7133,0,381.26,5.99,381.26,5.99,,0,20.22,150.23,1,palm,direct,-1.0000,-1.0000,high
218176.7467,0,381.26,5.99,381.26,5.99,,0,18.45,149.95,1,palm,direct,-1.0000,-1.0000,high
218176.7800,0,381.26,5.99,381.26,5.99,,0,21.10,150.35,1,palm,direct,-1.0000,-1.0000,high
218176.8134,0,381.26,5.99,381.26,5.99,,0,14.95,147.92,1,palm,direct,-1.0000,-1.0000,high
218176.8467,0,381.26,5.99,381.26,5.99,,0,12.46,143.18,1,palm,direct,-1.0000,-1.0000,high
218176.8801,0,381.26,5.99,381.26,5.99,,0,12.50,145.71,1,palm,direct,-1.0000,-1.0000,high
218176.9134,0,381.26,5.99,381.26,5.99,,0,11.29,142.37,1,palm,direct,-1.0000,-1.0000,high
218176.9468,0,381.26,5.99,381.26,5.99,,0,14.06,148.43,1,palm,direct,-1.0000,-1.0000,high
218176.9801,0,381.26,5.99,381.26,5.99,,0,21.11,153.40,1,palm,direct,-1.0000,-1.0000,high
218177.0135,0,381.26,5.99,381.26,5.99,,0,24.63,159.45,1,palm,direct,-1.0000,-1.0000,high
218177.0468,0,381.26,5.99,381.26,5.99,,0,13.89,148.19,1,palm,direct,-1.0000,-1.0000,high
218177.0802,0,381.26,5.99,381.26,5.99,,0,14.49,153.03,1,palm,direct,-1.0000,-1.0000,high
218177.1135,0,381.26,5.99,381.26,5.99,,0,22.40,156.39,1,palm,direct,-1.0000,-1.0000,high
218177.1469,0,381.26,5.99,381.26,5.99,,0,9.04,146.16,1,palm,direct,-1.0000,-1.0000,high
218177.1802,0,381.26,5.99,381.26,5.99,,0,17.73,150.65,1,palm,direct,-1.0000,-1.0000,high
218177.2136,0,381.26,5.99,381.26,5.99,,0,13.59,150.28,1,palm,direct,-1.0000,-1.0000,high
218177.2469,0,381.26,5.99,381.26,5.99,,0,11.83,144.80,1,palm,direct,-1.0000,-1.0000,high
218177.2803,0,381.26,5.99,381.26,5.99,,0,12.47,149.80,1,palm,direct,-1.0000,-1.0000,high
218177.3136,0,381.26,5.99,381.26,5.99,,0,22.14,156.64,1,palm,direct,-1.0000,-1.0000,high
218177.3470,0,381.26,5.99,381.26,5.99,,0,18.16,151.72,1,palm,direct,-1.0000,-1.0000,high
218177.3803,0,381.26,5.99,381.26,5.99,,0,9.35,145.99,1,palm,direct,-1.0000,-1.0000,high
218177.4137,0,381.26,5.99,381.26,5.99,,0,22.44,156.43,1,palm,direct,-1.0000,-1.0000,high
218177.4470,0,381.26,5.99,381.26,5.99,,0,10.44,145.37,1,palm,direct,-1.0000,-1.0000,high
218177.4804,0,381.26,5.99,381.26,5.99,,0,15.94,151.63,1,palm,direct,-1.0000,-1.0000,high
218177.5137,0,381.26,5.99,381.26,5.99,,0,16.61,147.49,1,palm,direct,-1.0000,-1.0000,high
218177.5471,0,381.26,5.99,381.26,5.99,,0,18.13,148.75,1,palm,direct,-1.0000,-1.0000,high
218177.5804,0,381.26,5.99,381.26,5.99,,0,22.21,154.92,1,palm,direct,-1.0000,-1.0000,high
218177.6138,0,381.26,5.99,381.26,5.99,,0,13.52,145.23,1,palm,direct,-1.0000,-1.0000,high
218177.6471,0,381.26,5.99,381.26,5.99,,0,12.80,145.95,1,palm,direct,-1.0000,-1.0000,high
218177.6805,0,381.26,5.99,381.26,5.99,,0,24.16,154.85,1,palm,direct,-1.0000,-1.0000,high
218177.7138,0,381.26,5.99,381.26,5.99,,0,12.66,146.27,1,palm,direct,-1.0000,-1.0000,high
218177.7472,0,381.26,5.99,381.26,5.99,,0,10.52,141.09,1,palm,direct,-1.0000,-1.0000,high
218177.7805,0,381.26,5.99,381.26,5.99,,0,19.38,150.58,1,palm,direct,-1.0000,-1.0000,high
218177.8139,0,381.26,5.99,381.26,5.99,,0,25.84,154.73,1,palm,direct,-1.0000,-1.0000,high
218177.8472,0,381.26,5.99,381.26,5.99,,0,10.67,143.28,1,palm,direct,-1.0000,-1.0000,high
218177.8806,0,381.26,5.99,381.26,5.99,,0,16.15,146.25,1,palm,direct,-1.0000,-1.0000,high
218177.9139,0,381.26,5.99,381.26,5.99,,0,13.35,149.50,1,palm,direct,-1.0000,-1.0000,high
218177.9473,0,381.26,5.99,381.26,5.99,,0,21.34,151.46,1,palm,direct,-1.0000,-1.0000,high
218177.9806,0,381.26,5.99,381.26,5.99,,0,14.65,147.03,1,palm,direct,-1.0000,-1.0000,high
218178.0140,0,381.26,5.99,381.26,5.99,,0,10.30,138.81,1,palm,direct,-1.0000,-1.0000,high
218178.0473,0,381.26,5.99,381.26,5.99,,0,13.99,145.76,1,palm,direct,-1.0000,-1.0000,high
218178.0807,0,381.26,5.99,381.26,5.99,,0,14.83,148.37,1,palm,direct,-1.0000,-1.0000,high
218178.1140,0,381.26,5.99,381.26,5.99,,0,15.73,143.46,1,palm,direct,-1.0000,-1.0000,high
218178.1474,0,381.26,5.99,381.26,5.99,,0,9.77,140.24,1,palm,direct,-1.0000,-1.0000,high
218178.1807,0,381.26,5.99,381.26,5.99,,0,18.43,147.10,1,palm,direct,-1.0000,-1.0000,high
218178.2141,0,381.26,5.99,381.26,5.99,,0,15.06,145.58,1,palm,direct,-1.0000,-1.0000,high
218178.2474,0,381.26,5.99,381.26,5.99,,0,12.98,146.56,1,palm,direct,-1.0000,-1.0000,high
218178.2808,0,381.26,5.99,381.26,5.99,,0,17.08,145.61,1,palm,direct,-1.0000,-1.0000,high
218178.3141,0,381.26,5.99,381.26,5.99,,0,17.38,149.77,1,palm,direct,-1.0000,-1.0000,high
218178.3475,0,381.26,5.99,381.26,5.99,,0,9.56,145.09,1,palm,direct,-1.0000,-1.0000,high
218178.3808,0,381.26,5.99,381.26,5.99,,0,14.00,139.01,1,palm,direct,-1.0000,-1.0000,high
218178.4142,0,381.26,5.99,381.26,5.99,,0,11.15,141.90,1,palm,direct,-1.0000,-1.0000,high
218178.4475,0,381.26,5.99,381.26,5.99,,0,18.94,140.82,1,palm,direct,-1.0000,-1.0000,high
218178.4809,0,381.26,5.99,381.26,5.99,,0,12.90,138.52,1,palm,direct,-1.0000,-1.0000,high
218178.5142,0,381.26,5.99,381.26,5.99,,0,17.25,139.91,1,palm,direct,-1.0000,-1.0000,high
218178.5476,0,381.26,5.99,381.26,5.99,,0,20.54,145.86,1,palm,direct,-1.0000,-1.0000,high
218178.5809,0,381.26,5.99,381.26,5.99,,0,21.96,147.74,1,palm,direct,-1.0000,-1.0000,high
218178.6143,0,381.26,5.99,381.26,5.99,,0,23.52,151.38,1,palm,direct,-1.0000,-1.0000,high
218178.6476,0,381.26,5.99,381.26,5.99,,0,7.17,136.79,1,palm,direct,-1.0000,-1.0000,high
218178.6810,0,381.26,5.99,381.26,5.99,,0,27.03,145.94,1,palm,direct,-1.0000,-1.0000,high
218178.7143,0,381.26,5.99,381.26,5.99,,0,21.97,148.67,1,palm,direct,-1.0000,-1.0000,high
218178.7477,0,381.26,5.99,381.26,5.99,,0,35.46,154.31,1,palm,direct,-1.0000,-1.0000,high
218178.7810,0,381.26,5.99,381.26,5.99,,0,17.00,140.06,1,palm,direct,-1.0000,-1.0000,high
218178.8144,0,381.26,5.99,381.26,5.99,,0,36.58,156.76,1,palm,direct,-1.0000,-1.0000,high
218178.8477,0,381.26,5.99,381.26,5.99,,0,15.18,138.77,1,palm,direct,-1.0000,-1.0000,high
218178.8811,0,381.26,5.99,381.26,5.99,,0,31.21,161.28,1,palm,direct,-1.0000,-1.0000,high
218178.9144,0,381.26,5.99,381.26,5.99,,0,44.79,173.02,1,palm,direct,-1.0000,-1.0000,high
218178.9478,0,381.26,5.99,381.26,5.99,,0,16.47,156.36,1,palm,direct,-1.0000,-1.0000,high
218178.9811,0,381.26,5.99,381.26,5.99,,0,23.96,147.08,1,palm,direct,-1.0000,-1.0000,high
218179.0145,0,381.26,5.99,381.26,5.99,,0,26.55,149.54,1,palm,direct,-1.0000,-1.0000,high
218179.0478,0,381.26,5.99,381.26,5.99,,0,22.47,141.90,1,palm,direct,-1.0000,-1.0000,high
218179.0812,0,381.26,5.99,381.26,5.99,,0,17.35,141.74,1,palm,direct,-1.0000,-1.0000,high
218179.1145,0,381.26,5.99,381.26,5.99,,0,27.71,147.17,1,palm,direct,-1.0000,-1.0000,high
218179.1479,0,381.26,5.99,381.26,5.99,,0,22.65,148.32,1,palm,direct,-1.0000,-1.0000,high
218179.1812,0,381.26,5.99,381.26,5.99,,0,18.61,146.51,1,palm,direct,-1.0000,-1.0000,high
218179.2146,0,381.26,5.99,381.26,5.99,,0,18.64,138.29,1,palm,direct,-1.0000,-1.0000,high
218179.2479,0,381.26,5.99,381.26,5.99,,0,17.99,148.60,1,palm,direct,-1.0000,-1.0000,high
218179.2813,0,381.26,5.99,381.26,5.99,,0,24.17,148.57,1,palm,direct,-1.0000,-1.0000,high
218179.3146,0,381.26,5.99,381.26,5.99,,0,25.03,152.37,1,palm,direct,-1.0000,-1.0000,high
218179.3480,0,381.26,5.99,381.26,5.99,,0,24.94,155.66,1,palm,direct,-1.0000,-1.0000,high
218179.3813,0,381.26,5.99,381.26,5.99,,0,36.23,159.94,1,palm,direct,-1.0000,-1.0000,high
218179.4147,0,381.26,5.99,381.26,5.99,,0,12.40,139.46,1,palm,direct,-1.0000,-1.0000,high
218179.4480,0,381.26,5.99,381.26,5.99,,0,22.33,145.30,1,palm,direct,-1.0000,-1.0000,high
218179.4814,0,381.26,5.99,381.26,5.99,,0,25.06,151.90,1,palm,direct,-1.0000,-1.0000,high
218179.5147,0,381.26,5.99,381.26,5.99,,0,11.51,145.77,1,palm,direct,-1.0000,-1.0000,high
218179.5481,0,381.26,5.99,381.26,5.99,,0,7.81,141.25,1,palm,direct,-1.0000,-1.0000,high
218179.5814,0,381.26,5.99,381.26,5.99,,0,14.66,152.70,1,palm,direct,-1.0000,-1.0000,high
218179.6148,0,381.26,5.99,381.26,5.99,,0,14.53,149.64,1,palm,direct,-1.0000,-1.0000,high
218179.6481,0,381.26,5.99,381.26,5.99,,0,33.34,171.79,1,palm,direct,-1.0000,-1.0000,high
218179.6815,0,381.26,5.99,381.26,5.99,,0,15.04,153.72,1,palm,direct,-1.0000,-1.0000,high
218179.7148,0,381.26,5.99,381.26,5.99,,0,17.11,157.05,1,palm,direct,-1.0000,-1.0000,high
218179.7482,0,381.26,5.99,381.26,5.99,,0,36.45,176.79,1,palm,direct,-1.0000,-1.0000,high
218179.7815,0,381.26,5.99,381.26,5.99,,0,33.58,177.30,1,palm,direct,-1.0000,-1.0000,high
218179.8149,0,381.26,5.99,381.26,5.99,,0,9.66,154.04,1,palm,direct,-1.0000,-1.0000,high
218179.8482,0,381.26,5.99,381.26,5.99,,0,14.24,150.02,1,palm,direct,-1.0000,-1.0000,high
218179.8816,0,381.26,5.99,381.26,5.99,,0,17.01,153.70,1,palm,direct,-1.0000,-1.0000,high
218179.9149,0,381.26,5.99,381.26,5.99,,0,9.48,145.61,1,palm,direct,-1.0000,-1.0000,high
218179.9483,0,381.26,5.99,381.26,5.99,,0,11.69,153.69,1,palm,direct,-1.0000,-1.0000,high
218179.9816,0,381.26,5.99,381.26,5.99,,0,14.39,150.99,1,palm,direct,-1.0000,-1.0000,high
218180.0150,0,381.26,5.99,381.26,5.99,,0,25.03,173.17,1,palm,direct,-1.0000,-1.0000,high
218180.0483,0,381.26,5.99,381.26,5.99,,0,13.19,154.89,1,palm,direct,-1.0000,-1.0000,high
218180.0817,0,381.26,5.99,381.26,5.99,,0,12.59,154.09,1,palm,direct,-1.0000,-1.0000,high
218180.1150,0,381.26,5.99,381.26,5.99,,0,13.46,155.95,1,palm,direct,-1.0000,-1.0000,high
218180.1484,0,381.26,5.99,381.26,5.99,,0,17.40,158.19,1,palm,direct,-1.0000,-1.0000,high
218180.1817,0,381.26,5.99,381.26,5.99,,0,12.47,153.82,1,palm,direct,-1.0000,-1.0000,high
218180.2151,0,381.26,5.99,381.26,5.99,,0,31.69,173.65,1,palm,direct,-1.0000,-1.0000,high
218180.2484,0,381.26,5.99,381.26,5.99,,0,29.16,174.78,1,palm,direct,-1.0000,-1.0000,high
218180.2818,0,381.26,5.99,381.26,5.99,,0,13.98,155.71,1,palm,direct,-1.0000,-1.0000,high
218180.3151,0,381.26,5.99,381.26,5.99,,0,13.52,153.24,1,palm,direct,-1.0000,-1.0000,high
218180.3485,0,381.26,5.99,381.26,5.99,,0,35.64,173.59,1,palm,direct,-1.0000,-1.0000,high
218180.3818,0,381.26,5.99,381.26,5.99,,0,28.96,170.32,1,palm,direct,-1.0000,-1.0000,high
218180.4152,0,381.26,5.99,381.26,5.99,,0,9.73,147.71,1,palm,direct,-1.0000,-1.0000,high
218180.4485,0,381.26,5.99,381.26,5.99,,0,29.78,171.79,1,palm,direct,-1.0000,-1.0000,high
218180.4819,0,381.26,5.99,381.26,5.99,,0,13.16,156.10,1,palm,direct,-1.0000,-1.0000,high
218180.5152,0,381.26,5.99,381.26,5.99,,0,11.59,149.15,1,palm,direct,-1.0000,-1.0000,high
218180.5486,0,381.26,5.99,381.26,5.99,,0,13.50,154.86,1,palm,direct,-1.0000,-1.0000,high
218180.5819,0,381.26,5.99,381.26,5.99,,0,10.73,147.39,1,palm,direct,-1.0000,-1.0000,high
218180.6153,0,381.26,5.99,381.26,5.99,,0,14.21,155.73,1,palm,direct,-1.0000,-1.0000,high
218180.6486,0,381.26,5.99,381.26,5.99,,0,11.57,145.82,1,palm,direct,-1.0000,-1.0000,high
218180.6820,0,381.26,5.99,381.26,5.99,,0,34.93,180.16,1,palm,direct,-1.0000,-1.0000,high
218180.7153,0,381.26,5.99,381.26,5.99,,0,13.43,160.61,1,palm,direct,-1.0000,-1.0000,high
218180.7487,0,381.26,5.99,381.26,5.99,,0,15.18,152.64,1,palm,direct,-1.0000,-1.0000,high
218180.7820,0,381.26,5.99,381.26,5.99,,0,18.33,150.77,1,palm,direct,-1.0000,-1.0000,high
218180.8154,0,381.26,5.99,381.26,5.99,,0,17.24,153.80,1,palm,direct,-1.0000,-1.0000,high
218180.8487,0,381.26,5.99,381.26,5.99,,0,12.01,148.61,1,palm,direct,-1.0000,-1.0000,high
218180.8821,0,381.26,5.99,381.26,5.99,,0,14.13,146.47,1,palm,direct,-1.0000,-1.0000,high
218180.9154,0,381.26,5.99,381.26,5.99,,0,13.43,145.35,1,palm,direct,-1.0000,-1.0000,high
218180.9488,0,381.26,5.99,381.26,5.99,,0,13.42,151.34,1,palm,direct,-1.0000,-1.0000,high
218180.9821,0,381.26,5.99,381.26,5.99,,0,27.51,156.93,1,palm,direct,-1.0000,-1.0000,high
218181.0155,0,381.26,5.99,381.26,5.99,,0,23.13,155.13,1,palm,direct,-1.0000,-1.0000,high
218181.0488,0,381.26,5.99,381.26,5.99,,0,19.97,152.18,1,palm,direct,-1.0000,-1.0000,high
218181.0822,0,381.26,5.99,381.26,5.99,,0,16.74,151.24,1,palm,direct,-1.0000,-1.0000,high
218181.1155,0,381.26,5.99,381.26,5.99,,0,12.52,144.75,1,palm,direct,-1.0000,-1.0000,high
218181.1489,0,381.26,5.99,381.26,5.99,,0,13.70,149.82,1,palm,direct,-1.0000,-1.0000,high
218181.1822,0,381.26,5.99,381.26,5.99,,0,13.38,145.21,1,palm,direct,-1.0000,-1.0000,high
218181.2156,0,381.26,5.99,381.26,5.99,,0,14.49,149.08,1,palm,direct,-1.0000,-1.0000,high
218181.2489,0,381.26,5.99,381.26,5.99,,0,17.10,150.58,1,palm,direct,-1.0000,-1.0000,high
218181.2823,0,381.26,5.99,381.26,5.99,,0,14.37,151.79,1,palm,direct,-1.0000,-1.0000,high
218181.3156,0,381.26,5.99,381.26,5.99,,0,11.38,144.02,1,palm,direct,-1.0000,-1.0000,high
218181.3490,0,381.26,5.99,381.26,5.99,,0,13.96,153.29,1,palm,direct,-1.0000,-1.0000,high
218181.3823,0,381.26,5.99,381.26,5.99,,0,9.12,140.97,1,palm,direct,-1.0000,-1.0000,high
218181.4157,0,381.26,5.99,381.26,5.99,,0,9.31,144.93,1,palm,direct,-1.0000,-1.0000,high
218181.4490,0,381.26,5.99,381.26,5.99,,0,15.56,150.57,1,palm,direct,-1.0000,-1.0000,high
218181.4824,0,381.26,5.99,381.26,5.99,,0,19.94,155.58,1,palm,direct,-1.0000,-1.0000,high
218181.5157,0,381.26,5.99,381.26,5.99,,0,12.83,150.13,1,palm,direct,-1.0000,-1.0000,high
218181.5491,0,381.26,5.99,381.26,5.99,,0,13.33,150.97,1,palm,direct,-1.0000,-1.0000,high
218181.5824,0,381.26,5.99,381.26,5.99,,0,14.09,147.89,1,palm,direct,-1.0000,-1.0000,high
218181.6158,0,381.26,5.99,381.26,5.99,,0,21.25,157.56,1,palm,direct,-1.0000,-1.0000,high
218181.6491,0,381.26,5.99,381.26,5.99,,0,20.02,152.79,1,palm,direct,-1.0000,-1.0000,high
218181.6825,0,381.26,5.99,381.26,5.99,,0,22.04,157.89,1,palm,direct,-1.0000,-1.0000,high
218181.7158,0,381.26,5.99,381.26,5.99,,0,16.71,149.11,1,palm,direct,-1.0000,-1.0000,high
218181.7492,0,381.26,5.99,381.26,5.99,,0,20.07,151.37,1,palm,direct,-1.0000,-1.0000,high
218181.7825,0,381.26,5.99,381.26,5.99,,0,15.91,147.50,1,palm,direct,-1.0000,-1.0000,high
218181.8159,0,381.26,5.99,381.26,5.99,,0,20.84,152.19,1,palm,direct,-1.0000,-1.0000,high
218181.8492,0,381.26,5.99,381.26,5.99,,0,11.54,145.65,1,palm,direct,-1.0000,-1.0000,high
218181.8826,0,381.26,5.99,381.26,5.99,,0,12.93,146.34,1,palm,direct,-1.0000,-1.0000,high
218181.9159,0,381.26,5.99,381.26,5.99,,0,14.02,150.88,1,palm,direct,-1.0000,-1.0000,high
218181.9493,0,381.26,5.99,381.26,5.99,,0,46.48,186.64,1,palm,direct,-1.0000,-1.0000,high
218181.9826,0,381.26,5.99,381.26,5.99,,0,22.59,176.32,1,palm,direct,-1.0000,-1.0000,high
218182.0160,0,381.26,5.99,381.26,5.99,,0,10.68,153.94,1,palm,direct,-1.0000,-1.0000,high
218182.0493,0,381.26,5.99,381.26,5.99,,0,16.79,150.36,1,palm,direct,-1.0000,-1.0000,high
218182.0827,0,381.26,5.99,381.26,5.99,,0,16.97,153.23,1,palm,direct,-1.0000,-1.0000,high
218182.1160,0,381.26,5.99,381.26,5.99,,0,16.34,148.24,1,palm,direct,-1.0000,-1.0000,high
218182.1494,0,381.26,5.99,381.26,5.99,,0,10.56,144.11,1,palm,direct,-1.0000,-1.0000,high
218182.1827,0,381.26,5.99,381.26,5.99,,0,18.95,146.61,1,palm,direct,-1.0000,-1.0000,high
218182.2161,0,381.26,5.99,381.26,5.99,,0,9.95,141.38,1,palm,direct,-1.0000,-1.0000,high
218182.2494,0,381.26,5.99,381.26,5.99,,0,23.89,151.87,1,palm,direct,-1.0000,-1.0000,high
218182.2828,0,381.26,5.99,381.26,5.99,,0,43.05,174.28,1,palm,direct,-1.0000,-1.0000,high
218182.3161,0,381.26,5.99,381.26,5.99,,0,13.35,154.54,1,palm,direct,-1.0000,-1.0000,high
218182.3495,0,381.26,5.99,381.26,5.99,,0,12.18,144.43,1,palm,direct,-1.0000,-1.0000,high
218182.3828,0,381.26,5.99,381.26,5.99,,0,11.67,141.93,1,palm,direct,-1.0000,-1.0000,high
218182.4162,0,381.26,5.99,381.26,5.99,,0,10.65,142.91,1,palm,direct,-1.0000,-1.0000,high
218182.4495,0,381.26,5.99,381.26,5.99,,0,16.22,146.72,1,palm,direct,-1.0000,-1.0000,high
218182.4829,0,381.26,5.99,381.26,5.99,,0,62.79,196.92,1,palm,direct,-1.0000,-1.0000,high
218182.5162,0,381.26,5.99,381.26,5.99,,0,13.36,177.50,1,palm,direct,-1.0000,-1.0000,high
218182.5496,0,381.26,5.99,381.26,5.99,,0,12.10,156.58,1,palm,direct,-1.0000,-1.0000,high
218182.5829,0,381.26,5.99,381.26,5.99,,0,10.04,144.15,1,palm,direct,-1.0000,-1.0000,high
218182.6163,0,381.26,5.99,381.26,5.99,,0,14.78,151.31,1,palm,direct,-1.0000,-1.0000,high
218182.6496,0,381.26,5.99,381.26,5.99,,0,18.25,156.34,1,palm,direct,-1.0000,-1.0000,high
218182.6830,0,381.26,5.99,381.26,5.99,,0,16.18,151.67,1,palm,direct,-1.0000,-1.0000,high
218182.7163,0,381.26,5.99,381.26,5.99,,0,15.33,151.57,1,palm,direct,-1.0000,-1.0000,high
218182.7497,0,381.26,5.99,381.26,5.99,,0,19.87,152.89,1,palm,direct,-1.0000,-1.0000,high
218182.7830,0,381.26,5.99,381.26,5.99,,0,25.18,158.13,1,palm,direct,-1.0000,-1.0000,high
218182.8164,0,381.26,5.99,381.26,5.99,,0,34.48,171.94,1,palm,direct,-1.0000,-1.0000,high
218182.8497,0,381.26,5.99,381.26,5.99,,0,10.75,149.53,1,palm,direct,-1.0000,-1.0000,high
218182.8831,0,381.26,5.99,381.26,5.99,,0,9.31,149.03,1,palm,direct,-1.0000,-1.0000,high
218182.9164,0,381.26,5.99,381.26,5.99,,0,18.32,155.82,1,palm,direct,-1.0000,-1.0000,high
218182.9498,0,381.26,5.99,381.26,5.99,,0,16.94,156.61,1,palm,direct,-1.0000,-1.0000,high
218182.9831,0,381.26,5.99,381.26,5.99,,0,11.44,150.48,1,palm,direct,-1.0000,-1.0000,high
218183.0165,0,381.26,5.99,381.26,5.99,,0,33.92,172.30,1,palm,direct,-1.0000,-1.0000,high
218183.0498,0,381.26,5.99,381.26,5.99,,0,9.20,151.59,1,palm,direct,-1.0000,-1.0000,high
218183.0832,0,381.26,5.99,381.26,5.99,,0,14.14,154.71,1,palm,direct,-1.0000,-1.0000,high
218183.1165,0,381.26,5.99,381.26,5.99,,0,13.18,152.39,1,palm,direct,-1.0000,-1.0000,high
218183.1499,0,381.26,5.99,381.26,5.99,,0,20.53,163.47,1,palm,direct,-1.0000,-1.0000,high
218183.1832,0,381.26,5.99,381.26,5.99,,0,15.97,156.00,1,palm,direct,-1.0000,-1.0000,high
218183.2166,0,381.26,5.99,381.26,5.99,,0,28.37,170.96,1,palm,direct,-1.0000,-1.0000,high
218183.2499,0,381.26,5.99,381.26,5.99,,0,25.49,178.80,1,palm,direct,-1.0000,-1.0000,high
218183.2833,0,381.26,5.99,381.26,5.99,,0,41.08,186.71,1,palm,direct,-1.0000,-1.0000,high
218183.3166,0,381.26,5.99,381.26,5.99,,0,24.53,178.05,1,palm,direct,-1.0000,-1.0000,high
218183.3500,0,381.26,5.99,381.26,5.99,,0,28.40,173.42,1,palm,direct,-1.0000,-1.0000,high
218183.3833,0,381.26,5.99,381.26,5.99,,0,10.01,150.29,1,palm,direct,-1.0000,-1.0000,high
218183.4167,0,381.26,5.99,381.26,5.99,,0,17.48,150.28,1,palm,direct,-1.0000,-1.0000,high
218183.4500,0,381.26,5.99,381.26,5.99,,0,17.09,148.68,1,palm,direct,-1.0000,-1.0000,high
218183.4834,0,381.26,5.99,381.26,5.99,,0,17.24,150.54,1,palm,direct,-1.0000,-1.0000,high
218183.5167,0,381.26,5.99,381.26,5.99,,0,17.25,146.09,1,palm,direct,-1.0000,-1.0000,high
218183.5501,0,381.26,5.99,381.26,5.99,,0,9.46,142.85,1,palm,direct,-1.0000,-1.0000,high
218183.5834,0,381.26,5.99,381.26,5.99,,0,11.95,141.73,1,palm,direct,-1.0000,-1.0000,high
218183.6168,0,381.26,5.99,381.26,5.99,,0,15.91,149.19,1,palm,direct,-1.0000,-1.0000,high
218183.6501,0,381.26,5.99,381.26,5.99,,0,19.87,147.73,1,palm,direct,-1.0000,-1.0000,high
218183.6835,0,381.26,5.99,381.26,5.99,,0,15.83,147.11,1,palm,direct,-1.0000,-1.0000,high
218183.7168,0,381.26,5.99,381.26,5.99,,0,22.02,147.06,1,palm,direct,-1.0000,-1.0000,high
218183.7502,0,381.26,5.99,381.26,5.99,,0,22.11,156.51,1,palm,direct,-1.0000,-1.0000,high
218183.7835,0,381.26,5.99,381.26,5.99,,0,15.75,150.13,1,palm,direct,-1.0000,-1.0000,high
218183.8169,0,381.26,5.99,381.26,5.99,,0,10.97,146.48,1,palm,direct,-1.0000,-1.0000,high
218183.8502,0,381.26,5.99,381.26,5.99,,0,13.74,146.64,1,palm,direct,-1.0000,-1.0000,high
218183.8836,0,381.26,5.99,381.26,5.99,,0,11.80,147.47,1,palm,direct,-1.0000,-1.0000,high
218183.9169,0,381.26,5.99,381.26,5.99,,0,15.15,146.52,1,palm,direct,-1.0000,-1.0000,high
218183.9503,0,381.26,5.99,381.26,5.99,,0,13.96,147.59,1,palm,direct,-1.0000,-1.0000,high
218183.9836,0,381.26,5.99,381.26,5.99,,0,18.37,151.03,1,palm,direct,-1.0000,-1.0000,high
218184.0170,0,381.26,5.99,381.26,5.99,,0,23.02,158.65,1,palm,direct,-1.0000,-1.0000,high
218184.0503,0,381.26,5.99,381.26,5.99,,0,24.00,153.97,1,palm,direct,-1.0000,-1.0000,high
218184.0837,0,381.26,5.99,381.26,5.99,,0,22.41,153.27,1,palm,direct,-1.0000,-1.0000,high
218184.1170,0,381.26,5.99,381.26,5.99,,0,18.16,148.36,1,palm,direct,-1.0000,-1.0000,high
218184.1504,0,381.26,5.99,381.26,5.99,,0,10.28,144.18,1,palm,direct,-1.0000,-1.0000,high
218184.1837,0,381.26,5.99,381.26,5.99,,0,16.65,144.04,1,palm,direct,-1.0000,-1.0000,high
218184.2171,0,381.26,5.99,381.26,5.99,,0,18.32,151.14,1,palm,direct,-1.0000,-1.0000,high
218184.2504,0,381.26,5.99,381.26,5.99,,0,23.21,147.54,1,palm,direct,-1.0000,-1.0000,high
218184.2838,0,381.26,5.99,381.26,5.99,,0,23.41,150.71,1,palm,direct,-1.0000,-1.0000,high
218184.3171,0,381.26,5.99,381.26,5.99,,0,30.85,159.75,1,palm,direct,-1.0000,-1.0000,high
218184.3505,0,381.26,5.99,381.26,5.99,,0,46.74,180.10,1,palm,direct,-1.0000,-1.0000,high
218184.3838,0,381.26,5.99,381.26,5.99,,0,22.27,169.74,1,palm,direct,-1.0000,-1.0000,high
218184.4172,0,381.26,5.99,381.26,5.99,,0,15.38,152.23,1,palm,direct,-1.0000,-1.0000,high
218184.4505,0,381.26,5.99,381.26,5.99,,0,25.68,144.66,1,palm,direct,-1.0000,-1.0000,high
218184.4839,0,381.26,5.99,381.26,5.99,,0,19.97,143.46,1,palm,direct,-1.0000,-1.0000,high
218184.5172,0,381.26,5.99,381.26,5.99,,0,21.12,142.71,1,palm,direct,-1.0000,-1.0000,high
218184.5506,0,381.26,5.99,381.26,5.99,,0,22.19,145.39,1,palm,direct,-1.0000,-1.0000,high
218184.5839,0,381.26,5.99,381.26,5.99,,0,26.28,150.11,1,palm,direct,-1.0000,-1.0000,high
218184.6173,0,381.26,5.99,381.26,5.99,,0,21.41,147.14,1,palm,direct,-1.0000,-1.0000,high
218184.6506,0,381.26,5.99,381.26,5.99,,0,29.14,150.10,1,palm,direct,-1.0000,-1.0000,high
218184.6840,0,381.26,5.99,381.26,5.99,,0,19.64,151.27,1,palm,direct,-1.0000,-1.0000,high
218184.7173,0,381.26,5.99,381.26,5.99,,0,26.13,156.14,1,palm,direct,-1.0000,-1.0000,high
218184.7507,0,381.26,5.99,381.26,5.99,,0,18.05,150.30,1,palm,direct,-1.0000,-1.0000,high
218184.7840,0,381.26,5.99,381.26,5.99,,0,41.83,176.90,1,palm,direct,-1.0000,-1.0000,high
218184.8174,0,381.26,5.99,381.26,5.99,,0,12.63,156.49,1,palm,direct,-1.0000,-1.0000,high
218184.8507,0,381.26,5.99,381.26,5.99,,0,10.06,142.54,1,palm,direct,-1.0000,-1.0000,high
218184.8841,0,381.26,5.99,381.26,5.99,,0,19.18,146.85,1,palm,direct,-1.0000,-1.0000,high
218184.9174,0,381.26,5.99,381.26,5.99,,0,15.91,142.93,1,palm,direct,-1.0000,-1.0000,high
218184.9508,0,381.26,5.99,381.26,5.99,,0,18.91,150.26,1,palm,direct,-1.0000,-1.0000,high
218184.9841,0,381.26,5.99,381.26,5.99,,0,15.58,144.65,1,palm,direct,-1.0000,-1.0000,high
218185.0175,0,381.26,5.99,381.26,5.99,,0,10.65,143.38,1,palm,direct,-1.0000,-1.0000,high
218185.0508,0,381.26,5.99,381.26,5.99,,0,24.73,153.64,1,palm,direct,-1.0000,-1.0000,high
218185.0842,0,381.26,5.99,381.26,5.99,,0,14.56,150.00,1,palm,direct,-1.0000,-1.0000,high
218185.1175,0,381.26,5.99,381.26,5.99,,0,12.18,146.71,1,palm,direct,-1.0000,-1.0000,high
218185.1509,0,381.26,5.99,381.26,5.99,,0,12.14,147.55,1,palm,direct,-1.0000,-1.0000,high
218185.1842,0,381.26,5.99,381.26,5.99,,0,15.33,154.10,1,palm,direct,-1.0000,-1.0000,high
218185.2176,0,381.26,5.99,381.26,5.99,,0,23.62,155.15,1,palm,direct,-1.0000,-1.0000,high
218185.2509,0,381.26,5.99,381.26,5.99,,0,19.20,152.30,1,palm,direct,-1.0000,-1.0000,high
218185.2843,0,381.26,5.99,381.26,5.99,,0,12.15,149.65,1,palm,direct,-1.0000,-1.0000,high
218185.3176,0,381.26,5.99,381.26,5.99,,0,20.20,150.75,1,palm,direct,-1.0000,-1.0000,high
218185.3510,0,381.26,5.99,381.26,5.99,,0,13.04,148.67,1,palm,direct,-1.0000,-1.0000,high
218185.3843,0,381.26,5.99,381.26,5.99,,0,19.25,147.09,1,palm,direct,-1.0000,-1.0000,high
218185.4177,0,381.26,5.99,381.26,5.99,,0,16.74,148.11,1,palm,direct,-1.0000,-1.0000,high
218185.4510,0,381.26,5.99,381.26,5.99,,0,16.76,148.68,1,palm,direct,-1.0000,-1.0000,high
218185.4844,0,381.26,5.99,381.26,5.99,,0,7.64,140.29,1,palm,direct,-1.0000,-1.0000,high
218185.5177,0,381.26,5.99,381.26,5.99,,0,11.94,148.79,1,palm,direct,-1.0000,-1.0000,high
218185.5511,0,381.26,5.99,381.26,5.99,,0,22.81,150.77,1,palm,direct,-1.0000,-1.0000,high
218185.5844,0,381.26,5.99,381.26,5.99,,0,19.44,148.08,1,palm,direct,-1.0000,-1.0000,high
218185.6178,0,381.26,5.99,381.26,5.99,,0,15.60,145.92,1,palm,direct,-1.0000,-1.0000,high
218185.6511,0,381.26,5.99,381.26,5.99,,0,51.26,178.75,1,palm,direct,-1.0000,-1.0000,high
218185.6845,0,381.26,5.99,381.26,5.99,,0,40.72,186.28,1,palm,direct,-1.0000,-1.0000,high
218185.7178,0,381.26,5.99,381.26,5.99,,0,35.15,188.50,1,palm,direct,-1.0000,-1.0000,high
218185.7512,0,381.26,5.99,381.26,5.99,,0,26.69,182.02,1,palm,direct,-1.0000,-1.0000,high
218185.7845,0,381.26,5.99,381.26,5.99,,0,34.55,183.41,1,palm,direct,-1.0000,-1.0000,high
218185.8179,0,381.26,5.99,381.26,5.99,,0,30.80,181.16,1,palm,direct,-1.0000,-1.0000,high
218185.8512,0,381.26,5.99,381.26,5.99,,0,29.14,179.97,1,palm,direct,-1.0000,-1.0000,high
218185.8846,0,381.26,5.99,381.26,5.99,,0,31.71,178.59,1,palm,direct,-1.0000,-1.0000,high
218185.9179,0,381.26,5.99,381.26,5.99,,0,22.62,168.33,1,palm,direct,-1.0000,-1.0000,high
218185.9513,0,381.26,5.99,381.26,5.99,,0,16.80,152.02,1,palm,direct,-1.0000,-1.0000,high
218185.9846,0,381.26,5.99,381.26,5.99,,0,22.93,153.88,1,palm,direct,-1.0000,-1.0000,high
218186.0180,0,381.26,5.99,381.26,5.99,,0,13.34,146.67,1,palm,direct,-1.0000,-1.0000,high
218186.0513,0,381.26,5.99,381.26,5.99,,0,18.13,151.16,1,palm,direct,-1.0000,-1.0000,high
218186.0847,0,381.26,5.99,381.26,5.99,,0,25.66,158.89,1,palm,direct,-1.0000,-1.0000,high
218186.1180,0,381.26,5.99,381.26,5.99,,0,12.68,147.66,1,palm,direct,-1.0000,-1.0000,high
218186.1514,0,381.26,5.99,381.26,5.99,,0,44.94,174.34,1,palm,direct,-1.0000,-1.0000,high
218186.1847,0,381.26,5.99,381.26,5.99,,0,6.97,148.07,1,palm,direct,-1.0000,-1.0000,high
218186.2181,0,381.26,5.99,381.26,5.99,,0,17.00,147.38,1,palm,direct,-1.0000,-1.0000,high
218186.2514,0,381.26,5.99,381.26,5.99,,0,21.26,154.83,1,palm,direct,-1.0000,-1.0000,high
218186.2848,0,381.26,5.99,381.26,5.99,,0,17.26,145.65,1,palm,direct,-1.0000,-1.0000,high
218186.3181,0,381.26,5.99,381.26,5.99,,0,26.00,155.73,1,palm,direct,-1.0000,-1.0000,high
218186.3515,0,381.26,5.99,381.26,5.99,,0,12.57,142.62,1,palm,direct,-1.0000,-1.0000,high
218186.3848,0,381.26,5.99,381.26,5.99,,0,13.67,145.23,1,palm,direct,-1.0000,-1.0000,high
218186.4182,0,381.26,5.99,381.26,5.99,,0,27.40,153.77,1,palm,direct,-1.0000,-1.0000,high
218186.4515,0,381.26,5.99,381.26,5.99,,0,31.63,171.78,1,palm,direct,-1.0000,-1.0000,high
218186.4849,0,381.26,5.99,381.26,5.99,,0,12.52,151.30,1,palm,direct,-1.0000,-1.0000,high
218186.5182,0,381.26,5.99,381.26,5.99,,0,20.02,148.44,1,palm,direct,-1.0000,-1.0000,high
218186.5516,0,381.26,5.99,381.26,5.99,,0,15.62,144.84,1,palm,direct,-1.0000,-1.0000,high
218186.5849,0,381.26,5.99,381.26,5.99,,0,21.93,148.26,1,palm,direct,-1.0000,-1.0000,high
218186.6183,0,381.26,5.99,381.26,5.99,,0,19.90,149.00,1,palm,direct,-1.0000,-1.0000,high
218186.6516,0,381.26,5.99,381.26,5.99,,0,29.43,158.03,1,palm,direct,-1.0000,-1.0000,high
218186.6850,0,381.26,5.99,381.26,5.99,,0,9.28,146.47,1,palm,direct,-1.0000,-1.0000,high
218186.7183,0,381.26,5.99,381.26,5.99,,0,11.97,141.52,1,palm,direct,-1.0000,-1.0000,high
218186.7517,0,381.26,5.99,381.26,5.99,,0,13.88,146.46,1,palm,direct,-1.0000,-1.0000,high
218186.7850,0,381.26,5.99,381.26,5.99,,0,18.36,146.90,1,palm,direct,-1.0000,-1.0000,high
218186.8184,0,381.26,5.99,381.26,5.99,,0,18.65,148.99,1,palm,direct,-1.0000,-1.0000,high
218186.8517,0,381.26,5.99,381.26,5.99,,0,25.05,153.91,1,palm,direct,-1.0000,-1.0000,high
218186.8851,0,381.26,5.99,381.26,5.99,,0,17.22,149.80,1,palm,direct,-1.0000,-1.0000,high
218186.9184,0,381.26,5.99,381.26,5.99,,0,15.57,147.61,1,palm,direct,-1.0000,-1.0000,high
218186.9518,0,381.26,5.99,381.26,5.99,,0,21.47,155.32,1,palm,direct,-1.0000,-1.0000,high
218186.9851,0,381.26,5.99,381.26,5.99,,0,13.86,145.99,1,palm,direct,-1.0000,-1.0000,high
218187.0185,0,381.26,5.99,381.26,5.99,,0,12.34,147.27,1,palm,direct,-1.0000,-1.0000,high
218187.0518,0,381.26,5.99,381.26,5.99,,0,21.17,151.23,1,palm,direct,-1.0000,-1.0000,high
218187.0852,0,381.26,5.99,381.26,5.99,,0,11.33,145.14,1,palm,direct,-1.0000,-1.0000,high
218187.1185,0,381.26,5.99,381.26,5.99,,0,9.57,140.60,1,palm,direct,-1.0000,-1.0000,high
218187.1519,0,381.26,5.99,381.26,5.99,,0,14.54,146.74,1,palm,direct,-1.0000,-1.0000,high
218187.1852,0,381.26,5.99,381.26,5.99,,0,15.72,147.78,1,palm,direct,-1.0000,-1.0000,high
218187.2186,0,381.26,5.99,381.26,5.99,,0,13.12,148.50,1,palm,direct,-1.0000,-1.0000,high
218187.2519,0,381.26,5.99,381.26,5.99,,0,11.72,146.98,1,palm,direct,-1.0000,-1.0000,high
218187.2853,0,381.26,5.99,381.26,5.99,,0,16.19,153.38,1,palm,direct,-1.0000,-1.0000,high
218187.3186,0,381.26,5.99,381.26,5.99,,0,21.41,158.32,1,palm,direct,-1.0000,-1.0000,high
218187.3520,0,381.26,5.99,381.26,5.99,,0,29.64,170.58,1,palm,direct,-1.0000,-1.0000,high
218187.3853,0,381.26,5.99,381.26,5.99,,0,13.71,153.81,1,palm,direct,-1.0000,-1.0000,high
218187.4187,0,381.26,5.99,381.26,5.99,,0,14.25,156.73,1,palm,direct,-1.0000,-1.0000,high
218187.4520,0,381.26,5.99,381.26,5.99,,0,14.60,154.84,1,palm,direct,-1.0000,-1.0000,high
218187.4854,0,381.26,5.99,381.26,5.99,,0,15.39,157.84,1,palm,direct,-1.0000,-1.0000,high
218187.5187,0,381.26,5.99,381.26,5.99,,0,10.09,150.66,1,palm,direct,-1.0000,-1.0000,high
218187.5521,0,381.26,5.99,381.26,5.99,,0,22.15,171.44,1,palm,direct,-1.0000,-1.0000,high
218187.5854,0,381.26,5.99,381.26,5.99,,0,14.21,153.52,1,palm,direct,-1.0000,-1.0000,high
218187.6188,0,381.26,5.99,381.26,5.99,,0,12.60,154.91,1,palm,direct,-1.0000,-1.0000,high
218187.6521,0,381.26,5.99,381.26,5.99,,0,15.28,155.41,1,palm,direct,-1.0000,-1.0000,high
218187.6855,0,381.26,5.99,381.26,5.99,,0,14.43,155.26,1,palm,direct,-1.0000,-1.0000,high
218187.7188,0,381.26,5.99,381.26,5.99,,0,32.14,174.45,1,palm,direct,-1.0000,-1.0000,high
218187.7522,0,381.26,5.99,381.26,5.99,,0,12.05,153.38,1,palm,direct,-1.0000,-1.0000,high
218187.7855,0,381.26,5.99,381.26,5.99,,0,40.03,183.68,1,palm,direct,-1.0000,-1.0000,high
218187.8189,0,381.26,5.99,381.26,5.99,,0,35.01,186.24,1,palm,direct,-1.0000,-1.0000,high
218187.8522,0,381.26,5.99,381.26,5.99,,0,37.15,192.75,1,palm,direct,-1.0000,-1.0000,high
218187.8856,0,381.26,5.99,381.26,5.99,,0,25.17,184.80,1,palm,direct,-1.0000,-1.0000,high
218187.9189,0,381.26,5.99,381.26,5.99,,0,26.64,178.20,1,palm,direct,-1.0000,-1.0000,high
218187.9523,0,381.26,5.99,381.26,5.99,,0,8.92,156.40,1,palm,direct,-1.0000,-1.0000,high
218187.9856,0,381.26,5.99,381.26,5.99,,0,10.89,147.99,1,palm,direct,-1.0000,-1.0000,high
218188.0190,0,381.26,5.99,381.26,5.99,,0,13.53,151.78,1,palm,direct,-1.0000,-1.0000,high
218188.0523,0,381.26,5.99,381.26,5.99,,0,39.13,175.94,1,palm,direct,-1.0000,-1.0000,high
218188.0857,0,381.26,5.99,381.26,5.99,,0,14.22,157.05,1,palm,direct,-1.0000,-1.0000,high
218188.1190,0,381.26,5.99,381.26,5.99,,0,11.37,148.18,1,palm,direct,-1.0000,-1.0000,high
218188.1524,0,381.26,5.99,381.26,5.99,,0,15.00,154.92,1,palm,direct,-1.0000,-1.0000,high
218188.1857,0,381.26,5.99,381.26,5.99,,0,15.69,152.33,1,palm,direct,-1.0000,-1.0000,high
218188.2191,0,381.26,5.99,381.26,5.99,,0,13.74,151.34,1,palm,direct,-1.0000,-1.0000,high
218188.2524,0,381.26,5.99,381.26,5.99,,0,35.21,171.13,1,palm,direct,-1.0000,-1.0000,high
218188.2858,0,381.26,5.99,381.26,5.99,,0,9.89,148.00,1,palm,direct,-1.0000,-1.0000,high
218188.3191,0,381.26,5.99,381.26,5.99,,0,18.40,155.21,1,palm,direct,-1.0000,-1.0000,high
218188.3525,0,381.26,5.99,381.26,5.99,,0,13.84,148.30,1,palm,direct,-1.0000,-1.0000,high
218188.3858,0,381.26,5.99,381.26,5.99,,0,19.06,155.36,1,palm,direct,-1.0000,-1.0000,high
218188.4192,0,381.26,5.99,381.26,5.99,,0,18.60,152.41,1,palm,direct,-1.0000,-1.0000,high
218188.4525,0,381.26,5.99,381.26,5.99,,0,34.54,174.63,1,palm,direct,-1.0000,-1.0000,high
218188.4859,0,381.26,5.99,381.26,5.99,,0,16.52,157.92,1,palm,direct,-1.0000,-1.0000,high
218188.5192,0,381.26,5.99,381.26,5.99,,0,20.31,151.94,1,palm,direct,-1.0000,-1.0000,high
218188.5526,0,381.26,5.99,381.26,5.99,,0,20.28,149.96,1,palm,direct,-1.0000,-1.0000,high
218188.5859,0,381.26,5.99,381.26,5.99,,0,10.74,141.84,1,palm,direct,-1.0000,-1.0000,high
218188.6193,0,381.26,5.99,381.26,5.99,,0,15.38,144.51,1,palm,direct,-1.0000,-1.0000,high
218188.6526,0,381.26,5.99,381.26,5.99,,0,18.85,151.91,1,palm,direct,-1.0000,-1.0000,high
218188.6860,0,381.26,5.99,381.26,5.99,,0,23.82,154.37,1,palm,direct,-1.0000,-1.0000,high
218188.7193,0,381.26,5.99,381.26,5.99,,0,10.83,146.57,1,palm,direct,-1.0000,-1.0000,high
218188.7527,0,381.26,5.99,381.26,5.99,,0,16.28,147.52,1,palm,direct,-1.0000,-1.0000,high
218188.7860,0,381.26,5.99,381.26,5.99,,0,17.93,148.04,1,palm,direct,-1.0000,-1.0000,high
218188.8194,0,381.26,5.99,381.26,5.99,,0,21.81,152.88,1,palm,direct,-1.0000,-1.0000,high
218188.8527,0,381.26,5.99,381.26,5.99,,0,18.49,145.92,1,palm,direct,-1.0000,-1.0000,high
218188.8861,0,381.26,5.99,381.26,5.99,,0,14.51,142.58,1,palm,direct,-1.0000,-1.0000,high
218188.9194,0,381.26,5.99,381.26,5.99,,0,15.08,144.17,1,palm,direct,-1.0000,-1.0000,high
218188.9528,0,381.26,5.99,381.26,5.99,,0,31.74,153.62,1,palm,direct,-1.0000,-1.0000,high
218188.9861,0,381.26,5.99,381.26,5.99,,0,17.10,143.67,1,palm,direct,-1.0000,-1.0000,high
218189.0195,0,381.26,5.99,381.26,5.99,,0,24.71,144.76,1,palm,direct,-1.0000,-1.0000,high
218189.0528,0,381.26,5.99,381.26,5.99,,0,21.06,145.94,1,palm,direct,-1.0000,-1.0000,high
218189.0862,0,381.26,5.99,381.26,5.99,,0,37.63,158.59,1,palm,direct,-1.0000,-1.0000,high
218189.1195,0,381.26,5.99,381.26,5.99,,0,25.16,154.33,1,palm,direct,-1.0000,-1.0000,high
218189.1529,0,381.26,5.99,381.26,5.99,,0,23.05,152.98,1,palm,direct,-1.0000,-1.0000,high
218189.1862,0,381.26,5.99,381.26,5.99,,0,43.40,173.43,1,palm,direct,-1.0000,-1.0000,high
218189.2196,0,381.26,5.99,381.26,5.99,,0,31.32,171.66,1,palm,direct,-1.0000,-1.0000,high
218189.2529,0,381.26,5.99,381.26,5.99,,0,11.22,149.65,1,palm,direct,-1.0000,-1.0000,high
218189.2863,0,381.26,5.99,381.26,5.99,,0,27.47,144.92,1,palm,direct,-1.0000,-1.0000,high
218189.3196,0,381.26,5.99,381.26,5.99,,0,15.90,141.51,1,palm,direct,-1.0000,-1.0000,high
218189.3530,0,381.26,5.99,381.26,5.99,,0,26.60,148.80,1,palm,direct,-1.0000,-1.0000,high
218189.3863,0,381.26,5.99,381.26,5.99,,0,31.01,155.58,1,palm,direct,-1.0000,-1.0000,high
218189.4197,0,381.26,5.99,381.26,5.99,,0,23.97,152.15,1,palm,direct,-1.0000,-1.0000,high
218189.4530,0,381.26,5.99,381.26,5.99,,0,16.26,141.95,1,palm,direct,-1.0000,-1.0000,high
218189.4864,0,381.26,5.99,381.26,5.99,,0,28.29,155.93,1,palm,direct,-1.0000,-1.0000,high
218189.5197,0,381.26,5.99,381.26,5.99,,0,22.21,149.69,1,palm,direct,-1.0000,-1.0000,high
218189.5531,0,381.26,5.99,381.26,5.99,,0,18.14,149.40,1,palm,direct,-1.0000,-1.0000,high
218189.5864,0,381.26,5.99,381.26,5.99,,0,18.83,151.68,1,palm,direct,-1.0000,-1.0000,high
218189.6198,0,381.26,5.99,381.26,5.99,,0,25.95,155.56,1,palm,direct,-1.0000,-1.0000,high
218189.6531,0,381.26,5.99,381.26,5.99,,0,18.09,148.52,1,palm,direct,-1.0000,-1.0000,high
218189.6865,0,381.26,5.99,381.26,5.99,,0,10.91,140.72,1,palm,direct,-1.0000,-1.0000,high
218189.7198,0,381.26,5.99,381.26,5.99,,0,22.63,156.16,1,palm,direct,-1.0000,-1.0000,high
218189.7532,0,381.26,5.99,381.26,5.99,,0,18.63,153.69,1,palm,direct,-1.0000,-1.0000,high
218189.7865,0,381.26,5.99,381.26,5.99,,0,23.19,150.61,1,palm,direct,-1.0000,-1.0000,high
218189.8199,0,381.26,5.99,381.26,5.99,,0,25.75,154.91,1,palm,direct,-1.0000,-1.0000,high
218189.8532,0,381.26,5.99,381.26,5.99,,0,20.52,145.94,1,palm,direct,-1.0000,-1.0000,high
218189.8866,0,381.26,5.99,381.26,5.99,,0,13.56,143.25,1,palm,direct,-1.0000,-1.0000,high
218189.9199,0,381.26,5.99,381.26,5.99,,0,20.93,145.30,1,palm,direct,-1.0000,-1.0000,high
218189.9533,0,381.26,5.99,381.26,5.99,,0,18.90,142.83,1,palm,direct,-1.0000,-1.0000,high
218189.9866,0,381.26,5.99,381.26,5.99,,0,23.22,150.50,1,palm,direct,-1.0000,-1.0000,high
218190.0200,0,381.26,5.99,381.26,5.99,,0,25.25,149.59,1,palm,direct,-1.0000,-1.0000,high
218190.0533,0,381.26,5.99,381.26,5.99,,0,19.03,145.45,1,palm,direct,-1.0000,-1.0000,high
218190.0867,0,381.26,5.99,381.26,5.99,,0,20.54,142.89,1,palm,direct,-1.0000,-1.0000,high
218190.1200,0,381.26,5.99,381.26,5.99,,0,22.84,147.30,1,palm,direct,-1.0000,-1.0000,high
218190.1534,0,381.26,5.99,381.26,5.99,,0,46.81,174.79,1,palm,direct,-1.0000,-1.0000,high
218190.1867,0,381.26,5.99,381.26,5.99,,0,12.78,154.46,1,palm,direct,-1.0000,-1.0000,high
218190.2201,0,381.26,5.99,381.26,5.99,,0,18.68,141.36,1,palm,direct,-1.0000,-1.0000,high
218190.2534,0,381.26,5.99,381.26,5.99,,0,25.59,146.52,1,palm,direct,-1.0000,-1.0000,high
218190.2868,0,381.26,5.99,381.26,5.99,,0,15.30,140.06,1,palm,direct,-1.0000,-1.0000,high
218190.3201,0,381.26,5.99,381.26,5.99,,0,16.49,139.03,1,palm,direct,-1.0000,-1.0000,high
218190.3535,0,381.26,5.99,381.26,5.99,,0,19.58,153.48,1,palm,direct,-1.0000,-1.0000,high
218190.3868,0,381.26,5.99,381.26,5.99,,0,22.49,144.74,1,palm,direct,-1.0000,-1.0000,high
218190.4202,0,381.26,5.99,381.26,5.99,,0,20.24,146.24,1,palm,direct,-1.0000,-1.0000,high
218190.4535,0,381.26,5.99,381.26,5.99,,0,24.72,149.55,1,palm,direct,-1.0000,-1.0000,high
218190.4869,0,381.26,5.99,381.26,5.99,,0,13.29,143.69,1,palm,direct,-1.0000,-1.0000,high
218190.5202,0,381.26,5.99,381.26,5.99,,0,23.90,146.47,1,palm,direct,-1.0000,-1.0000,high
218190.5536,0,381.26,5.99,381.26,5.99,,0,19.67,147.39,1,palm,direct,-1.0000,-1.0000,high
218190.5869,0,381.26,5.99,381.26,5.99,,0,27.35,151.84,1,palm,direct,-1.0000,-1.0000,high
218190.6203,0,381.26,5.99,381.26,5.99,,0,13.57,141.57,1,palm,direct,-1.0000,-1.0000,high
218190.6536,0,381.26,5.99,381.26,5.99,,0,20.01,150.26,1,palm,direct,-1.0000,-1.0000,high
218190.6870,0,381.26,5.99,381.26,5.99,,0,27.10,147.60,1,palm,direct,-1.0000,-1.0000,high
218190.7203,0,381.26,5.99,381.26,5.99,,0,19.40,148.56,1,palm,direct,-1.0000,-1.0000,high
218190.7537,0,381.26,5.99,381.26,5.99,,0,28.55,147.82,1,palm,direct,-1.0000,-1.0000,high
218190.7870,0,381.26,5.99,381.26,5.99,,0,30.08,149.73,1,palm,direct,-1.0000,-1.0000,high
218190.8204,0,381.26,5.99,381.26,5.99,,0,24.78,146.42,1,palm,direct,-1.0000,-1.0000,high
218190.8537,0,381.26,5.99,381.26,5.99,,0,21.57,139.22,1,palm,direct,-1.0000,-1.0000,high
218190.8871,0,381.26,5.99,381.26,5.99,,0,30.40,148.40,1,palm,direct,-1.0000,-1.0000,high
218190.9204,0,381.26,5.99,381.26,5.99,,0,23.28,151.24,1,palm,direct,-1.0000,-1.0000,high
218190.9538,0,381.26,5.99,381.26,5.99,,0,27.72,145.72,1,palm,direct,-1.0000,-1.0000,high
218190.9871,0,381.26,5.99,381.26,5.99,,0,48.70,173.10,1,palm,direct,-1.0000,-1.0000,high
218191.0205,0,381.26,5.99,381.26,5.99,,0,14.26,154.28,1,palm,direct,-1.0000,-1.0000,high
218191.0538,0,381.26,5.99,381.26,5.99,,0,21.15,142.18,1,palm,direct,-1.0000,-1.0000,high
218191.0872,0,381.26,5.99,381.26,5.99,,0,9.92,129.49,1,palm,direct,-1.0000,-1.0000,high
218191.1205,0,381.26,5.99,381.26,5.99,,0,26.31,154.77,1,palm,direct,-1.0000,-1.0000,high
218191.1539,0,381.26,5.99,381.26,5.99,,0,25.12,152.43,1,palm,direct,-1.0000,-1.0000,high
218191.1872,0,381.26,5.99,381.26,5.99,,0,13.18,143.63,1,palm,direct,-1.0000,-1.0000,high
218191.2206,0,381.26,5.99,381.26,5.99,,0,17.67,145.09,1,palm,direct,-1.0000,-1.0000,high
218191.2539,0,381.26,5.99,381.26,5.99,,0,22.81,151.78,1,palm,direct,-1.0000,-1.0000,high
218191.2873,0,381.26,5.99,381.26,5.99,,0,12.10,141.82,1,palm,direct,-1.0000,-1.0000,high
218191.3206,0,381.26,5.99,381.26,5.99,,0,20.66,144.20,1,palm,direct,-1.0000,-1.0000,high
218191.3540,0,381.26,5.99,381.26,5.99,,0,17.67,143.82,1,palm,direct,-1.0000,-1.0000,high
218191.3873,0,381.26,5.99,381.26,5.99,,0,32.54,155.75,1,palm,direct,-1.0000,-1.0000,high
218191.4207,0,381.26,5.99,381.26,5.99,,0,21.72,148.39,1,palm,direct,-1.0000,-1.0000,high
218191.4540,0,381.26,5.99,381.26,5.99,,0,31.58,154.99,1,palm,direct,-1.0000,-1.0000,high
218191.4874,0,381.26,5.99,381.26,5.99,,0,13.92,146.42,1,palm,direct,-1.0000,-1.0000,high
218191.5207,0,381.26,5.99,381.26,5.99,,0,20.44,146.03,1,palm,direct,-1.0000,-1.0000,high
218191.5541,0,381.26,5.99,381.26,5.99,,0,22.71,148.83,1,palm,direct,-1.0000,-1.0000,high
218191.5874,0,381.26,5.99,381.26,5.99,,0,15.85,144.72,1,palm,direct,-1.0000,-1.0000,high
218191.6208,0,381.26,5.99,381.26,5.99,,0,24.58,149.08,1,palm,direct,-1.0000,-1.0000,high
218191.6541,0,381.26,5.99,381.26,5.99,,0,26.33,157.46,1,palm,direct,-1.0000,-1.0000,high
218191.6875,0,381.26,5.99,381.26,5.99,,0,26.39,150.83,1,palm,direct,-1.0000,-1.0000,high
218191.7208,0,381.26,5.99,381.26,5.99,,0,14.52,142.13,1,palm,direct,-1.0000,-1.0000,high
218191.7542,0,381.26,5.99,381.26,5.99,,0,19.02,144.86,1,palm,direct,-1.0000,-1.0000,high
218191.7875,0,381.26,5.99,381.26,5.99,,0,18.09,144.76,1,palm,direct,-1.0000,-1.0000,high
218191.8209,0,381.26,5.99,381.26,5.99,,0,25.00,151.50,1,palm,direct,-1.0000,-1.0000,high
218191.8542,0,381.26,5.99,381.26,5.99,,0,18.52,148.11,1,palm,direct,-1.0000,-1.0000,high
218191.8876,0,381.26,5.99,381.26,5.99,,0,21.74,150.63,1,palm,direct,-1.0000,-1.0000,high
218191.9209,0,381.26,5.99,381.26,5.99,,0,22.29,152.41,1,palm,direct,-1.0000,-1.0000,high
218191.9543,0,381.26,5.99,381.26,5.99,,0,12.44,141.56,1,palm,direct,-1.0000,-1.0000,high
218191.9876,0,381.26,5.99,381.26,5.99,,0,14.38,147.32,1,palm,direct,-1.0000,-1.0000,high
218192.0210,0,381.26,5.99,381.26,5.99,,0,22.95,153.66,1,palm,direct,-1.0000,-1.0000,high
218192.0543,0,381.26,5.99,381.26,5.99,,0,11.42,147.50,1,palm,direct,-1.0000,-1.0000,high
218192.0877,0,381.26,5.99,381.26,5.99,,0,20.45,151.66,1,palm,direct,-1.0000,-1.0000,high
218192.1210,0,381.26,5.99,381.26,5.99,,0,16.95,149.09,1,palm,direct,-1.0000,-1.0000,high
218192.1544,0,381.26,5.99,381.26,5.99,,0,43.12,179.87,1,palm,direct,-1.0000,-1.0000,high
218192.1877,0,381.26,5.99,381.26,5.99,,0,13.36,160.13,1,palm,direct,-1.0000,-1.0000,high
218192.2211,0,381.26,5.99,381.26,5.99,,0,9.04,140.77,1,palm,direct,-1.0000,-1.0000,high
218192.2544,0,381.26,5.99,381.26,5.99,,0,12.53,146.99,1,palm,direct,-1.0000,-1.0000,high
218192.2878,0,381.26,5.99,381.26,5.99,,0,12.52,146.18,1,palm,direct,-1.0000,-1.0000,high
218192.3211,0,381.26,5.99,381.26,5.99,,0,22.37,158.90,1,palm,direct,-1.0000,-1.0000,high
218192.3545,0,381.26,5.99,381.26,5.99,,0,14.10,149.38,1,palm,direct,-1.0000,-1.0000,high
218192.3878,0,381.26,5.99,381.26,5.99,,0,10.35,147.38,1,palm,direct,-1.0000,-1.0000,high
218192.4212,0,381.26,5.99,381.26,5.99,,0,14.65,149.11,1,palm,direct,-1.0000,-1.0000,high
218192.4545,0,381.26,5.99,381.26,5.99,,0,7.92,145.52,1,palm,direct,-1.0000,-1.0000,high
218192.4879,0,381.26,5.99,381.26,5.99,,0,16.04,152.50,1,palm,direct,-1.0000,-1.0000,high
218192.5212,0,381.26,5.99,381.26,5.99,,0,15.50,159.53,1,palm,direct,-1.0000,-1.0000,high
218192.5546,0,381.26,5.99,381.26,5.99,,0,23.97,158.40,1,palm,direct,-1.0000,-1.0000,high
218192.5879,0,381.26,5.99,381.26,5.99,,0,45.10,184.59,1,palm,direct,-1.0000,-1.0000,high
218192.6213,0,381.26,5.99,381.26,5.99,,0,34.09,185.61,1,palm,direct,-1.0000,-1.0000,high
218192.6546,0,381.26,5.99,381.26,5.99,,0,25.17,177.71,1,palm,direct,-1.0000,-1.0000,high
218192.6880,0,381.26,5.99,381.26,5.99,,0,14.18,158.85,1,palm,direct,-1.0000,-1.0000,high
218192.7213,0,381.26,5.99,381.26,5.99,,0,20.16,158.10,1,palm,direct,-1.0000,-1.0000,high
218192.7547,0,381.26,5.99,381.26,5.99,,0,17.23,151.39,1,palm,direct,-1.0000,-1.0000,high
218192.7880,0,381.26,5.99,381.26,5.99,,0,19.06,153.94,1,palm,direct,-1.0000,-1.0000,high
218192.8214,0,381.26,5.99,381.26,5.99,,0,34.49,170.05,1,palm,direct,-1.0000,-1.0000,high
218192.8547,0,381.26,5.99,381.26,5.99,,0,10.70,147.63,1,palm,direct,-1.0000,-1.0000,high
218192.8881,0,381.26,5.99,381.26,5.99,,0,11.12,145.80,1,palm,direct,-1.0000,-1.0000,high
218192.9214,0,381.26,5.99,381.26,5.99,,0,15.55,146.85,1,palm,direct,-1.0000,-1.0000,high
218192.9548,0,381.26,5.99,381.26,5.99,,0,26.25,157.53,1,palm,direct,-1.0000,-1.0000,high
218192.9881,0,381.26,5.99,381.26,5.99,,0,15.39,150.55,1,palm,direct,-1.0000,-1.0000,high
218193.0215,0,381.26,5.99,381.26,5.99,,0,11.63,144.30,1,palm,direct,-1.0000,-1.0000,high
218193.0548,0,381.26,5.99,381.26,5.99,,0,20.48,155.99,1,palm,direct,-1.0000,-1.0000,high
218193.0882,0,381.26,5.99,381.26,5.99,,0,14.35,148.66,1,palm,direct,-1.0000,-1.0000,high
218193.1215,0,381.26,5.99,381.26,5.99,,0,21.44,159.33,1,palm,direct,-1.0000,-1.0000,high
218193.1549,0,381.26,5.99,381.26,5.99,,0,13.73,149.24,1,palm,direct,-1.0000,-1.0000,high
218193.1882,0,381.26,5.99,381.26,5.99,,0,16.96,155.44,1,palm,direct,-1.0000,-1.0000,high
218193.2216,0,381.26,5.99,381.26,5.99,,0,17.82,151.90,1,palm,direct,-1.0000,-1.0000,high
218193.2549,0,381.26,5.99,381.26,5.99,,0,33.32,168.78,1,palm,direct,-1.0000,-1.0000,high
218193.2883,0,381.26,5.99,381.26,5.99,,0,15.06,150.74,1,palm,direct,-1.0000,-1.0000,high
218193.3216,0,381.26,5.99,381.26,5.99,,0,13.37,150.78,1,palm,direct,-1.0000,-1.0000,high
218193.3550,0,381.26,5.99,381.26,5.99,,0,20.15,157.54,1,palm,direct,-1.0000,-1.0000,high
218193.3883,0,381.26,5.99,381.26,5.99,,0,16.48,161.73,1,palm,direct,-1.0000,-1.0000,high
218193.4217,0,381.26,5.99,381.26,5.99,,0,42.53,184.90,1,palm,direct,-1.0000,-1.0000,high
218193.4550,0,381.26,5.99,381.26,5.99,,0,21.41,173.17,1,palm,direct,-1.0000,-1.0000,high
218193.4884,0,381.26,5.99,381.26,5.99,,0,8.33,149.07,1,palm,direct,-1.0000,-1.0000,high
218193.5217,0,381.26,5.99,381.26,5.99,,0,25.98,175.01,1,palm,direct,-1.0000,-1.0000,high
218193.5551,0,381.26,5.99,381.26,5.99,,0,10.06,153.11,1,palm,direct,-1.0000,-1.0000,high
218193.5884,0,381.26,5.99,381.26,5.99,,0,29.21,188.49,1,palm,direct,-1.0000,-1.0000,high
218193.6218,0,381.26,5.99,381.26,5.99,,0,27.45,182.74,1,palm,direct,-1.0000,-1.0000,high
218193.6551,0,381.26,5.99,381.26,5.99,,0,27.52,177.51,1,palm,direct,-1.0000,-1.0000,high
218193.6885,0,381.26,5.99,381.26,5.99,,0,38.94,183.43,1,palm,direct,-1.0000,-1.0000,high
218193.7218,0,381.26,5.99,381.26,5.99,,0,29.99,180.29,1,palm,direct,-1.0000,-1.0000,high
218193.7552,0,381.26,5.99,381.26,5.99,,0,37.62,185.00,1,palm,direct,-1.0000,-1.0000,high
218193.7885,0,381.26,5.99,381.26,5.99,,0,28.91,180.78,1,palm,direct,-1.0000,-1.0000,high
218193.8219,0,381.26,5.99,381.26,5.99,,0,31.25,181.24,1,palm,direct,-1.0000,-1.0000,high
218193.8552,0,381.26,5.99,381.26,5.99,,0,28.91,178.07,1,palm,direct,-1.0000,-1.0000,high
218193.8886,0,381.26,5.99,381.26,5.99,,0,31.49,177.73,1,palm,direct,-1.0000,-1.0000,high
218193.9219,0,381.26,5.99,381.26,5.99,,0,12.90,157.47,1,palm,direct,-1.0000,-1.0000,high
218193.9553,0,381.26,5.99,381.26,5.99,,0,10.15,152.19,1,palm,direct,-1.0000,-1.0000,high
218193.9886,0,381.26,5.99,381.26,5.99,,0,36.32,178.15,1,palm,direct,-1.0000,-1.0000,high
218194.0220,0,381.26,5.99,381.26,5.99,,0,24.86,169.82,1,palm,direct,-1.0000,-1.0000,high
218194.0553,0,381.26,5.99,381.26,5.99,,0,34.30,183.19,1,palm,direct,-1.0000,-1.0000,high
218194.0887,0,381.26,5.99,381.26,5.99,,0,28.79,178.91,1,palm,direct,-1.0000,-1.0000,high
218194.1220,0,381.26,5.99,381.26,5.99,,0,33.80,183.95,1,palm,direct,-1.0000,-1.0000,high
218194.1554,0,381.26,5.99,381.26,5.99,,0,32.68,183.49,1,palm,direct,-1.0000,-1.0000,high
218194.1887,0,381.26,5.99,381.26,5.99,,0,26.23,176.72,1,palm,direct,-1.0000,-1.0000,high
218194.2221,0,381.26,5.99,381.26,5.99,,0,34.75,178.41,1,palm,direct,-1.0000,-1.0000,high
218194.2554,0,381.26,5.99,381.26,5.99,,0,18.36,163.70,1,palm,direct,-1.0000,-1.0000,high
218194.2888,0,381.26,5.99,381.26,5.99,,0,11.13,155.44,1,palm,direct,-1.0000,-1.0000,high
218194.3221,0,381.26,5.99,381.26,5.99,,0,22.94,171.22,1,palm,direct,-1.0000,-1.0000,high
218194.3555,0,381.26,5.99,381.26,5.99,,0,58.49,205.28,1,palm,direct,-1.0000,-1.0000,high
218194.3888,0,381.26,5.99,381.26,5.99,,0,12.42,184.60,1,palm,direct,-1.0000,-1.0000,high
218194.4222,0,381.26,5.99,381.26,5.99,,0,31.15,183.91,1,palm,direct,-1.0000,-1.0000,high
218194.4555,0,381.26,5.99,381.26,5.99,,0,29.03,179.87,1,palm,direct,-1.0000,-1.0000,high
218194.4889,0,381.26,5.99,381.26,5.99,,0,21.66,175.82,1,palm,direct,-1.0000,-1.0000,high
218194.5222,0,381.26,5.99,381.26,5.99,,0,32.97,181.33,1,palm,direct,-1.0000,-1.0000,high
218194.5556,0,381.26,5.99,381.26,5.99,,0,13.19,162.48,1,palm,direct,-1.0000,-1.0000,high
218194.5889,0,381.26,5.99,381.26,5.99,,0,39.20,188.60,1,palm,direct,-1.0000,-1.0000,high
218194.6223,0,381.26,5.99,381.26,5.99,,0,21.76,177.28,1,palm,direct,-1.0000,-1.0000,high
218194.6556,0,381.26,5.99,381.26,5.99,,0,25.59,174.69,1,palm,direct,-1.0000,-1.0000,high
218194.6890,0,381.26,5.99,381.26,5.99,,0,13.15,159.61,1,palm,direct,-1.0000,-1.0000,high
218194.7223,0,381.26,5.99,381.26,5.99,,0,28.55,174.97,1,palm,direct,-1.0000,-1.0000,high
218194.7557,0,381.26,5.99,381.26,5.99,,0,20.88,172.80,1,palm,direct,-1.0000,-1.0000,high
218194.7890,0,381.26,5.99,381.26,5.99,,0,11.27,160.08,1,palm,direct,-1.0000,-1.0000,high
218194.8224,0,381.26,5.99,381.26,5.99,,0,35.93,189.12,1,palm,direct,-1.0000,-1.0000,high
218194.8557,0,381.26,5.99,381.26,5.99,,0,10.12,166.00,1,palm,direct,-1.0000,-1.0000,high
218194.8891,0,381.26,5.99,381.26,5.99,,0,33.14,182.74,1,palm,direct,-1.0000,-1.0000,high
218194.9224,0,381.26,5.99,381.26,5.99,,0,35.40,187.18,1,palm,direct,-1.0000,-1.0000,high
218194.9558,0,381.26,5.99,381.26,5.99,,0,28.77,182.83,1,palm,direct,-1.0000,-1.0000,high
218194.9891,0,381.26,5.99,381.26,5.99,,0,23.48,177.07,1,palm,direct,-1.0000,-1.0000,high
218195.0225,0,381.26,5.99,381.26,5.99,,0,33.03,183.57,1,palm,direct,-1.0000,-1.0000,high
218195.0558,0,381.26,5.99,381.26,5.99,,0,21.82,180.19,1,palm,direct,-1.0000,-1.0000,high
218195.0892,0,381.26,5.99,381.26,5.99,,0,20.59,172.70,1,palm,direct,-1.0000,-1.0000,high
218195.1225,0,381.26,5.99,381.26,5.99,,0,28.93,183.75,1,palm,direct,-1.0000,-1.0000,high
218195.1559,0,381.26,5.99,381.26,5.99,,0,30.31,184.47,1,palm,direct,-1.0000,-1.0000,high
218195.1892,0,381.26,5.99,381.26,5.99,,0,24.42,186.22,1,palm,direct,-1.0000,-1.0000,high
218195.2226,0,381.26,5.99,381.26,5.99,,0,10.53,168.57,1,palm,direct,-1.0000,-1.0000,high
218195.2559,0,381.26,5.99,381.26,5.99,,0,9.65,148.60,1,palm,direct,-1.0000,-1.0000,high
218195.2893,0,381.26,5.99,381.26,5.99,,0,38.82,185.05,1,palm,direct,-1.0000,-1.0000,high
218195.3226,0,381.26,5.99,381.26,5.99,,0,31.48,183.61,1,palm,direct,-1.0000,-1.0000,high
218195.3560,0,381.26,5.99,381.26,5.99,,0,11.22,161.61,1,palm,direct,-1.0000,-1.0000,high
218195.3893,0,381.26,5.99,381.26,5.99,,0,16.08,157.30,1,palm,direct,-1.0000,-1.0000,high
218195.4227,0,381.26,5.99,381.26,5.99,,0,12.81,157.21,1,palm,direct,-1.0000,-1.0000,high
218195.4560,0,381.26,5.99,381.26,5.99,,0,10.96,151.10,1,palm,direct,-1.0000,-1.0000,high
218195.4894,0,381.26,5.99,381.26,5.99,,0,26.97,169.72,1,palm,direct,-1.0000,-1.0000,high
218195.5227,0,381.26,5.99,381.26,5.99,,0,18.90,157.41,1,palm,direct,-1.0000,-1.0000,high
218195.5561,0,381.26,5.99,381.26,5.99,,0,31.83,177.23,1,palm,direct,-1.0000,-1.0000,high
218195.5894,0,381.26,5.99,381.26,5.99,,0,12.04,156.12,1,palm,direct,-1.0000,-1.0000,high
218195.6228,0,381.26,5.99,381.26,5.99,,0,32.76,174.72,1,palm,direct,-1.0000,-1.0000,high
218195.6561,0,381.26,5.99,381.26,5.99,,0,31.98,174.44,1,palm,direct,-1.0000,-1.0000,high
218195.6895,0,381.26,5.99,381.26,5.99,,0,29.76,171.11,1,palm,direct,-1.0000,-1.0000,high
218195.7228,0,381.26,5.99,381.26,5.99,,0,16.24,154.76,1,palm,direct,-1.0000,-1.0000,high
218195.7562,0,381.26,5.99,381.26,5.99,,0,31.50,167.87,1,palm,direct,-1.0000,-1.0000,high
218195.7895,0,381.26,5.99,381.26,5.99,,0,50.60,189.58,1,palm,direct,-1.0000,-1.0000,high
218195.8229,0,381.26,5.99,381.26,5.99,,0,33.57,190.06,1,palm,direct,-1.0000,-1.0000,high
218195.8562,0,381.26,5.99,381.26,5.99,,0,19.41,176.47,1,palm,direct,-1.0000,-1.0000,high
218195.8896,0,381.26,5.99,381.26,5.99,,0,14.62,157.92,1,palm,direct,-1.0000,-1.0000,high
218195.9229,0,381.26,5.99,381.26,5.99,,0,11.93,149.72,1,palm,direct,-1.0000,-1.0000,high
218195.9563,0,381.26,5.99,381.26,5.99,,0,14.43,156.17,1,palm,direct,-1.0000,-1.0000,high
218195.9896,0,381.26,5.99,381.26,5.99,,0,15.28,155.59,1,palm,direct,-1.0000,-1.0000,high
218196.0230,0,381.26,5.99,381.26,5.99,,0,31.78,175.57,1,palm,direct,-1.0000,-1.0000,high
218196.0563,0,381.26,5.99,381.26,5.99,,0,12.43,154.86,1,palm,direct,-1.0000,-1.0000,high
218196.0897,0,381.26,5.99,381.26,5.99,,0,39.98,182.12,1,palm,direct,-1.0000,-1.0000,high
218196.1230,0,381.26,5.99,381.26,5.99,,0,32.52,181.51,1,palm,direct,-1.0000,-1.0000,high
218196.1564,0,381.26,5.99,381.26,5.99,,0,41.30,189.85,1,palm,direct,-1.0000,-1.0000,high
218196.1897,0,381.26,5.99,381.26,5.99,,0,32.33,189.04,1,palm,direct,-1.0000,-1.0000,high
218196.2231,0,381.26,5.99,381.26,5.99,,0,25.19,181.12,1,palm,direct,-1.0000,-1.0000,high
218196.2564,0,381.26,5.99,381.26,5.99,,0,11.28,159.60,1,palm,direct,-1.0000,-1.0000,high
218196.2898,0,381.26,5.99,381.26,5.99,,0,35.70,177.86,1,palm,direct,-1.0000,-1.0000,high
218196.3231,0,381.26,5.99,381.26,5.99,,0,22.79,167.51,1,palm,direct,-1.0000,-1.0000,high
218196.3565,0,381.26,5.99,381.26,5.99,,0,24.60,172.20,1,palm,direct,-1.0000,-1.0000,high
218196.3898,0,381.26,5.99,381.26,5.99,,0,11.49,152.69,1,palm,direct,-1.0000,-1.0000,high
218196.4232,0,381.26,5.99,381.26,5.99,,0,34.77,178.38,1,palm,direct,-1.0000,-1.0000,high
218196.4565,0,381.26,5.99,381.26,5.99,,0,11.92,157.16,1,palm,direct,-1.0000,-1.0000,high
218196.4899,0,381.26,5.99,381.26,5.99,,0,28.06,180.12,1,palm,direct,-1.0000,-1.0000,high
218196.5232,0,381.26,5.99,381.26,5.99,,0,37.40,185.46,1,palm,direct,-1.0000,-1.0000,high
218196.5566,0,381.26,5.99,381.26,5.99,,0,21.19,174.26,1,palm,direct,-1.0000,-1.0000,high
218196.5899,0,381.26,5.99,381.26,5.99,,0,9.91,156.47,1,palm,direct,-1.0000,-1.0000,high
218196.6233,0,381.26,5.99,381.26,5.99,,0,43.67,212.74,1,palm,direct,-1.0000,-1.0000,high
218196.6566,0,381.26,5.99,381.26,5.99,,0,11.60,191.18,1,palm,direct,-1.0000,-1.0000,high
218196.6900,0,381.26,5.99,381.26,5.99,,0,27.39,186.49,1,palm,direct,-1.0000,-1.0000,high
218196.7233,0,381.26,5.99,381.26,5.99,,0,32.81,187.53,1,palm,direct,-1.0000,-1.0000,high
218196.7567,0,381.26,5.99,381.26,5.99,,0,24.28,179.23,1,palm,direct,-1.0000,-1.0000,high
218196.7900,0,381.26,5.99,381.26,5.99,,0,9.84,156.59,1,palm,direct,-1.0000,-1.0000,high
218196.8234,0,381.26,5.99,381.26,5.99,,0,35.12,189.29,1,palm,direct,-1.0000,-1.0000,high
218196.8567,0,381.26,5.99,381.26,5.99,,0,30.17,186.34,1,palm,direct,-1.0000,-1.0000,high
218196.8901,0,381.26,5.99,381.26,5.99,,0,19.88,173.01,1,palm,direct,-1.0000,-1.0000,high
218196.9234,0,381.26,5.99,381.26,5.99,,0,23.99,176.13,1,palm,direct,-1.0000,-1.0000,high
218196.9568,0,381.26,5.99,381.26,5.99,,0,35.87,190.56,1,palm,direct,-1.0000,-1.0000,high
218196.9901,0,381.26,5.99,381.26,5.99,,0,29.85,187.71,1,palm,direct,-1.0000,-1.0000,high
218197.0235,0,381.26,5.99,381.26,5.99,,0,18.76,175.20,1,palm,direct,-1.0000,-1.0000,high
218197.0568,0,381.26,5.99,381.26,5.99,,0,29.76,184.94,1,palm,direct,-1.0000,-1.0000,high
218197.0902,0,381.26,5.99,381.26,5.99,,0,24.81,183.09,1,palm,direct,-1.0000,-1.0000,high
218197.1235,0,381.26,5.99,381.26,5.99,,0,44.69,198.36,1,palm,direct,-1.0000,-1.0000,high
218197.1569,0,381.26,5.99,381.26,5.99,,0,25.65,190.77,1,palm,direct,-1.0000,-1.0000,high
218197.1902,0,381.26,5.99,381.26,5.99,,0,21.71,188.66,1,palm,direct,-1.0000,-1.0000,high
218197.2236,0,381.26,5.99,381.26,5.99,,0,18.79,177.09,1,palm,direct,-1.0000,-1.0000,high
218197.2569,0,381.26,5.99,381.26,5.99,,0,12.35,173.41,1,palm,direct,-1.0000,-1.0000,high
218197.2903,0,381.26,5.99,381.26,5.99,,0,20.00,179.87,1,palm,direct,-1.0000,-1.0000,high
218197.3236,0,381.26,5.99,381.26,5.99,,0,16.49,179.16,1,palm,direct,-1.0000,-1.0000,high
218197.3570,0,381.26,5.99,381.26,5.99,,0,38.16,184.26,1,palm,direct,-1.0000,-1.0000,high
218197.3903,0,381.26,5.99,381.26,5.99,,0,37.99,189.47,1,palm,direct,-1.0000,-1.0000,high
218197.4237,0,381.26,5.99,381.26,5.99,,0,32.52,189.05,1,palm,direct,-1.0000,-1.0000,high
218197.4570,0,381.26,5.99,381.26,5.99,,0,35.27,191.60,1,palm,direct,-1.0000,-1.0000,high
218197.4904,0,381.26,5.99,381.26,5.99,,0,15.03,173.55,1,palm,direct,-1.0000,-1.0000,high
218197.5237,0,381.26,5.99,381.26,5.99,,0,33.03,173.44,1,palm,direct,-1.0000,-1.0000,high
218197.5571,0,381.26,5.99,381.26,5.99,,0,10.10,150.58,1,palm,direct,-1.0000,-1.0000,high
218197.5904,0,381.26,5.99,381.26,5.99,,0,18.17,157.36,1,palm,direct,-1.0000,-1.0000,high
218197.6238,0,381.26,5.99,381.26,5.99,,0,17.70,152.51,1,palm,direct,-1.0000,-1.0000,high
218197.6571,0,381.26,5.99,381.26,5.99,,0,13.24,148.48,1,palm,direct,-1.0000,-1.0000,high
218197.6905,0,381.26,5.99,381.26,5.99,,0,43.19,178.73,1,palm,direct,-1.0000,-1.0000,high
218197.7238,0,381.26,5.99,381.26,5.99,,0,51.96,197.62,1,palm,direct,-1.0000,-1.0000,high
218197.7572,0,381.26,5.99,381.26,5.99,,0,40.85,205.48,1,palm,direct,-1.0000,-1.0000,high
218197.7905,0,381.26,5.99,381.26,5.99,,0,12.44,184.70,1,palm,direct,-1.0000,-1.0000,high
218197.8572,0,381.26,5.99,381.26,5.99,,0,14.16,148.94,1,palm,direct,-1.0000,-1.0000,high
218197.8906,0,381.26,5.99,381.26,5.99,,0,27.06,158.77,1,palm,direct,-1.0000,-1.0000,high
218197.9239,0,381.26,5.99,381.26,5.99,,0,19.07,152.32,1,palm,direct,-1.0000,-1.0000,high
218197.9573,0,381.26,5.99,381.26,5.99,,0,14.27,144.79,1,palm,direct,-1.0000,-1.0000,high
218197.9906,0,381.26,5.99,381.26,5.99,,0,15.32,149.46,1,palm,direct,-1.0000,-1.0000,high
218198.0240,0,381.26,5.99,381.26,5.99,,0,27.89,158.65,1,palm,direct,-1.0000,-1.0000,high
218198.0573,0,381.26,5.99,381.26,5.99,,0,36.91,183.06,1,palm,direct,-1.0000,-1.0000,high
218198.0907,0,381.26,5.99,381.26,5.99,,0,26.61,176.47,1,palm,direct,-1.0000,-1.0000,high
218198.1240,0,381.26,5.99,381.26,5.99,,0,13.52,157.00,1,palm,direct,-1.0000,-1.0000,high
218198.1574,0,381.26,5.99,381.26,5.99,,0,48.47,181.02,1,palm,direct,-1.0000,-1.0000,high
218198.1907,0,381.26,5.99,381.26,5.99,,0,20.72,168.82,1,palm,direct,-1.0000,-1.0000,high
218198.2241,0,381.26,5.99,381.26,5.99,,0,12.95,148.71,1,palm,direct,-1.0000,-1.0000,high
218198.2574,0,381.26,5.99,381.26,5.99,,0,13.17,147.16,1,palm,direct,-1.0000,-1.0000,high
218198.2908,0,381.26,5.99,381.26,5.99,,0,19.40,151.01,1,palm,direct,-1.0000,-1.0000,high
218198.3241,0,381.26,5.99,381.26,5.99,,0,13.20,149.37,1,palm,direct,-1.0000,-1.0000,high
218198.3575,0,381.26,5.99,381.26,5.99,,0,13.98,146.37,1,palm,direct,-1.0000,-1.0000,high
218198.3908,0,381.26,5.99,381.26,5.99,,0,15.38,150.75,1,palm,direct,-1.0000,-1.0000,high
218198.4242,0,381.26,5.99,381.26,5.99,,0,25.93,158.38,1,palm,direct,-1.0000,-1.0000,high
218198.4575,0,381.26,5.99,381.26,5.99,,0,26.72,161.65,1,palm,direct,-1.0000,-1.0000,high
218198.4909,0,381.26,5.99,381.26,5.99,,0,23.10,153.88,1,palm,direct,-1.0000,-1.0000,high
218198.5242,0,381.26,5.99,381.26,5.99,,0,13.66,148.17,1,palm,direct,-1.0000,-1.0000,high
218198.5576,0,381.26,5.99,381.26,5.99,,0,15.04,147.82,1,palm,direct,-1.0000,-1.0000,high
218198.5909,0,381.26,5.99,381.26,5.99,,0,14.80,149.40,1,palm,direct,-1.0000,-1.0000,high
218198.6243,0,381.26,5.99,381.26,5.99,,0,14.32,146.70,1,palm,direct,-1.0000,-1.0000,high
218198.6576,0,381.26,5.99,381.26,5.99,,0,47.11,182.68,1,palm,direct,-1.0000,-1.0000,high
218198.6910,0,381.26,5.99,381.26,5.99,,0,25.42,175.21,1,palm,direct,-1.0000,-1.0000,high
218198.7243,0,381.26,5.99,381.26,5.99,,0,18.10,160.17,1,palm,direct,-1.0000,-1.0000,high
218198.7577,0,381.26,5.99,381.26,5.99,,0,9.26,144.28,1,palm,direct,-1.0000,-1.0000,high
218198.7910,0,381.26,5.99,381.26,5.99,,0,20.21,150.25,1,palm,direct,-1.0000,-1.0000,high
218198.8244,0,381.26,5.99,381.26,5.99,,0,81.52,215.60,1,palm,direct,-1.0000,-1.0000,high
218198.8577,0,381.26,5.99,381.26,5.99,,0,8.70,191.18,1,palm,direct,-1.0000,-1.0000,high
218198.9244,0,381.26,5.99,381.26,5.99,,0,12.84,143.44,1,palm,direct,-1.0000,-1.0000,high
218198.9578,0,381.26,5.99,381.26,5.99,,0,13.35,147.77,1,palm,direct,-1.0000,-1.0000,high
218198.9911,0,381.26,5.99,381.26,5.99,,0,10.78,142.16,1,palm,direct,-1.0000,-1.0000,high
218199.0245,0,381.26,5.99,381.26,5.99,,0,13.44,147.24,1,palm,direct,-1.0000,-1.0000,high
218199.0578,0,381.26,5.99,381.26,5.99,,0,11.91,143.24,1,palm,direct,-1.0000,-1.0000,high
218199.0912,0,381.26,5.99,381.26,5.99,,0,17.47,149.47,1,palm,direct,-1.0000,-1.0000,high
218199.1245,0,381.26,5.99,381.26,5.99,,0,14.39,145.56,1,palm,direct,-1.0000,-1.0000,high
218199.1579,0,381.26,5.99,381.26,5.99,,0,12.97,147.70,1,palm,direct,-1.0000,-1.0000,high
218199.1912,0,381.26,5.99,381.26,5.99,,0,21.33,154.48,1,palm,direct,-1.0000,-1.0000,high
218199.2246,0,381.26,5.99,381.26,5.99,,0,11.05,143.40,1,palm,direct,-1.0000,-1.0000,high
218199.2579,0,381.26,5.99,381.26,5.99,,0,16.14,147.82,1,palm,direct,-1.0000,-1.0000,high
218199.2913,0,381.26,5.99,381.26,5.99,,0,18.08,148.12,1,palm,direct,-1.0000,-1.0000,high
218199.3246,0,381.26,5.99,381.26,5.99,,0,13.20,144.22,1,palm,direct,-1.0000,-1.0000,high
218199.3580,0,381.26,5.99,381.26,5.99,,0,14.70,144.44,1,palm,direct,-1.0000,-1.0000,high
218199.3913,0,381.26,5.99,381.26,5.99,,0,20.39,153.14,1,palm,direct,-1.0000,-1.0000,high
218199.4247,0,381.26,5.99,381.26,5.99,,0,14.69,146.41,1,palm,direct,-1.0000,-1.0000,high
218199.4580,0,381.26,5.99,381.26,5.99,,0,15.26,149.01,1,palm,direct,-1.0000,-1.0000,high
218199.4914,0,381.26,5.99,381.26,5.99,,0,19.32,150.60,1,palm,direct,-1.0000,-1.0000,high
218199.5247,0,381.26,5.99,381.26,5.99,,0,10.66,145.30,1,palm,direct,-1.0000,-1.0000,high
218199.5581,0,381.26,5.99,381.26,5.99,,0,15.95,144.47,1,palm,direct,-1.0000,-1.0000,high
218199.5914,0,381.26,5.99,381.26,5.99,,0,21.04,150.13,1,palm,direct,-1.0000,-1.0000,high
218199.6248,0,381.26,5.99,381.26,5.99,,0,19.37,149.07,1,palm,direct,-1.0000,-1.0000,high
218199.6581,0,381.26,5.99,381.26,5.99,,0,25.73,153.65,1,palm,direct,-1.0000,-1.0000,high
218199.6915,0,381.26,5.99,381.26,5.99,,0,17.13,146.76,1,palm,direct,-1.0000,-1.0000,high
218199.7248,0,381.26,5.99,381.26,5.99,,0,17.86,157.60,1,palm,direct,-1.0000,-1.0000,high
218199.7582,0,381.26,5.99,381.26,5.99,,0,20.11,144.47,1,palm,direct,-1.0000,-1.0000,high
218199.7915,0,381.26,5.99,381.26,5.99,,0,13.94,142.06,1,palm,direct,-1.0000,-1.0000,high
218199.8249,0,381.26,5.99,381.26,5.99,,0,35.75,158.33,1,palm,direct,-1.0000,-1.0000,high
218199.8582,0,381.26,5.99,381.26,5.99,,0,17.23,150.11,1,palm,direct,-1.0000,-1.0000,high
218199.8916,0,381.26,5.99,381.26,5.99,,0,25.92,149.81,1,palm,direct,-1.0000,-1.0000,high
218199.9249,0,381.26,5.99,381.26,5.99,,0,18.52,140.94,1,palm,direct,-1.0000,-1.0000,high
218199.9583,0,381.26,5.99,381.26,5.99,,0,20.45,146.99,1,palm,direct,-1.0000,-1.0000,high
218199.9916,0,381.26,5.99,381.26,5.99,,0,22.60,150.67,1,palm,direct,-1.0000,-1.0000,high
218200.0250,0,381.26,5.99,381.26,5.99,,0,24.42,142.81,1,palm,direct,-1.0000,-1.0000,high
218200.0583,0,381.26,5.99,381.26,5.99,,0,26.82,144.50,1,palm,direct,-1.0000,-1.0000,high
218200.0917,0,381.26,5.99,381.26,5.99,,0,26.64,147.84,1,palm,direct,-1.0000,-1.0000,high
218200.1250,0,381.26,5.99,381.26,5.99,,0,36.38,152.20,1,palm,direct,-1.0000,-1.0000,high
218200.1584,0,381.26,5.99,381.26,5.99,,0,17.28,144.47,1,palm,direct,-1.0000,-1.0000,high
218200.1917,0,381.26,5.99,381.26,5.99,,0,26.08,139.95,1,palm,direct,-1.0000,-1.0000,high
218200.2251,0,381.26,5.99,381.26,5.99,,0,25.73,143.45,1,palm,direct,-1.0000,-1.0000,high
218200.2584,0,381.26,5.99,381.26,5.99,,0,40.41,170.64,1,palm,direct,-1.0000,-1.0000,high
218200.2918,0,381.26,5.99,381.26,5.99,,0,16.53,154.58,1,palm,direct,-1.0000,-1.0000,high
218200.3251,0,381.26,5.99,381.26,5.99,,0,27.32,148.68,1,palm,direct,-1.0000,-1.0000,high
218200.3585,0,381.26,5.99,381.26,5.99,,0,10.89,126.34,1,palm,direct,-1.0000,-1.0000,high
218200.3918,0,381.26,5.99,381.26,5.99,,0,11.34,122.25,1,palm,direct,-1.0000,-1.0000,high
218200.4252,0,381.26,5.99,381.26,5.99,,0,36.27,156.28,1,palm,direct,-1.0000,-1.0000,high
218200.4585,0,381.26,5.99,381.26,5.99,,0,23.44,146.62,1,palm,direct,-1.0000,-1.0000,high
218200.4919,0,381.26,5.99,381.26,5.99,,0,35.71,149.13,1,palm,direct,-1.0000,-1.0000,high
218200.5252,0,381.26,5.99,381.26,5.99,,0,14.92,130.85,1,palm,direct,-1.0000,-1.0000,high
218200.5586,0,381.26,5.99,381.26,5.99,,0,15.48,142.92,1,palm,direct,-1.0000,-1.0000,high
218200.5919,0,381.26,5.99,381.26,5.99,,0,8.26,121.93,1,palm,direct,-1.0000,-1.0000,high
218200.6253,0,381.26,5.99,381.26,5.99,,0,21.76,142.36,1,palm,direct,-1.0000,-1.0000,high
218200.6586,0,381.26,5.99,381.26,5.99,,0,12.68,125.37,1,palm,direct,-1.0000,-1.0000,high
218200.6920,0,381.26,5.99,381.26,5.99,,0,25.63,142.51,1,palm,direct,-1.0000,-1.0000,high
218200.7253,0,381.26,5.99,381.26,5.99,,0,34.03,151.08,1,palm,direct,-1.0000,-1.0000,high
218200.7587,0,381.26,5.99,381.26,5.99,,0,25.54,143.40,1,palm,direct,-1.0000,-1.0000,high
218200.7920,0,381.26,5.99,381.26,5.99,,0,10.52,123.04,1,palm,direct,-1.0000,-1.0000,high
218200.8254,0,381.26,5.99,381.26,5.99,,0,31.15,141.45,1,palm,direct,-1.0000,-1.0000,high
218200.8587,0,381.26,5.99,381.26,5.99,,0,8.80,121.92,1,palm,direct,-1.0000,-1.0000,high
218200.8921,0,381.26,5.99,381.26,5.99,,0,14.96,124.79,1,palm,direct,-1.0000,-1.0000,high
218200.9254,0,381.26,5.99,381.26,5.99,,0,40.50,153.42,1,palm,direct,-1.0000,-1.0000,high
218200.9588,0,381.26,5.99,381.26,5.99,,0,34.65,155.07,1,palm,direct,-1.0000,-1.0000,high
218200.9921,0,381.26,5.99,381.26,5.99,,0,33.63,155.60,1,palm,direct,-1.0000,-1.0000,high
218201.0255,0,381.26,5.99,381.26,5.99,,0,10.02,132.64,1,palm,direct,-1.0000,-1.0000,high
218201.0588,0,381.26,5.99,381.26,5.99,,0,9.49,118.20,1,palm,direct,-1.0000,-1.0000,high
218201.0922,0,381.26,5.99,381.26,5.99,,0,13.58,118.70,1,palm,direct,-1.0000,-1.0000,high
218201.1255,0,381.26,5.99,381.26,5.99,,0,30.56,136.80,1,palm,direct,-1.0000,-1.0000,high
218201.1589,0,381.26,5.99,381.26,5.99,,0,9.59,116.72,1,palm,direct,-1.0000,-1.0000,high
218201.1922,0,381.26,5.99,381.26,5.99,,0,14.49,121.77,1,palm,direct,-1.0000,-1.0000,high
218201.2256,0,381.26,5.99,381.26,5.99,,0,31.61,139.73,1,palm,direct,-1.0000,-1.0000,high
218201.2589,0,381.26,5.99,381.26,5.99,,0,11.86,118.47,1,palm,direct,-1.0000,-1.0000,high
218201.2923,0,381.26,5.99,381.26,5.99,,0,9.24,113.93,1,palm,direct,-1.0000,-1.0000,high
218201.3256,0,381.26,5.99,381.26,5.99,,0,34.66,150.44,1,palm,direct,-1.0000,-1.0000,high
218201.3590,0,381.26,5.99,381.26,5.99,,0,32.50,149.99,1,palm,direct,-1.0000,-1.0000,high
218201.3923,0,381.26,5.99,381.26,5.99,,0,24.49,141.88,1,palm,direct,-1.0000,-1.0000,high
218201.4257,0,381.26,5.99,381.26,5.99,,0,11.79,120.57,1,palm,direct,-1.0000,-1.0000,high
218201.4590,0,381.26,5.99,381.26,5.99,,0,13.42,120.93,1,palm,direct,-1.0000,-1.0000,high
218201.4924,0,381.26,5.99,381.26,5.99,,0,11.22,112.87,1,palm,direct,-1.0000,-1.0000,high
218201.5257,0,381.26,5.99,381.26,5.99,,0,16.39,121.43,1,palm,direct,-1.0000,-1.0000,high
218201.5591,0,381.26,5.99,381.26,5.99,,0,16.43,118.70,1,palm,direct,-1.0000,-1.0000,high
218201.5924,0,381.26,5.99,381.26,5.99,,0,7.84,109.76,1,palm,direct,-1.0000,-1.0000,high
218201.6258,0,381.26,5.99,381.26,5.99,,0,13.49,118.81,1,palm,direct,-1.0000,-1.0000,high
218201.6591,0,381.26,5.99,381.26,5.99,,0,18.81,119.43,1,palm,direct,-1.0000,-1.0000,high
218201.6925,0,381.26,5.99,381.26,5.99,,0,17.40,116.96,1,palm,direct,-1.0000,-1.0000,high
218201.7258,0,381.26,5.99,381.26,5.99,,0,10.10,112.47,1,palm,direct,-1.0000,-1.0000,high
218201.7591,0,381.26,5.99,381.26,5.99,,0,21.55,120.68,1,palm,direct,-1.0000,-1.0000,high
218201.7925,0,381.26,5.99,381.26,5.99,,0,16.40,114.49,1,palm,direct,-1.0000,-1.0000,high
218201.8258,0,381.26,5.99,381.26,5.99,,0,23.61,120.39,1,palm,direct,-1.0000,-1.0000,high
218201.8592,0,381.26,5.99,381.26,5.99,,0,10.82,111.09,1,palm,direct,-1.0000,-1.0000,high
218201.8925,0,381.26,5.99,381.26,5.99,,0,18.97,117.18,1,palm,direct,-1.0000,-1.0000,high
218201.9259,0,381.26,5.99,381.26,5.99,,0,19.83,119.93,1,palm,direct,-1.0000,-1.0000,high
218201.9593,0,381.26,5.99,381.26,5.99,,0,11.21,110.50,1,palm,direct,-1.0000,-1.0000,high
218201.9926,0,381.26,5.99,381.26,5.99,,0,14.49,114.69,1,palm,direct,-1.0000,-1.0000,high
218202.0260,0,381.26,5.99,381.26,5.99,,0,17.16,117.25,1,palm,direct,-1.0000,-1.0000,high
218202.0593,0,381.26,5.99,381.26,5.99,,0,14.47,117.90,1,palm,direct,-1.0000,-1.0000,high
218202.0927,0,381.26,5.99,381.26,5.99,,0,22.03,121.72,1,palm,direct,-1.0000,-1.0000,high
218202.1260,0,381.26,5.99,381.26,5.99,,0,15.77,115.05,1,palm,direct,-1.0000,-1.0000,high
218202.1594,0,381.26,5.99,381.26,5.99,,0,12.05,113.81,1,palm,direct,-1.0000,-1.0000,high
218202.1927,0,381.26,5.99,381.26,5.99,,0,15.74,115.22,1,palm,direct,-1.0000,-1.0000,high
218202.2260,0,381.26,5.99,381.26,5.99,,0,18.11,119.75,1,palm,direct,-1.0000,-1.0000,high
218202.2594,0,381.26,5.99,381.26,5.99,,0,13.11,112.59,1,palm,direct,-1.0000,-1.0000,high
218202.2927,0,381.26,5.99,381.26,5.99,,0,11.41,110.97,1,palm,direct,-1.0000,-1.0000,high
218202.3261,0,381.26,5.99,381.26,5.99,,0,15.31,116.63,1,palm,direct,-1.0000,-1.0000,high
218202.3594,0,381.26,5.99,381.26,5.99,,0,41.68,140.53,1,palm,direct,-1.0000,-1.0000,high
218202.3928,0,381.26,5.99,381.26,5.99,,0,11.54,118.97,1,palm,direct,-1.0000,-1.0000,high
218202.4262,0,381.26,5.99,381.26,5.99,,0,47.18,149.70,1,palm,direct,-1.0000,-1.0000,high
218202.4595,0,381.26,5.99,381.26,5.99,,0,24.64,141.25,1,palm,direct,-1.0000,-1.0000,high
218202.4929,0,381.26,5.99,381.26,5.99,,0,11.04,119.06,1,palm,direct,-1.0000,-1.0000,high
218202.5262,0,381.26,5.99,381.26,5.99,,0,17.38,118.78,1,palm,direct,-1.0000,-1.0000,high
218202.5596,0,381.26,5.99,381.26,5.99,,0,15.44,116.38,1,palm,direct,-1.0000,-1.0000,high
218202.5929,0,381.26,5.99,381.26,5.99,,0,22.93,124.76,1,palm,direct,-1.0000,-1.0000,high
218202.6263,0,381.26,5.99,381.26,5.99,,0,13.14,114.29,1,palm,direct,-1.0000,-1.0000,high
218202.6596,0,381.26,5.99,381.26,5.99,,0,15.19,119.90,1,palm,direct,-1.0000,-1.0000,high
218202.6929,0,381.26,5.99,381.26,5.99,,0,16.00,115.48,1,palm,direct,-1.0000,-1.0000,high
218202.7263,0,381.26,5.99,381.26,5.99,,0,10.84,109.13,1,palm,direct,-1.0000,-1.0000,high
218202.7596,0,381.26,5.99,381.26,5.99,,0,14.36,114.05,1,palm,direct,-1.0000,-1.0000,high
218202.7930,0,381.26,5.99,381.26,5.99,,0,12.62,111.89,1,palm,direct,-1.0000,-1.0000,high
218202.8263,0,381.26,5.99,381.26,5.99,,0,11.72,114.87,1,palm,direct,-1.0000,-1.0000,high
218202.8597,0,381.26,5.99,381.26,5.99,,0,15.97,116.61,1,palm,direct,-1.0000,-1.0000,high
218202.8931,0,381.26,5.99,381.26,5.99,,0,15.83,116.70,1,palm,direct,-1.0000,-1.0000,high
218202.9264,0,381.26,5.99,381.26,5.99,,0,11.98,109.32,1,palm,direct,-1.0000,-1.0000,high
218202.9598,0,381.26,5.99,381.26,5.99,,0,19.24,115.89,1,palm,direct,-1.0000,-1.0000,high
218202.9931,0,381.26,5.99,381.26,5.99,,0,18.51,118.02,1,palm,direct,-1.0000,-1.0000,high
218203.0265,0,381.26,5.99,381.26,5.99,,0,29.31,126.12,1,palm,direct,-1.0000,-1.0000,high
218203.0598,0,381.26,5.99,381.26,5.99,,0,15.31,118.13,1,palm,direct,-1.0000,-1.0000,high
218203.0932,0,381.26,5.99,381.26,5.99,,0,23.70,117.08,1,palm,direct,-1.0000,-1.0000,high
218203.1265,0,381.26,5.99,381.26,5.99,,0,26.91,123.20,1,palm,direct,-1.0000,-1.0000,high
218203.1598,0,381.26,5.99,381.26,5.99,,0,14.93,120.10,1,palm,direct,-1.0000,-1.0000,high
218203.1932,0,381.26,5.99,381.26,5.99,,0,28.44,115.98,1,palm,direct,-1.0000,-1.0000,high
218203.2265,0,381.26,5.99,381.26,5.99,,0,31.39,121.31,1,palm,direct,-1.0000,-1.0000,high
218203.2599,0,381.26,5.99,381.26,5.99,,0,12.69,105.18,1,palm,direct,-1.0000,-1.0000,high
218203.2932,0,381.26,5.99,381.26,5.99,,0,24.17,114.84,1,palm,direct,-1.0000,-1.0000,high
218203.3266,0,381.26,5.99,381.26,5.99,,0,23.57,119.67,1,palm,direct,-1.0000,-1.0000,high
218203.3600,0,381.26,5.99,381.26,5.99,,0,19.27,114.14,1,palm,direct,-1.0000,-1.0000,high
218203.3933,0,381.26,5.99,381.26,5.99,,0,13.27,107.82,1,palm,direct,-1.0000,-1.0000,high
218203.4267,0,381.26,5.99,381.26,5.99,,0,19.49,119.75,1,palm,direct,-1.0000,-1.0000,high
218203.4600,0,381.26,5.99,381.26,5.99,,0,17.37,112.74,1,palm,direct,-1.0000,-1.0000,high
218203.4934,0,381.26,5.99,381.26,5.99,,0,20.11,115.47,1,palm,direct,-1.0000,-1.0000,high
218203.5267,0,381.26,5.99,381.26,5.99,,0,28.85,123.84,1,palm,direct,-1.0000,-1.0000,high
218203.5601,0,381.26,5.99,381.26,5.99,,0,24.40,120.13,1,palm,direct,-1.0000,-1.0000,high
218203.5934,0,381.26,5.99,381.26,5.99,,0,20.83,116.87,1,palm,direct,-1.0000,-1.0000,high
218203.6267,0,381.26,5.99,381.26,5.99,,0,22.70,121.49,1,palm,direct,-1.0000,-1.0000,high
218203.6601,0,381.26,5.99,381.26,5.99,,0,23.60,121.36,1,palm,direct,-1.0000,-1.0000,high
218203.6934,0,381.26,5.99,381.26,5.99,,0,25.97,121.97,1,palm,direct,-1.0000,-1.0000,high
218203.7268,0,381.26,5.99,381.26,5.99,,0,15.49,113.71,1,palm,direct,-1.0000,-1.0000,high
218203.7601,0,381.26,5.99,381.26,5.99,,0,16.62,112.91,1,palm,direct,-1.0000,-1.0000,high
218203.7935,0,381.26,5.99,381.26,5.99,,0,27.22,124.96,1,palm,direct,-1.0000,-1.0000,high
218203.8269,0,381.26,5.99,381.26,5.99,,0,14.93,111.57,1,palm,direct,-1.0000,-1.0000,high
218203.8602,0,381.26,5.99,381.26,5.99,,0,27.84,125.05,1,palm,direct,-1.0000,-1.0000,high
218203.8936,0,381.26,5.99,381.26,5.99,,0,10.94,113.59,1,palm,direct,-1.0000,-1.0000,high
218203.9269,0,381.26,5.99,381.26,5.99,,0,25.27,119.90,1,palm,direct,-1.0000,-1.0000,high
218203.9603,0,381.26,5.99,381.26,5.99,,0,20.51,117.65,1,palm,direct,-1.0000,-1.0000,high
218203.9936,0,381.26,5.99,381.26,5.99,,0,26.26,123.47,1,palm,direct,-1.0000,-1.0000,high
218204.0269,0,381.26,5.99,381.26,5.99,,0,12.10,110.27,1,palm,direct,-1.0000,-1.0000,high
218204.0603,0,381.26,5.99,381.26,5.99,,0,22.89,111.45,1,palm,direct,-1.0000,-1.0000,high
218204.0936,0,381.26,5.99,381.26,5.99,,0,27.15,118.49,1,palm,direct,-1.0000,-1.0000,high
218204.1270,0,381.26,5.99,381.26,5.99,,0,21.34,111.95,1,palm,direct,-1.0000,-1.0000,high
218204.1603,0,381.26,5.99,381.26,5.99,,0,19.33,110.72,1,palm,direct,-1.0000,-1.0000,high
218204.1937,0,381.26,5.99,381.26,5.99,,0,15.79,107.77,1,palm,direct,-1.0000,-1.0000,high
218204.2270,0,381.26,5.99,381.26,5.99,,0,21.88,111.94,1,palm,direct,-1.0000,-1.0000,high
218204.2604,0,381.26,5.99,381.26,5.99,,0,11.45,105.53,1,palm,direct,-1.0000,-1.0000,high
218204.2938,0,381.26,5.99,381.26,5.99,,0,24.30,111.04,1,palm,direct,-1.0000,-1.0000,high
218204.3271,0,381.26,5.99,381.26,5.99,,0,23.80,110.61,1,palm,direct,-1.0000,-1.0000,high
218204.3605,0,381.26,5.99,381.26,5.99,,0,87.69,175.40,1,palm,direct,-1.0000,-1.0000,high
218204.3938,0,381.26,5.99,381.26,5.99,,0,17.15,159.42,1,palm,direct,-1.0000,-1.0000,high
218204.4605,0,381.26,5.99,381.26,5.99,,0,16.48,119.42,1,palm,direct,-1.0000,-1.0000,high
218204.4938,0,381.26,5.99,381.26,5.99,,0,10.73,109.52,1,palm,direct,-1.0000,-1.0000,high
218204.5272,0,381.26,5.99,381.26,5.99,,0,17.42,117.71,1,palm,direct,-1.0000,-1.0000,high
218204.5605,0,381.26,5.99,381.26,5.99,,0,12.85,111.63,1,palm,direct,-1.0000,-1.0000,high
218204.5939,0,381.26,5.99,381.26,5.99,,0,13.89,113.78,1,palm,direct,-1.0000,-1.0000,high
218204.6272,0,381.26,5.99,381.26,5.99,,0,10.47,110.06,1,palm,direct,-1.0000,-1.0000,high
218204.6606,0,381.26,5.99,381.26,5.99,,0,13.90,112.83,1,palm,direct,-1.0000,-1.0000,high
218204.6939,0,381.26,5.99,381.26,5.99,,0,15.36,117.39,1,palm,direct,-1.0000,-1.0000,high
218204.7273,0,381.26,5.99,381.26,5.99,,0,17.35,116.27,1,palm,direct,-1.0000,-1.0000,high
218204.7607,0,381.26,5.99,381.26,5.99,,0,14.79,114.32,1,palm,direct,-1.0000,-1.0000,high
218204.7940,0,381.26,5.99,381.26,5.99,,0,21.42,120.07,1,palm,direct,-1.0000,-1.0000,high
218204.8274,0,381.26,5.99,381.26,5.99,,0,18.01,118.82,1,palm,direct,-1.0000,-1.0000,high
218204.8607,0,381.26,5.99,381.26,5.99,,0,17.34,115.55,1,palm,direct,-1.0000,-1.0000,high
218204.8941,0,381.26,5.99,381.26,5.99,,0,14.12,114.26,1,palm,direct,-1.0000,-1.0000,high
218204.9274,0,381.26,5.99,381.26,5.99,,0,18.48,114.07,1,palm,direct,-1.0000,-1.0000,high
218204.9607,0,381.26,5.99,381.26,5.99,,0,10.05,111.16,1,palm,direct,-1.0000,-1.0000,high
218204.9941,0,381.26,5.99,381.26,5.99,,0,15.62,113.46,1,palm,direct,-1.0000,-1.0000,high
218205.0274,0,381.26,5.99,381.26,5.99,,0,23.31,121.47,1,palm,direct,-1.0000,-1.0000,high
218205.0608,0,381.26,5.99,381.26,5.99,,0,10.11,107.79,1,palm,direct,-1.0000,-1.0000,high
218205.0941,0,381.26,5.99,381.26,5.99,,0,21.93,123.21,1,palm,direct,-1.0000,-1.0000,high
218205.1275,0,381.26,5.99,381.26,5.99,,0,14.58,113.29,1,palm,direct,-1.0000,-1.0000,high
218205.1608,0,381.26,5.99,381.26,5.99,,0,12.53,117.09,1,palm,direct,-1.0000,-1.0000,high
218205.1942,0,381.26,5.99,381.26,5.99,,0,13.28,112.16,1,palm,direct,-1.0000,-1.0000,high
218205.2276,0,381.26,5.99,381.26,5.99,,0,14.27,115.61,1,palm,direct,-1.0000,-1.0000,high
218205.2609,0,381.26,5.99,381.26,5.99,,0,18.79,115.57,1,palm,direct,-1.0000,-1.0000,high
218205.2943,0,381.26,5.99,381.26,5.99,,0,10.05,109.80,1,palm,direct,-1.0000,-1.0000,high
218205.3276,0,381.26,5.99,381.26,5.99,,0,18.92,115.15,1,palm,direct,-1.0000,-1.0000,high
218205.3610,0,381.26,5.99,381.26,5.99,,0,43.33,144.49,1,palm,direct,-1.0000,-1.0000,high
218205.3943,0,381.26,5.99,381.26,5.99,,0,10.98,122.25,1,palm,direct,-1.0000,-1.0000,high
218205.4276,0,381.26,5.99,381.26,5.99,,0,18.98,124.15,1,palm,direct,-1.0000,-1.0000,high
218205.4610,0,381.26,5.99,381.26,5.99,,0,13.66,107.12,1,palm,direct,-1.0000,-1.0000,high
218205.4943,0,381.26,5.99,381.26,5.99,,0,58.28,172.54,1,palm,direct,-1.0000,-1.0000,high
218205.5277,0,381.26,5.99,381.26,5.99,,0,11.02,150.45,1,palm,direct,-1.0000,-1.0000,high
218205.5944,0,381.26,5.99,381.26,5.99,,0,17.55,110.71,1,palm,direct,-1.0000,-1.0000,high
218205.6278,0,381.26,5.99,381.26,5.99,,0,12.15,109.30,1,palm,direct,-1.0000,-1.0000,high
218205.6611,0,381.26,5.99,381.26,5.99,,0,17.19,111.91,1,palm,direct,-1.0000,-1.0000,high
218205.6945,0,381.26,5.99,381.26,5.99,,0,12.50,110.62,1,palm,direct,-1.0000,-1.0000,high
218205.7278,0,381.26,5.99,381.26,5.99,,0,19.99,115.43,1,palm,direct,-1.0000,-1.0000,high
218205.7612,0,381.26,5.99,381.26,5.99,,0,15.26,112.86,1,palm,direct,-1.0000,-1.0000,high
218205.7945,0,381.26,5.99,381.26,5.99,,0,22.52,114.84,1,palm,direct,-1.0000,-1.0000,high
218205.8279,0,381.26,5.99,381.26,5.99,,0,15.15,109.70,1,palm,direct,-1.0000,-1.0000,high
218205.8612,0,381.26,5.99,381.26,5.99,,0,14.01,107.99,1,palm,direct,-1.0000,-1.0000,high
218205.8945,0,381.26,5.99,381.26,5.99,,0,12.62,110.14,1,palm,direct,-1.0000,-1.0000,high
218205.9279,0,381.26,5.99,381.26,5.99,,0,23.76,116.65,1,palm,direct,-1.0000,-1.0000,high
218205.9612,0,381.26,5.99,381.26,5.99,,0,18.32,112.77,1,palm,direct,-1.0000,-1.0000,high
218205.9946,0,381.26,5.99,381.26,5.99,,0,18.32,113.16,1,palm,direct,-1.0000,-1.0000,high
218206.0279,0,381.26,5.99,381.26,5.99,,0,21.77,113.88,1,palm,direct,-1.0000,-1.0000,high
218206.0613,0,381.26,5.99,381.26,5.99,,0,18.32,112.71,1,palm,direct,-1.0000,-1.0000,high
218206.0947,0,381.26,5.99,381.26,5.99,,0,20.87,114.75,1,palm,direct,-1.0000,-1.0000,high
218206.1280,0,381.26,5.99,381.26,5.99,,0,10.89,107.86,1,palm,direct,-1.0000,-1.0000,high
218206.1614,0,381.26,5.99,381.26,5.99,,0,17.46,113.59,1,palm,direct,-1.0000,-1.0000,high
218206.1947,0,381.26,5.99,381.26,5.99,,0,66.00,165.77,1,palm,direct,-1.0000,-1.0000,high
218206.2281,0,381.26,5.99,381.26,5.99,,0,13.55,146.25,1,palm,direct,-1.0000,-1.0000,high
218206.2614,0,381.26,5.99,381.26,5.99,,0,33.85,147.01,1,palm,direct,-1.0000,-1.0000,high
218206.2948,0,381.26,5.99,381.26,5.99,,0,21.11,134.90,1,palm,direct,-1.0000,-1.0000,high
218206.3281,0,381.26,5.99,381.26,5.99,,0,9.28,119.04,1,palm,direct,-1.0000,-1.0000,high
218206.3614,0,381.26,5.99,381.26,5.99,,0,14.50,121.78,1,palm,direct,-1.0000,-1.0000,high
218206.3948,0,381.26,5.99,381.26,5.99,,0,30.68,140.64,1,palm,direct,-1.0000,-1.0000,high
218206.4281,0,381.26,5.99,381.26,5.99,,0,21.82,135.81,1,palm,direct,-1.0000,-1.0000,high
218206.4615,0,381.26,5.99,381.26,5.99,,0,11.50,118.06,1,palm,direct,-1.0000,-1.0000,high
218206.4948,0,381.26,5.99,381.26,5.99,,0,14.90,125.33,1,palm,direct,-1.0000,-1.0000,high
218206.5282,0,381.26,5.99,381.26,5.99,,0,23.18,144.05,1,palm,direct,-1.0000,-1.0000,high
218206.5616,0,381.26,5.99,381.26,5.99,,0,7.75,118.57,1,palm,direct,-1.0000,-1.0000,high
218206.5949,0,381.26,5.99,381.26,5.99,,0,13.28,120.27,1,palm,direct,-1.0000,-1.0000,high
218206.6283,0,381.26,5.99,381.26,5.99,,0,34.77,136.43,1,palm,direct,-1.0000,-1.0000,high
218206.6616,0,381.26,5.99,381.26,5.99,,0,14.71,120.39,1,palm,direct,-1.0000,-1.0000,high
218206.6950,0,381.26,5.99,381.26,5.99,,0,71.92,174.21,1,palm,direct,-1.0000,-1.0000,high
218206.7283,0,381.26,5.99,381.26,5.99,,0,11.43,152.57,1,palm,direct,-1.0000,-1.0000,high
218206.7950,0,381.26,5.99,381.26,5.99,,0,12.59,115.72,1,palm,direct,-1.0000,-1.0000,high
218206.8283,0,381.26,5.99,381.26,5.99,,0,22.53,122.29,1,palm,direct,-1.0000,-1.0000,high
218206.8617,0,381.26,5.99,381.26,5.99,,0,32.86,137.96,1,palm,direct,-1.0000,-1.0000,high
218206.8950,0,381.26,5.99,381.26,5.99,,0,9.75,114.49,1,palm,direct,-1.0000,-1.0000,high
218206.9284,0,381.26,5.99,381.26,5.99,,0,15.72,118.59,1,palm,direct,-1.0000,-1.0000,high
218206.9617,0,381.26,5.99,381.26,5.99,,0,18.72,119.43,1,palm,direct,-1.0000,-1.0000,high
218206.9951,0,381.26,5.99,381.26,5.99,,0,13.04,115.57,1,palm,direct,-1.0000,-1.0000,high
218207.0285,0,381.26,5.99,381.26,5.99,,0,20.92,122.11,1,palm,direct,-1.0000,-1.0000,high
218207.0618,0,381.26,5.99,381.26,5.99,,0,10.80,110.21,1,palm,direct,-1.0000,-1.0000,high
218207.0952,0,381.26,5.99,381.26,5.99,,0,14.99,118.03,1,palm,direct,-1.0000,-1.0000,high
218207.1285,0,381.26,5.99,381.26,5.99,,0,86.32,184.67,1,palm,direct,-1.0000,-1.0000,high
218207.1619,0,381.26,5.99,381.26,5.99,,0,25.34,177.00,1,palm,direct,-1.0000,-1.0000,high
218207.2285,0,381.26,5.99,381.26,5.99,,0,13.93,124.46,1,palm,direct,-1.0000,-1.0000,high
218207.2619,0,381.26,5.99,381.26,5.99,,0,8.41,116.23,1,palm,direct,-1.0000,-1.0000,high
218207.2952,0,381.26,5.99,381.26,5.99,,0,35.21,144.79,1,palm,direct,-1.0000,-1.0000,high
218207.3286,0,381.26,5.99,381.26,5.99,,0,13.98,125.73,1,palm,direct,-1.0000,-1.0000,high
218207.3619,0,381.26,5.99,381.26,5.99,,0,12.60,118.68,1,palm,direct,-1.0000,-1.0000,high
218207.3953,0,381.26,5.99,381.26,5.99,,0,30.85,136.80,1,palm,direct,-1.0000,-1.0000,high
218207.4286,0,381.26,5.99,381.26,5.99,,0,8.92,122.89,1,palm,direct,-1.0000,-1.0000,high
218207.4620,0,381.26,5.99,381.26,5.99,,0,14.63,122.60,1,palm,direct,-1.0000,-1.0000,high
218207.4954,0,381.26,5.99,381.26,5.99,,0,23.68,142.17,1,palm,direct,-1.0000,-1.0000,high
218207.5287,0,381.26,5.99,381.26,5.99,,0,42.16,155.74,1,palm,direct,-1.0000,-1.0000,high
218207.5621,0,381.26,5.99,381.26,5.99,,0,26.55,149.18,1,palm,direct,-1.0000,-1.0000,high
218207.5954,0,381.26,5.99,381.26,5.99,,0,32.45,148.53,1,palm,direct,-1.0000,-1.0000,high
218207.6287,0,381.26,5.99,381.26,5.99,,0,16.72,132.19,1,palm,direct,-1.0000,-1.0000,high
218207.6621,0,381.26,5.99,381.26,5.99,,0,13.44,123.38,1,palm,direct,-1.0000,-1.0000,high
218207.6954,0,381.26,5.99,381.26,5.99,,0,23.72,138.26,1,palm,direct,-1.0000,-1.0000,high
218207.7288,0,381.26,5.99,381.26,5.99,,0,34.82,153.28,1,palm,direct,-1.0000,-1.0000,high
218207.7621,0,381.26,5.99,381.26,5.99,,0,23.07,143.38,1,palm,direct,-1.0000,-1.0000,high
218207.7955,0,381.26,5.99,381.26,5.99,,0,27.58,137.84,1,palm,direct,-1.0000,-1.0000,high
218207.8288,0,381.26,5.99,381.26,5.99,,0,34.10,143.69,1,palm,direct,-1.0000,-1.0000,high
218207.8622,0,381.26,5.99,381.26,5.99,,0,23.97,134.57,1,palm,direct,-1.0000,-1.0000,high
218207.8955,0,381.26,5.99,381.26,5.99,,0,9.84,117.99,1,palm,direct,-1.0000,-1.0000,high
218207.9289,0,381.26,5.99,381.26,5.99,,0,46.67,152.67,1,palm,direct,-1.0000,-1.0000,high
218207.9622,0,381.26,5.99,381.26,5.99,,0,19.32,138.87,1,palm,direct,-1.0000,-1.0000,high
218207.9956,0,381.26,5.99,381.26,5.99,,0,13.35,119.11,1,palm,direct,-1.0000,-1.0000,high
218208.0289,0,381.26,5.99,381.26,5.99,,0,14.12,121.40,1,palm,direct,-1.0000,-1.0000,high
218208.0623,0,381.26,5.99,381.26,5.99,,0,17.96,124.26,1,palm,direct,-1.0000,-1.0000,high
218208.0956,0,381.26,5.99,381.26,5.99,,0,16.31,126.05,1,palm,direct,-1.0000,-1.0000,high
218208.1290,0,381.26,5.99,381.26,5.99,,0,11.57,119.11,1,palm,direct,-1.0000,-1.0000,high
218208.1623,0,381.26,5.99,381.26,5.99,,0,30.20,141.05,1,palm,direct,-1.0000,-1.0000,high
218208.1957,0,381.26,5.99,381.26,5.99,,0,17.53,125.44,1,palm,direct,-1.0000,-1.0000,high
218208.2290,0,381.26,5.99,381.26,5.99,,0,34.10,144.89,1,palm,direct,-1.0000,-1.0000,high
218208.2624,0,381.26,5.99,381.26,5.99,,0,15.22,127.01,1,palm,direct,-1.0000,-1.0000,high
218208.2957,0,381.26,5.99,381.26,5.99,,0,37.60,146.20,1,palm,direct,-1.0000,-1.0000,high
218208.3291,0,381.26,5.99,381.26,5.99,,0,38.91,152.05,1,palm,direct,-1.0000,-1.0000,high
218208.3624,0,381.26,5.99,381.26,5.99,,0,28.83,147.88,1,palm,direct,-1.0000,-1.0000,high
218208.3958,0,381.26,5.99,381.26,5.99,,0,23.32,138.34,1,palm,direct,-1.0000,-1.0000,high
218208.4291,0,381.26,5.99,381.26,5.99,,0,12.76,117.97,1,palm,direct,-1.0000,-1.0000,high
218208.4625,0,381.26,5.99,381.26,5.99,,0,16.04,120.74,1,palm,direct,-1.0000,-1.0000,high
218208.4958,0,381.26,5.99,381.26,5.99,,0,32.25,139.15,1,palm,direct,-1.0000,-1.0000,high
218208.5292,0,381.26,5.99,381.26,5.99,,0,10.63,116.69,1,palm,direct,-1.0000,-1.0000,high
218208.5625,0,381.26,5.99,381.26,5.99,,0,10.50,111.91,1,palm,direct,-1.0000,-1.0000,high
218208.5959,0,381.26,5.99,381.26,5.99,,0,19.34,117.98,1,palm,direct,-1.0000,-1.0000,high
218208.6292,0,381.26,5.99,381.26,5.99,,0,12.81,111.66,1,palm,direct,-1.0000,-1.0000,high
218208.6626,0,381.26,5.99,381.26,5.99,,0,17.03,116.74,1,palm,direct,-1.0000,-1.0000,high
218208.6959,0,381.26,5.99,381.26,5.99,,0,27.53,122.65,1,palm,direct,-1.0000,-1.0000,high
218208.7293,0,381.26,5.99,381.26,5.99,,0,23.67,117.53,1,palm,direct,-1.0000,-1.0000,high
218208.7626,0,381.26,5.99,381.26,5.99,,0,25.06,121.36,1,palm,direct,-1.0000,-1.0000,high
218208.7960,0,381.26,5.99,381.26,5.99,,0,20.73,113.74,1,palm,direct,-1.0000,-1.0000,high
218208.8293,0,381.26,5.99,381.26,5.99,,0,18.57,112.56,1,palm,direct,-1.0000,-1.0000,high
218208.8627,0,381.26,5.99,381.26,5.99,,0,47.72,140.59,1,palm,direct,-1.0000,-1.0000,high
218208.8960,0,381.26,5.99,381.26,5.99,,0,13.55,121.36,1,palm,direct,-1.0000,-1.0000,high
218208.9294,0,381.26,5.99,381.26,5.99,,0,20.20,110.25,1,palm,direct,-1.0000,-1.0000,high
218208.9627,0,381.26,5.99,381.26,5.99,,0,14.11,108.28,1,palm,direct,-1.0000,-1.0000,high
218208.9961,0,381.26,5.99,381.26,5.99,,0,24.98,116.76,1,palm,direct,-1.0000,-1.0000,high
218209.0294,0,381.26,5.99,381.26,5.99,,0,24.16,117.23,1,palm,direct,-1.0000,-1.0000,high
218209.0628,0,381.26,5.99,381.26,5.99,,0,20.69,110.59,1,palm,direct,-1.0000,-1.0000,high
218209.0961,0,381.26,5.99,381.26,5.99,,0,24.74,113.79,1,palm,direct,-1.0000,-1.0000,high
218209.1295,0,381.26,5.99,381.26,5.99,,0,27.93,122.76,1,palm,direct,-1.0000,-1.0000,high
218209.1628,0,381.26,5.99,381.26,5.99,,0,40.36,139.29,1,palm,direct,-1.0000,-1.0000,high
218209.1962,0,381.26,5.99,381.26,5.99,,0,11.08,117.35,1,palm,direct,-1.0000,-1.0000,high
218209.2295,0,381.26,5.99,381.26,5.99,,0,17.29,109.05,1,palm,direct,-1.0000,-1.0000,high
218209.2629,0,381.26,5.99,381.26,5.99,,0,27.40,119.14,1,palm,direct,-1.0000,-1.0000,high
218209.2962,0,381.26,5.99,381.26,5.99,,0,29.82,125.46,1,palm,direct,-1.0000,-1.0000,high
218209.3296,0,381.26,5.99,381.26,5.99,,0,22.10,114.43,1,palm,direct,-1.0000,-1.0000,high
218209.3629,0,381.26,5.99,381.26,5.99,,0,26.00,111.34,1,palm,direct,-1.0000,-1.0000,high
218209.3963,0,381.26,5.99,381.26,5.99,,0,22.46,113.75,1,palm,direct,-1.0000,-1.0000,high
218209.4296,0,381.26,5.99,381.26,5.99,,0,34.95,120.58,1,palm,direct,-1.0000,-1.0000,high
218209.4630,0,381.26,5.99,381.26,5.99,,0,23.59,113.63,1,palm,direct,-1.0000,-1.0000,high
218209.4963,0,381.26,5.99,381.26,5.99,,0,27.46,120.40,1,palm,direct,-1.0000,-1.0000,high
218209.5297,0,381.26,5.99,381.26,5.99,,0,28.48,122.07,1,palm,direct,-1.0000,-1.0000,high
218209.5630,0,381.26,5.99,381.26,5.99,,0,15.26,108.80,1,palm,direct,-1.0000,-1.0000,high
218209.5964,0,381.26,5.99,381.26,5.99,,0,10.39,105.41,1,palm,direct,-1.0000,-1.0000,high
218209.6297,0,381.26,5.99,381.26,5.99,,0,26.23,118.79,1,palm,direct,-1.0000,-1.0000,high
218209.6631,0,381.26,5.99,381.26,5.99,,0,24.37,118.56,1,palm,direct,-1.0000,-1.0000,high
218209.6964,0,381.26,5.99,381.26,5.99,,0,27.78,122.29,1,palm,direct,-1.0000,-1.0000,high
218209.7298,0,381.26,5.99,381.26,5.99,,0,20.56,115.94,1,palm,direct,-1.0000,-1.0000,high
218209.7631,0,381.26,5.99,381.26,5.99,,0,16.90,112.58,1,palm,direct,-1.0000,-1.0000,high
218209.7965,0,381.26,5.99,381.26,5.99,,0,21.78,118.08,1,palm,direct,-1.0000,-1.0000,high
218209.8298,0,381.26,5.99,381.26,5.99,,0,24.83,117.19,1,palm,direct,-1.0000,-1.0000,high
218209.8632,0,381.26,5.99,381.26,5.99,,0,21.76,113.76,1,palm,direct,-1.0000,-1.0000,high
218209.8965,0,381.26,5.99,381.26,5.99,,0,44.87,142.42,1,palm,direct,-1.0000,-1.0000,high
218209.9299,0,381.26,5.99,381.26,5.99,,0,13.72,123.22,1,palm,direct,-1.0000,-1.0000,high
218209.9632,0,381.26,5.99,381.26,5.99,,0,16.68,108.98,1,palm,direct,-1.0000,-1.0000,high
218209.9966,0,381.26,5.99,381.26,5.99,,0,16.29,107.89,1,palm,direct,-1.0000,-1.0000,high
218210.0299,0,381.26,5.99,381.26,5.99,,0,11.75,106.13,1,palm,direct,-1.0000,-1.0000,high
218210.0633,0,381.26,5.99,381.26,5.99,,0,25.38,118.57,1,palm,direct,-1.0000,-1.0000,high
218210.0966,0,381.26,5.99,381.26,5.99,,0,15.32,113.07,1,palm,direct,-1.0000,-1.0000,high
218210.1300,0,381.26,5.99,381.26,5.99,,0,20.75,113.72,1,palm,direct,-1.0000,-1.0000,high
218210.1633,0,381.26,5.99,381.26,5.99,,0,41.90,139.52,1,palm,direct,-1.0000,-1.0000,high
218210.1967,0,381.26,5.99,381.26,5.99,,0,11.67,118.16,1,palm,direct,-1.0000,-1.0000,high
218210.2300,0,381.26,5.99,381.26,5.99,,0,11.93,107.30,1,palm,direct,-1.0000,-1.0000,high
218210.2634,0,381.26,5.99,381.26,5.99,,0,16.29,113.91,1,palm,direct,-1.0000,-1.0000,high
218210.2967,0,381.26,5.99,381.26,5.99,,0,11.27,107.01,1,palm,direct,-1.0000,-1.0000,high
218210.3301,0,381.26,5.99,381.26,5.99,,0,13.68,112.75,1,palm,direct,-1.0000,-1.0000,high
218210.3634,0,381.26,5.99,381.26,5.99,,0,15.94,111.94,1,palm,direct,-1.0000,-1.0000,high
218210.3968,0,381.26,5.99,381.26,5.99,,0,9.98,105.82,1,palm,direct,-1.0000,-1.0000,high
218210.4301,0,381.26,5.99,381.26,5.99,,0,10.41,109.51,1,palm,direct,-1.0000,-1.0000,high
218210.4635,0,381.26,5.99,381.26,5.99,,0,12.74,108.73,1,palm,direct,-1.0000,-1.0000,high
218210.4968,0,381.26,5.99,381.26,5.99,,0,16.52,112.32,1,palm,direct,-1.0000,-1.0000,high
218210.5302,0,381.26,5.99,381.26,5.99,,0,56.52,156.20,1,palm,direct,-1.0000,-1.0000,high
218210.5635,0,381.26,5.99,381.26,5.99,,0,21.73,144.82,1,palm,direct,-1.0000,-1.0000,high
218210.5969,0,381.26,5.99,381.26,5.99,,0,10.33,121.96,1,palm,direct,-1.0000,-1.0000,high
218210.6302,0,381.26,5.99,381.26,5.99,,0,17.04,112.48,1,palm,direct,-1.0000,-1.0000,high
218210.6636,0,381.26,5.99,381.26,5.99,,0,25.24,120.01,1,palm,direct,-1.0000,-1.0000,high
218210.6969,0,381.26,5.99,381.26,5.99,,0,13.60,111.45,1,palm,direct,-1.0000,-1.0000,high
218210.7303,0,381.26,5.99,381.26,5.99,,0,19.39,115.95,1,palm,direct,-1.0000,-1.0000,high
218210.7636,0,381.26,5.99,381.26,5.99,,0,20.96,120.27,1,palm,direct,-1.0000,-1.0000,high
218210.7970,0,381.26,5.99,381.26,5.99,,0,31.75,137.24,1,palm,direct,-1.0000,-1.0000,high
218210.8303,0,381.26,5.99,381.26,5.99,,0,10.57,114.68,1,palm,direct,-1.0000,-1.0000,high
218210.8637,0,381.26,5.99,381.26,5.99,,0,21.74,116.86,1,palm,direct,-1.0000,-1.0000,high
218210.8970,0,381.26,5.99,381.26,5.99,,0,28.26,122.16,1,palm,direct,-1.0000,-1.0000,high
218210.9304,0,381.26,5.99,381.26,5.99,,0,15.44,111.05,1,palm,direct,-1.0000,-1.0000,high
218210.9637,0,381.26,5.99,381.26,5.99,,0,21.10,113.30,1,palm,direct,-1.0000,-1.0000,high
218210.9971,0,381.26,5.99,381.26,5.99,,0,20.71,116.35,1,palm,direct,-1.0000,-1.0000,high
218211.0304,0,381.26,5.99,381.26,5.99,,0,27.69,118.67,1,palm,direct,-1.0000,-1.0000,high
218211.0638,0,381.26,5.99,381.26,5.99,,0,11.61,105.45,1,palm,direct,-1.0000,-1.0000,high
218211.0971,0,381.26,5.99,381.26,5.99,,0,21.06,109.85,1,palm,direct,-1.0000,-1.0000,high
218211.1305,0,381.26,5.99,381.26,5.99,,0,24.01,117.19,1,palm,direct,-1.0000,-1.0000,high
218211.1638,0,381.26,5.99,381.26,5.99,,0,24.59,118.23,1,palm,direct,-1.0000,-1.0000,high
218211.1972,0,381.26,5.99,381.26,5.99,,0,23.70,109.94,1,palm,direct,-1.0000,-1.0000,high
218211.2305,0,381.26,5.99,381.26,5.99,,0,32.44,119.07,1,palm,direct,-1.0000,-1.0000,high
218211.2639,0,381.26,5.99,381.26,5.99,,0,26.26,112.23,1,palm,direct,-1.0000,-1.0000,high
218211.2972,0,381.26,5.99,381.26,5.99,,0,31.61,114.43,1,palm,direct,-1.0000,-1.0000,high
218211.3306,0,381.26,5.99,381.26,5.99,,0,30.03,116.36,1,palm,direct,-1.0000,-1.0000,high
218211.3639,0,381.26,5.99,381.26,5.99,,0,38.85,121.99,1,palm,direct,-1.0000,-1.0000,high
218211.3973,0,381.26,5.99,381.26,5.99,,0,20.59,109.45,1,palm,direct,-1.0000,-1.0000,high
218211.4306,0,381.26,5.99,381.26,5.99,,0,26.23,104.27,1,palm,direct,-1.0000,-1.0000,high
218211.4640,0,381.26,5.99,381.26,5.99,,0,21.26,102.40,1,palm,direct,-1.0000,-1.0000,high
218211.4973,0,381.26,5.99,381.26,5.99,,0,10.02,89.88,1,palm,direct,-1.0000,-1.0000,high
218211.5307,0,381.26,5.99,381.26,5.99,,0,22.81,106.20,1,palm,direct,-1.0000,-1.0000,high
218211.5640,0,381.26,5.99,381.26,5.99,,0,24.08,111.58,1,palm,direct,-1.0000,-1.0000,high
218211.5974,0,381.26,5.99,381.26,5.99,,0,31.97,110.43,1,palm,direct,-1.0000,-1.0000,high
218211.6307,0,381.26,5.99,381.26,5.99,,0,24.36,109.95,1,palm,direct,-1.0000,-1.0000,high
218211.6641,0,381.26,5.99,381.26,5.99,,0,33.67,114.14,1,palm,direct,-1.0000,-1.0000,high
218211.6974,0,381.26,5.99,381.26,5.99,,0,18.28,99.58,1,palm,direct,-1.0000,-1.0000,high
218211.7308,0,381.26,5.99,381.26,5.99,,0,17.64,115.94,1,palm,direct,-1.0000,-1.0000,high
218211.7641,0,381.26,5.99,381.26,5.99,,0,10.42,109.18,1,palm,direct,-1.0000,-1.0000,high
218211.7975,0,381.26,5.99,381.26,5.99,,0,7.83,107.62,1,palm,direct,-1.0000,-1.0000,high
218211.8308,0,381.26,5.99,381.26,5.99,,0,12.83,111.32,1,palm,direct,-1.0000,-1.0000,high
218211.8642,0,381.26,5.99,381.26,5.99,,0,10.07,112.30,1,palm,direct,-1.0000,-1.0000,high
218211.8975,0,381.26,5.99,381.26,5.99,,0,16.50,116.18,1,palm,direct,-1.0000,-1.0000,high
218211.9309,0,381.26,5.99,381.26,5.99,,0,17.30,116.49,1,palm,direct,-1.0000,-1.0000,high
218211.9642,0,381.26,5.99,381.26,5.99,,0,14.71,114.15,1,palm,direct,-1.0000,-1.0000,high
218211.9976,0,381.26,5.99,381.26,5.99,,0,14.22,113.73,1,palm,direct,-1.0000,-1.0000,high
218212.0309,0,381.26,5.99,381.26,5.99,,0,18.23,111.53,1,palm,direct,-1.0000,-1.0000,high
218212.0643,0,381.26,5.99,381.26,5.99,,0,24.11,119.07,1,palm,direct,-1.0000,-1.0000,high
218212.0976,0,381.26,5.99,381.26,5.99,,0,28.21,122.47,1,palm,direct,-1.0000,-1.0000,high
218212.1310,0,381.26,5.99,381.26,5.99,,0,23.56,117.37,1,palm,direct,-1.0000,-1.0000,high
218212.1643,0,381.26,5.99,381.26,5.99,,0,7.77,101.81,1,palm,direct,-1.0000,-1.0000,high
218212.1977,0,381.26,5.99,381.26,5.99,,0,21.01,111.36,1,palm,direct,-1.0000,-1.0000,high
218212.2310,0,381.26,5.99,381.26,5.99,,0,14.69,104.61,1,palm,direct,-1.0000,-1.0000,high
218212.2644,0,381.26,5.99,381.26,5.99,,0,12.78,106.27,1,palm,direct,-1.0000,-1.0000,high
218212.2977,0,381.26,5.99,381.26,5.99,,0,29.38,119.57,1,palm,direct,-1.0000,-1.0000,high
218212.3311,0,381.26,5.99,381.26,5.99,,0,20.10,108.69,1,palm,direct,-1.0000,-1.0000,high
218212.3644,0,381.26,5.99,381.26,5.99,,0,21.64,110.48,1,palm,direct,-1.0000,-1.0000,high
218212.3978,0,381.26,5.99,381.26,5.99,,0,24.05,113.03,1,palm,direct,-1.0000,-1.0000,high
218212.4311,0,381.26,5.99,381.26,5.99,,0,30.86,117.30,1,palm,direct,-1.0000,-1.0000,high
218212.4645,0,381.26,5.99,381.26,5.99,,0,30.97,121.14,1,palm,direct,-1.0000,-1.0000,high
218212.4978,0,381.26,5.99,381.26,5.99,,0,22.44,110.41,1,palm,direct,-1.0000,-1.0000,high
218212.5312,0,381.26,5.99,381.26,5.99,,0,8.58,91.35,1,palm,direct,-1.0000,-1.0000,high
218212.5645,0,381.26,5.99,381.26,5.99,,0,26.23,108.89,1,palm,direct,-1.0000,-1.0000,high
218212.5979,0,381.26,5.99,381.26,5.99,,0,9.06,90.39,1,palm,direct,-1.0000,-1.0000,high
218212.6312,0,381.26,5.99,381.26,5.99,,0,30.03,110.32,1,palm,direct,-1.0000,-1.0000,high
218212.6646,0,381.26,5.99,381.26,5.99,,0,27.87,110.22,1,palm,direct,-1.0000,-1.0000,high
218212.6979,0,381.26,5.99,381.26,5.99,,0,28.31,109.37,1,palm,direct,-1.0000,-1.0000,high
218212.7313,0,381.26,5.99,381.26,5.99,,0,27.84,110.41,1,palm,direct,-1.0000,-1.0000,high
218212.7646,0,381.26,5.99,381.26,5.99,,0,27.41,107.32,1,palm,direct,-1.0000,-1.0000,high
218212.7980,0,381.26,5.99,381.26,5.99,,0,10.56,89.50,1,palm,direct,-1.0000,-1.0000,high
218212.8313,0,381.26,5.99,381.26,5.99,,0,8.51,89.98,1,palm,direct,-1.0000,-1.0000,high
218212.8647,0,381.26,5.99,381.26,5.99,,0,36.27,115.74,1,palm,direct,-1.0000,-1.0000,high
218212.8980,0,381.26,5.99,381.26,5.99,,0,26.70,109.19,1,palm,direct,-1.0000,-1.0000,high
218212.9314,0,381.26,5.99,381.26,5.99,,0,9.46,90.17,1,palm,direct,-1.0000,-1.0000,high
218212.9647,0,381.26,5.99,381.26,5.99,,0,24.85,107.03,1,palm,direct,-1.0000,-1.0000,high
218212.9981,0,381.26,5.99,381.26,5.99,,0,8.03,88.71,1,palm,direct,-1.0000,-1.0000,high
218213.0314,0,381.26,5.99,381.26,5.99,,0,28.87,113.00,1,palm,direct,-1.0000,-1.0000,high
218213.0648,0,381.26,5.99,381.26,5.99,,0,11.60,92.44,1,palm,direct,-1.0000,-1.0000,high
218213.0981,0,381.26,5.99,381.26,5.99,,0,34.34,118.57,1,palm,direct,-1.0000,-1.0000,high
218213.1315,0,381.26,5.99,381.26,5.99,,0,33.24,118.58,1,palm,direct,-1.0000,-1.0000,high
218213.1648,0,381.26,5.99,381.26,5.99,,0,29.42,115.93,1,palm,direct,-1.0000,-1.0000,high
218213.1982,0,381.26,5.99,381.26,5.99,,0,31.20,116.59,1,palm,direct,-1.0000,-1.0000,high
218213.2315,0,381.26,5.99,381.26,5.99,,0,21.77,108.72,1,palm,direct,-1.0000,-1.0000,high
218213.2649,0,381.26,5.99,381.26,5.99,,0,23.70,105.61,1,palm,direct,-1.0000,-1.0000,high
218213.2982,0,381.26,5.99,381.26,5.99,,0,20.67,106.59,1,palm,direct,-1.0000,-1.0000,high
218213.3316,0,381.26,5.99,381.26,5.99,,0,8.64,88.79,1,palm,direct,-1.0000,-1.0000,high
218213.3649,0,381.26,5.99,381.26,5.99,,0,29.88,110.25,1,palm,direct,-1.0000,-1.0000,high
218213.3983,0,381.26,5.99,381.26,5.99,,0,7.71,87.42,1,palm,direct,-1.0000,-1.0000,high
218213.4316,0,381.26,5.99,381.26,5.99,,0,25.39,107.70,1,palm,direct,-1.0000,-1.0000,high
218213.4650,0,381.26,5.99,381.26,5.99,,0,12.60,91.60,1,palm,direct,-1.0000,-1.0000,high
218213.4983,0,381.26,5.99,381.26,5.99,,0,29.31,110.49,1,palm,direct,-1.0000,-1.0000,high
218213.5317,0,381.26,5.99,381.26,5.99,,0,28.69,112.14,1,palm,direct,-1.0000,-1.0000,high
218213.5650,0,381.26,5.99,381.26,5.99,,0,36.78,123.81,1,palm,direct,-1.0000,-1.0000,high
218213.5984,0,381.26,5.99,381.26,5.99,,0,59.54,150.16,1,palm,direct,-1.0000,-1.0000,high
218213.6317,1,381.26,5.99,381.26,5.99,,0,24.24,141.23,1,palm,direct,0.1772,0.2216,high
218213.6984,1,806.66,550.62,762.65,513.84,0.729,0,32.86,118.16,1,palm,direct,0.2137,0.2840,high
218213.7318,1,1050.75,637.87,998.13,620.93,0.722,0,33.20,118.14,1,palm,direct,0.2347,0.2940,high
218213.7651,1,1202.09,701.26,1163.08,688.48,0.757,0,35.20,121.84,1,palm,direct,0.2477,0.3013,high
218213.7985,1,1296.40,722.08,1267.72,715.74,0.791,0,27.31,115.93,1,palm,direct,0.2558,0.3037,high
218213.8318,1,1369.55,649.33,1345.96,665.57,0.785,0,30.09,114.29,1,palm,direct,0.2621,0.2953,high
218213.8652,1,1278.40,645.99,1301.36,651.48,0.868,0,24.44,108.76,1,palm,direct,0.2543,0.2949,high
218213.8985,1,1392.92,654.45,1362.90,653.07,0.794,0,32.15,118.11,1,palm,direct,0.2641,0.2959,high
218213.9319,1,1381.98,684.76,1374.99,670.98,0.847,0,27.47,112.36,1,palm,direct,0.2632,0.2994,high
218213.9652,1,1394.99,747.69,1388.33,721.52,0.823,0,25.59,107.57,1,palm,direct,0.2643,0.3066,high
218213.9986,1,1444.54,873.41,1424.90,829.71,0.825,0,45.20,124.36,1,palm,direct,0.2686,0.3210,high
218214.0319,1,1512.00,841.46,1488.84,838.83,0.838,0,23.91,115.04,1,palm,direct,0.2756,0.3173,high
218214.0653,1,1512.00,824.94,1506.40,832.09,0.762,0,24.74,106.56,1,palm,direct,0.2800,0.3155,high
218214.0986,1,1512.00,815.68,1509.25,826.57,0.760,0,37.99,116.12,1,palm,direct,0.2808,0.3144,high
218214.1320,1,1508.53,791.55,1509.70,811.18,0.786,0,41.03,123.99,1,palm,direct,0.2795,0.3116,high
218214.1653,1,1476.86,655.90,1494.40,780.01,0.853,0,25.51,116.35,1,palm,direct,0.2767,0.2961,high
218214.1987,1,1452.30,592.55,1474.49,689.35,0.900,0,39.60,122.77,1,palm,direct,0.2746,0.2888,high
218214.2320,1,1411.17,500.83,1452.80,572.69,0.875,0,52.40,142.06,1,palm,direct,0.2711,0.2783,high
218214.2654,1,1367.82,426.32,1439.62,476.25,0.976,0,44.45,153.40,1,palm,direct,0.2674,0.2698,high
218214.3321,1,1418.70,521.32,1433.62,501.89,0.954,0,29.15,116.10,1,palm,direct,0.2717,0.2806,high
218214.3654,1,1395.90,568.80,1424.39,530.33,0.938,0,44.72,127.62,1,palm,direct,0.2698,0.2861,high
218214.3988,1,1436.77,671.48,1425.41,558.71,0.861,0,53.62,148.04,1,palm,direct,0.2733,0.2979,high
218214.4321,1,1445.63,695.21,1428.43,620.62,0.918,0,38.19,153.07,1,palm,direct,0.2740,0.3006,high
218214.4655,1,1483.92,841.10,1442.75,759.76,0.843,0,28.03,147.93,1,palm,direct,0.2773,0.3173,high
218214.4988,1,1510.56,936.55,1466.84,880.54,0.836,0,35.25,149.97,1,palm,direct,0.2796,0.3282,high
218214.5322,1,1512.00,884.02,1501.83,884.19,0.966,0,58.35,175.12,1,palm,direct,0.2835,0.3222,high
218214.5655,1,1429.26,567.16,1486.05,830.75,1.168,0,17.40,159.41,1,palm,direct,0.2726,0.2859,high
218214.6322,1,1497.26,306.16,1489.96,400.99,1.204,0,24.39,117.25,1,palm,direct,0.2785,0.2560,high
218214.6656,1,1512.00,241.27,1510.91,287.65,1.394,0,39.50,123.69,1,palm,direct,0.2835,0.2485,high
218214.6989,1,1512.00,208.91,1511.89,234.56,1.325,0,30.48,120.99,1,palm,direct,0.2844,0.2448,high
218214.7323,1,1512.00,314.10,1511.99,277.97,0.997,0,36.11,123.94,1,palm,direct,0.2898,0.2569,high
218214.7656,1,1512.00,362.94,1512.00,320.29,1.041,0,35.67,128.18,1,palm,direct,0.2905,0.2625,high
218214.7990,1,1481.18,132.20,1499.23,203.89,1.015,0,25.11,120.20,1,palm,direct,0.2855,0.2360,high
218214.8323,1,1441.81,109.86,1482.46,144.20,1.042,0,30.26,118.44,1,palm,direct,0.2821,0.2335,high
218214.8657,1,1348.65,11.86,1443.78,54.78,1.095,0,42.71,128.22,1,palm,direct,0.2741,0.2222,high
218214.8990,1,1326.17,119.34,1394.66,89.43,0.969,0,28.53,123.55,1,palm,direct,0.2722,0.2346,high
218214.9324,1,1302.71,252.89,1349.35,147.79,0.931,0,62.35,152.72,1,palm,direct,0.2702,0.2499,high
218214.9657,1,1277.42,338.25,1311.99,226.22,0.943,0,34.56,154.38,1,palm,direct,0.2680,0.2597,high
218214.9991,1,1204.93,323.22,1253.83,275.72,1.008,0,32.90,154.07,1,palm,direct,0.2618,0.2579,high
218215.0324,1,1149.45,476.74,1191.61,403.88,0.931,0,38.14,158.98,1,palm,direct,0.2570,0.2755,high
218215.0658,1,1111.37,649.63,1143.04,580.89,0.902,0,23.95,149.75,1,palm,direct,0.2537,0.2954,high
218215.0991,1,1058.32,776.31,1091.72,726.60,0.887,0,30.23,146.80,1,palm,direct,0.2492,0.3099,high
218215.1325,1,1017.01,891.74,1046.37,851.12,0.868,0,26.70,140.32,1,palm,direct,0.2456,0.3231,high
218215.1658,1,980.63,982.00,1006.56,976.28,0.824,0,34.81,141.91,1,palm,direct,0.2425,0.3376,high
218215.1992,1,961.53,982.00,984.36,980.80,0.809,0,13.63,122.32,1,palm,direct,0.2408,0.3471,high
218215.2325,1,905.85,982.00,939.99,981.86,0.809,0,20.26,124.40,1,palm,direct,0.2360,0.3505,high
218215.2659,1,873.98,963.45,903.14,970.22,0.849,0,39.82,147.73,1,palm,direct,0.2333,0.3469,high
218215.2992,1,851.71,932.41,874.76,947.71,0.795,0,32.12,146.63,1,palm,direct,0.2314,0.3434,high
218215.3326,1,872.54,870.98,871.87,907.26,0.790,0,13.55,126.97,1,palm,direct,0.2332,0.3363,high
218215.3659,1,837.48,825.00,855.53,872.48,0.742,0,17.81,118.16,1,palm,direct,0.2302,0.3311,high
218215.3993,1,868.92,683.60,860.32,808.02,0.705,0,14.21,118.34,1,palm,direct,0.2329,0.3149,high
218215.4326,1,875.18,750.72,865.60,786.07,0.738,0,13.62,115.44,1,palm,direct,0.2334,0.3225,high
218215.4660,1,885.60,862.26,869.97,791.08,0.755,0,39.50,145.04,1,palm,direct,0.2343,0.3353,high
218215.4993,1,902.74,821.05,877.54,796.91,0.681,0,31.40,143.25,1,palm,direct,0.2358,0.3306,high
218215.5327,1,911.66,900.25,886.94,836.70,0.671,0,40.99,151.02,1,palm,direct,0.2365,0.3397,high
218215.5660,1,920.58,954.23,893.37,897.21,0.728,0,42.33,160.13,1,palm,direct,0.2373,0.3459,high
218215.5994,1,918.31,952.98,898.48,925.04,0.688,0,51.47,178.36,1,palm,direct,0.2371,0.3457,high
218215.6327,1,928.01,957.23,904.99,939.80,0.700,0,32.74,177.98,1,palm,direct,0.2379,0.3462,high
218215.6994,1,959.36,956.10,927.48,949.90,0.698,0,13.78,125.17,1,palm,direct,0.2406,0.3461,high
218215.7328,1,995.77,982.00,953.88,977.65,0.716,0,27.88,122.30,1,palm,direct,0.2438,0.3523,high
218215.7661,1,1024.50,982.00,982.16,981.24,0.698,0,25.05,123.21,1,palm,direct,0.2462,0.3511,high
218215.7995,1,1039.95,982.00,1006.76,981.85,0.661,0,18.14,113.95,1,palm,direct,0.2476,0.3545,high
218215.8328,1,1068.82,970.91,1034.69,977.76,0.644,0,16.12,115.57,1,palm,direct,0.2501,0.3511,high
218215.8662,1,1079.08,982.00,1053.85,981.00,0.636,0,82.14,180.28,1,palm,direct,0.2509,0.3551,high
218215.8995,1,1110.36,982.00,1079.53,981.81,0.625,0,29.60,176.70,1,palm,direct,0.2536,0.3547,high
218215.9662,1,1132.22,960.49,1110.14,972.65,0.614,0,33.31,143.45,1,palm,direct,0.2555,0.3515,high
218215.9996,1,1130.82,952.86,1117.46,968.78,0.630,0,14.05,124.26,1,palm,direct,0.2554,0.3506,high
218216.0329,1,1130.98,977.51,1120.33,968.94,0.608,0,15.44,119.83,1,palm,direct,0.2554,0.3534,high
218216.0663,1,1121.66,933.20,1120.72,968.46,0.673,0,17.03,119.14,1,palm,direct,0.2546,0.3483,high
218216.0996,1,1126.78,921.57,1123.67,958.18,0.682,0,35.29,140.49,1,palm,direct,0.2550,0.3470,high
218216.1330,1,1125.87,881.66,1125.19,929.57,0.684,0,42.31,149.87,1,palm,direct,0.2550,0.3424,high
218216.1663,1,1087.44,911.09,1120.36,923.35,0.696,0,42.40,159.17,1,palm,direct,0.2517,0.3458,high
218216.1997,1,1090.31,810.84,1113.40,867.81,0.774,0,52.46,178.40,1,palm,direct,0.2519,0.3343,high
218216.2330,1,1053.22,723.06,1097.39,781.50,0.869,0,38.13,183.42,1,palm,direct,0.2487,0.3242,high
218216.2997,1,968.99,670.09,1024.98,699.07,0.865,0,32.80,149.79,1,palm,direct,0.2415,0.3182,high
218216.3331,1,927.14,637.60,979.28,662.59,0.850,0,30.40,147.02,1,palm,direct,0.2379,0.3144,high
218216.3664,1,953.09,592.94,966.16,622.62,0.839,0,33.66,147.61,1,palm,direct,0.2401,0.3093,high
218216.3998,1,960.90,530.19,963.11,566.01,0.881,0,35.30,150.02,1,palm,direct,0.2408,0.3021,high
218216.4331,1,883.86,609.96,928.78,585.78,0.783,0,24.79,141.57,1,palm,direct,0.2342,0.3113,high
218216.4665,1,926.38,587.67,928.78,585.78,0.777,0,16.54,124.90,1,palm,direct,0.2378,0.3087,high
218216.4998,1,884.95,501.33,908.83,542.69,0.781,0,26.34,119.35,1,palm,direct,0.2342,0.2988,high
218216.5332,1,802.67,412.27,854.55,461.48,0.708,0,33.25,124.73,1,palm,direct,0.2272,0.2886,high
218216.5665,1,758.61,360.45,802.40,396.94,0.716,0,30.83,124.34,1,palm,direct,0.2234,0.2827,high
218216.5999,1,766.79,170.77,781.80,234.96,0.733,0,30.10,123.60,1,palm,direct,0.2241,0.2609,high
218216.6332,1,660.48,299.36,713.92,272.94,0.548,0,35.45,132.72,1,palm,direct,0.2149,0.2757,high
218216.6666,1,501.12,207.53,574.99,231.86,0.432,0,31.38,130.90,1,palm,direct,0.2012,0.2651,high
218216.6999,1,466.21,234.66,505.37,232.89,0.197,0,44.23,141.92,1,palm,direct,0.1982,0.2683,high
218216.7333,1,485.74,213.09,505.37,232.89,0.082,0,16.18,124.87,1,palm,direct,0.1960,0.2620,high
