t,hand,raw_x,raw_y,x,y,pinch_ratio,pinched,vision_ms,latency_ms,filter,anchor,mode
217017.4766,0,664.79,220.17,664.79,220.17,,0,11.44,86.34,1,palm,relative
217017.5100,0,664.79,220.17,664.79,220.17,,0,11.79,83.00,1,palm,relative
217017.5433,0,664.79,220.17,664.79,220.17,,0,7.47,77.67,1,palm,relative
217017.5767,0,664.79,220.17,664.79,220.17,,0,8.89,81.42,1,palm,relative
217017.6100,0,664.79,220.17,664.79,220.17,,0,11.37,81.12,1,palm,relative
217017.6434,0,664.79,220.17,664.79,220.17,,0,8.71,78.10,1,palm,relative
217017.6767,0,664.79,220.17,664.79,220.17,,0,12.34,84.48,1,palm,relative
217017.7101,0,664.79,220.17,664.79,220.17,,0,16.47,84.11,1,palm,relative
217017.7434,0,664.79,220.17,664.79,220.17,,0,11.67,78.41,1,palm,relative
217017.7768,0,664.79,220.17,664.79,220.17,,0,12.22,82.12,1,palm,relative
217017.8101,0,664.79,220.17,664.79,220.17,,0,10.53,76.04,1,palm,relative
217017.8435,0,664.79,220.17,664.79,220.17,,0,17.15,85.52,1,palm,relative
217017.8768,0,664.79,220.17,664.79,220.17,,0,11.27,74.73,1,palm,relative
217017.9102,0,664.79,220.17,664.79,220.17,,0,14.79,79.00,1,palm,relative
217017.9435,0,664.79,220.17,664.79,220.17,,0,15.85,77.57,1,palm,relative
217017.9769,0,664.79,220.17,664.79,220.17,,0,18.35,81.95,1,palm,relative
217018.0102,0,664.79,220.17,664.79,220.17,,0,9.47,68.50,1,palm,relative
217018.0436,0,664.79,220.17,664.79,220.17,,0,23.54,85.81,1,palm,relative
217018.0769,0,664.79,220.17,664.79,220.17,,0,10.08,68.88,1,palm,relative
217018.1103,0,664.79,220.17,664.79,220.17,,0,28.14,86.99,1,palm,relative
217018.1436,0,664.79,220.17,664.79,220.17,,0,13.06,76.85,1,palm,relative
217018.1770,0,664.79,220.17,664.79,220.17,,0,14.75,80.57,1,palm,relative
217018.2103,0,664.79,220.17,664.79,220.17,,0,13.59,76.11,1,palm,relative
217018.2437,0,664.79,220.17,664.79,220.17,,0,18.62,81.73,1,palm,relative
217018.2770,0,664.79,220.17,664.79,220.17,,0,18.96,88.83,1,palm,relative
217018.3104,0,664.79,220.17,664.79,220.17,,0,10.86,81.12,1,palm,relative
217018.3437,0,664.79,220.17,664.79,220.17,,0,11.51,82.50,1,palm,relative
217018.3771,0,664.79,220.17,664.79,220.17,,0,16.50,83.80,1,palm,relative
217018.4104,0,664.79,220.17,664.79,220.17,,0,12.67,80.26,1,palm,relative
217018.4438,0,664.79,220.17,664.79,220.17,,0,8.39,74.14,1,palm,relative
217018.4771,0,664.79,220.17,664.79,220.17,,0,15.28,82.82,1,palm,relative
217018.5105,0,664.79,220.17,664.79,220.17,,0,10.21,74.12,1,palm,relative
217018.5438,0,664.79,220.17,664.79,220.17,,0,11.23,76.34,1,palm,relative
217018.5772,0,664.79,220.17,664.79,220.17,,0,13.00,79.92,1,palm,relative
217018.6105,0,664.79,220.17,664.79,220.17,,0,16.60,75.81,1,palm,relative
217018.6439,0,664.79,220.17,664.79,220.17,,0,27.01,86.66,1,palm,relative
217018.6772,0,664.79,220.17,664.79,220.17,,0,10.08,70.77,1,palm,relative
217018.7106,0,664.79,220.17,664.79,220.17,,0,17.95,81.77,1,palm,relative
217018.7439,0,664.79,220.17,664.79,220.17,,0,16.05,73.89,1,palm,relative
217018.7773,0,664.79,220.17,664.79,220.17,,0,27.83,86.27,1,palm,relative
217018.8106,0,664.79,220.17,664.79,220.17,,0,10.98,71.83,1,palm,relative
217018.8440,0,664.79,220.17,664.79,220.17,,0,20.43,82.71,1,palm,relative
217018.8773,0,664.79,220.17,664.79,220.17,,0,11.83,69.79,1,palm,relative
217018.9107,0,664.79,220.17,664.79,220.17,,0,30.17,88.62,1,palm,relative
217018.9440,0,664.79,220.17,664.79,220.17,,0,7.63,70.20,1,palm,relative
217018.9774,0,664.79,220.17,664.79,220.17,,0,15.06,80.63,1,palm,relative
217019.0107,0,664.79,220.17,664.79,220.17,,0,20.01,81.84,1,palm,relative
217019.0441,0,664.79,220.17,664.79,220.17,,0,12.56,74.02,1,palm,relative
217019.0774,0,664.79,220.17,664.79,220.17,,0,16.09,75.82,1,palm,relative
217019.1108,0,664.79,220.17,664.79,220.17,,0,18.80,77.89,1,palm,relative
217019.1441,0,664.79,220.17,664.79,220.17,,0,15.14,73.88,1,palm,relative
217019.1775,0,664.79,220.17,664.79,220.17,,0,19.03,77.83,1,palm,relative
217019.2108,0,664.79,220.17,664.79,220.17,,0,17.94,74.40,1,palm,relative
217019.2442,0,664.79,220.17,664.79,220.17,,0,31.24,86.95,1,palm,relative
217019.2775,0,664.79,220.17,664.79,220.17,,0,16.42,76.77,1,palm,relative
217019.3109,0,664.79,220.17,664.79,220.17,,0,19.53,81.64,1,palm,relative
217019.3442,0,664.79,220.17,664.79,220.17,,0,15.58,72.36,1,palm,relative
217019.3776,0,664.79,220.17,664.79,220.17,,0,24.52,82.91,1,palm,relative
217019.4109,0,664.79,220.17,664.79,220.17,,0,21.72,79.50,1,palm,relative
217019.4443,0,664.79,220.17,664.79,220.17,,0,27.20,86.28,1,palm,relative
217019.4776,0,664.79,220.17,664.79,220.17,,0,12.18,70.89,1,palm,relative
217019.5110,0,664.79,220.17,664.79,220.17,,0,18.47,77.61,1,palm,relative
217019.5443,0,664.79,220.17,664.79,220.17,,0,22.18,78.13,1,palm,relative
217019.5777,0,664.79,220.17,664.79,220.17,,0,27.65,83.36,1,palm,relative
217019.6110,0,664.79,220.17,664.79,220.17,,0,13.87,72.64,1,palm,relative
217019.6444,0,664.79,220.17,664.79,220.17,,0,16.75,75.32,1,palm,relative
217019.6777,0,664.79,220.17,664.79,220.17,,0,20.73,78.96,1,palm,relative
217019.7111,0,664.79,220.17,664.79,220.17,,0,19.52,76.83,1,palm,relative
217019.7444,0,664.79,220.17,664.79,220.17,,0,23.79,81.71,1,palm,relative
217019.7778,0,664.79,220.17,664.79,220.17,,0,17.45,71.98,1,palm,relative
217019.8111,0,664.79,220.17,664.79,220.17,,0,19.59,74.84,1,palm,relative
217019.8445,0,664.79,220.17,664.79,220.17,,0,24.79,77.26,1,palm,relative
217019.8778,0,664.79,220.17,664.79,220.17,,0,27.84,78.33,1,palm,relative
217019.9112,0,664.79,220.17,664.79,220.17,,0,18.26,77.65,1,palm,relative
217019.9445,0,664.79,220.17,664.79,220.17,,0,20.28,79.82,1,palm,relative
217019.9779,0,664.79,220.17,664.79,220.17,,0,20.57,76.41,1,palm,relative
217020.0112,0,664.79,220.17,664.79,220.17,,0,26.96,82.25,1,palm,relative
217020.0446,0,664.79,220.17,664.79,220.17,,0,17.91,73.33,1,palm,relative
217020.0779,0,664.79,220.17,664.79,220.17,,0,31.39,86.54,1,palm,relative
217020.1113,0,664.79,220.17,664.79,220.17,,0,8.58,68.76,1,palm,relative
217020.1446,0,664.79,220.17,664.79,220.17,,0,23.15,83.66,1,palm,relative
217020.1780,0,664.79,220.17,664.79,220.17,,0,12.10,69.35,1,palm,relative
217020.2113,0,664.79,220.17,664.79,220.17,,0,26.44,84.29,1,palm,relative
217020.2447,0,664.79,220.17,664.79,220.17,,0,9.87,74.71,1,palm,relative
217020.2780,0,664.79,220.17,664.79,220.17,,0,19.93,83.68,1,palm,relative
217020.3114,0,664.79,220.17,664.79,220.17,,0,12.67,75.95,1,palm,relative
217020.3447,0,664.79,220.17,664.79,220.17,,0,21.35,85.16,1,palm,relative
217020.3781,0,664.79,220.17,664.79,220.17,,0,13.94,74.37,1,palm,relative
217020.4114,0,664.79,220.17,664.79,220.17,,0,19.97,81.12,1,palm,relative
217020.4448,0,664.79,220.17,664.79,220.17,,0,23.49,83.67,1,palm,relative
217020.4781,0,664.79,220.17,664.79,220.17,,0,21.86,78.68,1,palm,relative
217020.5115,0,664.79,220.17,664.79,220.17,,0,26.69,83.20,1,palm,relative
217020.5448,0,664.79,220.17,664.79,220.17,,0,12.27,72.83,1,palm,relative
217020.5782,0,664.79,220.17,664.79,220.17,,0,17.46,77.12,1,palm,relative
217020.6115,0,664.79,220.17,664.79,220.17,,0,19.38,78.37,1,palm,relative
217020.6449,0,664.79,220.17,664.79,220.17,,0,23.29,81.24,1,palm,relative
217020.6782,0,664.79,220.17,664.79,220.17,,0,14.92,74.27,1,palm,relative
217020.7116,0,664.79,220.17,664.79,220.17,,0,30.64,88.33,1,palm,relative
217020.7449,0,664.79,220.17,664.79,220.17,,0,12.20,74.71,1,palm,relative
217020.7783,0,664.79,220.17,664.79,220.17,,0,19.76,84.06,1,palm,relative
217020.8116,0,664.79,220.17,664.79,220.17,,0,16.98,75.48,1,palm,relative
217020.8450,0,664.79,220.17,664.79,220.17,,0,30.44,88.81,1,palm,relative
217020.8783,0,664.79,220.17,664.79,220.17,,0,12.01,73.65,1,palm,relative
217020.9117,0,664.79,220.17,664.79,220.17,,0,17.91,82.23,1,palm,relative
217020.9450,0,664.79,220.17,664.79,220.17,,0,22.99,80.34,1,palm,relative
217020.9784,0,664.79,220.17,664.79,220.17,,0,18.18,80.96,1,palm,relative
217021.0117,0,664.79,220.17,664.79,220.17,,0,17.41,110.71,1,palm,relative
217021.0451,0,664.79,220.17,664.79,220.17,,0,16.12,110.59,1,palm,relative
217021.0784,0,664.79,220.17,664.79,220.17,,0,18.03,112.48,1,palm,relative
217021.1118,0,664.79,220.17,664.79,220.17,,0,11.91,110.07,1,palm,relative
217021.1451,0,664.79,220.17,664.79,220.17,,0,19.56,115.59,1,palm,relative
217021.1785,0,664.79,220.17,664.79,220.17,,0,13.71,113.60,1,palm,relative
217021.2118,0,664.79,220.17,664.79,220.17,,0,14.58,109.56,1,palm,relative
217021.2452,0,664.79,220.17,664.79,220.17,,0,14.61,111.01,1,palm,relative
217021.2785,0,664.79,220.17,664.79,220.17,,0,25.04,124.99,1,palm,relative
217021.3119,0,664.79,220.17,664.79,220.17,,0,11.37,105.70,1,palm,relative
217021.3452,0,664.79,220.17,664.79,220.17,,0,11.70,109.19,1,fingertip,relative
217021.3786,0,664.79,220.17,664.79,220.17,,0,17.00,112.20,1,fingertip,relative
217021.4119,0,664.79,220.17,664.79,220.17,,0,14.25,113.25,1,fingertip,relative
217021.4453,0,664.79,220.17,664.79,220.17,,0,19.05,115.13,1,fingertip,relative
217021.4786,0,664.79,220.17,664.79,220.17,,0,9.03,106.95,1,fingertip,relative
217021.5120,0,664.79,220.17,664.79,220.17,,0,15.73,112.89,1,fingertip,relative
217021.5453,0,664.79,220.17,664.79,220.17,,0,23.92,121.80,1,fingertip,relative
217021.5787,0,664.79,220.17,664.79,220.17,,0,14.52,114.29,1,fingertip,relative
217021.6120,0,664.79,220.17,664.79,220.17,,0,21.15,114.68,1,fingertip,relative
217021.6454,0,664.79,220.17,664.79,220.17,,0,14.41,111.69,1,fingertip,relative
217021.6787,0,664.79,220.17,664.79,220.17,,0,25.47,119.77,1,fingertip,relative
217021.7121,0,664.79,220.17,664.79,220.17,,0,15.05,113.11,1,fingertip,relative
217021.7454,0,664.79,220.17,664.79,220.17,,0,14.26,109.91,1,fingertip,relative
217021.7788,0,664.79,220.17,664.79,220.17,,0,19.00,116.87,1,fingertip,relative
217021.8121,0,664.79,220.17,664.79,220.17,,0,20.24,117.98,1,fingertip,relative
217021.8455,0,664.79,220.17,664.79,220.17,,0,18.42,117.25,1,fingertip,relative
217021.8788,0,664.79,220.17,664.79,220.17,,0,9.84,109.07,1,fingertip,relative
217021.9122,0,664.79,220.17,664.79,220.17,,0,16.41,114.75,1,fingertip,relative
217021.9455,0,664.79,220.17,664.79,220.17,,0,13.67,115.55,1,fingertip,relative
217021.9789,0,664.79,220.17,664.79,220.17,,0,14.19,111.89,1,fingertip,relative
217022.0122,0,664.79,220.17,664.79,220.17,,0,15.50,116.95,1,fingertip,relative
217022.0456,0,664.79,220.17,664.79,220.17,,0,18.70,117.21,1,fingertip,relative
217022.0789,1,1512.00,0.00,664.79,220.17,,0,23.35,125.61,1,fingertip,relative
217022.1123,0,664.79,220.17,664.79,220.17,,0,21.12,118.72,1,fingertip,relative
217022.1456,0,664.79,220.17,664.79,220.17,,0,19.94,119.24,1,fingertip,relative
217022.1790,1,576.64,0.00,0.00,0.00,,0,25.18,121.63,1,fingertip,relative
217022.2123,1,515.05,0.00,0.00,177.54,,0,22.22,119.68,1,fingertip,relative
217022.2457,1,502.66,0.00,0.00,335.63,,0,22.20,119.93,1,fingertip,relative
217022.2790,1,512.14,0.00,0.00,509.97,0.264,0,20.62,116.30,1,fingertip,relative
217022.3124,1,495.79,64.92,0.00,761.64,0.261,0,26.29,124.88,1,fingertip,relative
217022.3457,1,479.84,155.97,0.00,982.00,0.260,0,22.55,119.12,1,fingertip,relative
217022.3791,1,454.93,193.60,0.00,982.00,0.277,0,23.22,121.05,1,fingertip,relative
217022.4124,1,435.71,222.10,0.00,982.00,0.285,0,21.10,116.27,1,fingertip,relative
217022.4458,1,422.73,232.30,0.00,982.00,0.288,0,29.34,126.16,1,fingertip,relative
217022.4791,1,402.07,276.19,0.00,982.00,0.318,0,17.83,113.05,1,fingertip,relative
217022.5125,1,375.08,287.27,0.00,982.00,0.331,0,24.00,120.14,1,fingertip,relative
217022.5458,1,376.31,313.16,0.00,982.00,0.346,0,24.46,118.25,1,fingertip,relative
217022.5792,1,375.49,332.98,0.00,982.00,0.358,0,22.38,119.81,1,fingertip,relative
217022.6125,1,389.72,367.51,0.36,982.00,0.353,0,17.16,111.99,1,fingertip,relative
217022.6459,1,415.45,391.38,2.72,982.00,0.366,0,27.80,123.12,1,fingertip,relative
217022.6792,1,419.36,417.28,4.47,982.00,0.368,0,24.15,118.34,1,fingertip,relative
217022.7126,1,460.98,433.46,7.82,982.00,0.368,0,21.09,114.90,1,fingertip,relative
217022.7459,1,503.23,412.34,10.44,982.00,0.346,0,39.55,136.58,1,fingertip,relative
217022.7793,1,519.04,416.02,13.03,982.00,0.341,0,19.94,123.38,1,fingertip,relative
217022.8126,1,554.84,400.41,17.34,981.13,0.341,0,17.89,115.31,1,fingertip,relative
217022.8460,1,564.93,391.02,21.41,979.82,0.349,0,22.32,117.61,1,fingertip,relative
217022.8793,1,561.82,364.04,24.31,977.15,0.332,0,25.63,122.89,1,fingertip,relative
217022.9127,1,584.08,356.42,27.54,975.00,0.329,0,21.74,118.05,1,fingertip,relative
217022.9460,1,607.39,349.60,31.11,973.21,0.315,0,18.61,115.84,1,fingertip,relative
217022.9794,1,634.40,321.91,35.78,969.34,0.300,0,20.79,118.08,1,fingertip,relative
217023.0127,1,678.70,312.40,43.30,964.14,0.299,0,22.39,117.53,1,fingertip,relative
217023.0461,1,703.17,316.37,49.76,960.77,0.319,0,38.23,136.92,1,fingertip,relative
217023.0794,1,712.77,296.75,54.54,956.44,0.298,0,24.04,127.84,1,fingertip,relative
217023.1128,1,738.84,275.23,60.18,950.24,0.294,0,24.17,121.90,1,fingertip,relative
217023.1461,1,748.89,246.22,65.24,941.08,0.293,0,22.10,120.16,1,fingertip,relative
217023.1795,1,771.37,241.99,69.67,935.15,0.285,0,25.15,119.90,1,fingertip,relative
217023.2128,1,816.34,198.74,79.98,919.45,0.275,0,17.40,113.39,1,fingertip,relative
217023.2462,1,816.03,176.58,85.90,906.04,0.266,0,27.54,122.53,1,fingertip,relative
217023.2795,1,820.53,173.72,88.83,899.82,0.262,0,24.43,118.23,1,fingertip,relative
217023.3129,1,822.83,175.64,90.43,897.01,0.256,0,24.70,117.87,1,fingertip,relative
217023.3462,1,794.45,173.47,90.17,895.13,0.264,0,39.55,137.68,1,fingertip,relative
217023.3796,1,773.60,182.38,89.87,894.98,0.270,0,24.29,128.84,1,fingertip,relative
217023.4129,1,762.30,190.49,89.56,895.06,0.277,0,27.27,125.31,1,fingertip,relative
217023.4463,1,755.46,181.40,89.35,894.97,0.262,0,17.28,112.08,1,fingertip,relative
217023.4796,1,756.19,171.62,89.04,894.53,0.267,0,24.35,121.31,1,fingertip,relative
217023.5130,1,747.70,188.42,89.04,894.53,0.274,0,23.93,118.75,1,fingertip,relative
217023.5463,1,752.12,189.74,89.04,894.53,0.290,0,25.63,123.95,1,fingertip,relative
217023.5797,1,760.98,172.66,89.04,894.53,0.275,0,22.14,119.00,1,fingertip,relative
217023.6130,1,763.13,167.66,89.04,894.52,0.273,0,22.73,121.63,1,fingertip,relative
217023.6464,1,764.13,169.29,89.04,894.52,0.277,0,18.61,116.79,1,fingertip,relative
217023.6797,1,746.78,181.80,89.04,894.52,0.278,0,18.56,120.05,1,fingertip,relative
217023.7131,1,738.65,165.59,88.98,894.46,0.279,0,21.77,117.48,1,fingertip,relative
217023.7464,1,744.07,152.26,88.68,893.46,0.257,0,23.40,119.18,1,fingertip,relative
217023.7798,1,738.96,171.23,88.68,893.46,0.265,0,20.04,116.87,1,fingertip,relative
217023.8131,1,768.09,156.00,88.71,893.42,0.213,0,29.00,123.86,1,fingertip,relative
217023.8465,1,790.16,181.28,89.18,893.77,0.227,0,18.00,114.74,1,fingertip,relative
217023.8798,1,842.50,218.03,92.09,896.25,0.300,0,33.05,128.74,1,fingertip,relative
217023.9132,1,874.75,278.02,99.56,909.29,0.356,0,23.02,122.41,1,fingertip,relative
217023.9465,1,926.73,325.26,118.58,943.25,0.415,0,21.88,117.50,1,fingertip,relative
217023.9799,1,963.30,347.19,139.75,976.15,0.452,0,22.38,120.09,1,fingertip,relative
217024.0132,1,1019.26,361.86,164.60,982.00,0.493,0,22.33,120.62,1,fingertip,relative
217024.0466,1,1063.66,358.38,184.52,982.00,0.500,0,19.53,119.13,1,fingertip,relative
217024.0799,1,1126.42,345.81,207.71,982.00,0.522,0,21.83,116.72,1,fingertip,relative
217024.1133,1,1194.66,296.89,239.07,973.17,0.537,0,26.08,123.86,1,fingertip,relative
217024.1466,1,1263.64,285.01,275.19,964.76,0.545,0,18.19,114.78,1,fingertip,relative
217024.1800,1,1356.74,253.08,329.74,951.33,0.579,0,21.58,120.31,1,fingertip,relative
217024.2133,1,1458.75,245.11,402.51,937.93,0.581,0,18.02,115.46,1,fingertip,relative
217024.2467,1,1512.00,237.89,480.36,922.46,0.540,0,32.81,128.82,1,fingertip,relative
217024.2800,1,1512.00,257.94,570.23,915.86,0.609,0,20.68,119.15,1,fingertip,relative
217024.3134,1,1512.00,235.83,652.28,903.27,0.609,0,17.89,114.40,1,fingertip,relative
217024.3467,1,1512.00,288.61,724.37,909.94,0.636,0,29.89,125.36,1,fingertip,relative
217024.3801,0,724.37,909.94,724.37,909.94,,0,19.86,118.92,1,fingertip,relative
217024.4134,0,724.37,909.94,724.37,909.94,,0,19.19,115.75,1,fingertip,relative
217024.4468,0,724.37,909.94,724.37,909.94,,0,19.50,119.52,1,fingertip,relative
217024.4801,0,724.37,909.94,724.37,909.94,,0,25.61,120.20,1,fingertip,relative
217024.5135,0,724.37,909.94,724.37,909.94,,0,20.36,118.70,1,fingertip,relative
217024.5468,0,724.37,909.94,724.37,909.94,,0,25.13,120.21,1,fingertip,relative
217024.5802,0,724.37,909.94,724.37,909.94,,0,22.91,119.22,1,fingertip,relative
217024.6135,0,724.37,909.94,724.37,909.94,,0,25.25,119.60,1,fingertip,relative
217024.6469,1,1512.00,470.32,1002.66,982.00,0.908,0,26.81,123.17,1,fingertip,relative
217024.6802,0,1002.66,982.00,1002.66,982.00,,0,19.70,112.11,1,fingertip,relative
217024.7136,1,1512.00,500.82,1024.38,982.00,0.905,0,29.33,123.59,1,fingertip,relative
217024.7469,1,1512.00,494.83,1028.83,982.00,0.916,0,20.36,110.80,1,fingertip,relative
217024.7803,1,1512.00,511.87,1032.48,982.00,0.913,0,31.04,124.35,1,fingertip,relative
217024.8136,1,1512.00,515.53,1033.31,982.00,0.907,0,19.64,110.85,1,fingertip,relative
217024.8470,1,1512.00,522.39,1033.89,982.00,0.920,0,35.07,128.34,1,fingertip,relative
217024.8803,1,1512.00,507.57,1033.85,982.00,0.918,0,24.48,119.70,1,fingertip,relative
217024.9137,1,1512.00,512.48,1033.38,982.00,0.928,0,17.50,110.53,1,fingertip,relative
217024.9470,1,1512.00,525.83,1033.54,982.00,0.939,0,31.89,123.26,1,fingertip,relative
217024.9804,1,1512.00,526.97,1033.50,982.00,0.932,0,19.06,113.52,1,fingertip,relative
217025.0137,1,1512.00,509.70,1033.50,982.00,0.905,0,33.70,125.78,1,fingertip,relative
217025.0471,1,1512.00,512.72,1033.50,982.00,0.898,0,20.02,114.19,1,fingertip,relative
217025.0804,1,1512.00,510.92,1033.50,982.00,0.947,0,29.58,122.35,1,fingertip,relative
217025.1138,1,1512.00,510.05,1033.50,982.00,0.909,0,25.96,120.07,1,fingertip,relative
217025.1471,1,1512.00,517.67,1033.50,982.00,0.928,0,28.21,122.28,1,fingertip,relative
217025.1805,1,1512.00,501.84,1035.33,981.43,0.902,0,23.41,116.34,1,fingertip,relative
217025.2138,1,1512.00,478.42,1040.25,979.64,0.862,0,28.04,121.43,1,fingertip,relative
217025.2472,1,1512.00,463.08,1056.04,974.81,0.823,0,17.89,111.93,1,fingertip,relative
217025.2805,1,1512.00,442.42,1090.71,963.63,0.817,0,32.24,124.82,1,fingertip,relative
217025.3139,1,1512.00,428.80,1149.10,947.00,0.807,0,23.16,119.16,1,fingertip,relative
217025.3472,1,1512.00,412.02,1215.96,926.87,0.777,0,26.80,120.89,1,fingertip,relative
217025.3806,1,1512.00,375.17,1274.19,897.94,0.782,0,23.65,117.62,1,fingertip,relative
217025.4139,1,1512.00,363.50,1301.17,880.93,0.752,0,20.09,118.48,1,fingertip,relative
217025.4473,1,1512.00,354.97,1320.37,869.61,0.782,0,31.24,127.57,1,fingertip,relative
217025.4806,1,1512.00,356.92,1326.49,865.78,0.784,0,18.36,114.32,1,fingertip,relative
217025.5140,1,1512.00,339.47,1328.56,862.09,0.803,0,21.47,121.20,1,fingertip,relative
217025.5473,1,1512.00,347.10,1329.52,860.58,0.779,0,19.77,113.80,1,fingertip,relative
217025.5807,1,1512.00,368.85,1329.52,860.58,0.812,0,25.45,121.43,1,fingertip,relative
217025.6140,1,1512.00,371.65,1329.54,860.60,0.790,0,20.02,114.19,1,fingertip,relative
217025.6474,1,1512.00,392.72,1329.51,862.22,0.829,0,29.70,123.58,1,fingertip,relative
217025.6807,1,1512.00,402.58,1329.23,863.79,0.830,0,25.01,118.87,1,fingertip,relative
217025.7141,1,1512.00,406.29,1328.57,864.92,0.849,0,25.55,119.42,1,fingertip,relative
217025.7474,1,1512.00,414.39,1328.50,866.47,0.825,0,59.96,158.46,1,fingertip,relative
217025.7808,1,1512.00,443.75,1328.84,869.87,0.828,0,28.46,153.84,1,fingertip,relative
217025.8141,1,1512.00,473.61,1328.78,876.43,0.857,0,29.63,151.36,1,fingertip,relative
217025.8475,1,1512.00,508.31,1329.12,889.03,0.873,0,36.00,154.23,1,fingertip,relative
217025.8808,1,1512.00,565.39,1329.02,923.06,0.945,0,24.40,145.52,1,fingertip,relative
217025.9142,1,1512.00,614.36,1328.07,972.61,0.977,0,27.79,140.18,1,fingertip,relative
217025.9475,1,1512.00,668.45,1329.84,982.00,1.000,0,15.39,122.32,1,fingertip,relative
217025.9809,1,1512.00,700.17,1335.03,982.00,1.035,0,26.96,125.43,1,fingertip,relative
217026.0142,1,1512.00,726.40,1340.65,982.00,1.049,0,22.98,124.15,1,fingertip,relative
217026.0476,1,1512.00,749.40,1346.81,982.00,1.052,0,31.69,126.51,1,fingertip,relative
217026.0809,1,1512.00,775.20,1353.41,982.00,1.043,0,21.60,118.83,1,fingertip,relative
217026.1143,1,1512.00,775.76,1357.28,982.00,1.068,0,24.12,120.44,1,fingertip,relative
217026.1476,1,1512.00,777.68,1361.48,982.00,1.051,0,29.32,129.41,1,fingertip,relative
217026.1810,1,1512.00,779.67,1365.52,982.00,1.056,0,42.37,138.66,1,fingertip,relative
217026.2143,1,1512.00,780.26,1368.82,982.00,1.045,0,16.95,122.45,1,fingertip,relative
217026.2477,1,1512.00,783.29,1371.66,982.00,1.023,0,18.62,117.14,1,fingertip,relative
217026.2810,1,1512.00,780.23,1374.36,982.00,1.071,0,21.97,118.52,1,fingertip,relative
217026.3144,1,1512.00,774.19,1377.60,981.77,1.078,0,22.15,120.70,1,fingertip,relative
217026.3477,1,1512.00,760.74,1380.31,980.72,1.076,0,53.10,152.02,1,fingertip,relative
217026.3811,1,1512.00,748.06,1383.47,979.22,1.074,0,30.57,149.46,1,fingertip,relative
217026.4144,1,1512.00,744.37,1386.35,978.02,1.099,0,36.56,152.90,1,fingertip,relative
217026.4478,1,1512.00,750.59,1390.07,977.41,1.101,0,24.95,144.69,1,fingertip,relative
217026.4811,1,1512.00,737.02,1393.40,976.31,1.107,0,35.64,147.19,1,fingertip,relative
217026.5145,1,1512.00,747.31,1397.75,975.85,1.097,0,36.71,150.74,1,fingertip,relative
217026.5478,1,1512.00,774.33,1400.92,976.81,1.119,0,36.57,154.46,1,fingertip,relative
217026.5812,1,1512.00,771.82,1404.00,977.50,1.142,0,24.87,146.18,1,fingertip,relative
217026.6145,1,1512.00,765.91,1406.28,977.76,1.113,0,34.16,147.20,1,fingertip,relative
217026.6479,1,1512.00,758.03,1408.90,977.59,1.136,0,20.54,134.59,1,fingertip,relative
217026.6812,1,1512.00,759.04,1411.13,977.50,1.139,0,26.63,128.08,1,fingertip,relative
217026.7146,1,1512.00,747.21,1413.45,976.90,1.127,0,23.61,119.41,1,fingertip,relative
217026.7479,1,1512.00,748.80,1415.87,976.46,1.115,0,22.21,114.19,1,fingertip,relative
217026.7813,1,1512.00,747.97,1417.45,976.05,1.144,0,26.41,121.66,1,fingertip,relative
217026.8146,1,1512.00,739.96,1418.99,975.31,1.137,0,19.11,112.37,1,fingertip,relative
217026.8480,1,1512.00,744.05,1417.72,974.95,1.191,0,31.70,124.44,1,fingertip,relative
217026.8813,1,1512.00,776.53,1412.68,976.36,1.165,0,25.14,120.76,1,fingertip,relative
217026.9147,1,1512.00,763.97,1346.11,978.32,1.143,0,20.58,113.83,1,fingertip,relative
217026.9480,1,1512.00,782.78,1146.31,982.00,1.129,0,43.12,137.99,1,fingertip,relative
217026.9814,1,1512.00,763.77,876.98,982.00,1.143,0,23.39,128.27,1,fingertip,relative
217027.0147,1,1512.00,748.05,510.45,977.98,1.133,0,30.17,125.33,1,fingertip,relative
217027.0481,1,1512.00,682.27,177.43,950.72,1.172,0,17.63,112.77,1,fingertip,relative
217027.0814,1,1512.00,573.06,0.00,865.83,1.160,0,32.18,125.59,1,fingertip,relative
217027.1148,1,1421.70,503.41,0.00,752.85,1.083,0,24.32,117.50,1,fingertip,relative
217027.1481,1,1274.69,446.75,0.00,637.80,,0,20.52,113.66,1,fingertip,relative
217027.1815,1,1122.79,377.96,0.00,517.95,0.977,0,30.27,125.08,1,fingertip,relative
217027.2148,1,958.45,281.59,0.00,375.15,0.919,0,21.46,114.77,1,fingertip,relative
217027.2482,1,802.44,221.45,0.00,252.59,0.869,0,38.77,136.77,1,fingertip,relative
217027.2815,1,628.88,56.41,0.00,48.80,0.777,0,21.79,125.46,1,fingertip,relative
217027.3149,1,352.45,0.00,0.00,0.00,0.702,0,22.32,117.50,1,fingertip,relative
217027.3482,1,124.18,0.00,0.00,0.00,0.503,0,25.65,116.96,1,fingertip,relative
217027.3816,1,0.00,0.00,0.00,0.00,,0,27.21,120.51,1,fingertip,relative
217027.4149,1,0.00,0.00,0.00,0.00,,0,25.37,118.33,1,fingertip,relative
217027.4483,1,0.00,0.00,0.00,0.00,,0,25.56,120.53,1,fingertip,relative
217027.4816,1,0.00,0.00,0.00,0.00,,0,24.99,117.82,1,fingertip,relative
217027.5150,1,0.00,0.00,0.00,0.00,,0,26.87,123.34,1,fingertip,relative
217027.5483,1,0.00,0.00,0.00,0.00,,0,27.57,122.22,1,fingertip,relative
217027.5817,1,0.00,0.00,0.00,0.00,,0,22.68,121.22,1,fingertip,relative
217027.6150,1,0.00,0.00,0.00,0.00,,0,26.57,122.45,1,fingertip,relative
217027.6484,1,0.00,0.00,0.00,0.00,,0,19.95,117.84,1,fingertip,relative
217027.6817,1,0.00,0.00,32.00,207.94,,0,26.75,119.82,1,fingertip,relative
217027.7151,1,0.00,0.00,149.40,464.72,,0,21.51,117.51,1,fingertip,relative
217027.7484,1,0.00,0.00,256.41,980.71,,0,24.28,119.07,1,fingertip,relative
217027.7818,1,0.00,0.00,481.94,982.00,,0,22.52,119.48,1,fingertip,relative
217027.8151,1,0.00,84.43,863.64,982.00,,0,27.00,124.18,1,fingertip,relative
217027.8485,1,338.30,209.89,1333.68,982.00,0.420,0,28.53,123.04,1,fingertip,relative
217027.8818,1,578.11,541.15,1512.00,982.00,0.516,0,19.87,116.25,1,fingertip,relative
217027.9151,1,813.52,678.80,1512.00,982.00,0.403,0,21.91,118.02,1,fingertip,relative
217027.9485,1,900.22,751.08,1512.00,982.00,0.335,0,20.29,119.21,1,fingertip,relative
217027.9819,1,915.03,762.60,1512.00,982.00,0.274,0,22.35,117.03,1,fingertip,relative
217028.0152,1,824.27,727.07,1507.52,980.21,0.218,0,24.80,120.54,1,fingertip,relative
217028.0486,1,727.16,718.04,1483.82,975.29,0.217,1,21.06,113.91,1,fingertip,relative
217028.0819,1,644.51,733.20,1457.88,978.62,0.263,1,31.27,124.00,1,fingertip,relative
217028.1153,1,505.08,666.29,1408.09,946.59,0.221,1,30.11,122.74,1,fingertip,relative
217028.1486,1,393.84,571.38,1367.29,887.48,0.189,1,30.48,125.02,1,fingertip,relative
217028.1819,1,322.69,549.57,1315.68,853.54,0.155,1,19.52,114.64,1,fingertip,relative
217028.2153,1,238.29,629.83,1234.46,855.51,0.196,1,31.52,124.09,1,fingertip,relative
217028.2486,1,184.71,725.63,1152.63,899.92,0.191,1,28.55,123.08,1,fingertip,relative
217028.2820,1,109.28,781.31,1066.52,967.44,0.176,1,19.14,111.85,1,fingertip,relative
217028.3153,1,41.89,866.94,985.11,982.00,0.208,1,31.28,127.84,1,fingertip,relative
217028.3487,1,0.00,948.83,906.66,982.00,0.238,1,20.06,114.78,1,fingertip,relative
217028.3820,1,0.00,982.00,828.32,982.00,0.254,1,19.99,116.98,1,fingertip,relative
217028.4154,1,0.00,982.00,753.55,982.00,0.247,1,23.61,119.35,1,fingertip,relative
217028.4488,1,0.00,982.00,696.87,982.00,0.243,1,32.20,128.98,1,fingertip,relative
217028.4821,1,0.00,982.00,645.09,982.00,0.269,1,24.31,120.92,1,fingertip,relative
217028.5155,1,0.00,982.00,600.19,982.00,0.323,0,20.57,120.88,1,fingertip,relative
217028.5488,1,0.00,982.00,558.40,982.00,0.459,0,23.02,118.46,1,fingertip,relative
217028.5822,1,0.00,982.00,517.99,982.00,0.566,0,20.85,119.39,1,fingertip,relative
217028.6155,1,0.00,982.00,490.53,982.00,0.561,0,25.55,118.00,1,fingertip,relative
217028.6488,1,0.00,982.00,458.14,982.00,0.600,0,25.92,119.67,1,fingertip,relative
217028.6822,1,0.00,982.00,441.33,982.00,0.569,0,23.23,117.57,1,fingertip,relative
217028.7155,1,0.00,982.00,423.85,982.00,0.560,0,31.96,124.34,1,fingertip,relative
217028.7489,1,0.00,982.00,399.55,982.00,0.560,0,28.08,122.09,1,fingertip,relative
217028.7822,1,0.00,982.00,375.34,982.00,0.558,0,35.61,127.81,1,fingertip,relative
217028.8156,1,0.00,982.00,339.65,982.00,0.531,0,23.09,119.21,1,fingertip,relative
217028.8490,1,0.00,982.00,294.08,982.00,0.518,0,26.77,119.15,1,fingertip,relative
217028.8823,1,0.00,982.00,249.02,976.51,0.510,0,23.67,118.85,1,fingertip,relative
217028.9157,1,0.00,982.00,196.56,974.42,0.494,0,24.38,117.62,1,fingertip,relative
217028.9490,1,0.00,982.00,170.81,968.44,0.461,0,25.94,122.89,1,fingertip,relative
217028.9824,1,0.00,982.00,150.74,964.96,0.474,0,22.49,116.69,1,fingertip,relative
217029.0157,1,0.00,982.00,146.34,963.82,0.453,0,25.40,120.80,1,fingertip,relative
217029.0491,1,0.00,982.00,142.08,963.86,0.434,0,32.47,129.44,1,fingertip,relative
217029.0824,1,0.00,982.00,140.70,964.12,0.441,0,24.34,120.65,1,fingertip,relative
217029.1157,1,0.00,982.00,137.49,965.36,0.454,0,20.79,114.91,1,fingertip,relative
217029.1491,1,0.00,982.00,135.38,965.72,0.456,0,30.78,124.60,1,fingertip,relative
217029.1824,1,0.00,982.00,133.34,967.20,0.466,0,19.93,115.89,1,fingertip,relative
217029.2158,1,0.00,982.00,129.41,969.15,0.465,0,29.69,124.87,1,fingertip,relative
217029.2491,1,0.00,982.00,124.93,970.06,0.470,0,24.24,123.06,1,fingertip,relative
217029.2825,1,0.00,982.00,119.77,970.98,0.483,0,21.90,116.91,1,fingertip,relative
217029.3159,1,0.00,982.00,115.02,971.29,0.484,0,20.26,118.53,1,fingertip,relative
217029.3492,1,0.00,982.00,107.40,972.20,0.487,0,31.33,127.80,1,fingertip,relative
217029.3826,1,0.00,982.00,97.70,971.92,0.505,0,29.76,125.72,1,fingertip,relative
217029.4159,1,0.00,982.00,86.98,972.99,0.527,0,21.35,117.04,1,fingertip,relative
217029.4493,1,0.00,982.00,76.30,977.72,0.551,0,32.00,124.00,1,fingertip,relative
217029.4826,1,0.00,982.00,61.91,982.00,0.583,0,18.69,112.64,1,fingertip,relative
217029.5160,1,0.00,982.00,47.30,982.00,0.593,0,36.50,128.39,1,fingertip,relative
217029.5493,1,0.00,982.00,35.55,982.00,0.608,0,20.83,116.12,1,fingertip,relative
217029.5826,1,0.00,982.00,24.03,982.00,0.639,0,29.40,121.77,1,fingertip,relative
217029.6160,1,0.00,982.00,15.25,982.00,0.644,0,29.96,118.61,1,fingertip,relative
217029.6493,1,0.00,982.00,4.39,982.00,0.663,0,21.37,117.09,1,fingertip,relative
217029.6827,1,0.00,982.00,0.00,982.00,0.687,0,31.09,118.05,1,fingertip,relative
217029.7160,1,0.00,982.00,0.00,982.00,0.659,0,28.21,118.34,1,fingertip,relative
217029.7494,1,0.00,982.00,0.00,982.00,0.646,0,33.09,122.48,1,fingertip,relative
217029.7828,1,0.00,982.00,0.00,976.05,0.598,0,20.52,112.52,1,fingertip,relative
217029.8161,1,0.00,982.00,0.00,963.96,0.514,0,33.86,123.55,1,fingertip,relative
217029.8495,1,0.00,982.00,0.00,904.68,0.409,0,25.12,118.09,1,fingertip,relative
217029.8828,1,0.00,982.00,5.94,724.57,0.270,0,35.61,124.10,1,fingertip,relative
217029.9162,1,0.00,982.00,15.97,509.14,0.161,0,24.89,115.87,1,fingertip,relative
217029.9495,1,0.00,982.00,27.98,384.69,0.125,1,35.11,132.23,1,fingertip,relative
217029.9829,1,0.00,982.00,33.88,340.30,0.118,1,35.40,134.48,1,fingertip,relative
217030.0162,1,0.00,982.00,37.17,331.99,0.116,1,23.05,124.45,1,fingertip,relative
217030.0495,1,0.00,982.00,39.74,330.37,0.123,1,30.55,121.87,1,fingertip,relative
217030.0829,1,0.00,982.00,41.62,328.57,0.109,1,30.09,120.70,1,fingertip,relative
217030.1162,1,0.00,982.00,43.96,327.53,0.113,1,24.41,111.98,1,fingertip,relative
217030.1496,1,0.00,982.00,45.85,326.88,0.118,1,34.89,124.55,1,fingertip,relative
217030.1829,1,0.00,982.00,46.84,326.64,0.118,1,19.96,111.38,1,fingertip,relative
217030.2163,1,0.00,982.00,48.34,325.06,0.112,1,39.28,129.93,1,fingertip,relative
217030.2497,1,0.00,982.00,48.34,325.06,0.109,1,19.60,116.42,1,fingertip,relative
217030.2830,1,0.00,982.00,48.48,325.03,0.107,1,18.01,112.64,1,fingertip,relative
217030.3164,1,0.00,982.00,48.63,325.13,0.111,1,39.48,122.94,1,fingertip,relative
217030.3497,1,0.00,982.00,48.73,325.21,0.095,1,24.60,114.38,1,fingertip,relative
217030.3831,1,0.00,982.00,48.75,325.24,0.106,1,42.52,127.64,1,fingertip,relative
217030.4164,1,0.00,982.00,49.02,325.56,0.100,1,20.42,114.93,1,fingertip,relative
217030.4497,1,0.00,982.00,49.27,326.65,0.107,1,31.13,117.30,1,fingertip,relative
217030.4831,1,0.00,982.00,49.76,327.81,0.102,1,35.75,119.91,1,fingertip,relative
217030.5164,1,0.00,982.00,50.95,329.48,0.113,1,34.52,122.32,1,fingertip,relative
217030.5498,1,0.00,982.00,51.94,331.22,0.108,1,36.91,126.14,1,fingertip,relative
217030.5831,1,0.00,982.00,52.37,331.80,0.118,1,22.26,115.30,1,fingertip,relative
217030.6165,1,0.00,982.00,52.82,332.04,0.106,1,33.18,116.80,1,fingertip,relative
217030.6498,1,0.00,982.00,53.58,333.60,0.107,1,34.54,121.40,1,fingertip,relative
217030.6832,1,0.00,982.00,53.84,333.78,0.118,1,31.84,120.04,1,fingertip,relative
217030.7166,1,0.00,982.00,55.08,334.15,0.101,1,25.79,112.72,1,fingertip,relative
217030.7499,1,0.00,982.00,55.08,334.15,0.113,1,35.01,122.72,1,fingertip,relative
217030.7833,1,0.00,982.00,55.80,333.28,0.100,1,22.85,112.45,1,fingertip,relative
217030.8166,1,0.00,982.00,55.80,333.28,0.119,1,32.92,120.46,1,fingertip,relative
217030.8500,1,0.00,982.00,55.80,333.28,0.101,1,30.92,118.27,1,fingertip,relative
217030.8833,1,0.00,982.00,55.80,333.28,0.102,1,42.33,127.47,1,fingertip,relative
217030.9166,1,0.00,982.00,55.80,333.28,0.115,1,20.00,114.32,1,fingertip,relative
217030.9500,1,0.00,982.00,55.80,333.28,0.111,1,38.86,121.77,1,fingertip,relative
217030.9833,1,0.00,982.00,55.80,333.28,0.108,1,29.97,118.60,1,fingertip,relative
217031.0167,1,0.00,982.00,55.68,335.58,0.164,1,29.67,115.12,1,fingertip,relative
217031.0500,1,0.00,982.00,57.53,448.58,0.306,1,32.76,118.05,1,fingertip,relative
217031.0834,1,0.00,982.00,58.61,668.07,0.443,0,35.48,120.39,1,fingertip,relative
217031.1167,1,0.00,982.00,67.86,922.49,0.562,0,29.61,116.85,1,fingertip,relative
217031.1501,1,0.00,982.00,79.42,982.00,0.653,0,37.27,120.98,1,fingertip,relative
217031.1835,1,0.00,982.00,105.50,982.00,0.693,0,28.54,116.45,1,fingertip,relative
217031.2168,1,0.00,982.00,132.89,982.00,0.751,0,20.09,103.30,1,fingertip,relative
217031.2502,1,0.00,982.00,152.91,982.00,0.731,0,34.16,109.12,1,fingertip,relative
217031.2835,1,0.00,982.00,161.81,982.00,0.753,0,35.05,113.29,1,fingertip,relative
217031.3169,1,0.00,982.00,165.70,982.00,0.759,0,29.84,109.99,1,fingertip,relative
217031.3502,1,0.00,982.00,167.86,982.00,0.743,0,34.57,111.43,1,fingertip,relative
217031.3835,1,0.00,982.00,167.86,982.00,0.745,0,34.18,112.47,1,fingertip,relative
217031.4169,1,0.00,982.00,167.05,980.36,0.733,0,18.30,97.62,1,fingertip,relative
217031.4502,1,0.00,982.00,162.14,964.17,0.666,0,20.66,94.95,1,fingertip,relative
217031.4836,1,0.00,982.00,154.97,947.07,0.598,0,21.03,96.58,1,fingertip,relative
217031.5169,1,0.00,982.00,119.92,831.76,0.517,0,17.00,90.54,1,fingertip,relative
217031.5503,1,0.00,982.00,93.53,671.64,0.436,0,36.78,113.01,1,fingertip,relative
217031.5836,1,0.00,982.00,79.04,484.66,0.327,0,33.27,113.13,1,fingertip,relative
217031.6170,1,0.00,982.00,74.23,322.14,0.241,0,35.66,115.61,1,fingertip,relative
217031.6504,1,0.00,982.00,77.34,200.20,0.179,0,39.23,121.69,1,fingertip,relative
217031.6837,1,0.00,982.00,85.27,109.54,0.131,1,24.45,113.06,1,fingertip,relative
217031.7171,1,0.00,982.00,90.67,66.63,0.085,1,34.60,114.50,1,fingertip,relative
217031.7504,1,0.00,982.00,92.30,58.69,0.089,1,35.32,116.66,1,fingertip,relative
217031.7838,1,0.00,982.00,93.45,56.44,0.087,1,28.24,111.78,1,fingertip,relative
217031.8171,1,0.00,982.00,93.93,56.32,0.087,1,36.16,114.78,1,fingertip,relative
217031.8504,1,0.00,982.00,93.93,56.32,0.093,1,30.45,112.08,1,fingertip,relative
217031.8838,1,0.00,982.00,93.93,56.32,0.094,1,43.94,122.87,1,fingertip,relative
217031.9171,1,0.00,982.00,93.93,56.32,0.089,1,21.43,111.20,1,fingertip,relative
217031.9505,1,0.00,982.00,93.99,55.82,0.078,1,32.94,110.98,1,fingertip,relative
217031.9838,1,0.00,982.00,93.99,55.82,0.078,1,31.05,108.93,1,fingertip,relative
217032.0172,1,0.00,982.00,93.99,55.82,0.093,1,35.87,111.64,1,fingertip,relative
217032.0506,1,0.00,982.00,93.99,55.82,0.086,1,34.03,112.53,1,fingertip,relative
217032.0839,1,0.00,982.00,93.99,55.82,0.093,1,18.60,97.99,1,fingertip,relative
217032.1173,1,0.00,982.00,93.99,55.82,0.099,1,27.22,92.06,1,fingertip,relative
217032.1506,1,0.00,982.00,93.99,55.82,0.086,1,19.21,78.15,1,fingertip,relative
217032.1840,1,0.00,982.00,93.99,55.82,0.102,1,33.77,93.02,1,fingertip,relative
217032.2173,1,0.00,982.00,93.99,55.82,0.087,1,18.61,78.60,1,fingertip,relative
217032.2507,1,0.00,982.00,93.99,55.82,0.088,1,35.74,93.55,1,fingertip,relative
217032.2840,1,0.00,982.00,93.99,55.82,0.086,1,20.45,80.85,1,fingertip,relative
217032.3173,1,0.00,982.00,93.99,55.82,0.091,1,29.41,88.63,1,fingertip,relative
217032.3507,1,0.00,982.00,93.99,55.82,0.088,1,23.88,80.04,1,fingertip,relative
217032.3840,1,0.00,982.00,93.99,55.82,0.082,1,31.24,90.74,1,fingertip,relative
217032.4174,1,0.00,982.00,93.99,55.82,0.096,1,34.82,92.40,1,fingertip,relative
217032.4507,1,0.00,982.00,93.99,55.82,0.088,1,19.05,78.38,1,fingertip,relative
217032.4841,1,0.00,982.00,93.99,55.82,0.098,1,33.32,90.67,1,fingertip,relative
217032.5175,1,0.00,982.00,93.99,55.82,0.099,1,21.21,78.70,1,fingertip,relative
217032.5508,1,0.00,982.00,93.99,55.82,0.102,1,33.97,87.31,1,fingertip,relative
217032.5842,1,0.00,982.00,93.35,70.08,0.181,1,19.62,77.61,1,fingertip,relative
217032.6175,1,0.00,982.00,92.77,175.01,0.281,1,30.76,89.81,1,fingertip,relative
217032.6509,1,0.00,982.00,92.46,324.91,0.364,0,20.21,78.01,1,fingertip,relative
217032.6842,1,0.00,982.00,94.93,476.44,0.429,0,27.54,85.37,1,fingertip,relative
217032.7176,1,0.00,982.00,100.13,592.70,0.454,0,31.49,92.34,1,fingertip,relative
217032.7509,1,0.00,982.00,108.69,675.03,0.502,0,19.04,78.26,1,fingertip,relative
217032.7842,1,0.00,982.00,125.08,756.69,0.553,0,31.00,89.21,1,fingertip,relative
217032.8176,1,0.00,982.00,135.15,799.90,0.579,0,28.04,84.08,1,fingertip,relative
217032.8509,1,0.00,982.00,144.74,823.36,0.607,0,46.91,100.94,1,fingertip,relative
217032.8843,1,0.00,982.00,150.40,836.40,0.617,0,20.08,87.79,1,fingertip,relative
217032.9176,1,0.00,982.00,152.97,839.77,0.637,0,23.70,87.40,1,fingertip,relative
217032.9510,1,0.00,982.00,154.08,839.74,0.619,0,24.74,81.61,1,fingertip,relative
217032.9844,1,0.00,982.00,154.08,839.74,0.627,0,32.04,94.74,1,fingertip,relative
217033.0177,1,0.00,982.00,154.08,839.74,0.609,0,19.53,81.18,1,fingertip,relative
217033.0511,1,0.00,982.00,154.08,839.74,0.596,0,30.49,90.19,1,fingertip,relative
217033.0844,1,0.00,982.00,153.93,839.59,0.585,0,25.00,82.07,1,fingertip,relative
217033.1178,1,0.00,982.00,152.84,837.84,0.572,0,37.42,93.68,1,fingertip,relative
217033.1511,1,0.00,982.00,151.63,835.94,0.563,0,25.01,85.60,1,fingertip,relative
217033.1845,1,0.00,982.00,149.16,833.38,0.550,0,35.27,89.51,1,fingertip,relative
217033.2178,1,0.00,982.00,145.95,829.43,0.551,0,24.21,80.60,1,fingertip,relative
217033.2511,1,0.00,982.00,142.23,826.21,0.522,0,39.21,95.96,1,fingertip,relative
217033.2845,1,0.00,982.00,136.36,821.97,0.528,0,17.29,82.93,1,fingertip,relative
217033.3178,1,0.00,982.00,128.73,816.68,0.530,0,31.07,95.95,1,fingertip,relative
217033.3512,1,0.00,982.00,122.38,813.49,0.507,0,18.75,82.89,1,fingertip,relative
217033.3845,1,0.00,982.00,113.79,809.50,0.509,0,21.44,86.40,1,fingertip,relative
217033.4179,1,0.00,982.00,106.41,805.57,0.460,0,21.79,85.10,1,fingertip,relative
217033.4513,1,0.00,982.00,96.41,791.25,0.371,0,23.21,89.36,1,fingertip,relative
217033.4846,1,0.00,982.00,78.80,736.45,0.264,0,18.69,79.55,1,fingertip,relative
217033.5180,1,0.00,982.00,65.78,666.70,0.164,0,30.58,92.40,1,fingertip,relative
217033.5513,1,0.00,982.00,62.60,622.88,0.107,1,25.74,85.04,1,fingertip,relative
217033.5847,1,0.00,982.00,62.86,619.74,0.116,1,34.46,95.82,1,fingertip,relative
217033.6180,1,0.00,982.00,63.11,620.48,0.111,1,23.75,86.64,1,fingertip,relative
217033.6514,1,0.00,982.00,63.42,620.64,0.103,1,21.83,85.94,1,fingertip,relative
217033.6847,1,0.00,982.00,64.05,622.31,0.107,1,27.96,90.47,1,fingertip,relative
217033.7180,1,0.00,982.00,64.97,623.92,0.110,1,18.19,80.79,1,fingertip,relative
217033.7514,1,0.00,982.00,65.60,626.05,0.108,1,28.37,90.28,1,fingertip,relative
217033.7847,1,0.00,982.00,66.98,627.14,0.117,1,20.43,81.77,1,fingertip,relative
217033.8181,1,0.00,982.00,67.90,628.40,0.104,1,27.55,90.64,1,fingertip,relative
217033.8514,1,0.00,982.00,69.65,629.16,0.116,1,26.01,85.50,1,fingertip,relative
217033.8848,1,0.00,982.00,71.60,630.94,0.122,1,26.74,87.19,1,fingertip,relative
217033.9182,1,0.00,982.00,73.97,632.51,0.111,1,45.97,104.17,1,fingertip,relative
217033.9515,1,0.00,982.00,76.03,636.65,0.156,1,21.16,92.26,1,fingertip,relative
217033.9849,1,0.00,982.00,81.68,661.85,0.238,1,22.25,85.70,1,fingertip,relative
217034.0182,1,0.00,982.00,91.44,710.06,0.304,1,24.73,83.11,1,fingertip,relative
217034.0516,1,0.00,982.00,99.96,758.19,0.349,0,33.78,92.73,1,fingertip,relative
217034.0849,1,0.00,982.00,107.40,797.06,0.378,0,20.22,79.83,1,fingertip,relative
217034.1182,1,0.00,982.00,112.36,814.06,0.372,0,39.30,95.85,1,fingertip,relative
217034.1516,1,0.00,982.00,115.84,824.60,0.384,0,23.78,86.48,1,fingertip,relative
217034.1849,1,0.00,982.00,119.40,834.60,0.418,0,25.07,86.18,1,fingertip,relative
217034.2183,1,0.00,982.00,123.50,842.13,0.428,0,27.77,86.87,1,fingertip,relative
217034.2516,1,0.00,982.00,128.39,848.55,0.421,0,29.36,87.98,1,fingertip,relative
217034.2850,1,0.00,982.00,133.18,851.44,0.393,0,24.05,81.47,1,fingertip,relative
217034.3183,1,0.00,982.00,138.05,854.50,0.416,0,25.71,85.25,1,fingertip,relative
217034.3517,1,0.00,982.00,145.57,859.50,0.433,0,29.52,87.49,1,fingertip,relative
217034.3851,1,0.00,982.00,150.66,860.19,0.417,0,29.00,83.44,1,fingertip,relative
217034.4184,1,0.00,982.00,155.24,858.58,0.398,0,39.83,93.80,1,fingertip,relative
217034.4518,1,0.00,982.00,158.15,857.25,0.389,0,18.98,79.67,1,fingertip,relative
217034.4851,1,0.00,982.00,160.93,855.60,0.375,0,31.50,94.00,1,fingertip,relative
217034.5185,1,0.00,982.00,162.98,852.94,0.357,0,19.74,80.73,1,fingertip,relative
217034.5518,1,0.00,982.00,164.05,848.77,0.351,0,29.55,89.97,1,fingertip,relative
217034.5851,1,0.00,982.00,164.32,843.94,0.342,0,23.84,80.71,1,fingertip,relative
217034.6185,1,0.00,982.00,165.03,836.54,0.329,0,34.75,91.05,1,fingertip,relative
217034.6518,1,0.00,982.00,165.00,833.78,0.335,0,28.96,87.06,1,fingertip,relative
217034.6852,1,0.00,982.00,165.06,830.23,0.303,0,29.64,83.55,1,fingertip,relative
217034.7185,1,0.00,982.00,164.54,828.11,0.304,0,52.26,106.01,1,fingertip,relative
217034.7519,1,0.00,982.00,164.24,825.70,0.299,0,23.73,96.72,1,fingertip,relative
217034.7852,1,0.00,982.00,164.24,825.69,0.291,0,25.26,93.33,1,fingertip,relative
217034.8186,1,0.00,982.00,165.06,826.39,0.332,0,20.72,85.52,1,fingertip,relative
217034.8520,1,0.00,982.00,167.01,828.41,0.314,0,22.29,88.84,1,fingertip,relative
217034.8853,1,0.00,982.00,169.73,832.15,0.316,0,25.51,88.09,1,fingertip,relative
217034.9187,1,0.00,982.00,176.29,844.13,0.322,0,21.05,84.57,1,fingertip,relative
217034.9520,1,0.00,982.00,190.40,879.41,0.338,0,29.75,92.32,1,fingertip,relative
217034.9854,1,0.00,982.00,225.26,962.17,0.357,0,18.21,80.14,1,fingertip,relative
217035.0187,1,0.00,982.00,262.36,982.00,0.343,0,26.01,91.22,1,fingertip,relative
217035.0520,1,0.00,982.00,298.25,982.00,0.330,0,22.59,83.65,1,fingertip,relative
217035.0854,1,0.00,982.00,335.39,982.00,0.318,0,26.98,89.31,1,fingertip,relative
217035.1187,1,0.00,982.00,378.24,982.00,0.299,0,26.21,84.39,1,fingertip,relative
217035.1521,1,0.00,982.00,408.72,982.00,0.256,0,26.63,85.94,1,fingertip,relative
217035.1854,1,0.00,982.00,427.45,982.00,0.236,0,23.53,79.23,1,fingertip,relative
217035.2188,1,0.00,982.00,434.24,982.00,0.214,0,34.30,90.42,1,fingertip,relative
217035.2521,1,0.00,982.00,434.52,982.00,0.195,1,20.94,78.27,1,fingertip,relative
217035.2855,1,0.00,982.00,431.78,982.00,0.187,1,35.42,92.45,1,fingertip,relative
217035.3189,1,0.00,982.00,427.40,978.84,0.161,1,17.78,77.96,1,fingertip,relative
217035.3522,1,0.00,982.00,422.95,974.12,0.154,1,35.43,95.46,1,fingertip,relative
217035.3856,1,0.00,982.00,417.15,970.19,0.157,1,17.81,81.98,1,fingertip,relative
217035.4189,1,0.00,982.00,403.36,961.66,0.155,1,33.54,96.56,1,fingertip,relative
217035.4523,1,0.00,982.00,374.95,938.54,0.164,1,24.46,87.94,1,fingertip,relative
217035.4856,1,0.00,982.00,333.91,897.62,0.150,1,22.55,84.88,1,fingertip,relative
217035.5189,1,0.00,982.00,275.90,838.42,0.146,1,22.19,86.04,1,fingertip,relative
217035.5523,1,0.00,982.00,215.76,787.71,0.147,1,19.02,80.42,1,fingertip,relative
217035.5856,1,0.00,982.00,157.07,738.23,0.143,1,26.34,90.13,1,fingertip,relative
217035.6190,1,0.00,982.00,111.11,712.59,0.148,1,22.01,80.45,1,fingertip,relative
217035.6523,1,0.00,982.00,73.61,702.51,0.146,1,40.97,100.89,1,fingertip,relative
217035.6857,1,0.00,982.00,49.69,697.70,0.154,1,24.51,92.25,1,fingertip,relative
217035.7191,1,0.00,982.00,35.77,694.76,0.149,1,20.54,84.39,1,fingertip,relative
217035.7524,1,0.00,982.00,27.36,696.52,0.154,1,29.59,88.72,1,fingertip,relative
217035.7858,1,0.00,982.00,21.75,698.84,0.160,1,20.27,79.56,1,fingertip,relative
217035.8191,1,0.00,982.00,12.19,702.97,0.170,1,30.48,89.51,1,fingertip,relative
217035.8525,1,0.00,982.00,3.66,706.65,0.167,1,25.11,84.35,1,fingertip,relative
217035.8858,1,0.00,982.00,0.00,715.32,0.172,1,31.61,89.21,1,fingertip,relative
217035.9192,1,0.00,982.00,0.00,736.82,0.178,1,29.74,86.05,1,fingertip,relative
217035.9525,1,0.00,982.00,0.00,793.73,0.182,1,28.59,84.13,1,fingertip,relative
217035.9858,1,0.00,982.00,0.00,876.33,0.195,1,34.72,92.68,1,fingertip,relative
217036.0192,1,0.00,982.00,6.84,959.57,0.200,1,32.18,101.79,1,fingertip,relative
217036.0525,1,0.00,982.00,15.66,982.00,0.210,1,20.73,89.46,1,fingertip,relative
217036.0859,1,0.00,982.00,19.18,982.00,0.221,1,24.28,94.89,1,fingertip,relative
217036.1192,1,0.00,982.00,21.90,982.00,0.218,1,23.36,89.88,1,fingertip,relative
217036.1526,1,0.00,982.00,25.74,982.00,0.230,1,23.52,90.86,1,fingertip,relative
217036.1860,1,0.00,982.00,31.34,980.92,0.233,1,22.30,87.77,1,fingertip,relative
217036.2193,1,0.00,982.00,35.80,980.00,0.242,1,19.53,84.53,1,fingertip,relative
217036.2527,1,0.00,982.00,42.84,980.92,0.250,1,16.90,83.11,1,fingertip,relative
217036.2860,1,0.00,982.00,47.11,982.00,0.247,1,30.80,94.22,1,fingertip,relative
217036.3194,1,0.00,982.00,50.44,982.00,0.253,1,30.71,95.72,1,fingertip,relative
217036.3527,1,0.00,982.00,53.00,982.00,0.250,1,18.67,82.57,1,fingertip,relative
217036.3861,1,0.00,982.00,54.70,982.00,0.251,1,21.99,88.59,1,fingertip,relative
217036.4194,1,0.00,982.00,55.44,982.00,0.255,1,19.16,82.03,1,fingertip,relative
217036.4527,1,0.00,982.00,55.76,982.00,0.250,1,20.92,84.94,1,fingertip,relative
217036.4861,1,0.00,982.00,55.76,982.00,0.257,1,21.99,82.05,1,fingertip,relative
217036.5194,1,0.00,982.00,55.76,982.00,0.266,1,22.98,85.19,1,fingertip,relative
217036.5528,1,0.00,982.00,55.82,981.70,0.261,1,23.48,81.71,1,fingertip,relative
217036.5861,1,0.00,982.00,55.40,980.93,0.248,1,28.52,88.79,1,fingertip,relative
217036.6195,1,0.00,982.00,54.83,978.95,0.241,1,30.09,86.67,1,fingertip,relative
217036.6529,1,0.00,982.00,53.44,973.00,0.216,1,24.72,81.04,1,fingertip,relative
217036.6862,1,0.00,982.00,46.56,922.73,0.159,1,34.70,91.31,1,fingertip,relative
217036.7196,1,0.00,982.00,27.25,783.58,0.092,1,19.61,77.84,1,fingertip,relative
217036.7529,1,0.00,982.00,10.16,688.33,0.091,1,36.85,95.43,1,fingertip,relative
217036.7863,1,0.00,982.00,0.00,640.07,0.085,1,20.76,83.08,1,fingertip,relative
217036.8196,1,0.00,982.00,0.00,623.00,0.079,1,34.00,94.57,1,fingertip,relative
217036.8530,1,0.00,982.00,0.00,619.00,0.079,1,25.08,86.55,1,fingertip,relative
217036.8863,1,0.00,982.00,0.00,616.42,0.079,1,26.01,82.86,1,fingertip,relative
217036.9196,1,0.00,982.00,0.00,615.18,0.081,1,32.10,91.28,1,fingertip,relative
217036.9530,1,0.00,982.00,0.00,615.14,0.080,1,18.96,77.09,1,fingertip,relative
217036.9863,1,0.00,982.00,0.00,615.38,0.089,1,32.51,91.24,1,fingertip,relative
217037.0197,1,0.00,982.00,0.00,615.37,0.082,1,18.58,76.69,1,fingertip,relative
217037.0530,1,0.00,982.00,0.00,615.37,0.086,1,35.54,91.49,1,fingertip,relative
217037.0864,1,0.00,982.00,0.00,615.37,0.085,1,19.34,77.73,1,fingertip,relative
217037.1198,1,0.00,982.00,0.00,615.37,0.086,1,35.50,92.35,1,fingertip,relative
217037.1531,1,0.00,982.00,0.00,615.37,0.082,1,19.79,79.04,1,fingertip,relative
217037.1865,1,0.00,982.00,0.00,615.38,0.084,1,46.67,104.45,1,fingertip,relative
217037.2198,1,0.00,982.00,0.00,615.38,0.083,1,22.84,94.20,1,fingertip,relative
217037.2532,1,0.00,982.00,0.00,615.38,0.083,1,27.30,90.31,1,fingertip,relative
217037.2865,1,0.00,982.00,0.85,616.75,0.098,1,18.31,81.37,1,fingertip,relative
217037.3198,1,0.00,982.00,5.13,635.92,0.146,1,29.20,90.46,1,fingertip,relative
217037.3532,1,0.00,982.00,26.64,818.86,0.269,1,29.34,89.26,1,fingertip,relative
217037.3865,1,0.00,982.00,49.25,982.00,0.326,0,26.65,85.57,1,fingertip,relative
217037.4199,1,0.00,982.00,75.97,982.00,0.354,0,26.80,87.57,1,fingertip,relative
217037.4532,1,0.00,982.00,94.36,982.00,0.360,0,21.66,77.37,1,fingertip,relative
217037.4866,1,0.00,982.00,102.06,982.00,0.357,0,35.28,91.84,1,fingertip,relative
217037.5199,1,0.00,982.00,103.81,982.00,0.360,0,31.00,92.20,1,fingertip,relative
217037.5533,1,0.00,982.00,103.81,982.00,0.352,0,23.89,84.54,1,fingertip,relative
217037.5867,1,0.00,982.00,103.81,982.00,0.358,0,27.65,88.36,1,fingertip,relative
217037.6200,1,0.00,982.00,103.81,982.00,0.361,0,25.48,83.39,1,fingertip,relative
217037.6534,1,0.00,982.00,103.81,982.00,0.356,0,30.04,88.51,1,fingertip,relative
217037.6867,1,0.00,982.00,103.48,981.72,0.353,0,33.89,89.28,1,fingertip,relative
217037.7201,1,0.00,982.00,102.30,980.02,0.336,0,32.62,88.85,1,fingertip,relative
217037.7534,1,0.00,982.00,100.67,967.07,0.268,0,33.64,89.38,1,fingertip,relative
217037.7867,1,0.00,982.00,84.53,767.78,0.130,0,31.81,91.67,1,fingertip,relative
217037.8201,1,0.00,982.00,53.06,571.80,0.099,1,19.88,82.20,1,fingertip,relative
217037.8534,1,0.00,982.00,30.79,454.79,0.092,1,24.80,89.69,1,fingertip,relative
217037.8868,1,0.00,982.00,20.78,426.44,0.089,1,20.41,81.63,1,fingertip,relative
217037.9201,1,0.00,982.00,17.19,417.13,0.094,1,22.41,84.32,1,fingertip,relative
217037.9535,1,0.00,982.00,15.98,414.27,0.092,1,25.15,85.99,1,fingertip,relative
217037.9868,1,0.00,982.00,15.49,412.09,0.092,1,23.31,84.39,1,fingertip,relative
217038.0202,1,0.00,982.00,14.99,412.02,0.089,1,30.02,89.37,1,fingertip,relative
217038.0536,1,0.00,982.00,14.99,412.02,0.095,1,18.59,77.37,1,fingertip,relative
217038.0869,1,0.00,982.00,14.99,412.02,0.093,1,31.17,91.25,1,fingertip,relative
217038.1203,1,0.00,982.00,14.99,412.02,0.095,1,32.47,90.59,1,fingertip,relative
217038.1536,1,0.00,982.00,14.99,412.02,0.089,1,31.81,89.29,1,fingertip,relative
217038.1870,1,0.00,982.00,14.96,410.28,0.084,1,25.23,81.39,1,fingertip,relative
217038.2203,1,0.00,982.00,14.96,410.28,0.079,1,28.45,84.45,1,fingertip,relative
217038.2536,1,0.00,982.00,15.00,410.17,0.086,1,29.44,81.72,1,fingertip,relative
217038.2870,1,0.00,982.00,15.00,410.17,0.090,1,33.74,85.40,1,fingertip,relative
217038.3203,1,0.00,982.00,15.00,410.17,0.084,1,29.31,81.59,1,fingertip,relative
217038.3537,1,0.00,982.00,15.00,410.17,0.083,1,37.31,88.30,1,fingertip,relative
217038.3870,1,0.00,982.00,15.00,410.17,0.087,1,22.01,87.01,1,fingertip,relative
217038.4204,1,0.00,982.00,15.00,410.17,0.096,1,23.05,88.80,1,fingertip,relative
217038.4537,1,0.00,982.00,15.00,410.17,0.088,1,18.80,81.83,1,fingertip,relative
217038.4871,1,0.00,982.00,15.00,410.17,0.086,1,22.04,87.57,1,fingertip,relative
217038.5204,1,0.00,982.00,15.00,410.17,0.084,1,19.40,80.41,1,fingertip,relative
217038.5538,1,0.00,982.00,15.00,410.17,0.092,1,26.08,90.16,1,fingertip,relative
217038.5871,1,0.00,982.00,15.00,410.17,0.087,1,26.84,86.16,1,fingertip,relative
217038.6205,1,0.00,982.00,15.00,410.17,0.088,1,24.16,84.05,1,fingertip,relative
217038.6538,1,0.00,982.00,15.00,410.17,0.083,1,30.19,89.62,1,fingertip,relative
217038.6872,1,0.00,982.00,15.00,410.17,0.087,1,20.15,79.88,1,fingertip,relative
217038.7205,1,0.00,982.00,15.00,410.17,0.086,1,32.64,94.17,1,fingertip,relative
217038.7539,1,0.00,982.00,15.00,410.17,0.079,1,20.67,81.71,1,fingertip,relative
217038.7872,1,0.00,982.00,15.00,410.17,0.086,1,27.45,89.70,1,fingertip,relative
217038.8206,1,0.00,982.00,15.00,410.17,0.085,1,26.91,85.36,1,fingertip,relative
217038.8539,1,0.00,982.00,15.35,412.70,0.091,1,29.29,87.64,1,fingertip,relative
217038.8873,1,0.00,982.00,23.11,456.99,0.166,1,29.79,86.51,1,fingertip,relative
217038.9206,1,0.00,982.00,43.29,609.53,0.254,1,27.18,82.03,1,fingertip,relative
217038.9540,1,0.00,982.00,66.83,777.15,0.303,1,37.04,94.41,1,fingertip,relative
217038.9873,1,0.00,982.00,90.33,904.44,0.336,0,25.89,87.15,1,fingertip,relative
217039.0207,1,0.00,982.00,103.53,948.00,0.332,0,25.93,86.46,1,fingertip,relative
217039.0540,1,0.00,982.00,109.64,960.33,0.339,0,24.46,86.10,1,fingertip,relative
217039.0874,1,0.00,982.00,111.63,963.10,0.328,0,21.05,80.33,1,fingertip,relative
217039.1207,1,0.00,982.00,113.08,964.73,0.338,0,26.15,86.01,1,fingertip,relative
217039.1541,1,0.00,982.00,115.42,965.49,0.334,0,34.30,90.64,1,fingertip,relative
217039.1874,1,0.00,982.00,117.43,966.86,0.332,0,23.37,80.91,1,fingertip,relative
217039.2208,1,0.00,982.00,119.37,968.12,0.338,0,36.08,90.13,1,fingertip,relative
217039.2541,1,0.00,982.00,120.77,968.60,0.337,0,29.59,86.58,1,fingertip,relative
217039.2875,1,0.00,982.00,121.23,968.77,0.334,0,25.85,80.13,1,fingertip,relative
217039.3208,1,0.00,982.00,121.23,968.77,0.337,0,30.39,85.25,1,fingertip,relative
217039.3542,1,0.00,982.00,121.23,968.77,0.333,0,38.42,90.57,1,fingertip,relative
217039.3875,1,0.00,982.00,120.89,967.36,0.322,0,20.61,78.24,1,fingertip,relative
217039.4209,1,0.00,982.00,119.90,963.98,0.292,0,35.33,93.83,1,fingertip,relative
217039.4542,1,0.00,982.00,112.51,903.71,0.216,0,19.93,80.67,1,fingertip,relative
217039.4876,1,0.00,982.00,89.50,688.19,0.100,1,28.56,89.40,1,fingertip,relative
217039.5209,1,0.00,982.00,72.98,561.24,0.103,1,22.46,79.85,1,fingertip,relative
217039.5543,1,0.00,982.00,60.02,491.80,0.098,1,33.94,93.22,1,fingertip,relative
217039.5876,1,0.00,982.00,53.01,470.96,0.094,1,26.27,86.37,1,fingertip,relative
217039.6210,1,0.00,982.00,51.35,468.19,0.102,1,34.14,93.06,1,fingertip,relative
217039.6543,1,0.00,982.00,49.58,464.25,0.094,1,18.85,79.96,1,fingertip,relative
217039.6877,1,0.00,982.00,48.03,463.40,0.092,1,30.39,90.62,1,fingertip,relative
217039.7210,1,0.00,982.00,47.86,463.23,0.100,1,17.60,78.65,1,fingertip,relative
217039.7544,1,0.00,982.00,47.55,462.76,0.087,1,28.52,88.16,1,fingertip,relative
217039.7877,1,0.00,982.00,47.55,462.76,0.096,1,24.76,83.99,1,fingertip,relative
217039.8211,1,0.00,982.00,47.55,462.76,0.089,1,27.15,86.53,1,fingertip,relative
217039.8544,1,0.00,982.00,47.15,461.80,0.088,1,27.23,83.61,1,fingertip,relative
217039.8878,1,0.00,982.00,47.15,461.80,0.098,1,36.98,92.94,1,fingertip,relative
217039.9211,1,0.00,982.00,47.15,461.80,0.097,1,21.24,81.02,1,fingertip,relative
217039.9545,1,0.00,982.00,47.15,461.80,0.091,1,27.25,88.17,1,fingertip,relative
217039.9878,1,0.00,982.00,47.15,461.80,0.097,1,26.74,84.54,1,fingertip,relative
217040.0212,1,0.00,982.00,47.15,461.80,0.092,1,29.95,87.44,1,fingertip,relative
217040.0545,1,0.00,982.00,47.15,461.80,0.094,1,28.72,84.51,1,fingertip,relative
217040.0879,1,0.00,982.00,47.15,461.80,0.094,1,32.30,87.93,1,fingertip,relative
217040.1212,1,0.00,982.00,47.15,461.80,0.097,1,25.83,80.64,1,fingertip,relative
217040.1546,1,0.00,982.00,47.15,461.80,0.099,1,35.52,92.15,1,fingertip,relative
217040.1879,1,0.00,982.00,47.15,461.80,0.096,1,17.95,79.12,1,fingertip,relative
217040.2213,1,0.00,982.00,47.15,461.80,0.095,1,30.15,91.51,1,fingertip,relative
217040.2546,1,0.00,982.00,47.15,461.80,0.096,1,36.29,94.68,1,fingertip,relative
217040.2880,1,0.00,982.00,47.15,461.80,0.097,1,24.64,86.25,1,fingertip,relative
217040.3213,1,0.00,982.00,47.15,461.80,0.103,1,28.94,86.22,1,fingertip,relative
217040.3547,1,0.00,982.00,47.57,462.73,0.104,1,28.79,86.65,1,fingertip,relative
217040.3880,1,0.00,982.00,50.69,481.60,0.157,1,24.92,79.12,1,fingertip,relative
217040.4214,1,0.00,982.00,72.57,648.05,0.272,1,37.51,91.90,1,fingertip,relative
217040.4547,1,0.00,982.00,109.20,877.53,0.359,0,26.96,85.72,1,fingertip,relative
217040.4881,1,0.00,982.00,160.50,982.00,0.375,0,24.58,79.69,1,fingertip,relative
217040.5214,1,0.00,982.00,205.59,982.00,0.374,0,27.62,82.83,1,fingertip,relative
217040.5548,1,0.00,982.00,215.85,982.00,0.376,0,34.05,87.09,1,fingertip,relative
217040.5881,1,0.00,982.00,217.07,982.00,0.365,0,31.90,85.89,1,fingertip,relative
217040.6215,1,0.00,982.00,218.04,982.00,0.366,0,35.44,88.20,1,fingertip,relative
217040.6548,1,0.00,982.00,218.81,982.00,0.369,0,36.16,92.30,1,fingertip,relative
217040.6882,1,0.00,982.00,218.81,982.00,0.370,0,16.69,76.27,1,fingertip,relative
217040.7215,1,0.00,982.00,218.81,982.00,0.368,0,28.01,89.55,1,fingertip,relative
217040.7549,1,0.00,982.00,218.81,982.00,0.370,0,30.15,87.26,1,fingertip,relative
217040.7882,1,0.00,982.00,218.81,981.99,0.362,0,24.73,80.31,1,fingertip,relative
217040.8216,1,0.00,982.00,218.55,981.76,0.363,0,35.17,95.03,1,fingertip,relative
217040.8549,1,0.00,982.00,218.55,981.76,0.358,0,20.41,82.33,1,fingertip,relative
217040.8883,1,0.00,982.00,218.53,981.72,0.355,0,24.38,84.55,1,fingertip,relative
217040.9216,1,0.00,982.00,218.51,981.56,0.356,0,21.77,80.73,1,fingertip,relative
217040.9550,1,0.00,982.00,218.47,981.47,0.349,0,27.31,89.17,1,fingertip,relative
217040.9883,1,0.00,982.00,218.47,981.47,0.340,0,25.10,81.15,1,fingertip,relative
217041.0217,1,0.00,982.00,218.47,981.47,0.351,0,34.18,89.55,1,fingertip,relative
217041.0550,1,0.00,982.00,218.46,981.46,0.337,0,31.02,87.43,1,fingertip,relative
217041.0884,1,0.00,982.00,218.43,981.31,0.344,0,25.30,84.40,1,fingertip,relative
217041.1217,1,0.00,982.00,218.43,980.78,0.335,0,26.69,86.33,1,fingertip,relative
217041.1551,1,0.00,982.00,218.41,980.73,0.342,0,30.16,87.92,1,fingertip,relative
217041.1884,1,0.00,982.00,218.19,978.29,0.326,0,23.35,80.20,1,fingertip,relative
217041.2218,1,0.00,982.00,216.90,972.35,0.307,0,34.03,90.82,1,fingertip,relative
217041.2551,1,0.00,982.00,212.24,950.74,0.274,0,26.64,84.36,1,fingertip,relative
217041.2885,1,0.00,982.00,201.61,898.59,0.245,0,30.45,86.30,1,fingertip,relative
217041.3218,1,0.00,982.00,191.84,860.43,0.234,0,28.20,83.24,1,fingertip,relative
217041.3552,1,0.00,982.00,187.01,843.00,0.229,0,37.61,93.54,1,fingertip,relative
217041.3885,1,0.00,982.00,181.51,813.87,0.188,0,19.60,80.03,1,fingertip,relative
217041.4219,1,0.00,982.00,172.77,773.82,0.151,1,27.94,90.13,1,fingertip,relative
217041.4552,1,0.00,982.00,154.55,662.36,0.097,1,27.53,85.18,1,fingertip,relative
217041.4886,1,0.00,982.00,142.19,621.96,0.097,1,29.39,86.70,1,fingertip,relative
217041.5219,1,0.00,982.00,139.45,615.90,0.094,1,31.86,88.76,1,fingertip,relative
217041.5553,1,0.00,982.00,137.79,610.71,0.093,1,30.59,86.34,1,fingertip,relative
217041.5886,1,0.00,982.00,137.79,610.71,0.097,1,27.87,83.50,1,fingertip,relative
217041.6220,1,0.00,982.00,137.79,610.70,0.095,1,36.02,91.63,1,fingertip,relative
217041.6553,1,0.00,982.00,137.79,610.70,0.091,1,21.02,79.55,1,fingertip,relative
217041.6887,1,0.00,982.00,137.79,610.70,0.095,1,37.94,92.00,1,fingertip,relative
217041.7220,1,0.00,982.00,137.76,610.68,0.091,1,19.01,84.61,1,fingertip,relative
217041.7554,1,0.00,982.00,137.76,610.68,0.100,1,23.37,91.42,1,fingertip,relative
217041.7887,1,0.00,982.00,137.76,610.68,0.097,1,17.40,82.04,1,fingertip,relative
217041.8221,1,0.00,982.00,137.69,610.43,0.089,1,19.27,84.37,1,fingertip,relative
217041.8554,1,0.00,982.00,137.69,610.43,0.093,1,22.69,84.72,1,fingertip,relative
217041.8888,1,0.00,982.00,137.69,610.43,0.097,1,24.83,88.56,1,fingertip,relative
217041.9221,1,0.00,982.00,137.69,610.44,0.099,1,22.05,81.06,1,fingertip,relative
217041.9555,1,0.00,982.00,137.70,610.45,0.093,1,32.23,90.74,1,fingertip,relative
217041.9888,1,0.00,982.00,138.48,610.88,0.099,1,21.76,79.38,1,fingertip,relative
217042.0222,1,0.00,982.00,138.91,611.30,0.113,1,28.04,86.89,1,fingertip,relative
217042.0555,1,0.00,982.00,139.96,611.57,0.125,1,30.91,84.94,1,fingertip,relative
217042.0889,1,0.00,982.00,140.33,611.30,0.125,1,29.86,82.90,1,fingertip,relative
217042.1222,1,0.00,982.00,141.25,608.89,0.129,1,35.71,87.89,1,fingertip,relative
217042.1556,1,0.00,982.00,142.04,604.46,0.116,1,27.38,82.82,1,fingertip,relative
217042.1889,1,0.00,982.00,142.47,601.85,0.125,1,29.38,85.13,1,fingertip,relative
217042.2223,1,0.00,982.00,142.86,599.12,0.128,1,33.18,85.57,1,fingertip,relative
217042.2556,1,0.00,982.00,142.86,599.12,0.133,1,34.59,87.02,1,fingertip,relative
217042.2890,1,0.00,982.00,142.86,599.12,0.116,1,32.69,86.56,1,fingertip,relative
217042.3223,1,0.00,982.00,142.88,599.16,0.102,1,25.42,80.31,1,fingertip,relative
217042.3557,1,0.00,982.00,143.42,601.82,0.102,1,39.30,94.00,1,fingertip,relative
217042.3890,1,0.00,982.00,145.31,609.76,0.105,1,23.58,84.51,1,fingertip,relative
217042.4224,1,0.00,982.00,149.45,626.50,0.104,1,32.73,86.04,1,fingertip,relative
217042.4557,1,0.00,982.00,158.95,655.03,0.114,1,30.52,83.51,1,fingertip,relative
217042.4891,1,0.00,982.00,173.58,701.63,0.110,1,36.83,88.96,1,fingertip,relative
217042.5224,1,0.00,982.00,189.54,743.10,0.093,1,41.54,102.93,1,fingertip,relative
217042.5558,1,0.00,982.00,207.40,808.98,0.105,1,21.66,91.46,1,fingertip,relative
217042.5891,1,0.00,982.00,234.05,902.90,0.126,1,24.29,89.78,1,fingertip,relative
217042.6225,1,0.00,982.00,258.11,981.87,0.132,1,32.94,94.01,1,fingertip,relative
217042.6558,1,0.00,982.00,278.04,982.00,0.097,1,18.94,80.70,1,fingertip,relative
217042.6892,1,0.00,982.00,296.01,982.00,0.069,1,28.21,93.03,1,fingertip,relative
217042.7225,1,0.00,982.00,303.75,982.00,0.034,1,26.94,86.84,1,fingertip,relative
217042.7559,1,0.00,982.00,315.96,982.00,0.048,1,24.70,83.33,1,fingertip,relative
217042.7892,1,0.00,982.00,323.82,982.00,0.046,1,28.11,86.64,1,fingertip,relative
217042.8226,1,0.00,982.00,327.83,982.00,0.039,1,20.97,78.90,1,fingertip,relative
217042.8559,1,0.00,982.00,330.71,982.00,0.049,1,37.49,95.43,1,fingertip,relative
217042.8893,1,0.00,982.00,332.71,981.85,0.046,1,21.28,85.84,1,fingertip,relative
217042.9226,1,0.00,982.00,333.54,981.53,0.056,1,26.48,91.66,1,fingertip,relative
217042.9560,1,0.00,982.00,333.90,981.17,0.082,1,28.75,90.96,1,fingertip,relative
217042.9893,1,0.00,982.00,333.91,981.14,0.097,1,20.67,82.25,1,fingertip,relative
217043.0227,1,0.00,982.00,333.48,980.04,0.097,1,24.24,87.17,1,fingertip,relative
217043.0560,1,0.00,982.00,333.15,979.09,0.108,1,27.36,85.27,1,fingertip,relative
217043.0894,1,0.00,982.00,333.13,978.87,0.108,1,33.01,90.94,1,fingertip,relative
217043.1227,1,0.00,982.00,333.13,977.75,0.118,1,24.67,82.49,1,fingertip,relative
217043.1561,1,0.00,982.00,332.85,975.08,0.109,1,26.76,84.56,1,fingertip,relative
217043.1894,1,0.00,982.00,332.60,972.76,0.139,1,32.40,86.11,1,fingertip,relative
217043.2228,1,0.00,982.00,332.17,969.69,0.132,1,27.75,81.66,1,fingertip,relative
217043.2561,1,0.00,982.00,332.14,966.82,0.128,1,36.48,86.87,1,fingertip,relative
217043.2895,1,0.00,982.00,331.85,963.20,0.153,1,30.90,84.63,1,fingertip,relative
217043.3228,1,0.00,982.00,332.00,953.47,0.109,1,39.71,92.32,1,fingertip,relative
217043.3562,1,0.00,982.00,331.90,946.76,0.121,1,24.50,83.73,1,fingertip,relative
217043.3895,1,0.00,982.00,332.02,927.67,0.123,1,38.10,88.71,1,fingertip,relative
217043.4229,1,0.00,982.00,329.78,880.36,0.123,1,18.18,79.42,1,fingertip,relative
217043.4562,1,0.00,982.00,326.79,784.71,0.110,1,24.00,87.52,1,fingertip,relative
217043.4896,1,0.00,982.00,326.98,667.03,0.104,1,20.05,84.66,1,fingertip,relative
217043.5229,1,0.00,982.00,323.14,495.81,0.103,1,20.46,86.44,1,fingertip,relative
217043.5563,1,0.00,982.00,320.68,310.48,0.117,1,20.36,81.70,1,fingertip,relative
217043.5896,1,0.00,982.00,322.09,103.46,0.097,1,23.29,87.20,1,fingertip,relative
217043.6230,1,0.00,982.00,320.59,0.00,0.087,1,18.39,77.51,1,fingertip,relative
217043.6563,1,0.00,982.00,317.45,0.00,0.100,1,30.93,90.99,1,fingertip,relative
217043.6897,1,0.00,982.00,309.18,0.00,0.111,1,19.29,77.19,1,fingertip,relative
217043.7230,1,0.00,982.00,303.78,0.00,0.092,1,27.33,87.08,1,fingertip,relative
217043.7564,1,0.00,982.00,298.62,0.00,0.094,1,29.25,84.08,1,fingertip,relative
217043.7897,1,0.00,982.00,299.17,0.00,0.092,1,32.02,85.34,1,fingertip,relative
217043.8231,1,0.00,982.00,299.94,0.00,0.091,1,34.20,86.83,1,fingertip,relative
217043.8564,1,0.00,982.00,300.39,0.00,0.091,1,25.29,78.99,1,fingertip,relative
217043.8898,1,0.00,982.00,300.97,0.00,0.094,1,41.15,91.30,1,fingertip,relative
217043.9231,1,0.00,982.00,303.02,2.15,0.095,1,22.91,82.23,1,fingertip,relative
217043.9565,1,0.00,982.00,305.01,4.47,0.090,1,32.06,91.00,1,fingertip,relative
217043.9898,1,0.00,982.00,310.94,15.40,0.092,1,34.08,93.31,1,fingertip,relative
217044.0232,1,0.00,982.00,324.46,33.49,0.093,1,19.56,79.86,1,fingertip,relative
217044.0565,1,0.00,982.00,364.22,105.30,0.094,1,33.95,89.88,1,fingertip,relative
217044.0899,1,0.00,982.00,437.02,257.82,0.092,1,23.30,80.08,1,fingertip,relative
217044.1232,1,0.00,982.00,518.12,440.68,0.107,1,33.27,91.85,1,fingertip,relative
217044.1566,1,0.00,982.00,606.35,625.26,0.212,1,25.62,84.35,1,fingertip,relative
217044.1899,1,0.00,982.00,704.51,797.63,0.111,1,28.44,80.85,1,fingertip,relative
217044.2233,1,0.00,982.00,805.45,973.97,0.109,1,32.09,84.99,1,fingertip,relative
217044.2566,1,0.00,982.00,902.97,982.00,0.121,1,38.52,90.41,1,fingertip,relative
217044.2900,1,0.00,982.00,985.54,982.00,0.119,1,17.13,75.45,1,fingertip,relative
217044.3233,1,53.36,982.00,1079.45,982.00,0.130,1,28.41,87.95,1,fingertip,relative
217044.3567,1,114.44,982.00,1146.36,982.00,0.139,1,26.61,82.48,1,fingertip,relative
217044.3900,1,196.07,982.00,1205.13,982.00,0.124,1,37.82,94.65,1,fingertip,relative
217044.4234,1,272.94,982.00,1253.71,982.00,0.110,1,21.85,84.92,1,fingertip,relative
217044.4567,1,303.19,982.00,1274.02,980.48,0.133,1,20.96,86.23,1,fingertip,relative
217044.4901,1,372.52,982.00,1320.39,923.94,0.074,1,27.69,89.12,1,fingertip,relative
217044.5234,1,328.29,982.00,1322.81,918.01,0.114,1,18.34,79.77,1,fingertip,relative
217044.5568,1,339.81,982.00,1327.53,892.74,0.090,1,29.11,90.55,1,fingertip,relative
217044.5901,1,297.00,982.00,1320.44,826.10,0.109,1,23.84,81.27,1,fingertip,relative
217044.6235,1,303.56,982.00,1317.18,678.48,0.085,1,34.02,90.81,1,fingertip,relative
217044.6568,1,267.36,982.00,1304.98,523.67,0.122,1,22.37,80.06,1,fingertip,relative
217044.6902,1,272.90,982.00,1298.64,360.75,0.120,1,37.55,95.00,1,fingertip,relative
217044.7235,1,288.76,982.00,1298.13,212.82,0.121,1,20.18,82.09,1,fingertip,relative
217044.7569,1,305.02,982.00,1301.59,83.33,0.117,1,34.44,94.76,1,fingertip,relative
217044.7902,1,325.11,982.00,1307.97,0.00,0.126,1,20.27,81.88,1,fingertip,relative
217044.8236,1,337.31,982.00,1314.53,0.00,0.113,1,26.12,83.73,1,fingertip,relative
217044.8569,1,354.97,982.00,1319.23,0.00,0.126,1,21.59,83.71,1,fingertip,relative
217044.8903,1,354.44,982.00,1320.77,0.00,0.118,1,32.20,88.69,1,fingertip,relative
217044.9236,1,342.59,982.00,1321.25,2.85,0.141,1,25.95,81.59,1,fingertip,relative
217044.9570,1,358.00,982.00,1322.75,12.34,0.177,1,48.74,103.83,1,fingertip,relative
217044.9903,1,385.07,982.00,1327.65,37.53,0.260,1,24.11,94.84,1,fingertip,relative
217045.0237,1,405.74,982.00,1332.31,52.88,0.271,1,23.53,88.94,1,fingertip,relative
217045.0570,1,460.11,982.00,1349.91,104.86,0.304,1,19.73,78.69,1,fingertip,relative
217045.0904,1,505.42,982.00,1365.65,128.83,0.264,1,31.78,93.17,1,fingertip,relative
217045.1237,1,571.52,982.00,1388.08,148.48,0.275,1,19.78,79.84,1,fingertip,relative
217045.1571,1,616.14,982.00,1405.96,154.69,0.267,1,29.51,87.84,1,fingertip,relative
217045.1904,1,676.58,982.00,1428.98,160.36,0.264,1,29.54,84.43,1,fingertip,relative
217045.2238,1,701.11,982.00,1443.54,165.88,0.293,1,37.69,89.72,1,fingertip,relative
217045.2571,1,733.83,982.00,1454.58,168.74,0.289,1,29.22,89.16,1,fingertip,relative
217045.2905,1,756.93,982.00,1462.59,172.50,0.290,1,20.29,78.83,1,fingertip,relative
217045.3238,1,781.05,982.00,1468.94,175.79,0.295,1,28.70,87.65,1,fingertip,relative
217045.3572,1,793.85,982.00,1473.47,179.81,0.291,1,25.24,79.76,1,fingertip,relative
217045.3905,1,802.94,982.00,1477.55,187.54,0.298,1,33.67,89.67,1,fingertip,relative
217045.4239,1,813.84,982.00,1480.25,191.95,0.241,1,35.05,91.59,1,fingertip,relative
217045.4572,1,821.34,982.00,1482.17,194.96,0.258,1,19.49,77.96,1,fingertip,relative
217045.4906,1,811.08,982.00,1482.91,199.20,0.273,1,31.05,90.01,1,fingertip,relative
217045.5239,1,797.71,982.00,1482.75,201.03,0.282,1,26.18,83.05,1,fingertip,relative
217045.5573,1,787.86,982.00,1482.25,202.48,0.292,1,35.31,87.82,1,fingertip,relative
217045.5906,1,772.04,982.00,1481.36,203.70,0.302,1,27.44,83.12,1,fingertip,relative
217045.6240,1,765.68,982.00,1480.51,205.43,0.283,1,33.65,96.13,1,fingertip,relative
217045.6573,1,751.41,982.00,1479.48,207.57,0.289,1,20.07,83.14,1,fingertip,relative
217045.6907,1,741.74,982.00,1478.49,209.14,0.293,1,24.04,84.54,1,fingertip,relative
217045.7240,1,726.94,982.00,1477.17,210.26,0.287,1,44.28,103.63,1,fingertip,relative
217045.7574,1,707.12,982.00,1475.22,207.54,0.212,1,22.27,92.83,1,fingertip,relative
217045.7907,1,787.76,982.00,1481.80,46.95,0.128,1,23.88,87.95,1,fingertip,relative
217045.8241,1,753.98,982.00,1481.35,8.81,0.066,1,21.47,84.52,1,fingertip,relative
217045.8574,1,786.29,982.00,1486.09,0.00,0.147,1,35.14,98.26,1,fingertip,relative
217045.8908,1,812.43,982.00,1495.38,0.00,0.192,1,19.71,84.80,1,fingertip,relative
217045.9241,1,817.46,982.00,1501.46,0.00,0.196,1,21.74,87.12,1,fingertip,relative
217045.9575,1,802.68,982.00,1502.21,0.00,0.178,1,23.26,84.54,1,fingertip,relative
217045.9908,1,720.64,982.00,1491.34,111.51,0.114,1,26.23,89.66,1,fingertip,relative
217046.0242,1,712.43,982.00,1481.23,194.76,0.174,1,21.58,80.17,1,fingertip,relative
217046.0575,1,706.96,982.00,1469.76,367.49,0.284,1,31.08,91.74,1,fingertip,relative
217046.0909,1,714.87,982.00,1462.17,526.50,0.319,1,20.03,78.65,1,fingertip,relative
217046.1242,1,753.74,982.00,1464.47,653.35,0.380,0,35.97,92.34,1,fingertip,relative
217046.1576,1,753.59,982.00,1465.52,698.20,0.357,0,19.29,78.48,1,fingertip,relative
217046.1909,1,778.87,982.00,1467.17,710.22,0.406,0,36.15,94.74,1,fingertip,relative
217046.2243,1,792.01,982.00,1468.32,713.00,0.373,0,22.50,84.59,1,fingertip,relative
217046.2576,1,769.03,982.00,1468.58,715.24,0.359,0,41.02,93.81,1,fingertip,relative
217046.2910,1,768.39,982.00,1468.58,715.24,0.374,0,19.82,80.46,1,fingertip,relative
217046.3243,1,762.20,982.00,1468.58,715.24,0.378,0,29.73,88.00,1,fingertip,relative
217046.3577,1,752.22,982.00,1468.53,715.03,0.346,0,31.22,86.81,1,fingertip,relative
217046.3910,1,750.97,982.00,1468.38,714.35,0.354,0,31.07,84.82,1,fingertip,relative
217046.4244,1,721.05,982.00,1467.55,713.78,0.340,0,33.47,86.67,1,fingertip,relative
217046.4577,1,721.10,982.00,1466.62,712.56,0.355,0,30.64,84.30,1,fingertip,relative
217046.4911,1,709.28,982.00,1465.73,712.04,0.355,0,36.77,89.29,1,fingertip,relative
217046.5244,1,696.35,982.00,1464.44,711.70,0.326,0,28.84,92.04,1,fingertip,relative
217046.5578,1,705.19,982.00,1464.30,711.59,0.323,0,20.17,82.87,1,fingertip,relative
217046.5911,1,691.32,982.00,1463.59,711.20,0.335,0,23.15,86.65,1,fingertip,relative
217046.6245,1,685.36,982.00,1462.50,709.89,0.323,0,21.65,81.93,1,fingertip,relative
217046.6578,1,694.20,982.00,1461.99,708.34,0.327,0,27.49,87.93,1,fingertip,relative
217046.6912,1,687.32,982.00,1461.82,708.10,0.334,0,22.01,78.98,1,fingertip,relative
217046.7245,1,691.77,982.00,1461.82,708.10,0.333,0,29.71,86.29,1,fingertip,relative
217046.7579,1,684.06,982.00,1461.80,708.07,0.340,0,28.59,84.59,1,fingertip,relative
217046.7912,1,687.94,982.00,1461.80,708.07,0.315,0,28.76,84.23,1,fingertip,relative
217046.8246,1,692.45,982.00,1461.80,708.07,0.322,0,35.83,94.23,1,fingertip,relative
217046.8579,1,685.40,982.00,1461.80,708.07,0.331,0,22.94,84.04,1,fingertip,relative
217046.8913,1,676.97,982.00,1461.32,705.78,0.309,0,24.58,84.73,1,fingertip,relative
217046.9246,1,654.63,982.00,1459.31,694.56,0.219,0,24.59,82.19,1,fingertip,relative
217046.9580,1,657.36,982.00,1455.86,640.81,0.130,1,30.70,91.54,1,fingertip,relative
217046.9913,1,655.53,982.00,1453.83,613.26,0.121,1,27.60,86.15,1,fingertip,relative
217047.0247,1,659.74,982.00,1453.16,602.82,0.121,1,39.17,92.27,1,fingertip,relative
217047.0580,1,732.18,982.00,1464.15,446.87,0.110,1,19.57,78.73,1,fingertip,relative
217047.0914,1,741.10,982.00,1475.28,305.10,0.148,1,34.47,92.53,1,fingertip,relative
217047.1247,1,738.16,982.00,1479.77,275.53,0.131,1,19.45,78.98,1,fingertip,relative
217047.1581,1,767.24,982.00,1486.06,251.73,0.184,1,36.14,94.25,1,fingertip,relative
217047.1914,1,699.93,982.00,1484.07,290.79,0.070,1,18.54,79.74,1,fingertip,relative
217047.2248,1,710.58,982.00,1483.94,298.94,0.066,1,31.70,91.08,1,fingertip,relative
217047.2581,1,662.71,982.00,1481.11,313.88,0.101,1,22.56,80.53,1,fingertip,relative
217047.2915,1,699.46,982.00,1481.00,316.16,0.063,1,34.64,90.06,1,fingertip,relative
217047.3248,1,741.90,982.00,1482.42,310.84,0.106,1,17.45,75.24,1,fingertip,relative
217047.3582,1,690.21,982.00,1481.45,321.71,0.104,1,31.48,90.99,1,fingertip,relative
217047.3915,1,731.88,982.00,1482.18,319.48,0.095,1,21.92,82.36,1,fingertip,relative
217047.4249,1,740.33,982.00,1483.44,312.08,0.117,1,31.55,95.31,1,fingertip,relative
217047.4582,1,716.34,982.00,1483.44,312.08,0.079,1,19.80,82.07,1,fingertip,relative
217047.4916,1,734.86,982.00,1483.97,309.96,0.083,1,25.15,85.26,1,fingertip,relative
217047.5249,1,737.51,982.00,1483.97,309.96,0.088,1,21.49,81.33,1,fingertip,relative
217047.5583,1,701.66,982.00,1483.16,315.71,0.089,1,32.89,94.68,1,fingertip,relative
217047.5916,1,745.35,982.00,1484.51,304.41,0.150,1,25.84,87.44,1,fingertip,relative
217047.6250,1,765.45,982.00,1485.90,301.14,0.124,1,21.41,77.51,1,fingertip,relative
217047.6583,1,764.35,982.00,1486.93,299.42,0.114,1,34.25,91.89,1,fingertip,relative
217047.6917,1,767.96,982.00,1487.01,299.41,0.117,1,18.99,79.19,1,fingertip,relative
217047.7250,1,712.00,982.00,1485.82,303.64,0.067,1,26.78,87.77,1,fingertip,relative
217047.7584,1,738.71,982.00,1485.82,303.64,0.072,1,25.93,84.44,1,fingertip,relative
217047.7917,1,674.80,982.00,1477.97,357.62,0.127,1,31.46,91.80,1,fingertip,relative
217047.8251,1,761.50,982.00,1479.52,347.64,0.142,1,18.82,77.48,1,fingertip,relative
217047.8584,1,750.07,982.00,1479.52,347.64,0.086,1,32.69,91.35,1,fingertip,relative
217047.8918,1,704.29,982.00,1476.27,389.52,0.099,1,19.56,77.78,1,fingertip,relative
217047.9251,1,691.34,982.00,1469.35,491.32,0.184,1,46.40,103.05,1,fingertip,relative
217047.9585,1,683.88,982.00,1461.56,622.89,0.266,1,25.20,95.10,1,fingertip,relative
217047.9918,1,680.39,982.00,1454.51,738.56,0.308,1,25.18,88.06,1,fingertip,relative
217048.0252,1,688.09,982.00,1451.26,812.15,0.292,1,31.94,90.24,1,fingertip,relative
217048.0585,1,694.38,982.00,1450.37,842.21,0.303,1,20.20,77.74,1,fingertip,relative
217048.0919,1,709.21,982.00,1450.96,861.74,0.340,0,27.58,86.75,1,fingertip,relative
217048.1252,1,709.26,982.00,1451.43,882.58,0.325,0,36.19,90.56,1,fingertip,relative
217048.1586,1,720.44,982.00,1452.67,906.49,0.357,0,19.29,76.73,1,fingertip,relative
217048.1919,1,715.71,982.00,1453.22,925.63,0.309,0,32.35,90.27,1,fingertip,relative
217048.2253,1,715.54,982.00,1453.64,943.96,0.303,0,19.85,77.01,1,fingertip,relative
217048.2586,1,712.44,982.00,1453.81,965.67,0.324,0,43.04,101.18,1,fingertip,relative
217048.2920,1,719.95,982.00,1454.59,982.00,0.308,0,22.27,90.33,1,fingertip,relative
217048.3253,1,717.86,982.00,1455.14,982.00,0.289,0,30.67,91.49,1,fingertip,relative
217048.3587,1,717.99,982.00,1455.61,982.00,0.296,0,25.90,84.29,1,fingertip,relative
217048.3920,1,718.50,982.00,1455.96,982.00,0.267,0,36.29,93.73,1,fingertip,relative
217048.4254,1,723.50,982.00,1456.68,982.00,0.264,0,26.55,87.15,1,fingertip,relative
217048.4587,1,729.22,982.00,1457.38,982.00,0.307,0,44.89,103.37,1,fingertip,relative
217048.4921,1,718.29,982.00,1457.36,982.00,0.292,0,22.02,92.33,1,fingertip,relative
217048.5254,1,724.89,982.00,1457.54,982.00,0.282,0,27.54,88.55,1,fingertip,relative
217048.5588,1,748.76,982.00,1458.45,978.88,0.208,0,21.62,80.21,1,fingertip,relative
217048.5921,1,832.28,982.00,1482.54,859.50,0.159,1,33.26,90.73,1,fingertip,relative
217048.6255,1,928.67,982.00,1512.00,611.34,0.365,0,25.97,83.65,1,fingertip,relative
217048.6588,1,962.92,982.00,1512.00,320.99,0.498,0,47.96,103.07,1,fingertip,relative
217048.6922,1,915.09,982.00,1512.00,308.15,0.347,0,26.00,95.92,1,fingertip,relative
217048.7255,1,935.95,982.00,1512.00,242.17,0.465,0,27.99,90.78,1,fingertip,relative
217048.7589,1,840.77,982.00,1497.51,374.26,0.133,0,18.36,76.99,1,fingertip,relative
217048.7922,1,945.12,982.00,1504.67,354.84,0.405,0,31.89,91.23,1,fingertip,relative
217048.8256,1,914.41,982.00,1505.38,351.69,0.355,0,19.05,77.15,1,fingertip,relative
217048.8589,1,961.32,982.00,1512.00,293.95,0.478,0,33.79,94.38,1,fingertip,relative
217048.8923,1,882.71,982.00,1507.53,325.61,0.277,0,19.87,81.15,1,fingertip,relative
217048.9256,1,865.94,982.00,1505.47,332.23,0.236,0,38.06,97.24,1,fingertip,relative
217048.9590,1,932.66,982.00,1506.63,329.54,0.383,0,23.26,87.36,1,fingertip,relative
217048.9923,1,933.92,982.00,1507.55,327.29,0.401,0,22.17,85.18,1,fingertip,relative
217049.0257,1,968.32,982.00,1512.00,274.61,0.538,0,32.02,94.76,1,fingertip,relative
217049.0590,1,1030.76,982.00,1512.00,138.05,0.695,0,17.90,80.20,1,fingertip,relative
217049.0924,1,916.03,982.00,1507.67,167.16,0.349,0,25.66,89.35,1,fingertip,relative
217049.1257,1,836.37,982.00,1488.69,298.68,0.107,0,22.76,81.04,1,fingertip,relative
217049.1591,1,968.40,982.00,1490.83,289.09,0.520,0,32.23,93.51,1,fingertip,relative
217049.1924,1,887.78,982.00,1487.83,308.96,0.252,0,18.60,81.93,1,fingertip,relative
217049.2258,1,878.47,982.00,1486.33,311.98,0.285,0,27.51,92.91,1,fingertip,relative
217049.2591,1,915.91,982.00,1486.30,309.71,0.396,0,26.49,87.16,1,fingertip,relative
217049.2925,1,810.09,982.00,1462.61,440.72,0.088,0,20.31,82.20,1,fingertip,relative
217049.3258,1,862.92,982.00,1461.56,442.87,0.243,0,40.77,99.73,1,fingertip,relative
217049.3592,1,827.04,982.00,1455.02,470.77,0.155,0,19.91,87.43,1,fingertip,relative
217049.3925,1,736.76,982.00,1418.52,724.59,0.205,1,21.07,89.84,1,fingertip,relative
217049.4259,1,723.82,982.00,1386.85,889.73,0.252,1,23.02,90.33,1,fingertip,relative
217049.4592,1,717.22,982.00,1366.43,965.31,0.303,1,19.42,88.59,1,fingertip,relative
217049.4926,1,723.95,982.00,1361.93,977.85,0.285,1,19.85,85.06,1,fingertip,relative
217049.5259,1,706.77,982.00,1359.23,974.68,0.290,1,24.33,92.71,1,fingertip,relative
217049.5593,1,687.48,982.00,1345.66,894.39,0.364,0,21.58,85.15,1,fingertip,relative
217049.5926,1,928.79,982.00,1385.66,0.00,0.504,0,20.21,85.07,1,fingertip,relative
217049.6260,0,1385.66,0.00,1385.66,0.00,,0,31.34,93.53,1,fingertip,relative
217049.6593,0,1385.66,0.00,1385.66,0.00,,0,18.83,80.44,1,fingertip,relative
217049.6927,0,1385.66,0.00,1385.66,0.00,,0,25.58,89.64,1,fingertip,relative
217049.7260,0,1385.66,0.00,1385.66,0.00,,0,26.03,86.30,1,fingertip,relative
217049.7594,0,1385.66,0.00,1385.66,0.00,,0,27.57,88.03,1,fingertip,relative
217049.7927,0,1385.66,0.00,1385.66,0.00,,0,13.73,70.90,1,fingertip,relative
217049.8261,0,1385.66,0.00,1385.66,0.00,,0,21.78,80.55,1,fingertip,relative
217049.8594,0,1385.66,0.00,1385.66,0.00,,0,22.19,77.46,1,fingertip,relative
217049.8928,0,1385.66,0.00,1385.66,0.00,,0,24.59,79.05,1,fingertip,relative
217049.9261,0,1385.66,0.00,1385.66,0.00,,0,21.66,77.51,1,fingertip,relative
217049.9595,0,1385.66,0.00,1385.66,0.00,,0,25.63,80.37,1,fingertip,relative
217049.9928,0,1385.66,0.00,1385.66,0.00,,0,19.81,73.34,1,fingertip,relative
217050.0262,0,1385.66,0.00,1385.66,0.00,,0,28.20,82.52,1,fingertip,relative
217050.0595,0,1385.66,0.00,1385.66,0.00,,0,16.12,74.49,1,fingertip,relative
217050.0929,0,1385.66,0.00,1385.66,0.00,,0,27.85,85.61,1,fingertip,relative
217050.1262,0,1385.66,0.00,1385.66,0.00,,0,9.25,68.84,1,fingertip,relative
217050.1596,0,1385.66,0.00,1385.66,0.00,,0,20.50,82.96,1,fingertip,relative
217050.1929,0,1385.66,0.00,1385.66,0.00,,0,27.98,83.92,1,fingertip,relative
217050.2263,0,1385.66,0.00,1385.66,0.00,,0,14.42,73.20,1,fingertip,relative
217050.2596,0,1385.66,0.00,1385.66,0.00,,0,25.16,86.97,1,fingertip,relative
217050.2930,0,1385.66,0.00,1385.66,0.00,,0,12.51,72.81,1,fingertip,relative
217050.3263,0,1385.66,0.00,1385.66,0.00,,0,15.92,75.73,1,fingertip,relative
217050.3597,0,1385.66,0.00,1385.66,0.00,,0,24.18,85.31,1,fingertip,relative
217050.3930,0,1385.66,0.00,1385.66,0.00,,0,9.88,73.20,1,fingertip,relative
217050.4264,0,1385.66,0.00,1385.66,0.00,,0,20.99,85.69,1,fingertip,relative
217050.4597,0,1385.66,0.00,1385.66,0.00,,0,10.43,75.99,1,fingertip,relative
217050.4931,0,1385.66,0.00,1385.66,0.00,,0,10.65,77.98,1,fingertip,relative
217050.5264,0,1385.66,0.00,1385.66,0.00,,0,12.05,75.07,1,fingertip,relative
217050.5598,0,1385.66,0.00,1385.66,0.00,,0,16.59,79.13,1,fingertip,relative
217050.5931,0,1385.66,0.00,1385.66,0.00,,0,14.21,76.71,1,fingertip,relative
217050.6265,0,1385.66,0.00,1385.66,0.00,,0,16.42,78.12,1,fingertip,relative
217050.6598,0,1385.66,0.00,1385.66,0.00,,0,9.80,69.82,1,fingertip,relative
217050.6932,0,1385.66,0.00,1385.66,0.00,,0,20.37,82.82,1,fingertip,relative
217050.7265,0,1385.66,0.00,1385.66,0.00,,0,13.90,80.01,1,fingertip,relative
217050.7599,0,1385.66,0.00,1385.66,0.00,,0,11.10,78.18,1,fingertip,relative
217050.7932,0,1385.66,0.00,1385.66,0.00,,0,14.52,77.61,1,fingertip,relative
217050.8266,0,1385.66,0.00,1385.66,0.00,,0,17.12,80.14,1,fingertip,relative
217050.8599,0,1385.66,0.00,1385.66,0.00,,0,17.14,80.06,1,fingertip,relative
217050.8933,0,1385.66,0.00,1385.66,0.00,,0,14.59,79.02,1,fingertip,relative
217050.9266,0,1385.66,0.00,1385.66,0.00,,0,16.62,77.07,1,fingertip,relative
217050.9600,0,1385.66,0.00,1385.66,0.00,,0,17.72,77.77,1,fingertip,relative
217050.9933,0,1385.66,0.00,1385.66,0.00,,0,27.22,86.41,1,fingertip,relative
217051.0267,0,1385.66,0.00,1385.66,0.00,,0,11.26,72.23,1,fingertip,relative
217051.0600,0,1385.66,0.00,1385.66,0.00,,0,19.17,81.72,1,fingertip,relative
217051.0934,0,1385.66,0.00,1385.66,0.00,,0,13.04,72.45,1,fingertip,relative
217051.1267,0,1385.66,0.00,1385.66,0.00,,0,22.49,82.68,1,fingertip,relative
217051.1601,0,1385.66,0.00,1385.66,0.00,,0,20.82,79.66,1,fingertip,relative
217051.1934,0,1385.66,0.00,1385.66,0.00,,0,21.87,80.39,1,fingertip,relative
217051.2268,0,1385.66,0.00,1385.66,0.00,,0,20.66,77.86,1,fingertip,relative
217051.2601,0,1385.66,0.00,1385.66,0.00,,0,19.98,75.93,1,fingertip,relative
217051.2935,0,1385.66,0.00,1385.66,0.00,,0,21.83,78.00,1,fingertip,relative
217051.3268,0,1385.66,0.00,1385.66,0.00,,0,18.52,74.94,1,fingertip,relative
217051.3602,0,1385.66,0.00,1385.66,0.00,,0,28.81,80.97,1,fingertip,relative
217051.3935,0,1385.66,0.00,1385.66,0.00,,0,17.92,75.25,1,fingertip,relative
217051.4269,0,1385.66,0.00,1385.66,0.00,,0,18.12,74.55,1,fingertip,relative
217051.4602,0,1385.66,0.00,1385.66,0.00,,0,21.61,78.17,1,fingertip,relative
217051.4936,0,1385.66,0.00,1385.66,0.00,,0,27.76,81.33,1,fingertip,relative
217051.5269,0,1385.66,0.00,1385.66,0.00,,0,21.14,79.09,1,fingertip,relative
217051.5603,0,1385.66,0.00,1385.66,0.00,,0,26.02,82.82,1,fingertip,relative
217051.5936,0,1385.66,0.00,1385.66,0.00,,0,12.65,69.63,1,fingertip,relative
217051.6270,0,1385.66,0.00,1385.66,0.00,,0,27.95,83.84,1,fingertip,relative
217051.6603,0,1385.66,0.00,1385.66,0.00,,0,14.68,74.87,1,fingertip,relative
217051.6937,0,1385.66,0.00,1385.66,0.00,,0,15.58,77.15,1,fingertip,relative
217051.7270,0,1385.66,0.00,1385.66,0.00,,0,14.11,73.56,1,fingertip,relative
217051.7604,0,1385.66,0.00,1385.66,0.00,,0,21.00,82.12,1,fingertip,relative
217051.7937,0,1385.66,0.00,1385.66,0.00,,0,21.35,78.97,1,fingertip,relative
217051.8271,0,1385.66,0.00,1385.66,0.00,,0,18.68,75.80,1,fingertip,relative
217051.8604,0,1385.66,0.00,1385.66,0.00,,0,30.39,87.21,1,fingertip,relative
217051.8938,0,1385.66,0.00,1385.66,0.00,,0,9.65,72.46,1,fingertip,relative
217051.9271,0,1385.66,0.00,1385.66,0.00,,0,17.96,80.38,1,fingertip,relative
217051.9605,0,1385.66,0.00,1385.66,0.00,,0,17.28,75.58,1,fingertip,relative
217051.9938,0,1385.66,0.00,1385.66,0.00,,0,19.76,78.40,1,fingertip,relative
217052.0272,0,1385.66,0.00,1385.66,0.00,,0,19.18,75.37,1,fingertip,relative
217052.0605,0,1385.66,0.00,1385.66,0.00,,0,19.96,77.62,1,fingertip,relative
217052.0939,0,1385.66,0.00,1385.66,0.00,,0,26.19,80.22,1,fingertip,relative
217052.1272,0,1385.66,0.00,1385.66,0.00,,0,24.52,78.11,1,fingertip,relative
217052.1606,0,1385.66,0.00,1385.66,0.00,,0,27.03,80.06,1,fingertip,relative
217052.1939,0,1385.66,0.00,1385.66,0.00,,0,19.89,82.78,1,fingertip,relative
217052.2273,0,1385.66,0.00,1385.66,0.00,,0,15.41,77.19,1,fingertip,relative
217052.2606,0,1385.66,0.00,1385.66,0.00,,0,18.57,82.31,1,fingertip,relative
217052.2940,0,1385.66,0.00,1385.66,0.00,,0,13.72,72.09,1,fingertip,relative
217052.3273,0,1385.66,0.00,1385.66,0.00,,0,23.22,81.92,1,fingertip,relative
217052.3607,0,1385.66,0.00,1385.66,0.00,,0,21.24,77.42,1,fingertip,relative
217052.3940,0,1385.66,0.00,1385.66,0.00,,0,26.09,80.57,1,fingertip,relative
217052.4274,0,1385.66,0.00,1385.66,0.00,,0,21.34,76.92,1,fingertip,relative
217052.4607,0,1385.66,0.00,1385.66,0.00,,0,24.46,79.60,1,fingertip,relative
217052.4941,0,1385.66,0.00,1385.66,0.00,,0,15.85,76.84,1,fingertip,relative
217052.5274,0,1385.66,0.00,1385.66,0.00,,0,16.08,78.07,1,fingertip,relative
217052.5608,0,1385.66,0.00,1385.66,0.00,,0,14.49,74.18,1,fingertip,relative
217052.5941,0,1385.66,0.00,1385.66,0.00,,0,26.73,87.40,1,fingertip,relative
217052.6275,0,1385.66,0.00,1385.66,0.00,,0,8.39,72.86,1,fingertip,relative
217052.6608,0,1385.66,0.00,1385.66,0.00,,0,14.96,84.39,1,fingertip,relative
217052.6942,0,1385.66,0.00,1385.66,0.00,,0,11.18,73.14,1,fingertip,relative
217052.7275,0,1385.66,0.00,1385.66,0.00,,0,25.12,88.38,1,fingertip,relative
217052.7609,0,1385.66,0.00,1385.66,0.00,,0,12.33,73.64,1,fingertip,relative
217052.7942,0,1385.66,0.00,1385.66,0.00,,0,16.81,80.81,1,fingertip,relative
217052.8276,0,1385.66,0.00,1385.66,0.00,,0,10.71,71.82,1,fingertip,relative
217052.8609,0,1385.66,0.00,1385.66,0.00,,0,26.77,88.48,1,fingertip,relative
217052.8943,0,1385.66,0.00,1385.66,0.00,,0,14.08,74.79,1,fingertip,relative
217052.9276,0,1385.66,0.00,1385.66,0.00,,0,19.94,82.59,1,fingertip,relative
217052.9610,0,1385.66,0.00,1385.66,0.00,,0,20.60,80.50,1,fingertip,relative
217052.9943,0,1385.66,0.00,1385.66,0.00,,0,14.76,74.60,1,fingertip,relative
217053.0277,0,1385.66,0.00,1385.66,0.00,,0,19.25,76.86,1,fingertip,relative
217053.0610,0,1385.66,0.00,1385.66,0.00,,0,22.25,79.61,1,fingertip,relative
217053.0944,0,1385.66,0.00,1385.66,0.00,,0,20.88,77.30,1,fingertip,relative
217053.1277,0,1385.66,0.00,1385.66,0.00,,0,23.78,79.42,1,fingertip,relative
217053.1611,0,1385.66,0.00,1385.66,0.00,,0,25.87,81.71,1,fingertip,relative
217053.1944,0,1385.66,0.00,1385.66,0.00,,0,24.17,78.28,1,fingertip,relative
217053.2278,0,1385.66,0.00,1385.66,0.00,,0,28.63,81.30,1,fingertip,relative
217053.2611,0,1385.66,0.00,1385.66,0.00,,0,14.19,70.84,1,knuckle,relative
217053.2945,0,1385.66,0.00,1385.66,0.00,,0,23.73,81.09,1,knuckle,relative
217053.3278,0,1385.66,0.00,1385.66,0.00,,0,25.38,80.01,1,knuckle,relative
217053.3612,0,1385.66,0.00,1385.66,0.00,,0,24.75,78.53,1,knuckle,relative
217053.3945,0,1385.66,0.00,1385.66,0.00,,0,23.02,85.03,1,knuckle,relative
217053.4279,0,1385.66,0.00,1385.66,0.00,,0,9.16,71.48,1,knuckle,relative
217053.4612,0,1385.66,0.00,1385.66,0.00,,0,15.21,79.58,1,knuckle,relative
217053.4946,0,1385.66,0.00,1385.66,0.00,,0,11.81,72.29,1,knuckle,relative
217053.5279,0,1385.66,0.00,1385.66,0.00,,0,19.95,82.05,1,knuckle,relative
217053.5613,0,1385.66,0.00,1385.66,0.00,,0,27.04,83.54,1,knuckle,relative
217053.5946,0,1385.66,0.00,1385.66,0.00,,0,35.60,92.21,1,knuckle,relative
217053.6280,0,1385.66,0.00,1385.66,0.00,,0,21.61,80.71,1,knuckle,relative
217053.6613,0,1385.66,0.00,1385.66,0.00,,0,38.06,91.39,1,knuckle,relative
217053.6947,1,1201.60,0.00,1385.66,0.00,,0,27.43,85.71,1,knuckle,relative
217053.7280,1,1193.02,0.00,1384.06,161.11,,0,29.47,84.94,1,knuckle,relative
217053.7614,1,1140.63,0.00,1371.77,481.79,0.447,0,30.70,85.63,1,knuckle,relative
217053.7947,1,1185.03,0.00,1371.37,692.35,,0,32.83,86.70,1,knuckle,relative
217053.8281,1,1151.48,0.00,1364.03,882.16,0.423,0,25.27,78.75,1,knuckle,relative
217053.8614,1,1163.82,0.00,1360.89,982.00,0.358,0,34.75,86.45,1,knuckle,relative
217053.8948,1,1177.60,0.00,1361.30,982.00,0.296,0,36.04,89.36,1,knuckle,relative
217053.9281,1,1165.26,0.00,1359.16,982.00,0.250,0,22.96,79.19,1,knuckle,relative
217053.9615,1,1159.90,29.59,1356.41,982.00,0.274,0,37.91,90.54,1,knuckle,relative
217053.9948,1,1143.56,90.78,1351.07,982.00,0.295,0,23.63,81.01,1,knuckle,relative
217054.0282,1,1119.18,146.25,1342.70,982.00,0.295,0,37.30,93.30,1,knuckle,relative
217054.0615,1,1090.32,194.51,1331.81,982.00,0.291,0,20.75,80.81,1,knuckle,relative
217054.0949,1,1081.47,197.91,1327.83,982.00,0.288,0,21.01,84.57,1,knuckle,relative
217054.1282,1,1060.98,172.62,1325.23,981.56,0.307,0,36.68,93.73,1,knuckle,relative
217054.1616,1,1042.48,184.39,1322.39,982.00,0.312,0,21.91,87.77,1,knuckle,relative
217054.1949,1,1038.92,143.79,1319.80,977.67,0.319,0,20.95,89.04,1,knuckle,relative
217054.2283,1,1031.36,168.25,1317.93,978.00,0.296,0,19.72,84.47,1,knuckle,relative
217054.2616,1,1022.00,100.23,1315.31,970.12,0.327,0,23.18,91.71,1,knuckle,relative
217054.2950,1,994.46,90.88,1312.27,965.66,0.351,0,22.39,84.66,1,knuckle,relative
217054.3283,1,983.75,25.46,1309.10,959.15,0.390,0,34.03,96.64,1,knuckle,relative
217054.3617,1,988.06,55.01,1307.58,955.72,0.426,0,23.13,86.63,1,knuckle,relative
217054.3950,1,979.57,36.29,1305.94,950.74,0.410,0,17.76,80.33,1,knuckle,relative
217054.4284,1,997.35,20.11,1305.66,945.01,0.361,0,26.13,91.23,1,knuckle,relative
217054.4617,1,959.55,50.68,1303.98,943.93,0.179,0,25.50,86.10,1,knuckle,relative
217054.4951,1,974.21,32.39,1303.35,941.88,0.120,1,21.75,82.22,1,knuckle,relative
217054.5284,1,970.89,6.30,1302.71,938.08,0.151,1,23.05,85.48,1,knuckle,relative
217054.5618,1,959.96,0.00,1301.77,934.15,0.139,1,26.78,85.85,1,knuckle,relative
217054.5951,1,949.46,0.74,1300.74,932.26,0.139,1,30.06,89.59,1,knuckle,relative
217054.6285,1,956.58,20.57,1300.74,932.26,0.135,1,22.75,79.18,1,knuckle,relative
217054.6618,1,956.90,2.69,1300.59,931.77,0.132,1,30.99,88.58,1,knuckle,relative
217054.6952,1,963.34,0.00,1300.58,931.51,0.135,1,22.99,78.42,1,knuckle,relative
217054.7285,1,965.02,8.49,1300.58,931.51,0.124,1,34.09,89.43,1,knuckle,relative
217054.7619,1,978.64,0.00,1301.01,929.34,0.139,1,27.83,84.13,1,knuckle,relative
217054.7952,1,971.66,1.14,1301.01,929.34,0.143,1,30.32,81.88,1,knuckle,relative
217054.8286,1,993.35,0.00,1301.01,929.34,0.127,1,37.27,87.40,1,knuckle,relative
217054.8619,1,962.30,0.00,1300.72,927.66,0.143,1,33.83,88.82,1,knuckle,relative
217054.8953,1,953.33,0.00,1300.72,927.66,0.152,1,25.67,82.85,1,knuckle,relative
217054.9286,1,977.78,38.93,1301.01,929.90,0.164,1,32.91,90.20,1,knuckle,relative
217054.9620,1,1010.84,68.28,1302.32,933.76,0.354,0,30.05,87.18,1,knuckle,relative
217054.9953,1,991.99,62.93,1302.76,936.63,0.483,0,26.81,84.35,1,knuckle,relative
217055.0287,1,991.84,8.48,1302.83,936.45,0.563,0,36.10,92.55,1,knuckle,relative
217055.0620,1,996.65,60.13,1303.26,938.62,0.575,0,20.12,79.51,1,knuckle,relative
217055.0954,1,999.89,44.77,1303.27,938.65,0.596,0,28.01,86.23,1,knuckle,relative
217055.1287,1,996.23,58.31,1303.50,939.91,0.565,0,27.89,85.50,1,knuckle,relative
217055.1621,1,992.33,51.84,1303.50,939.91,0.581,0,28.60,86.31,1,knuckle,relative
217055.1954,1,1000.46,78.09,1303.80,942.11,0.570,0,28.53,89.81,1,knuckle,relative
217055.2288,1,977.41,32.51,1303.64,941.69,0.542,0,21.43,81.51,1,knuckle,relative
217055.2621,1,969.04,53.87,1303.64,941.69,0.535,0,27.29,88.34,1,knuckle,relative
217055.2955,1,949.17,37.50,1303.11,941.40,0.513,0,22.64,80.29,1,knuckle,relative
217055.3288,1,912.20,35.91,1300.91,940.89,0.504,0,24.53,82.85,1,knuckle,relative
217055.3622,1,885.83,31.24,1297.90,940.27,0.514,0,28.79,83.95,1,knuckle,relative
217055.3955,1,822.89,34.34,1290.53,939.78,0.515,0,35.74,91.55,1,knuckle,relative
217055.4289,1,762.98,27.38,1276.34,938.53,0.509,0,18.18,78.45,1,knuckle,relative
217055.4622,1,709.91,17.07,1257.03,935.98,0.498,0,29.69,90.27,1,knuckle,relative
217055.4956,1,626.94,14.13,1221.52,932.43,0.511,0,19.37,76.49,1,knuckle,relative
217055.5289,1,561.90,41.24,1183.01,934.40,0.510,0,30.14,90.34,1,knuckle,relative
217055.5623,1,518.49,46.98,1155.37,936.38,0.492,0,19.84,77.05,1,knuckle,relative
217055.5956,1,456.46,42.48,1126.44,937.39,0.494,0,34.12,91.51,1,knuckle,relative
217055.6290,1,471.21,27.77,1120.50,936.90,0.508,0,21.42,79.83,1,knuckle,relative
217055.6623,1,423.39,29.14,1111.93,936.52,0.500,0,32.05,88.34,1,knuckle,relative
217055.6957,1,380.28,58.68,1102.09,938.45,0.484,0,30.11,85.34,1,knuckle,relative
217055.7290,1,374.63,67.64,1097.51,940.27,0.486,0,28.10,80.26,1,knuckle,relative
217055.7624,1,346.70,70.04,1092.83,941.96,0.481,0,39.74,91.04,1,knuckle,relative
217055.7957,1,337.49,65.26,1089.83,942.86,0.476,0,26.03,84.00,1,knuckle,relative
217055.8291,1,298.68,57.12,1085.29,943.10,0.483,0,27.22,84.00,1,knuckle,relative
217055.8624,1,258.61,89.72,1078.66,946.06,0.480,0,42.99,104.19,1,knuckle,relative
217055.8958,1,222.65,76.63,1071.69,947.23,0.462,0,22.89,93.94,1,knuckle,relative
217055.9291,1,181.29,102.64,1062.63,951.02,0.457,0,26.88,90.80,1,knuckle,relative
217055.9625,1,114.40,94.46,1046.59,953.67,0.474,0,23.30,82.41,1,knuckle,relative
217055.9958,1,66.50,129.69,1028.12,961.93,0.449,0,27.89,87.60,1,knuckle,relative
217056.0292,1,6.07,145.45,1004.46,972.53,0.458,0,23.31,79.16,1,knuckle,relative
217056.0625,1,0.00,130.91,937.37,980.37,0.464,0,33.44,89.59,1,knuckle,relative
217056.0959,1,0.00,180.79,879.60,982.00,0.456,0,26.45,82.97,1,knuckle,relative
217056.1292,1,0.00,240.86,808.66,982.00,0.424,0,31.74,82.67,1,knuckle,relative
217056.1626,1,0.00,225.60,784.77,982.00,0.418,0,36.01,85.59,1,knuckle,relative
217056.1959,1,0.00,229.05,751.52,982.00,0.423,0,34.26,88.31,1,knuckle,relative
217056.2293,1,0.00,181.05,699.57,974.88,0.434,0,33.10,88.45,1,knuckle,relative
217056.2626,1,0.00,207.87,671.97,977.35,0.429,0,25.51,80.82,1,knuckle,relative
217056.2960,1,0.00,248.16,662.25,982.00,0.425,0,39.95,91.21,1,knuckle,relative
217056.3293,1,0.00,220.43,648.77,982.00,0.420,0,21.12,79.11,1,knuckle,relative
217056.3627,1,0.00,220.59,638.15,982.00,0.426,0,38.60,94.48,1,knuckle,relative
217056.3960,1,0.00,225.24,632.04,982.00,0.432,0,20.30,81.70,1,knuckle,relative
217056.4294,1,0.00,197.06,626.03,980.28,0.420,0,22.83,83.75,1,knuckle,relative
217056.4627,1,0.00,218.00,624.30,980.49,0.411,0,26.42,85.89,1,knuckle,relative
217056.4961,1,0.00,194.44,622.15,979.44,0.406,0,21.69,81.22,1,knuckle,relative
217056.5294,1,0.00,183.80,617.67,978.02,0.401,0,26.19,84.94,1,knuckle,relative
217056.5628,1,0.00,159.10,617.00,975.55,0.409,0,22.67,82.99,1,knuckle,relative
217056.5961,1,0.00,187.78,617.00,975.55,0.399,0,31.08,89.26,1,knuckle,relative
217056.6295,1,0.00,187.85,617.00,975.55,0.398,0,21.58,78.42,1,knuckle,relative
217056.6628,1,0.00,149.65,617.16,972.98,0.400,0,24.53,81.93,1,knuckle,relative
217056.6962,1,0.00,171.84,617.16,972.98,0.385,0,29.41,84.43,1,knuckle,relative
217056.7295,1,0.00,153.23,616.45,971.34,0.390,0,34.88,89.03,1,knuckle,relative
217056.7629,1,0.00,118.52,614.44,966.96,0.392,0,19.81,76.46,1,knuckle,relative
217056.7962,1,0.00,98.05,610.41,960.57,0.392,0,29.49,87.77,1,knuckle,relative
217056.8296,1,0.00,78.55,603.85,952.22,0.404,0,25.91,81.16,1,knuckle,relative
217056.8629,1,0.00,106.22,600.53,950.92,0.394,0,27.75,83.36,1,knuckle,relative
217056.8963,1,0.00,57.07,592.05,942.16,0.407,0,31.72,85.29,1,knuckle,relative
217056.9296,1,0.00,45.85,585.66,935.32,0.399,0,36.34,89.29,1,knuckle,relative
217056.9630,1,0.00,36.72,575.64,928.59,0.389,0,22.30,83.45,1,knuckle,relative
217056.9963,1,0.00,18.70,571.30,923.00,0.385,0,29.14,92.15,1,knuckle,relative
217057.0297,1,0.00,17.29,568.59,919.88,0.380,0,17.50,76.85,1,knuckle,relative
217057.0630,1,0.00,0.00,568.26,914.56,0.367,0,24.75,84.07,1,knuckle,relative
217057.0964,1,0.00,0.00,570.88,910.56,0.368,0,21.21,78.24,1,knuckle,relative
217057.1297,1,0.00,0.00,572.89,907.98,0.361,0,27.90,87.00,1,knuckle,relative
217057.1631,1,0.00,0.00,576.80,907.46,0.343,0,28.35,83.62,1,knuckle,relative
217057.1964,1,0.00,0.00,586.95,903.70,0.348,0,34.33,96.47,1,knuckle,relative
217057.2298,1,0.00,0.00,625.32,889.37,0.327,0,18.73,82.13,1,knuckle,relative
217057.2631,1,0.00,0.00,667.94,772.86,0.326,0,24.14,87.05,1,knuckle,relative
217057.2965,1,0.00,0.00,728.57,667.10,0.295,0,22.75,83.14,1,knuckle,relative
217057.3298,1,0.00,0.00,825.74,471.19,,0,32.30,94.53,1,knuckle,relative
217057.3632,0,825.74,471.19,825.74,471.19,,0,19.33,80.85,1,knuckle,relative
217057.3965,0,825.74,471.19,825.74,471.19,,0,37.04,96.09,1,knuckle,relative
217057.4299,0,825.74,471.19,825.74,471.19,,0,14.61,77.57,1,knuckle,relative
217057.4632,0,825.74,471.19,825.74,471.19,,0,13.06,72.97,1,knuckle,relative
217057.4966,0,825.74,471.19,825.74,471.19,,0,23.51,85.16,1,knuckle,relative
217057.5299,0,825.74,471.19,825.74,471.19,,0,14.30,70.48,1,knuckle,relative
217057.5633,0,825.74,471.19,825.74,471.19,,0,26.60,84.27,1,knuckle,relative
217057.5966,0,825.74,471.19,825.74,471.19,,0,12.02,68.69,1,knuckle,relative
217057.6300,0,825.74,471.19,825.74,471.19,,0,20.99,81.45,1,knuckle,relative
217057.6633,0,825.74,471.19,825.74,471.19,,0,11.70,72.85,1,knuckle,relative
217057.6967,0,825.74,471.19,825.74,471.19,,0,11.60,74.35,1,knuckle,relative
217057.7300,0,825.74,471.19,825.74,471.19,,0,17.39,76.57,1,knuckle,relative
217057.7634,0,825.74,471.19,825.74,471.19,,0,21.25,80.02,1,knuckle,relative
217057.7967,0,825.74,471.19,825.74,471.19,,0,16.91,75.65,1,knuckle,relative
217057.8301,0,825.74,471.19,825.74,471.19,,0,18.43,78.59,1,knuckle,relative
217057.8634,0,825.74,471.19,825.74,471.19,,0,30.38,87.89,1,knuckle,relative
217057.8968,0,825.74,471.19,825.74,471.19,,0,11.86,79.89,1,knuckle,relative
217057.9301,0,825.74,471.19,825.74,471.19,,0,12.16,83.12,1,knuckle,relative
217057.9635,0,825.74,471.19,825.74,471.19,,0,10.92,77.38,1,knuckle,relative
217057.9968,0,825.74,471.19,825.74,471.19,,0,10.31,79.62,1,knuckle,relative
217058.0302,0,825.74,471.19,825.74,471.19,,0,12.38,78.15,1,knuckle,relative
217058.0635,0,825.74,471.19,825.74,471.19,,0,12.36,79.11,1,knuckle,relative
217058.0969,0,825.74,471.19,825.74,471.19,,0,10.25,75.95,1,knuckle,relative
217058.1302,0,825.74,471.19,825.74,471.19,,0,11.08,78.11,1,knuckle,relative
217058.1636,0,825.74,471.19,825.74,471.19,,0,13.71,77.77,1,knuckle,relative
217058.1969,0,825.74,471.19,825.74,471.19,,0,13.15,77.14,1,knuckle,relative
217058.2303,0,825.74,471.19,825.74,471.19,,0,23.80,87.36,1,knuckle,relative
217058.2636,0,825.74,471.19,825.74,471.19,,0,11.66,73.75,1,knuckle,relative
217058.2970,0,825.74,471.19,825.74,471.19,,0,12.27,77.18,1,knuckle,relative
217058.3303,0,825.74,471.19,825.74,471.19,,0,16.58,76.11,1,knuckle,relative
217058.3637,0,825.74,471.19,825.74,471.19,,0,24.93,84.85,1,knuckle,relative
217058.3970,0,825.74,471.19,825.74,471.19,,0,7.61,66.82,1,knuckle,relative
217058.4304,0,825.74,471.19,825.74,471.19,,0,13.12,75.62,1,knuckle,relative
217058.4637,0,825.74,471.19,825.74,471.19,,0,14.87,72.75,1,knuckle,relative
217058.4971,0,825.74,471.19,825.74,471.19,,0,18.08,75.92,1,knuckle,relative
217058.5304,0,825.74,471.19,825.74,471.19,,0,19.87,77.41,1,knuckle,relative
217058.5638,0,825.74,471.19,825.74,471.19,,0,18.11,74.52,1,knuckle,relative
217058.5971,0,825.74,471.19,825.74,471.19,,0,25.44,81.20,1,knuckle,relative
217058.6305,0,825.74,471.19,825.74,471.19,,0,18.31,73.45,1,knuckle,relative
217058.6638,0,825.74,471.19,825.74,471.19,,0,23.62,76.95,1,knuckle,relative
217058.6972,0,825.74,471.19,825.74,471.19,,0,27.86,80.28,1,knuckle,relative
217058.7305,0,825.74,471.19,825.74,471.19,,0,21.70,75.07,1,knuckle,relative
217058.7639,0,825.74,471.19,825.74,471.19,,0,31.04,84.41,1,knuckle,relative
217058.7972,0,825.74,471.19,825.74,471.19,,0,18.92,79.10,1,knuckle,relative
217058.8306,0,825.74,471.19,825.74,471.19,,0,18.16,78.09,1,knuckle,relative
217058.8639,0,825.74,471.19,825.74,471.19,,0,17.71,77.80,1,knuckle,relative
217058.8973,0,825.74,471.19,825.74,471.19,,0,20.32,76.95,1,knuckle,relative
217058.9306,0,825.74,471.19,825.74,471.19,,0,26.57,81.52,1,knuckle,relative
217058.9640,0,825.74,471.19,825.74,471.19,,0,16.66,78.12,1,knuckle,relative
217058.9973,0,825.74,471.19,825.74,471.19,,0,27.49,89.67,1,knuckle,relative
217059.0307,0,825.74,471.19,825.74,471.19,,0,9.17,71.91,1,knuckle,relative
217059.0640,0,825.74,471.19,825.74,471.19,,0,9.75,75.38,1,knuckle,relative
217059.0974,0,825.74,471.19,825.74,471.19,,0,17.54,77.78,1,knuckle,relative
217059.1307,0,825.74,471.19,825.74,471.19,,0,20.15,80.30,1,knuckle,relative
217059.1641,0,825.74,471.19,825.74,471.19,,0,16.59,75.95,1,knuckle,relative
217059.1974,0,825.74,471.19,825.74,471.19,,0,18.12,77.33,1,knuckle,relative
217059.2308,0,825.74,471.19,825.74,471.19,,0,22.11,81.07,1,knuckle,relative
217059.2641,0,825.74,471.19,825.74,471.19,,0,13.98,72.55,1,knuckle,relative
217059.2975,0,825.74,471.19,825.74,471.19,,0,25.10,85.48,1,knuckle,relative
217059.3308,0,825.74,471.19,825.74,471.19,,0,9.79,76.71,1,knuckle,relative
217059.3642,0,825.74,471.19,825.74,471.19,,0,12.76,78.80,1,knuckle,relative
217059.3975,0,825.74,471.19,825.74,471.19,,0,8.05,75.70,1,knuckle,relative
217059.4309,0,825.74,471.19,825.74,471.19,,0,14.22,80.81,1,knuckle,relative
217059.4642,0,825.74,471.19,825.74,471.19,,0,11.37,81.07,1,knuckle,relative
217059.4976,0,825.74,471.19,825.74,471.19,,0,13.24,78.55,1,knuckle,relative
217059.5309,0,825.74,471.19,825.74,471.19,,0,13.23,81.16,1,knuckle,relative
217059.5643,0,825.74,471.19,825.74,471.19,,0,11.43,76.40,1,knuckle,relative
217059.5976,0,825.74,471.19,825.74,471.19,,0,15.93,82.23,1,knuckle,relative
217059.6310,0,825.74,471.19,825.74,471.19,,0,12.66,75.84,1,knuckle,relative
217059.6643,0,825.74,471.19,825.74,471.19,,0,16.46,78.66,1,knuckle,relative
217059.6977,0,825.74,471.19,825.74,471.19,,0,16.92,77.21,1,knuckle,relative
217059.7310,0,825.74,471.19,825.74,471.19,,0,21.75,82.31,1,knuckle,relative
217059.7644,0,825.74,471.19,825.74,471.19,,0,17.35,74.35,1,knuckle,relative
217059.7977,0,825.74,471.19,825.74,471.19,,0,20.21,76.04,1,knuckle,relative
217059.8311,0,825.74,471.19,825.74,471.19,,0,22.17,77.75,1,knuckle,relative
217059.8644,0,825.74,471.19,825.74,471.19,,0,18.94,74.47,1,knuckle,relative
217059.8978,0,825.74,471.19,825.74,471.19,,0,28.02,84.03,1,knuckle,relative
217059.9311,0,825.74,471.19,825.74,471.19,,0,19.60,80.94,1,knuckle,relative
217059.9645,0,825.74,471.19,825.74,471.19,,0,17.29,79.00,1,knuckle,relative
217059.9978,0,825.74,471.19,825.74,471.19,,0,19.27,79.98,1,knuckle,relative
217060.0312,0,825.74,471.19,825.74,471.19,,0,22.10,80.88,1,knuckle,relative
217060.0645,0,825.74,471.19,825.74,471.19,,0,13.33,72.13,1,knuckle,relative
217060.0979,0,825.74,471.19,825.74,471.19,,0,28.73,89.51,1,knuckle,relative
217060.1312,0,825.74,471.19,825.74,471.19,,0,10.32,74.31,1,knuckle,relative
217060.1646,0,825.74,471.19,825.74,471.19,,0,19.02,86.37,1,knuckle,relative
217060.1979,0,825.74,471.19,825.74,471.19,,0,14.37,79.77,1,knuckle,relative
217060.2313,0,825.74,471.19,825.74,471.19,,0,18.86,82.82,1,knuckle,relative
217060.2646,0,825.74,471.19,825.74,471.19,,0,13.59,78.07,1,knuckle,relative
217060.2980,0,825.74,471.19,825.74,471.19,,0,14.17,76.33,1,knuckle,relative
217060.3313,0,825.74,471.19,825.74,471.19,,0,16.79,78.04,1,knuckle,relative
217060.3647,0,825.74,471.19,825.74,471.19,,0,19.14,79.93,1,knuckle,relative
217060.3980,0,825.74,471.19,825.74,471.19,,0,14.78,75.53,1,knuckle,relative
217060.4314,0,825.74,471.19,825.74,471.19,,0,21.94,85.03,1,knuckle,relative
217060.4647,0,825.74,471.19,825.74,471.19,,0,8.54,68.94,1,knuckle,relative
217060.4981,0,825.74,471.19,825.74,471.19,,0,23.38,83.91,1,knuckle,relative
217060.5314,0,825.74,471.19,825.74,471.19,,0,12.08,75.26,1,knuckle,relative
217060.5648,0,825.74,471.19,825.74,471.19,,0,11.53,76.71,1,knuckle,relative
217060.5981,0,825.74,471.19,825.74,471.19,,0,25.10,86.48,1,knuckle,relative
217060.6315,0,825.74,471.19,825.74,471.19,,0,11.40,71.98,1,knuckle,relative
217060.6648,0,825.74,471.19,825.74,471.19,,0,13.22,73.26,1,knuckle,relative
217060.6982,0,825.74,471.19,825.74,471.19,,0,12.34,81.03,1,knuckle,relative
217060.7315,0,825.74,471.19,825.74,471.19,,0,10.85,81.57,1,knuckle,relative
217060.7649,0,825.74,471.19,825.74,471.19,,0,16.66,85.08,1,knuckle,relative
217060.7982,0,825.74,471.19,825.74,471.19,,0,12.85,81.26,1,knuckle,relative
217060.8316,0,825.74,471.19,825.74,471.19,,0,14.47,81.16,1,knuckle,relative
217060.8649,0,825.74,471.19,825.74,471.19,,0,12.11,79.15,1,knuckle,relative
217060.8983,0,825.74,471.19,825.74,471.19,,0,12.04,75.62,1,knuckle,relative
217060.9316,0,825.74,471.19,825.74,471.19,,0,16.06,79.24,1,knuckle,relative
217060.9650,0,825.74,471.19,825.74,471.19,,0,18.31,80.18,1,knuckle,relative
217060.9983,0,825.74,471.19,825.74,471.19,,0,15.69,77.65,1,knuckle,relative
217061.0317,0,825.74,471.19,825.74,471.19,,0,17.81,79.40,1,knuckle,relative
217061.0650,0,825.74,471.19,825.74,471.19,,0,18.53,79.05,1,knuckle,relative
217061.0984,0,825.74,471.19,825.74,471.19,,0,17.38,78.75,1,knuckle,relative
217061.1317,0,825.74,471.19,825.74,471.19,,0,13.67,71.61,1,knuckle,relative
217061.1651,0,825.74,471.19,825.74,471.19,,0,22.08,80.15,1,knuckle,relative
217061.1984,0,825.74,471.19,825.74,471.19,,0,30.62,86.47,1,knuckle,relative
217061.2318,0,825.74,471.19,825.74,471.19,,0,9.61,72.42,1,knuckle,relative
217061.2651,0,825.74,471.19,825.74,471.19,,0,23.10,84.42,1,knuckle,relative
217061.2985,0,825.74,471.19,825.74,471.19,,0,16.79,77.43,1,knuckle,relative
217061.3318,0,825.74,471.19,825.74,471.19,,0,13.96,74.76,1,knuckle,relative
217061.3652,0,825.74,471.19,825.74,471.19,,0,19.02,77.90,1,knuckle,relative
217061.3985,0,825.74,471.19,825.74,471.19,,0,23.29,80.85,1,knuckle,relative
217061.4319,0,825.74,471.19,825.74,471.19,,0,20.96,77.29,1,knuckle,relative
217061.4652,0,825.74,471.19,825.74,471.19,,0,28.38,85.57,1,knuckle,relative
217061.4986,0,825.74,471.19,825.74,471.19,,0,10.46,69.54,1,palm,relative
217061.5319,0,825.74,471.19,825.74,471.19,,0,14.89,76.94,1,palm,relative
217061.5653,0,825.74,471.19,825.74,471.19,,0,22.28,79.82,1,palm,relative
217061.5986,0,825.74,471.19,825.74,471.19,,0,19.66,76.64,1,palm,relative
217061.6320,0,825.74,471.19,825.74,471.19,,0,22.52,79.47,1,palm,relative
217061.6653,0,825.74,471.19,825.74,471.19,,0,19.18,76.65,1,palm,relative
217061.6987,0,825.74,471.19,825.74,471.19,,0,33.49,91.07,1,palm,relative
217061.7320,1,1144.02,0.00,825.74,471.19,,0,23.05,81.00,1,palm,relative
217061.7654,0,825.74,471.19,825.74,471.19,,0,36.36,91.34,1,palm,relative
217061.7987,1,1288.83,0.00,894.40,982.00,0.324,0,26.35,84.57,1,palm,relative
217061.8321,1,1305.53,0.00,923.05,982.00,0.345,0,30.02,86.75,1,palm,relative
217061.8654,1,1365.48,0.00,962.75,982.00,0.420,0,26.26,83.02,1,palm,relative
217061.8988,1,1393.26,0.00,998.46,982.00,0.479,0,31.63,86.40,1,palm,relative
217061.9321,1,1416.21,24.98,1028.34,982.00,0.445,0,27.96,82.35,1,palm,relative
217061.9655,1,1435.58,51.68,1041.80,982.00,0.443,0,35.49,89.25,1,palm,relative
217061.9988,1,1437.84,38.65,1044.63,982.00,0.412,0,24.04,80.78,1,palm,relative
217062.0322,1,1439.79,35.80,1046.46,981.70,0.416,0,25.11,82.65,1,palm,relative
217062.0655,1,1434.12,41.15,1046.76,981.93,0.399,0,50.01,103.84,1,palm,relative
217062.0989,1,1443.39,59.42,1047.81,982.00,0.388,0,24.34,95.04,1,palm,relative
217062.1322,1,1445.98,75.22,1048.67,982.00,0.381,0,28.47,91.05,1,palm,relative
217062.1656,1,1431.26,87.09,1048.58,982.00,0.367,0,24.85,83.45,1,palm,relative
217062.1989,1,1429.91,30.44,1048.44,975.38,0.386,0,27.89,88.17,1,palm,relative
217062.2323,1,1427.36,67.72,1048.34,976.15,0.372,0,27.32,83.89,1,palm,relative
217062.2656,1,1432.01,90.21,1048.38,979.19,0.368,0,32.87,89.53,1,palm,relative
217062.2990,1,1418.21,78.48,1048.38,979.19,0.371,0,30.08,86.48,1,palm,relative
217062.3323,1,1419.93,50.47,1048.12,977.23,0.374,0,32.70,87.06,1,palm,relative
217062.3657,1,1431.33,44.34,1048.26,975.59,0.379,0,28.40,82.34,1,palm,relative
217062.3990,1,1427.07,62.95,1048.26,975.59,0.370,0,33.89,85.12,1,palm,relative
217062.4324,1,1417.65,80.27,1048.05,976.59,0.370,0,32.41,90.12,1,palm,relative
217062.4657,1,1426.04,94.26,1048.06,978.52,0.353,0,27.85,84.88,1,palm,relative
217062.4991,1,1404.28,89.27,1047.80,978.99,0.374,0,31.56,87.36,1,palm,relative
217062.5324,1,1381.99,123.77,1046.53,982.00,0.367,0,39.56,95.27,1,palm,relative
217062.5658,1,1355.16,126.26,1044.48,982.00,0.368,0,19.17,89.47,1,palm,relative
217062.5991,1,1322.34,148.19,1040.76,982.00,0.374,0,22.35,95.57,1,palm,relative
217062.6325,1,1276.00,186.12,1031.81,982.00,0.366,0,16.79,87.57,1,palm,relative
217062.6658,1,1244.81,244.38,1015.01,982.00,0.363,0,19.29,89.86,1,palm,relative
217062.6992,1,1181.82,256.19,992.81,982.00,0.351,0,38.32,113.62,1,palm,relative
217062.7325,1,1144.99,277.72,972.01,982.00,0.335,0,40.04,120.57,1,palm,relative
217062.7659,1,1094.06,278.86,952.39,982.00,0.333,0,22.89,110.72,1,palm,relative
217062.7992,1,1034.39,301.78,926.68,982.00,0.339,0,38.05,115.66,1,palm,relative
217062.8326,1,978.43,320.67,899.06,982.00,0.327,0,34.79,117.33,1,palm,relative
217062.8659,1,907.72,325.49,866.01,982.00,0.324,0,34.38,118.57,1,palm,relative
217062.8993,1,841.73,346.41,829.44,982.00,0.322,0,29.09,115.35,1,palm,relative
217062.9326,1,802.37,361.72,804.76,982.00,0.311,0,33.26,115.85,1,palm,relative
217062.9660,1,743.45,374.89,778.95,982.00,0.306,0,40.21,122.92,1,palm,relative
217062.9993,1,710.39,384.08,762.78,982.00,0.299,0,16.15,105.84,1,palm,relative
217063.0327,1,661.15,390.11,746.72,982.00,0.317,0,18.81,91.43,1,palm,relative
217063.0660,1,636.33,391.89,737.33,982.00,0.308,0,24.76,83.14,1,palm,relative
217063.0994,1,615.04,403.21,730.95,982.00,0.302,0,46.20,102.91,1,palm,relative
217063.1327,1,589.30,411.82,725.42,982.00,0.297,0,24.91,94.73,1,palm,relative
217063.1661,1,585.85,410.11,722.62,982.00,0.295,0,21.57,89.52,1,palm,relative
217063.1994,1,573.11,431.90,720.09,982.00,0.305,0,20.41,79.53,1,palm,relative
217063.2328,1,571.07,422.05,718.56,982.00,0.306,0,28.22,88.50,1,palm,relative
217063.2661,1,582.16,422.81,718.56,982.00,0.299,0,27.99,84.61,1,palm,relative
217063.2995,1,581.66,421.79,718.56,982.00,0.296,0,31.66,87.22,1,palm,relative
217063.3328,1,590.84,428.66,718.56,982.00,0.289,0,28.58,84.25,1,palm,relative
217063.3662,1,612.18,415.68,718.67,981.97,0.290,0,31.25,86.89,1,palm,relative
217063.3995,1,627.45,432.61,719.67,982.00,0.292,0,23.50,77.86,1,palm,relative
217063.4329,1,628.87,422.48,719.69,982.00,0.289,0,33.24,86.67,1,palm,relative
217063.4662,1,630.65,417.40,719.69,982.00,0.281,0,24.53,78.08,1,palm,relative
217063.4996,1,627.45,431.16,719.69,982.00,0.296,0,37.14,89.25,1,palm,relative
217063.5329,1,618.60,426.53,719.69,982.00,0.291,0,23.88,80.51,1,palm,relative
217063.5663,1,607.18,437.44,719.69,982.00,0.297,0,34.63,92.04,1,palm,relative
217063.5996,1,557.18,452.41,717.93,982.00,0.309,0,19.99,78.89,1,palm,relative
217063.6330,1,519.68,462.42,714.73,982.00,0.309,0,32.61,91.32,1,palm,relative
217063.6663,1,489.58,477.18,710.12,982.00,0.304,0,19.93,78.12,1,palm,relative
217063.6997,1,446.60,485.74,702.76,982.00,0.285,0,29.80,86.83,1,palm,relative
217063.7330,1,405.24,497.05,692.70,982.00,0.287,0,36.52,90.17,1,palm,relative
217063.7664,1,345.32,508.35,675.87,982.00,0.282,0,20.38,82.07,1,palm,relative
217063.7997,1,328.21,503.48,665.79,982.00,0.287,0,20.56,84.95,1,palm,relative
217063.8331,1,269.04,525.27,649.28,982.00,0.290,0,29.44,89.33,1,palm,relative
217063.8664,1,226.55,514.64,634.38,982.00,0.284,0,21.13,81.24,1,palm,relative
217063.8998,1,215.17,507.24,627.12,982.00,0.296,0,26.05,87.36,1,palm,relative
217063.9331,1,172.94,519.39,618.29,982.00,0.285,0,27.74,85.39,1,palm,relative
217063.9665,1,158.16,506.48,612.99,981.90,0.281,0,28.73,86.51,1,palm,relative
217063.9998,1,151.99,498.96,609.86,981.39,0.287,0,27.19,83.37,1,palm,relative
217064.0332,1,141.52,487.15,607.41,980.42,0.280,0,31.35,88.02,1,palm,relative
217064.0665,1,151.58,483.46,606.71,979.82,0.277,0,31.83,86.73,1,palm,relative
217064.0999,1,125.85,485.76,604.82,979.26,0.274,0,35.17,88.82,1,palm,relative
217064.1332,1,132.90,483.44,604.58,979.11,0.278,0,27.12,82.81,1,palm,relative
217064.1666,1,136.61,483.20,604.58,979.11,0.275,0,35.26,85.55,1,palm,relative
217064.1999,1,123.24,465.00,603.71,977.72,0.275,0,27.95,81.51,1,palm,relative
217064.2333,1,77.26,452.74,600.92,975.71,0.265,0,39.05,91.34,1,palm,relative
217064.2666,1,49.89,428.00,596.93,971.67,0.258,0,26.84,86.15,1,palm,relative
217064.3000,1,0.00,356.63,566.53,939.66,0.248,0,25.35,85.07,1,palm,relative
217064.3333,1,0.00,261.02,459.48,838.97,0.267,0,27.79,86.53,1,palm,relative
217064.3667,1,0.00,163.78,357.72,699.42,0.262,0,21.74,81.70,1,palm,relative
217064.4000,1,0.00,70.30,212.84,542.24,0.272,0,26.14,84.89,1,palm,relative
217064.4334,1,0.00,4.21,49.20,404.23,0.269,0,28.91,88.57,1,palm,relative
217064.4667,1,0.00,0.00,0.00,302.25,0.262,0,36.71,93.55,1,palm,relative
217064.5001,1,0.00,0.00,0.00,233.07,0.260,0,16.11,76.58,1,palm,relative
217064.5334,1,0.00,0.00,0.00,195.60,0.273,0,26.59,90.92,1,palm,relative
217064.5668,1,0.00,0.00,0.00,179.96,0.271,0,19.47,77.27,1,palm,relative
217064.6001,1,0.00,0.00,0.00,177.07,0.270,0,33.27,91.92,1,palm,relative
217064.6335,1,0.00,0.00,0.00,172.55,0.265,0,19.10,77.86,1,palm,relative
217064.6668,1,0.00,0.00,0.00,169.72,0.266,0,32.35,89.84,1,palm,relative
217064.7002,1,0.00,0.00,0.00,165.83,0.270,0,25.65,82.35,1,palm,relative
217064.7335,1,0.00,0.00,0.00,165.57,0.279,0,36.16,87.87,1,palm,relative
217064.7669,1,0.00,0.00,1.47,166.22,0.277,0,22.77,79.71,1,palm,relative
217064.8002,1,0.00,0.00,3.00,172.01,0.276,0,34.23,91.52,1,palm,relative
217064.8336,1,0.00,7.38,4.93,179.94,0.278,0,24.88,83.31,1,palm,relative
217064.8669,1,0.00,61.41,13.23,218.02,0.274,0,47.48,105.68,1,palm,relative
217064.9003,1,0.00,160.92,36.50,340.85,0.281,0,42.71,115.38,1,palm,relative
217064.9336,1,0.00,290.04,84.73,526.18,0.263,0,34.57,116.90,1,palm,relative
217064.9670,1,0.00,419.02,151.70,743.17,0.258,0,42.14,125.95,1,palm,relative
217065.0003,1,0.00,541.12,232.26,961.50,0.262,0,27.22,120.04,1,palm,relative
217065.0337,1,0.00,602.17,279.67,982.00,0.255,0,43.28,130.18,1,palm,relative
217065.0670,1,0.00,702.97,330.72,982.00,0.271,0,19.63,116.76,1,palm,relative
217065.1004,1,0.00,771.20,386.54,982.00,0.234,0,33.66,117.29,1,palm,relative
217065.1337,1,0.00,807.26,435.92,982.00,0.240,0,42.50,127.02,1,palm,relative
217065.1671,1,0.00,826.60,462.88,982.00,0.228,0,19.62,113.55,1,palm,relative
217065.2338,1,0.00,875.46,475.57,982.00,0.241,0,29.01,87.58,1,palm,relative
217065.2671,1,0.00,861.85,475.72,982.00,0.247,0,27.80,86.48,1,palm,relative
217065.3005,1,0.00,872.72,474.60,982.00,0.251,0,30.92,87.07,1,palm,relative
217065.3338,1,0.00,909.32,472.11,982.00,0.255,0,24.11,79.12,1,palm,relative
217065.3672,1,0.00,924.74,467.63,982.00,0.265,0,36.42,92.01,1,palm,relative
217065.4005,1,0.00,952.32,461.77,982.00,0.283,0,25.75,84.76,1,palm,relative
217065.4339,1,0.00,982.00,447.23,982.00,0.282,0,27.18,81.56,1,palm,relative
217065.4672,1,0.00,982.00,415.96,982.00,0.257,0,30.99,85.52,1,palm,relative
217065.5006,1,0.00,982.00,370.14,982.00,0.239,0,32.55,84.95,1,palm,relative
217065.5339,1,0.00,982.00,315.08,982.00,0.269,0,37.05,88.90,1,palm,relative
217065.5673,1,0.00,982.00,251.92,982.00,0.261,0,18.45,79.19,1,palm,relative
217065.6006,1,0.00,982.00,192.80,982.00,0.259,0,22.51,83.63,1,palm,relative
217065.6340,1,0.00,982.00,134.97,982.00,0.256,0,24.31,85.19,1,palm,relative
217065.6673,1,0.00,982.00,71.21,982.00,0.257,0,19.41,81.62,1,palm,relative
217065.7007,1,0.00,982.00,16.15,982.00,0.263,0,24.29,84.70,1,palm,relative
217065.7340,1,0.00,982.00,0.00,982.00,0.276,0,27.36,86.88,1,palm,relative
217065.7674,1,0.00,982.00,0.00,982.00,0.279,0,27.49,88.52,1,palm,relative
217065.8007,1,0.00,982.00,0.00,982.00,0.284,0,22.21,79.32,1,palm,relative
217065.8341,1,0.00,982.00,0.00,977.87,0.307,0,29.11,86.25,1,palm,relative
217065.8674,1,0.00,982.00,0.00,982.00,0.308,0,28.27,83.99,1,palm,relative
217065.9008,1,0.00,982.00,0.00,980.44,0.348,0,36.69,92.78,1,palm,relative
217065.9341,1,0.00,982.00,0.00,982.00,0.329,0,20.06,79.74,1,palm,relative
217065.9675,1,0.00,982.00,0.00,982.00,0.334,0,28.42,86.97,1,palm,relative
217066.0008,1,0.00,982.00,0.00,982.00,0.283,0,29.59,84.71,1,palm,relative
217066.0342,1,0.00,982.00,0.00,982.00,0.185,0,39.19,93.86,1,palm,relative
217066.0675,1,0.00,982.00,0.56,982.00,0.162,1,18.76,79.59,1,palm,relative
217066.1009,1,0.00,982.00,1.26,982.00,0.175,1,36.23,94.42,1,palm,relative
217066.1342,1,0.00,982.00,3.23,982.00,0.159,1,19.92,81.17,1,palm,relative
217066.1676,1,0.00,982.00,3.43,982.00,0.161,1,26.01,84.81,1,palm,relative
217066.2009,1,0.00,982.00,4.63,980.75,0.179,1,28.58,87.42,1,palm,relative
217066.2343,1,0.00,982.00,6.04,979.71,0.186,1,26.67,83.48,1,palm,relative
217066.2676,1,0.00,982.00,7.92,977.92,0.193,1,37.81,94.62,1,palm,relative
217066.3010,1,0.00,982.00,9.54,976.97,0.198,1,19.50,81.03,1,palm,relative
217066.3343,1,0.00,982.00,10.96,975.96,0.251,1,26.11,84.97,1,palm,relative
217066.3677,1,0.00,982.00,11.78,974.36,0.346,0,29.29,87.12,1,palm,relative
217066.4010,1,0.00,982.00,12.87,977.74,0.378,0,29.27,85.96,1,palm,relative
217066.4344,1,0.00,982.00,13.63,978.88,0.402,0,33.10,90.30,1,palm,relative
217066.4677,1,0.00,982.00,15.40,978.70,0.416,0,21.16,78.33,1,palm,relative
217066.5011,1,0.00,982.00,16.38,977.37,0.438,0,35.39,92.92,1,palm,relative
217066.5344,1,0.00,982.00,17.59,977.37,0.430,0,19.36,79.21,1,palm,relative
217066.5678,1,0.00,982.00,18.00,976.50,0.416,0,25.70,82.46,1,palm,relative
217066.6011,1,0.00,982.00,18.72,976.42,0.420,0,32.96,87.04,1,palm,relative
217066.6345,1,0.00,982.00,19.73,975.54,0.424,0,41.63,95.74,1,palm,relative
217066.6678,1,0.00,982.00,20.13,973.02,0.416,0,23.31,85.94,1,palm,relative
217066.7012,1,0.00,982.00,20.02,971.87,0.405,0,24.29,86.59,1,palm,relative
217066.7345,1,0.00,982.00,22.01,968.69,0.410,0,24.85,84.20,1,palm,relative
217066.7679,1,0.00,982.00,25.72,967.30,0.384,0,25.37,85.58,1,palm,relative
217066.8012,1,0.00,982.00,37.27,968.05,0.349,0,43.09,106.33,1,palm,relative
217066.8346,1,0.00,982.00,74.06,960.32,0.342,0,23.76,96.98,1,palm,relative
217066.8679,1,0.00,982.00,163.85,916.74,0.323,0,25.31,92.02,1,palm,relative
217066.9013,1,0.00,982.00,297.51,842.09,0.325,0,17.80,79.07,1,palm,relative
217066.9346,1,0.00,982.00,461.81,715.02,0.309,0,26.37,90.75,1,palm,relative
217066.9680,1,0.00,982.00,603.80,541.71,0.333,0,23.74,83.47,1,palm,relative
217067.0013,1,0.00,918.84,745.74,328.28,0.333,0,32.48,93.89,1,palm,relative
217067.0347,1,24.94,785.25,883.41,103.02,0.328,0,19.73,80.59,1,palm,relative
217067.0680,1,179.53,691.97,1028.44,0.00,0.349,0,27.97,90.17,1,palm,relative
217067.1014,1,277.73,631.50,1145.70,0.00,0.320,0,21.68,79.41,1,palm,relative
217067.1347,1,361.16,597.10,1241.53,0.00,0.210,0,41.05,102.07,1,palm,relative
217067.1681,1,412.47,575.96,1296.15,0.00,0.101,1,21.93,90.95,1,palm,relative
217067.2014,1,462.04,552.39,1329.99,0.00,0.089,1,21.80,86.39,1,palm,relative
217067.2348,1,499.23,545.73,1346.99,0.00,0.085,1,19.90,82.33,1,palm,relative
217067.2681,1,508.57,540.66,1352.62,0.00,0.076,1,30.63,93.89,1,palm,relative
217067.3015,1,521.70,533.44,1356.00,0.00,0.083,1,17.52,78.30,1,palm,relative
217067.3348,1,532.97,548.87,1358.32,0.39,0.084,1,28.85,89.02,1,palm,relative
217067.3682,1,534.45,547.74,1359.41,0.49,0.086,1,24.50,80.39,1,palm,relative
217067.4015,1,559.24,550.53,1361.61,0.79,0.081,1,52.85,110.61,1,palm,relative
217067.4349,1,551.41,544.70,1361.67,0.77,0.083,1,33.66,111.16,1,palm,relative
217067.4682,1,559.69,555.54,1362.03,1.00,0.083,1,35.52,113.64,1,palm,relative
217067.5016,1,573.50,540.82,1363.12,0.49,0.078,1,36.30,116.80,1,palm,relative
217067.5349,1,590.68,545.06,1364.78,0.36,0.087,1,32.83,116.50,1,palm,relative
217067.5683,1,611.02,545.60,1366.84,0.30,0.088,1,34.04,117.47,1,palm,relative
217067.6016,1,619.07,548.23,1368.62,0.41,0.084,1,39.13,123.45,1,palm,relative
217067.6350,1,649.39,541.71,1371.30,0.12,0.090,1,25.84,116.21,1,palm,relative
217067.6683,1,642.10,548.58,1372.71,0.27,0.088,1,35.68,118.81,1,palm,relative
217067.7017,1,649.31,552.31,1373.78,0.52,0.089,1,28.46,114.32,1,palm,relative
217067.7350,1,630.38,552.76,1373.78,0.52,0.093,1,40.81,121.99,1,palm,relative
217067.7684,1,628.18,560.44,1373.78,0.52,0.092,1,35.41,124.26,1,palm,relative
217067.8017,1,652.36,563.60,1374.04,0.68,0.097,1,18.90,110.07,1,palm,relative
217067.8684,1,636.32,552.36,1374.04,0.68,0.100,1,33.84,91.05,1,palm,relative
217067.9018,1,662.58,561.70,1374.26,0.77,0.146,1,19.35,77.45,1,palm,relative
217067.9351,1,663.21,546.33,1374.27,0.77,0.336,0,31.77,89.33,1,palm,relative
217067.9685,1,696.27,543.71,1376.11,0.34,0.472,0,34.08,90.27,1,palm,relative
217068.0018,1,724.69,537.39,1378.75,0.00,0.535,0,18.89,76.17,1,palm,relative
217068.0352,1,745.49,551.69,1381.73,0.14,0.562,0,35.37,90.02,1,palm,relative
217068.0685,1,772.84,549.74,1385.41,0.17,0.559,0,19.93,76.83,1,palm,relative
217068.1019,1,784.02,546.64,1388.52,0.04,0.563,0,33.00,86.86,1,palm,relative
217068.1352,1,792.40,549.18,1391.06,0.06,0.552,0,28.55,82.26,1,palm,relative
217068.1686,1,813.33,550.39,1393.85,0.13,0.547,0,37.06,88.53,1,palm,relative
217068.2019,1,832.49,534.48,1396.77,0.00,0.535,0,22.89,78.26,1,palm,relative
217068.2353,1,856.48,551.47,1400.05,0.25,0.524,0,36.05,92.33,1,palm,relative
217068.2686,1,872.50,552.69,1403.10,0.49,0.532,0,19.74,78.96,1,palm,relative
217068.3020,1,887.01,544.16,1405.87,0.30,0.526,0,32.48,92.32,1,palm,relative
217068.3353,1,931.00,550.41,1410.64,0.46,0.531,0,19.74,79.16,1,palm,relative
217068.3687,1,943.69,583.94,1414.55,2.52,0.506,0,34.52,92.41,1,palm,relative
217068.4020,1,969.32,589.39,1418.82,4.75,0.491,0,19.72,78.99,1,palm,relative
217068.4354,1,971.68,622.89,1422.07,9.66,0.500,0,44.64,103.16,1,palm,relative
217068.4687,1,986.88,649.32,1425.84,17.58,0.493,0,23.34,93.47,1,palm,relative
217068.5021,1,986.89,708.20,1430.46,43.45,0.486,0,27.63,88.86,1,palm,relative
217068.5354,1,990.57,767.66,1435.85,96.79,0.472,0,21.91,83.81,1,palm,relative
217068.5688,1,1018.81,847.87,1448.52,198.43,0.457,0,27.45,90.71,1,palm,relative
217068.6021,1,997.62,899.60,1451.65,291.97,0.450,0,24.33,81.91,1,palm,relative
217068.6355,1,1017.20,973.62,1459.00,403.95,0.439,0,33.09,89.84,1,palm,relative
217068.6688,1,1016.53,982.00,1463.41,486.77,0.441,0,20.87,77.69,1,palm,relative
217068.7022,1,1013.00,982.00,1466.05,591.14,0.441,0,37.12,94.70,1,palm,relative
217068.7355,1,1000.84,982.00,1465.48,646.07,0.435,0,20.54,82.14,1,palm,relative
217068.7689,1,1004.63,982.00,1465.63,699.21,0.420,0,25.41,85.54,1,palm,relative
217068.8022,1,1005.26,982.00,1465.76,721.61,0.429,0,23.20,80.75,1,palm,relative
217068.8356,1,1012.65,982.00,1466.25,732.92,0.426,0,36.70,95.05,1,palm,relative
217068.8689,1,1013.49,982.00,1466.50,735.09,0.441,0,19.69,81.97,1,palm,relative
217068.9023,1,1009.02,982.00,1466.56,741.92,0.421,0,25.87,87.52,1,palm,relative
217068.9356,1,999.33,982.00,1466.29,745.22,0.417,0,19.81,82.08,1,palm,relative
217068.9690,1,1007.01,982.00,1466.31,747.24,0.399,0,34.61,95.17,1,palm,relative
217069.0023,1,998.78,982.00,1466.09,750.17,0.304,0,26.32,88.40,1,palm,relative
217069.0357,1,998.87,982.00,1466.09,750.17,0.128,0,23.08,82.62,1,palm,relative
217069.0690,1,1009.53,982.00,1466.25,751.92,0.099,1,32.40,91.53,1,palm,relative
217069.1024,1,1021.64,982.00,1466.25,751.92,0.087,1,19.82,78.23,1,palm,relative
217069.1357,1,1017.15,982.00,1466.25,751.94,0.084,1,32.12,92.29,1,palm,relative
217069.1691,1,1037.05,982.00,1466.26,751.94,0.077,1,22.34,85.56,1,palm,relative
217069.2024,1,1030.80,982.00,1466.67,753.11,0.082,1,22.68,87.12,1,palm,relative
217069.2358,1,1030.41,982.00,1466.72,753.23,0.085,1,21.03,83.13,1,palm,relative
217069.2691,1,1028.34,982.00,1466.72,753.23,0.089,1,24.88,88.77,1,palm,relative
217069.3025,1,1042.89,982.00,1466.72,753.23,0.087,1,22.58,83.20,1,palm,relative
217069.3358,1,1030.91,982.00,1466.72,753.23,0.084,1,26.39,86.61,1,palm,relative
217069.3692,1,1045.97,982.00,1466.73,753.23,0.075,1,20.84,81.71,1,palm,relative
217069.4025,1,1050.81,982.00,1466.73,753.23,0.080,1,29.03,89.37,1,palm,relative
217069.4359,1,1044.69,982.00,1466.73,753.23,0.090,1,29.48,90.43,1,palm,relative
217069.4692,1,1032.31,982.00,1466.73,753.23,0.091,1,21.26,78.61,1,palm,relative
217069.5026,1,1047.26,982.00,1466.73,753.23,0.095,1,33.02,91.57,1,palm,relative
217069.5359,1,1045.41,982.00,1466.73,753.23,0.098,1,19.73,78.22,1,palm,relative
217069.5693,1,1052.23,982.00,1466.73,753.23,0.091,1,35.33,93.22,1,palm,relative
217069.6026,1,1053.72,982.00,1466.73,753.23,0.086,1,20.14,80.27,1,palm,relative
217069.6360,1,1048.28,982.00,1466.73,753.23,0.077,1,25.78,82.44,1,palm,relative
217069.6693,1,1049.51,982.00,1466.73,753.23,0.100,1,33.52,91.39,1,palm,relative
217069.7027,1,1040.35,982.00,1466.73,753.23,0.134,1,20.26,78.54,1,palm,relative
217069.7360,1,1040.47,982.00,1466.73,753.23,0.265,1,30.31,85.95,1,palm,relative
217069.7694,1,1034.77,982.00,1466.73,753.23,0.351,0,30.94,84.48,1,palm,relative
217069.8027,1,1027.30,982.00,1466.73,753.23,0.383,0,39.22,92.18,1,palm,relative
217069.8361,1,1056.92,982.00,1466.73,753.23,0.389,0,18.48,77.55,1,palm,relative
217069.8694,1,1047.20,982.00,1466.78,753.75,0.392,0,39.17,94.15,1,palm,relative
217069.9028,1,1059.97,982.00,1467.24,756.07,0.384,0,21.89,83.06,1,palm,relative
217069.9361,1,1061.82,982.00,1467.69,758.83,0.359,0,19.64,80.72,1,palm,relative
217069.9695,1,1070.37,982.00,1468.31,760.61,0.361,0,30.49,91.57,1,palm,relative
217070.0028,1,1065.59,982.00,1468.67,762.51,0.369,0,21.80,83.29,1,palm,relative
217070.0362,1,1072.73,982.00,1469.03,763.34,0.364,0,30.11,91.14,1,palm,relative
217070.0695,1,1069.59,982.00,1469.35,766.43,0.365,0,20.72,81.93,1,palm,relative
217070.1029,1,1090.80,982.00,1470.45,770.97,0.364,0,26.41,87.87,1,palm,relative
217070.1362,1,1086.39,982.00,1471.12,774.83,0.362,0,26.28,83.20,1,palm,relative
217070.1696,1,1086.29,982.00,1471.68,779.67,0.358,0,33.98,92.27,1,palm,relative
217070.2029,1,1097.99,982.00,1472.55,783.92,0.363,0,20.39,79.53,1,palm,relative
217070.2363,1,1099.72,982.00,1473.47,790.89,0.349,0,36.03,92.25,1,palm,relative
217070.2696,1,1082.63,982.00,1473.42,795.21,0.353,0,20.44,79.57,1,palm,relative
217070.3030,1,1091.14,982.00,1473.88,809.04,0.352,0,36.83,93.22,1,palm,relative
217070.3363,1,1071.57,982.00,1473.14,821.11,0.350,0,22.50,82.61,1,palm,relative
217070.3697,1,1062.91,982.00,1471.51,849.69,0.340,0,35.42,94.98,1,palm,relative
217070.4030,1,1063.91,982.00,1470.04,891.10,0.331,0,20.86,88.57,1,palm,relative
217070.4364,1,1044.65,982.00,1467.31,920.01,0.329,0,21.71,92.78,1,palm,relative
217070.4697,1,1062.15,982.00,1466.37,966.91,0.325,0,21.06,86.87,1,palm,relative
217070.5031,1,1046.21,982.00,1464.48,982.00,0.329,0,21.84,88.62,1,palm,relative
217070.5364,1,1037.47,982.00,1462.40,982.00,0.330,0,19.70,85.83,1,palm,relative
217070.5698,1,1016.78,982.00,1458.32,982.00,0.326,0,24.98,90.25,1,palm,relative
217070.6031,1,998.86,982.00,1454.00,982.00,0.307,0,25.26,89.34,1,palm,relative
217070.6365,1,994.37,982.00,1451.01,982.00,0.328,0,25.12,88.75,1,palm,relative
217070.6698,1,975.20,982.00,1448.08,982.00,0.326,0,21.19,86.70,1,palm,relative
217070.7032,1,968.73,982.00,1446.29,982.00,0.337,0,20.28,85.09,1,palm,relative
217070.7365,1,951.41,982.00,1444.18,982.00,0.336,0,24.15,90.54,1,palm,relative
217070.7699,1,950.56,982.00,1442.39,982.00,0.319,0,20.86,84.45,1,palm,relative
217070.8032,1,937.03,982.00,1440.37,982.00,0.319,0,17.73,80.61,1,palm,relative
217070.8366,1,940.51,982.00,1439.20,982.00,0.316,0,24.82,86.69,1,palm,relative
217070.8699,1,943.38,982.00,1439.20,982.00,0.322,0,26.58,88.98,1,palm,relative
217070.9033,1,947.69,982.00,1439.17,981.92,0.316,0,26.61,85.12,1,palm,relative
217070.9366,1,961.29,982.00,1439.42,982.00,0.232,0,38.80,96.99,1,palm,relative
217070.9700,1,940.14,982.00,1438.86,982.00,0.128,0,23.73,88.64,1,palm,relative
217071.0033,1,947.10,982.00,1438.69,982.00,0.107,1,25.22,89.93,1,palm,relative
217071.0367,1,949.55,982.00,1438.63,982.00,0.106,1,21.57,87.83,1,palm,relative
217071.0700,1,953.49,982.00,1438.63,982.00,0.113,1,19.87,84.74,1,palm,relative
217071.1034,1,964.09,982.00,1438.63,982.00,0.104,1,25.20,89.88,1,palm,relative
217071.1367,1,953.74,982.00,1438.63,982.00,0.109,1,26.85,91.39,1,palm,relative
217071.1701,1,970.09,982.00,1438.63,982.00,0.109,1,23.43,88.03,1,palm,relative
217071.2034,1,967.09,982.00,1438.63,982.00,0.101,1,23.55,85.53,1,palm,relative
217071.2368,1,961.03,982.00,1438.63,981.99,0.114,1,25.27,87.29,1,palm,relative
217071.2701,1,967.69,982.00,1438.66,982.00,0.098,1,26.56,87.68,1,palm,relative
217071.3035,1,953.17,982.00,1438.51,980.95,0.098,1,29.31,91.25,1,palm,relative
217071.3368,1,945.18,982.00,1438.51,980.95,0.109,1,25.53,83.67,1,palm,relative
217071.3702,1,947.03,982.00,1438.51,980.95,0.113,1,32.42,90.73,1,palm,relative
217071.4035,1,967.77,982.00,1438.51,980.95,0.105,1,20.27,77.89,1,palm,relative
217071.4369,1,956.02,982.00,1438.51,980.95,0.115,1,33.47,90.00,1,palm,relative
217071.4702,1,951.52,982.00,1438.51,980.95,0.110,1,33.70,90.58,1,palm,relative
217071.5036,1,946.89,982.00,1438.43,981.29,0.095,1,24.53,82.00,1,palm,relative
217071.5369,1,948.89,982.00,1438.37,980.84,0.110,1,40.52,94.65,1,palm,relative
217071.5703,1,950.61,982.00,1438.37,980.84,0.108,1,20.23,81.80,1,palm,relative
217071.6036,1,950.68,982.00,1438.37,980.84,0.110,1,30.77,90.27,1,palm,relative
217071.6370,1,941.50,982.00,1438.37,980.84,0.116,1,26.07,83.10,1,palm,relative
217071.6703,1,951.14,982.00,1438.38,981.23,0.105,1,32.13,86.71,1,palm,relative
217071.7037,1,943.92,982.00,1438.38,981.23,0.101,1,24.60,78.46,1,palm,relative
217071.7370,1,953.09,982.00,1438.38,981.23,0.123,1,33.16,87.92,1,palm,relative
217071.7704,1,950.36,982.00,1438.38,980.63,0.211,1,30.24,85.10,1,palm,relative
217071.8037,1,923.04,982.00,1437.59,978.10,0.328,0,35.10,87.09,1,palm,relative
217071.8371,1,909.78,982.00,1436.50,976.90,0.371,0,27.93,81.90,1,palm,relative
217071.8704,1,902.81,982.00,1435.36,974.97,0.410,0,39.39,91.10,1,palm,relative
217071.9038,1,866.87,982.00,1433.01,972.89,0.411,0,19.96,78.00,1,palm,relative
217071.9371,1,842.98,982.00,1430.13,972.24,0.408,0,39.85,97.45,1,palm,relative
217071.9705,1,807.05,982.00,1425.81,973.16,0.394,0,18.65,82.96,1,palm,relative
217072.0038,1,784.96,982.00,1421.19,971.50,0.397,0,30.89,91.40,1,palm,relative
217072.0372,1,739.51,982.00,1413.92,969.64,0.406,0,18.91,78.39,1,palm,relative
217072.0705,1,708.45,982.00,1406.14,967.12,0.368,0,30.42,92.76,1,palm,relative
217072.1039,1,667.83,982.00,1396.05,962.37,0.362,0,19.90,79.54,1,palm,relative
217072.1372,1,622.57,982.00,1378.81,945.43,0.355,0,36.81,93.86,1,palm,relative
217072.1706,1,570.41,982.00,1344.46,888.83,0.375,0,19.54,80.31,1,palm,relative
217072.2039,1,504.70,982.00,1290.97,730.65,0.366,0,24.27,83.01,1,palm,relative
217072.2373,1,428.79,982.00,1227.61,522.19,0.349,0,35.77,92.07,1,palm,relative
217072.2706,1,365.54,982.00,1163.49,286.71,0.306,0,19.37,78.32,1,palm,relative
217072.3040,1,284.11,982.00,1091.63,44.80,0.337,0,29.41,87.35,1,palm,relative
217072.3373,1,201.83,982.00,1014.89,0.00,0.331,0,24.96,79.49,1,palm,relative
217072.3707,1,87.39,914.99,920.67,0.00,0.311,0,35.88,93.13,1,palm,relative
217072.4040,1,0.00,813.59,813.18,0.00,0.332,0,19.21,79.24,1,palm,relative
217072.4374,1,0.00,751.46,717.65,0.00,0.329,0,32.50,88.50,1,palm,relative
217072.4707,1,0.00,673.26,637.49,0.00,0.304,0,24.67,80.05,1,palm,relative
217072.5041,1,0.00,594.64,569.25,0.00,0.298,0,31.45,84.92,1,palm,relative
217072.5374,1,0.00,537.74,511.38,0.00,0.307,0,32.32,83.99,1,palm,relative
217072.5708,1,0.00,473.21,452.65,0.00,0.331,0,29.86,80.75,1,palm,relative
217072.6041,1,0.00,444.64,410.16,0.00,0.319,0,35.76,83.38,1,palm,relative
217072.6375,1,0.00,438.18,399.69,0.00,0.306,0,35.45,89.77,1,palm,relative
217072.6708,1,0.00,429.08,391.59,0.00,0.318,0,27.82,84.59,1,palm,relative
217072.7042,1,0.00,436.67,378.70,0.00,0.317,0,35.99,90.44,1,palm,relative
217072.7375,1,0.00,473.90,363.16,7.11,0.309,0,25.89,83.37,1,palm,relative
217072.7709,1,0.00,476.92,348.41,11.32,0.313,0,38.45,89.43,1,palm,relative
217072.8042,1,0.00,514.13,336.02,19.39,0.310,0,28.17,84.45,1,palm,relative
217072.8376,1,0.00,535.81,327.73,25.46,0.314,0,34.61,86.02,1,palm,relative
217072.8709,1,0.00,527.31,320.19,28.23,0.311,0,28.80,81.72,1,palm,relative
217072.9043,1,0.00,521.53,309.79,30.00,0.321,0,33.99,83.80,1,palm,relative
217072.9376,1,0.00,477.29,299.02,27.58,0.327,0,26.19,81.39,1,palm,relative
217072.9710,1,0.00,485.10,272.77,25.56,0.307,0,33.32,90.15,1,palm,relative
217073.0043,1,0.00,525.57,232.74,30.56,0.304,0,29.21,86.23,1,palm,relative
217073.0377,1,0.00,539.92,211.90,35.39,0.288,0,24.28,77.38,1,palm,relative
217073.0710,1,0.00,522.93,191.28,37.19,0.292,0,40.80,92.99,1,palm,relative
217073.1044,1,0.00,542.86,170.95,41.49,0.282,0,18.86,78.72,1,palm,relative
217073.1377,1,0.00,526.24,162.87,42.13,0.325,0,27.48,87.45,1,palm,relative
217073.1711,1,0.00,539.45,156.73,43.57,0.295,0,23.16,82.77,1,palm,relative
217073.2044,1,0.00,557.74,152.44,45.95,0.287,0,26.11,84.72,1,palm,relative
217073.2378,1,0.00,555.13,147.59,47.65,0.271,0,24.87,81.62,1,palm,relative
217073.2711,1,0.00,547.77,139.69,48.52,0.204,0,35.14,92.52,1,palm,relative
217073.3045,1,0.00,553.96,133.36,49.62,0.149,1,19.45,78.82,1,palm,relative
217073.3378,1,0.00,593.59,129.86,53.66,0.121,1,34.02,88.95,1,palm,relative
217073.3712,1,0.00,590.35,124.32,56.67,0.103,1,22.83,78.70,1,palm,relative
217073.4045,1,0.00,597.08,121.80,58.98,0.111,1,51.75,105.78,1,palm,relative
217073.4379,1,0.00,602.29,119.86,60.97,0.125,1,34.54,107.42,1,palm,relative
217073.4712,1,0.00,604.41,118.85,62.52,0.120,1,31.21,105.53,1,palm,relative
217073.5046,1,0.00,617.56,116.81,64.64,0.112,1,22.30,94.75,1,palm,relative
217073.5379,1,0.00,635.58,116.56,67.54,0.104,1,24.02,87.69,1,palm,relative
217073.5713,1,0.00,620.47,116.06,68.07,0.116,1,17.27,78.60,1,palm,relative
217073.6046,1,0.00,612.37,116.06,68.07,0.109,1,29.01,90.55,1,palm,relative
217073.6380,1,0.00,631.44,115.56,69.22,0.113,1,20.91,79.57,1,palm,relative
217073.6713,1,0.00,641.54,114.91,70.87,0.119,1,25.61,85.38,1,palm,relative
217073.7047,1,0.00,633.27,114.91,70.87,0.114,1,26.76,83.62,1,palm,relative
217073.7380,1,0.00,642.02,114.78,71.20,0.123,1,30.55,87.40,1,palm,relative
217073.7714,1,0.00,614.76,114.57,70.93,0.132,1,26.73,83.08,1,palm,relative
217073.8047,1,0.00,611.61,114.57,70.93,0.129,1,27.02,84.58,1,palm,relative
217073.8381,1,0.00,633.54,114.31,71.08,0.124,1,32.27,85.91,1,palm,relative
217073.8714,1,0.00,641.80,114.25,71.20,0.131,1,32.10,85.17,1,palm,relative
217073.9048,1,0.00,611.89,113.84,70.80,0.108,1,34.67,86.89,1,palm,relative
217073.9381,1,0.00,598.42,113.72,70.19,0.130,1,30.57,84.36,1,palm,relative
217073.9715,1,0.00,620.33,113.72,70.19,0.117,1,33.72,85.78,1,palm,relative
217074.0048,1,0.00,581.66,111.90,68.14,0.147,1,21.34,78.13,1,palm,relative
217074.0382,1,0.00,570.25,110.91,65.64,0.168,1,31.03,90.28,1,palm,relative
217074.0715,1,0.00,558.80,109.53,62.72,0.226,1,28.99,87.11,1,palm,relative
217074.1049,1,0.00,534.18,108.10,57.92,0.270,1,21.13,79.34,1,palm,relative
217074.1382,1,0.00,501.73,105.14,48.67,0.300,1,37.64,92.57,1,palm,relative
217074.1716,1,0.00,461.99,98.49,30.20,0.307,1,25.13,84.57,1,palm,relative
217074.2049,1,0.00,373.55,65.64,0.00,0.343,0,35.05,88.91,1,palm,relative
217074.2383,1,0.00,323.23,28.62,0.00,0.339,0,30.05,85.82,1,palm,relative
217074.2716,1,0.00,278.57,0.00,0.00,0.311,0,35.17,90.21,1,palm,relative
217074.3050,1,0.00,248.76,0.00,0.00,0.241,0,19.55,76.63,1,palm,relative
217074.3383,1,0.00,193.77,0.00,0.00,0.134,0,32.43,91.41,1,palm,relative
217074.3717,1,0.00,133.70,0.00,0.00,0.121,1,24.03,82.33,1,palm,relative
217074.4050,1,0.00,40.55,0.00,0.00,0.110,1,27.70,84.74,1,palm,relative
217074.4384,1,0.00,0.00,0.00,0.00,0.099,1,28.35,81.43,1,palm,relative
217074.4717,1,0.00,0.00,0.00,0.00,0.103,1,33.85,85.93,1,palm,relative
217074.5051,1,0.00,0.00,0.00,0.00,0.082,1,32.62,85.47,1,palm,relative
217074.5384,1,0.00,0.00,0.00,0.00,0.098,1,32.20,84.52,1,palm,relative
217074.5718,1,0.00,0.00,0.00,0.00,0.088,1,37.22,88.60,1,palm,relative
217074.6051,1,0.00,0.00,0.00,0.00,0.096,1,34.57,90.04,1,palm,relative
217074.6385,1,0.00,0.00,0.00,0.00,0.103,1,22.68,79.64,1,palm,relative
217074.6718,1,0.00,0.00,0.00,0.00,0.115,1,36.02,89.48,1,palm,relative
217074.7052,1,0.00,0.00,0.00,0.00,0.099,1,26.65,83.01,1,palm,relative
217074.7385,1,0.00,0.00,0.00,0.00,0.098,1,31.56,87.66,1,palm,relative
217074.7719,1,0.00,0.00,0.00,0.00,0.108,1,33.08,88.79,1,palm,relative
217074.8052,1,0.00,0.00,0.00,0.00,0.100,1,27.99,83.62,1,palm,relative
217074.8386,1,0.00,0.00,0.00,0.00,0.094,1,33.08,88.45,1,palm,relative
217074.8719,1,0.00,0.00,0.09,0.16,0.110,1,23.46,78.79,1,palm,relative
217074.9053,1,0.00,0.00,0.09,0.16,0.122,1,37.23,92.19,1,palm,relative
217074.9386,1,0.00,0.00,0.01,0.10,0.120,1,20.36,79.42,1,palm,relative
217074.9720,1,0.00,0.00,1.24,1.91,0.110,1,31.97,89.16,1,palm,relative
217075.0053,1,0.00,0.00,0.53,3.53,0.103,1,28.30,85.70,1,palm,relative
217075.0387,1,0.00,0.00,0.56,5.70,0.109,1,28.40,85.92,1,palm,relative
217075.0720,1,0.00,0.00,1.02,7.40,0.098,1,28.64,83.17,1,palm,relative
217075.1054,1,0.00,0.00,0.76,9.86,0.098,1,31.43,86.02,1,palm,relative
217075.1387,1,0.00,0.00,0.38,11.75,0.093,1,29.97,82.95,1,palm,relative
217075.1721,1,0.00,0.00,0.17,12.73,0.095,1,34.66,85.38,1,palm,relative
217075.2054,1,0.00,0.00,0.18,14.39,0.092,1,18.77,76.47,1,palm,relative
217075.2388,1,0.00,0.00,0.18,14.39,0.098,1,29.81,90.08,1,palm,relative
217075.2721,1,0.00,0.00,0.18,14.39,0.094,1,20.94,77.88,1,palm,relative
217075.3055,1,0.00,0.00,0.18,14.40,0.094,1,36.55,94.03,1,palm,relative
217075.3388,1,0.00,0.00,0.18,14.40,0.098,1,20.26,81.17,1,palm,relative
217075.3722,1,0.00,0.00,0.17,14.36,0.095,1,25.81,83.72,1,palm,relative
217075.4055,1,0.00,0.00,0.17,14.36,0.096,1,28.01,86.53,1,palm,relative
217075.4389,1,0.00,0.00,0.24,14.45,0.095,1,32.22,86.15,1,palm,relative
217075.4722,1,0.00,0.00,0.24,14.45,0.088,1,36.68,89.71,1,palm,relative
217075.5056,1,0.00,0.00,0.51,15.30,0.092,1,20.25,76.78,1,palm,relative
217075.5389,1,0.00,0.00,1.17,16.54,0.093,1,34.34,90.75,1,palm,relative
217075.5723,1,0.00,0.00,2.46,18.38,0.094,1,19.03,77.08,1,palm,relative
217075.6056,1,0.00,0.00,5.00,21.51,0.101,1,38.32,91.58,1,palm,relative
217075.6390,1,0.00,0.00,14.51,37.31,0.084,1,29.42,88.80,1,palm,relative
217075.6723,1,0.00,0.00,42.24,85.27,0.087,1,36.88,95.11,1,palm,relative
217075.7057,1,0.00,0.00,110.38,166.00,0.100,1,19.72,81.72,1,palm,relative
217075.7390,1,0.00,46.72,210.18,267.24,0.110,1,25.78,84.93,1,palm,relative
217075.7724,1,0.00,131.91,351.50,391.54,0.088,1,23.94,81.36,1,palm,relative
217075.8057,1,0.00,249.43,515.54,555.77,0.101,1,26.66,84.82,1,palm,relative
217075.8391,1,0.00,335.32,668.33,712.45,0.079,1,45.60,101.45,1,palm,relative
217075.8724,1,0.00,442.31,823.28,881.16,0.083,1,18.47,86.68,1,palm,relative
217075.9058,1,0.00,529.94,961.89,982.00,0.106,1,21.55,83.94,1,palm,relative
217075.9391,1,0.00,648.82,1100.90,982.00,0.093,1,26.07,85.84,1,palm,relative
217075.9725,1,0.00,724.38,1235.09,982.00,0.103,1,23.99,84.21,1,palm,relative
217076.0058,1,0.00,788.22,1354.86,982.00,0.106,1,35.35,110.21,1,palm,relative
217076.0392,1,0.00,859.48,1462.26,982.00,0.095,1,36.42,114.33,1,palm,relative
217076.0725,1,0.00,908.77,1512.00,982.00,0.093,1,32.06,113.23,1,palm,relative
217076.1059,1,0.00,963.75,1512.00,982.00,0.093,1,26.32,106.46,1,palm,relative
217076.1392,1,0.00,982.00,1512.00,982.00,0.093,1,23.19,96.50,1,palm,relative
217076.1726,1,1.47,982.00,1512.00,982.00,0.078,1,18.58,91.40,1,palm,relative
217076.2059,1,115.57,982.00,1512.00,982.00,0.075,1,21.28,89.90,1,palm,relative
217076.2393,1,247.32,982.00,1512.00,982.00,0.092,1,26.81,98.67,1,palm,relative
217076.2726,1,330.90,982.00,1512.00,982.00,0.086,1,29.88,98.40,1,palm,relative
217076.3060,1,381.55,982.00,1512.00,981.49,0.088,1,18.61,86.24,1,palm,relative
217076.3393,1,430.11,982.00,1512.00,982.00,0.078,1,22.48,94.27,1,palm,relative
217076.3727,1,480.48,982.00,1512.00,980.81,0.095,1,21.00,88.73,1,palm,relative
217076.4060,1,509.81,982.00,1512.00,979.28,0.087,1,25.50,93.87,1,palm,relative
217076.4394,1,548.35,982.00,1512.00,976.58,0.084,1,22.87,91.21,1,palm,relative
217076.4727,1,560.79,982.00,1512.00,975.71,0.088,1,22.03,92.86,1,palm,relative
217076.5061,1,603.63,982.00,1512.00,974.15,0.092,1,21.96,82.83,1,palm,relative
217076.5394,1,638.73,982.00,1512.00,971.63,0.090,1,17.29,79.94,1,palm,relative
217076.5728,1,640.40,982.00,1512.00,970.76,0.089,1,29.47,94.26,1,palm,relative
217076.6061,1,668.03,982.00,1512.00,969.47,0.088,1,21.50,82.61,1,palm,relative
217076.6395,1,657.70,982.00,1512.00,968.06,0.096,1,25.92,85.04,1,palm,relative
217076.6728,1,665.93,982.00,1512.00,965.31,0.094,1,25.73,81.43,1,palm,relative
217076.7062,1,669.52,982.00,1512.00,961.31,0.097,1,27.72,84.99,1,palm,relative
217076.7395,1,698.89,982.00,1512.00,958.51,0.092,1,28.41,81.81,1,palm,relative
217076.7729,1,695.21,982.00,1512.00,956.88,0.091,1,37.21,90.76,1,palm,relative
217076.8062,1,725.27,982.00,1512.00,955.28,0.092,1,24.06,81.73,1,palm,relative
217076.8396,1,746.81,982.00,1512.00,954.97,0.096,1,33.28,88.11,1,palm,relative
217076.8729,1,773.66,982.00,1512.00,954.28,0.089,1,25.07,80.06,1,palm,relative
217076.9063,1,808.72,982.00,1512.00,952.89,0.095,1,37.95,93.05,1,palm,relative
217076.9396,1,825.96,982.00,1512.00,951.94,0.089,1,19.88,79.84,1,palm,relative
217076.9730,1,880.74,980.69,1512.00,950.18,0.091,1,36.11,93.74,1,palm,relative
217077.0063,1,894.89,972.40,1512.00,948.36,0.085,1,21.60,86.31,1,palm,relative
217077.0397,1,916.41,972.92,1512.00,947.12,0.084,1,19.75,86.26,1,palm,relative
217077.0730,1,927.18,941.67,1512.00,943.54,0.084,1,18.15,79.80,1,palm,relative
217077.1064,1,983.33,937.82,1512.00,939.73,0.082,1,28.39,91.21,1,palm,relative
217077.1397,1,987.18,924.23,1512.00,936.15,0.094,1,21.35,79.43,1,palm,relative
217077.1731,1,980.87,837.02,1512.00,906.59,0.100,1,32.68,90.33,1,palm,relative
217077.2064,1,996.07,891.03,1512.00,904.63,0.091,1,28.81,86.01,1,palm,relative
217077.2398,1,994.59,848.61,1512.00,897.91,0.098,1,30.33,83.32,1,palm,relative
217077.2731,1,982.77,808.92,1512.00,884.49,0.091,1,38.70,91.49,1,palm,relative
217077.3065,1,965.80,790.44,1511.15,873.47,0.086,1,17.71,78.12,1,palm,relative
217077.3398,1,954.18,752.61,1509.45,856.00,0.096,1,27.68,89.21,1,palm,relative
217077.3732,1,938.52,720.55,1506.95,836.45,0.090,1,18.45,76.22,1,palm,relative
217077.4065,1,926.53,676.73,1503.70,807.68,0.096,1,32.07,89.67,1,palm,relative
217077.4399,1,910.73,656.70,1500.92,789.45,0.093,1,20.62,77.41,1,palm,relative
217077.4732,1,893.13,642.21,1498.00,778.72,0.092,1,32.38,90.23,1,palm,relative
217077.5066,1,867.98,610.73,1493.16,764.66,0.088,1,23.59,80.71,1,palm,relative
217077.5399,1,858.20,593.46,1489.15,754.68,0.091,1,30.66,84.02,1,palm,relative
217077.5733,1,827.79,582.21,1484.45,747.85,0.094,1,32.68,85.22,1,palm,relative
217077.6066,1,802.76,589.36,1480.29,745.49,0.091,1,38.89,91.06,1,palm,relative
217077.6400,1,790.87,593.38,1476.93,744.58,0.092,1,17.58,75.51,1,palm,relative
217077.6733,1,766.38,600.01,1473.21,744.61,0.084,1,20.46,80.17,1,palm,relative
217077.7067,1,746.54,599.96,1469.56,744.62,0.102,1,20.15,82.04,1,palm,relative
217077.7400,1,706.08,608.59,1464.08,745.37,0.090,1,26.11,85.13,1,palm,relative
217077.7734,1,668.95,629.49,1456.99,747.74,0.092,1,23.78,81.38,1,palm,relative
217077.8067,1,606.40,639.93,1443.58,750.96,0.096,1,44.86,102.60,1,palm,relative
217077.8401,1,564.87,670.05,1429.11,756.32,0.090,1,21.57,91.08,1,palm,relative
217077.8734,1,501.11,670.61,1407.85,762.66,0.100,1,21.87,87.10,1,palm,relative
217077.9068,1,460.62,664.56,1390.45,766.52,0.102,1,18.78,86.51,1,palm,relative
217077.9401,1,418.38,681.19,1374.33,771.92,0.098,1,21.48,84.97,1,palm,relative
217077.9735,1,367.77,684.47,1357.20,776.74,0.091,1,21.59,89.74,1,palm,relative
217078.0068,1,312.47,691.03,1337.73,781.74,0.103,1,21.83,83.17,1,palm,relative
217078.0402,1,255.47,679.14,1316.80,783.51,0.101,1,21.52,84.80,1,palm,relative
217078.0735,1,235.85,704.22,1305.68,787.51,0.097,1,34.53,93.80,1,palm,relative
217078.1069,1,200.30,675.78,1296.50,787.12,0.104,1,20.32,80.99,1,palm,relative
217078.1402,1,185.76,697.07,1291.17,788.55,0.098,1,36.00,94.95,1,palm,relative
217078.1736,1,136.48,695.62,1282.90,789.70,0.100,1,19.04,81.35,1,palm,relative
217078.2069,1,148.87,708.34,1280.25,791.12,0.095,1,26.65,88.96,1,palm,relative
217078.2403,1,132.54,704.88,1277.78,791.94,0.099,1,24.26,81.13,1,palm,relative
217078.2736,1,121.24,700.17,1275.67,792.25,0.098,1,36.89,95.32,1,palm,relative
217078.3070,1,115.97,695.62,1274.08,792.22,0.098,1,20.06,82.27,1,palm,relative
217078.3403,1,124.43,687.35,1274.08,792.22,0.097,1,36.33,95.73,1,palm,relative
217078.3737,1,151.73,701.51,1274.10,792.23,0.107,1,20.13,82.72,1,palm,relative
217078.4070,1,148.17,691.53,1274.10,792.23,0.177,1,25.41,85.62,1,palm,relative
217078.4404,1,167.31,677.73,1274.61,791.79,0.291,1,25.70,85.45,1,palm,relative
217078.4737,1,191.91,692.84,1275.81,791.84,0.347,0,28.81,88.88,1,palm,relative
217078.5071,1,229.41,698.13,1277.77,792.13,0.347,0,21.27,79.01,1,palm,relative
217078.5404,1,218.91,716.50,1279.26,793.31,0.350,0,27.38,86.26,1,palm,relative
217078.5738,1,243.57,711.60,1281.45,794.03,0.330,0,29.03,84.17,1,palm,relative
217078.6071,1,263.87,714.42,1284.10,794.78,0.324,0,26.91,82.31,1,palm,relative
217078.6405,1,280.62,719.22,1286.95,795.66,0.326,0,31.18,83.69,1,palm,relative
217078.6738,1,294.59,724.10,1289.75,796.65,0.329,0,33.03,84.23,1,palm,relative
217078.7072,1,303.76,712.22,1292.18,796.73,0.337,0,37.24,88.36,1,palm,relative
217078.7405,1,332.49,709.93,1295.38,796.67,0.357,0,31.51,87.19,1,palm,relative
217078.7739,1,356.19,733.04,1299.03,798.01,0.355,0,28.60,83.15,1,palm,relative
217078.8072,1,373.98,722.20,1302.44,798.39,0.361,0,38.97,93.42,1,palm,relative
217078.8406,1,369.37,727.33,1304.44,798.95,0.350,0,19.59,79.81,1,palm,relative
217078.8739,1,370.02,735.57,1305.84,799.85,0.302,0,26.04,85.28,1,palm,relative
217078.9073,1,388.85,733.48,1307.64,800.44,0.205,0,27.55,82.19,1,palm,relative
217078.9406,1,378.14,755.07,1308.44,802.19,0.117,1,35.30,88.78,1,palm,relative
217078.9740,1,364.52,745.83,1308.44,802.19,0.103,1,24.61,80.24,1,palm,relative
217079.0073,1,363.40,742.82,1308.44,802.19,0.098,1,35.75,91.17,1,palm,relative
217079.0407,1,348.25,767.32,1307.88,804.02,0.097,1,25.35,83.39,1,palm,relative
217079.0740,1,329.13,758.10,1307.25,804.55,0.095,1,33.37,83.63,1,palm,relative
217079.1074,1,337.39,754.89,1307.25,804.55,0.091,1,31.51,86.40,1,palm,relative
217079.1407,1,323.40,755.85,1307.25,804.55,0.105,1,24.40,77.68,1,palm,relative
217079.1741,1,339.89,776.57,1307.09,806.06,0.098,1,35.16,87.52,1,palm,relative
217079.2074,1,337.09,767.64,1307.09,806.06,0.097,1,26.27,80.66,1,palm,relative
217079.2408,1,332.60,773.61,1307.08,806.08,0.104,1,37.60,89.86,1,palm,relative
217079.2741,1,308.30,771.15,1306.78,806.23,0.099,1,30.89,89.54,1,palm,relative
217079.3075,1,295.55,772.22,1305.88,806.54,0.100,1,29.55,89.40,1,palm,relative
217079.3408,1,274.54,766.81,1304.09,806.57,0.096,1,29.03,85.39,1,palm,relative
217079.3742,1,242.13,767.10,1301.29,806.60,0.097,1,36.58,92.20,1,palm,relative
217079.4075,1,213.45,746.53,1297.54,805.55,0.100,1,19.66,78.72,1,palm,relative
217079.4409,1,149.28,750.70,1288.66,804.70,0.103,1,38.32,95.50,1,palm,relative
217079.4742,1,118.96,759.66,1279.60,804.64,0.104,1,18.50,80.90,1,palm,relative
217079.5076,1,41.12,743.61,1258.65,802.68,0.119,1,26.57,87.77,1,palm,relative
217079.5409,1,0.00,754.51,1236.84,802.34,0.109,1,21.71,79.31,1,palm,relative
217079.5743,1,0.00,743.75,1215.95,800.76,0.110,1,28.86,88.38,1,palm,relative
217079.6076,1,0.00,744.11,1183.08,799.12,0.100,1,30.84,86.87,1,palm,relative
217079.6410,1,0.00,734.39,1107.52,794.35,0.104,1,26.60,82.28,1,palm,relative
217079.6743,1,0.00,734.38,1029.42,790.41,0.095,1,40.65,97.31,1,palm,relative
217079.7077,1,0.00,697.28,912.31,772.46,0.071,1,19.62,83.80,1,palm,relative
217079.7410,1,0.00,684.67,812.08,753.37,0.092,1,22.60,85.68,1,palm,relative
217079.7744,1,0.00,626.40,719.50,710.69,0.102,1,23.53,81.85,1,palm,relative
217079.8077,1,0.00,584.75,571.26,652.74,0.090,1,26.44,85.75,1,palm,relative
217079.8410,1,0.00,527.32,436.30,575.98,0.091,1,23.73,79.26,1,palm,relative
217079.8744,1,0.00,466.44,320.63,484.62,0.097,1,34.51,90.43,1,palm,relative
217079.9078,1,0.00,425.88,247.09,403.55,0.087,1,24.16,81.45,1,palm,relative
217079.9411,1,0.00,338.40,196.99,290.13,0.110,1,40.44,94.30,1,palm,relative
217079.9745,1,0.00,252.96,181.91,160.46,0.096,1,19.53,80.71,1,palm,relative
217080.0078,1,0.00,178.14,172.73,32.23,0.097,1,34.94,94.91,1,palm,relative
217080.0412,1,0.00,58.63,207.21,0.00,0.167,1,19.92,81.86,1,palm,relative
217080.0745,1,0.00,0.00,241.63,0.00,0.208,1,33.86,101.85,1,palm,relative
217080.1079,1,0.00,0.00,284.33,0.00,0.310,1,20.07,88.78,1,palm,relative
217080.1412,1,0.00,0.00,338.98,0.00,,1,29.38,87.49,1,palm,relative
217080.1745,1,0.00,0.00,282.58,0.00,,1,28.14,83.02,1,palm,relative
217080.2079,0,282.58,0.00,282.58,0.00,,1,36.42,92.52,1,palm,relative
217080.2412,0,282.58,0.00,282.58,0.00,,1,10.35,69.77,1,palm,relative
217080.2746,0,282.58,0.00,282.58,0.00,,1,25.50,84.41,1,palm,relative
217080.3079,0,282.58,0.00,282.58,0.00,,1,9.25,68.99,1,palm,relative
217080.3413,0,282.58,0.00,282.58,0.00,,1,22.12,83.97,1,palm,relative
217080.3747,0,282.58,0.00,282.58,0.00,,0,12.40,70.07,1,palm,relative
217080.4080,0,282.58,0.00,282.58,0.00,,0,25.54,83.66,1,palm,relative
217080.4414,0,282.58,0.00,282.58,0.00,,0,14.57,72.48,1,palm,relative
217080.4747,0,282.58,0.00,282.58,0.00,,0,20.29,80.88,1,palm,relative
217080.5081,0,282.58,0.00,282.58,0.00,,0,16.04,71.83,1,palm,relative
217080.5414,0,282.58,0.00,282.58,0.00,,0,28.43,84.92,1,palm,relative
217080.5747,0,282.58,0.00,282.58,0.00,,0,10.48,68.05,1,palm,relative
217080.6081,0,282.58,0.00,282.58,0.00,,0,26.38,85.94,1,palm,relative
217080.6414,0,282.58,0.00,282.58,0.00,,0,14.26,74.96,1,palm,relative
217080.6748,0,282.58,0.00,282.58,0.00,,0,17.20,78.16,1,palm,relative
217080.7081,0,282.58,0.00,282.58,0.00,,0,14.54,75.17,1,palm,relative
217080.7415,0,282.58,0.00,282.58,0.00,,0,17.32,78.44,1,palm,relative
217080.7748,0,282.58,0.00,282.58,0.00,,0,18.67,75.82,1,palm,relative
217080.8082,0,282.58,0.00,282.58,0.00,,0,19.38,78.62,1,palm,relative
217080.8416,0,282.58,0.00,282.58,0.00,,0,27.00,81.42,1,palm,relative
217080.8749,0,282.58,0.00,282.58,0.00,,0,14.61,68.43,1,palm,relative
217080.9083,0,282.58,0.00,282.58,0.00,,0,12.18,78.09,1,palm,relative
217080.9416,0,282.58,0.00,282.58,0.00,,0,16.50,86.81,1,palm,relative
217080.9750,0,282.58,0.00,282.58,0.00,,0,15.96,78.10,1,palm,relative
217081.0083,0,282.58,0.00,282.58,0.00,,0,27.96,91.23,1,palm,relative
217081.0416,0,282.58,0.00,282.58,0.00,,0,8.14,69.02,1,palm,relative
217081.0750,0,282.58,0.00,282.58,0.00,,0,19.80,82.56,1,palm,relative
217081.1083,0,282.58,0.00,282.58,0.00,,0,19.52,76.32,1,palm,relative
217081.1417,0,282.58,0.00,282.58,0.00,,0,25.29,83.73,1,palm,relative
217081.1750,0,282.58,0.00,282.58,0.00,,0,12.70,71.84,1,palm,relative
217081.2084,0,282.58,0.00,282.58,0.00,,0,25.65,88.00,1,palm,relative
217081.2417,0,282.58,0.00,282.58,0.00,,0,9.77,73.88,1,palm,relative
217081.2751,0,282.58,0.00,282.58,0.00,,0,17.57,83.43,1,palm,relative
217081.3085,0,282.58,0.00,282.58,0.00,,0,14.67,75.51,1,palm,relative
217081.3418,0,282.58,0.00,282.58,0.00,,0,14.72,77.40,1,palm,relative
217081.3752,0,282.58,0.00,282.58,0.00,,0,18.61,78.44,1,palm,relative
217081.4085,0,282.58,0.00,282.58,0.00,,0,13.94,73.39,1,palm,relative
217081.4419,0,282.58,0.00,282.58,0.00,,0,22.04,83.63,1,palm,relative
217081.4752,0,282.58,0.00,282.58,0.00,,0,10.25,70.96,1,palm,relative
217081.5085,0,282.58,0.00,282.58,0.00,,0,21.83,83.18,1,palm,relative
217081.5419,0,282.58,0.00,282.58,0.00,,0,27.19,84.03,1,palm,relative
217081.5752,0,282.58,0.00,282.58,0.00,,0,15.00,71.07,1,palm,relative
217081.6086,0,282.58,0.00,282.58,0.00,,0,13.77,93.53,1,palm,relative
217081.6419,0,282.58,0.00,282.58,0.00,,0,30.13,113.12,1,palm,relative
217081.6753,0,282.58,0.00,282.58,0.00,,0,26.23,107.34,1,palm,relative
217081.7086,0,282.58,0.00,282.58,0.00,,0,31.10,115.41,1,palm,relative
217081.7420,0,282.58,0.00,282.58,0.00,,0,20.71,103.01,1,palm,relative
217081.7754,0,282.58,0.00,282.58,0.00,,0,23.73,105.80,1,palm,relative
217081.8087,0,282.58,0.00,282.58,0.00,,0,26.15,109.24,1,palm,relative
217081.8421,0,282.58,0.00,282.58,0.00,,0,8.70,89.49,1,palm,relative
217081.8754,0,282.58,0.00,282.58,0.00,,0,12.68,94.96,1,palm,relative
217081.9088,0,282.58,0.00,282.58,0.00,,0,30.38,112.78,1,palm,relative
217081.9421,0,282.58,0.00,282.58,0.00,,0,11.05,90.72,1,palm,relative
217081.9754,0,282.58,0.00,282.58,0.00,,0,26.81,109.80,1,palm,relative
217082.0088,0,282.58,0.00,282.58,0.00,,0,8.57,88.48,1,palm,relative
217082.0421,0,282.58,0.00,282.58,0.00,,0,29.69,111.87,1,palm,relative
217082.0755,0,282.58,0.00,282.58,0.00,,0,8.57,89.11,1,palm,relative
217082.1088,0,282.58,0.00,282.58,0.00,,0,34.82,118.65,1,palm,relative
217082.1422,0,282.58,0.00,282.58,0.00,,0,22.01,107.58,1,palm,relative
217082.1756,0,282.58,0.00,282.58,0.00,,0,26.92,111.23,1,palm,relative
217082.2089,0,282.58,0.00,282.58,0.00,,0,32.35,114.14,1,palm,relative
217082.2423,0,282.58,0.00,282.58,0.00,,0,23.18,107.18,1,palm,relative
217082.2756,0,282.58,0.00,282.58,0.00,,0,27.48,112.65,1,palm,relative
217082.3090,0,282.58,0.00,282.58,0.00,,0,23.93,103.84,1,palm,relative
217082.3423,0,282.58,0.00,282.58,0.00,,0,34.33,114.95,1,palm,relative
217082.3757,0,282.58,0.00,282.58,0.00,,0,11.92,93.76,1,palm,relative
217082.4090,0,282.58,0.00,282.58,0.00,,0,30.83,110.74,1,palm,relative
217082.4423,0,282.58,0.00,282.58,0.00,,0,24.89,102.59,1,palm,relative
217082.4757,0,282.58,0.00,282.58,0.00,,0,12.12,87.33,1,palm,relative
217082.5090,0,282.58,0.00,282.58,0.00,,0,26.98,104.72,1,palm,relative
217082.5424,0,282.58,0.00,282.58,0.00,,0,14.76,91.42,1,palm,relative
217082.5757,0,282.58,0.00,282.58,0.00,,0,14.83,90.35,1,palm,relative
217082.6091,0,282.58,0.00,282.58,0.00,,0,17.43,93.75,1,palm,relative
217082.6425,0,282.58,0.00,282.58,0.00,,0,14.42,88.67,1,palm,relative
217082.6758,0,282.58,0.00,282.58,0.00,,0,14.49,90.91,1,palm,relative
217082.7092,0,282.58,0.00,282.58,0.00,,0,13.59,89.08,1,palm,relative
217082.7425,0,282.58,0.00,282.58,0.00,,0,28.56,110.81,1,palm,relative
217082.7759,0,282.58,0.00,282.58,0.00,,0,11.22,88.90,1,palm,relative
217082.8092,0,282.58,0.00,282.58,0.00,,0,29.10,110.30,1,palm,relative
217082.8426,0,282.58,0.00,282.58,0.00,,0,8.95,86.13,1,palm,relative
217082.8759,0,282.58,0.00,282.58,0.00,,0,32.76,112.22,1,palm,relative
217082.9092,0,282.58,0.00,282.58,0.00,,0,6.90,85.89,1,palm,relative
217082.9426,0,282.58,0.00,282.58,0.00,,0,11.42,85.27,1,palm,relative
217082.9759,0,282.58,0.00,282.58,0.00,,0,24.05,101.66,1,palm,relative
217083.0093,0,282.58,0.00,282.58,0.00,,0,10.35,81.83,1,palm,relative
217083.0426,0,282.58,0.00,282.58,0.00,,0,11.61,82.69,1,palm,relative
217083.0760,0,282.58,0.00,282.58,0.00,,0,14.17,87.75,1,palm,relative
217083.1094,0,282.58,0.00,282.58,0.00,,0,12.96,81.83,1,palm,relative
217083.1427,0,282.58,0.00,282.58,0.00,,0,11.18,81.92,1,palm,relative
217083.1761,0,282.58,0.00,282.58,0.00,,0,14.26,81.10,1,palm,relative
217083.2094,0,282.58,0.00,282.58,0.00,,0,12.77,81.88,1,palm,relative
217083.2428,0,282.58,0.00,282.58,0.00,,0,10.08,76.84,1,palm,relative
217083.2761,0,282.58,0.00,282.58,0.00,,0,17.05,83.53,1,palm,relative
217083.3095,0,282.58,0.00,282.58,0.00,,0,7.87,75.31,1,palm,relative
217083.3428,0,282.58,0.00,282.58,0.00,,0,13.65,78.88,1,palm,relative
217083.3761,0,282.58,0.00,282.58,0.00,,0,13.87,83.54,1,palm,relative
217083.4095,0,282.58,0.00,282.58,0.00,,0,11.53,78.42,1,palm,relative
217083.4428,0,282.58,0.00,282.58,0.00,,0,12.05,77.48,1,palm,relative
217083.4762,0,282.58,0.00,282.58,0.00,,0,14.76,82.89,1,palm,relative
217083.5095,0,282.58,0.00,282.58,0.00,,0,13.76,76.19,1,palm,relative
217083.5429,0,282.58,0.00,282.58,0.00,,0,15.74,80.55,1,palm,relative
217083.5763,0,282.58,0.00,282.58,0.00,,0,22.55,85.65,1,palm,relative
217083.6096,0,282.58,0.00,282.58,0.00,,0,14.01,78.24,1,palm,relative
217083.6430,0,282.58,0.00,282.58,0.00,,0,18.93,82.23,1,palm,relative
217083.6763,0,282.58,0.00,282.58,0.00,,0,11.29,76.93,1,palm,relative
217083.7097,0,282.58,0.00,282.58,0.00,,0,10.27,79.96,1,palm,relative
217083.7430,0,282.58,0.00,282.58,0.00,,0,11.57,71.53,1,palm,relative
217083.7764,0,282.58,0.00,282.58,0.00,,0,18.33,80.78,1,palm,relative
217083.8097,0,282.58,0.00,282.58,0.00,,0,27.92,85.11,1,palm,relative
217083.8430,0,282.58,0.00,282.58,0.00,,0,10.04,74.76,1,palm,relative
217083.8764,0,282.58,0.00,282.58,0.00,,0,24.36,88.29,1,palm,relative
217083.9097,0,282.58,0.00,282.58,0.00,,0,15.72,78.11,1,palm,relative
217083.9431,0,282.58,0.00,282.58,0.00,,0,21.02,85.77,1,palm,relative
217083.9764,0,282.58,0.00,282.58,0.00,,0,7.77,68.34,1,palm,relative
217084.0098,0,282.58,0.00,282.58,0.00,,0,13.73,82.36,1,palm,relative
217084.0432,0,282.58,0.00,282.58,0.00,,0,27.94,84.73,1,palm,relative
217084.0765,0,282.58,0.00,282.58,0.00,,0,11.13,69.78,1,palm,relative
217084.1099,0,282.58,0.00,282.58,0.00,,0,18.01,79.03,1,palm,relative
217084.1432,0,282.58,0.00,282.58,0.00,,0,22.32,80.44,1,palm,relative
217084.1766,0,282.58,0.00,282.58,0.00,,0,27.34,84.44,1,palm,relative
217084.2099,0,282.58,0.00,282.58,0.00,,0,12.63,74.90,1,palm,relative
217084.2432,0,282.58,0.00,282.58,0.00,,0,14.57,78.06,1,palm,relative
217084.2766,0,282.58,0.00,282.58,0.00,,0,14.80,74.73,1,palm,relative
217084.3099,0,282.58,0.00,282.58,0.00,,0,16.49,78.22,1,palm,relative
217084.3433,0,282.58,0.00,282.58,0.00,,0,22.38,80.32,1,palm,relative
217084.3766,0,282.58,0.00,282.58,0.00,,0,13.61,70.59,1,palm,relative
217084.4100,0,282.58,0.00,282.58,0.00,,0,21.81,79.11,1,palm,relative
217084.4433,0,282.58,0.00,282.58,0.00,,0,22.79,77.19,1,palm,relative
217084.4767,0,282.58,0.00,282.58,0.00,,0,26.99,80.96,1,palm,relative
217084.5101,0,282.58,0.00,282.58,0.00,,0,24.80,80.61,1,palm,relative
217084.5434,0,282.58,0.00,282.58,0.00,,0,22.75,77.36,1,palm,relative
217084.5768,0,282.58,0.00,282.58,0.00,,0,28.92,82.99,1,palm,relative
217084.6101,0,282.58,0.00,282.58,0.00,,0,19.74,79.56,1,palm,relative
217084.6435,0,282.58,0.00,282.58,0.00,,0,16.72,75.90,1,palm,relative
217084.6768,0,282.58,0.00,282.58,0.00,,0,22.22,80.14,1,palm,relative
217084.7101,0,282.58,0.00,282.58,0.00,,0,17.51,74.04,1,palm,relative
217084.7435,0,282.58,0.00,282.58,0.00,,0,21.61,78.75,1,palm,relative
217084.7768,0,282.58,0.00,282.58,0.00,,0,28.40,80.71,1,palm,relative
217084.8102,0,282.58,0.00,282.58,0.00,,0,25.47,80.73,1,palm,relative
217084.8435,0,282.58,0.00,282.58,0.00,,0,25.79,79.67,1,palm,relative
217084.8769,0,282.58,0.00,282.58,0.00,,0,25.68,89.39,1,palm,relative
217084.9102,0,282.58,0.00,282.58,0.00,,0,13.90,78.10,1,palm,relative
217084.9436,0,282.58,0.00,282.58,0.00,,0,18.84,82.89,1,palm,relative
217084.9770,0,282.58,0.00,282.58,0.00,,0,15.11,79.10,1,palm,relative
217085.0103,0,282.58,0.00,282.58,0.00,,0,15.49,81.50,1,palm,relative
217085.0437,0,282.58,0.00,282.58,0.00,,0,15.88,77.64,1,palm,relative
217085.0770,0,282.58,0.00,282.58,0.00,,0,18.29,80.25,1,palm,relative
217085.1104,0,282.58,0.00,282.58,0.00,,0,18.47,77.91,1,palm,relative
217085.1437,0,282.58,0.00,282.58,0.00,,0,15.28,74.48,1,palm,relative
217085.1770,0,282.58,0.00,282.58,0.00,,0,11.00,77.70,1,palm,relative
217085.2104,0,282.58,0.00,282.58,0.00,,0,31.24,88.32,1,palm,relative
217085.2437,0,282.58,0.00,282.58,0.00,,0,10.51,74.85,1,palm,relative
217085.2771,0,282.58,0.00,282.58,0.00,,0,12.69,78.56,1,palm,relative
217085.3104,0,282.58,0.00,282.58,0.00,,0,16.47,78.94,1,palm,relative
217085.3438,0,282.58,0.00,282.58,0.00,,0,19.11,81.75,1,palm,relative
217085.3771,0,282.58,0.00,282.58,0.00,,0,18.95,79.25,1,palm,relative
217085.4105,0,282.58,0.00,282.58,0.00,,0,14.56,75.45,1,palm,relative
217085.4439,0,282.58,0.00,282.58,0.00,,0,19.29,79.16,1,palm,relative
217085.4772,0,282.58,0.00,282.58,0.00,,0,24.77,84.73,1,palm,relative
217085.5106,0,282.58,0.00,282.58,0.00,,0,12.53,69.93,1,palm,relative
217085.5439,0,282.58,0.00,282.58,0.00,,0,24.58,80.74,1,palm,relative
217085.5773,0,282.58,0.00,282.58,0.00,,0,16.74,71.91,1,palm,relative
217085.6106,0,282.58,0.00,282.58,0.00,,0,27.77,83.68,1,palm,relative
217085.6439,0,282.58,0.00,282.58,0.00,,0,28.64,84.43,1,palm,relative
217085.6773,0,282.58,0.00,282.58,0.00,,0,21.08,80.60,1,palm,relative
217085.7106,0,282.58,0.00,282.58,0.00,,0,22.16,81.44,1,palm,relative
217085.7440,0,282.58,0.00,282.58,0.00,,0,27.14,86.46,1,palm,relative
217085.7773,0,282.58,0.00,282.58,0.00,,0,14.80,80.44,1,palm,relative
217085.8107,0,282.58,0.00,282.58,0.00,,0,13.64,84.31,1,palm,relative
217085.8441,0,282.58,0.00,282.58,0.00,,0,17.06,80.60,1,palm,relative
217085.8774,0,282.58,0.00,282.58,0.00,,0,24.43,86.76,1,palm,relative
217085.9108,0,282.58,0.00,282.58,0.00,,0,7.68,68.77,1,palm,relative
217085.9441,0,282.58,0.00,282.58,0.00,,0,16.41,81.17,1,palm,relative
217085.9775,0,282.58,0.00,282.58,0.00,,0,24.87,84.94,1,palm,relative
217086.0108,0,282.58,0.00,282.58,0.00,,0,14.94,88.14,1,palm,relative
217086.0442,0,282.58,0.00,282.58,0.00,,0,16.68,90.85,1,palm,relative
217086.0775,0,282.58,0.00,282.58,0.00,,0,13.06,86.84,1,palm,relative
217086.1108,0,282.58,0.00,282.58,0.00,,0,14.83,88.64,1,palm,relative
217086.1442,0,282.58,0.00,282.58,0.00,,0,13.14,85.93,1,palm,relative
217086.1775,0,282.58,0.00,282.58,0.00,,0,14.14,89.93,1,palm,relative
217086.2109,0,282.58,0.00,282.58,0.00,,0,15.14,86.91,1,palm,relative
217086.2442,0,282.58,0.00,282.58,0.00,,0,14.65,88.43,1,palm,relative
217086.2776,0,282.58,0.00,282.58,0.00,,0,14.35,86.27,1,palm,relative
217086.3110,0,282.58,0.00,282.58,0.00,,0,15.17,90.03,1,palm,relative
217086.3443,0,282.58,0.00,282.58,0.00,,0,12.43,81.33,1,palm,relative
217086.3777,0,282.58,0.00,282.58,0.00,,0,11.03,81.19,1,palm,relative
217086.4110,0,282.58,0.00,282.58,0.00,,0,12.45,79.32,1,palm,relative
217086.4444,0,282.58,0.00,282.58,0.00,,0,14.83,83.62,1,palm,relative
217086.4777,0,282.58,0.00,282.58,0.00,,0,14.76,80.02,1,palm,relative
217086.5111,0,282.58,0.00,282.58,0.00,,0,14.83,79.80,1,palm,relative
217086.5444,0,282.58,0.00,282.58,0.00,,0,11.81,78.16,1,palm,relative
217086.5777,0,282.58,0.00,282.58,0.00,,0,21.97,84.32,1,palm,relative
217086.6111,0,282.58,0.00,282.58,0.00,,0,10.49,71.65,1,palm,relative
217086.6444,0,282.58,0.00,282.58,0.00,,0,11.24,73.53,1,palm,relative
217086.6778,0,282.58,0.00,282.58,0.00,,0,13.83,76.22,1,palm,relative
217086.7111,0,282.58,0.00,282.58,0.00,,0,15.59,72.83,1,palm,relative
217086.7445,0,282.58,0.00,282.58,0.00,,0,11.75,76.45,1,palm,relative
217086.7779,0,282.58,0.00,282.58,0.00,,0,17.42,82.39,1,palm,relative
217086.8112,0,282.58,0.00,282.58,0.00,,0,13.74,76.77,1,palm,relative
217086.8446,0,282.58,0.00,282.58,0.00,,0,15.77,78.82,1,palm,relative
217086.8779,0,282.58,0.00,282.58,0.00,,0,15.72,76.64,1,palm,relative
217086.9113,0,282.58,0.00,282.58,0.00,,0,17.58,79.21,1,palm,relative
217086.9446,0,282.58,0.00,282.58,0.00,,0,18.64,76.80,1,palm,relative
217086.9780,0,282.58,0.00,282.58,0.00,,0,20.43,79.04,1,palm,relative
217087.0113,0,282.58,0.00,282.58,0.00,,0,19.85,76.06,1,palm,relative
217087.0446,0,282.58,0.00,282.58,0.00,,0,21.35,78.84,1,palm,relative
217087.0780,0,282.58,0.00,282.58,0.00,,0,20.16,71.74,1,palm,relative
217087.1113,0,282.58,0.00,282.58,0.00,,0,31.89,83.55,1,palm,relative
217087.1447,0,282.58,0.00,282.58,0.00,,0,11.51,69.84,1,palm,relative
217087.1780,0,282.58,0.00,282.58,0.00,,0,23.78,83.36,1,palm,relative
217087.2114,0,282.58,0.00,282.58,0.00,,0,17.45,73.95,1,palm,relative
217087.2448,0,282.58,0.00,282.58,0.00,,0,25.00,82.54,1,palm,relative
217087.2781,0,282.58,0.00,282.58,0.00,,0,16.53,73.80,1,palm,relative
217087.3115,0,282.58,0.00,282.58,0.00,,0,19.42,77.32,1,palm,relative
217087.3448,0,282.58,0.00,282.58,0.00,,0,24.97,80.42,1,palm,relative
217087.3782,0,282.58,0.00,282.58,0.00,,0,20.20,76.20,1,palm,relative
217087.4115,0,282.58,0.00,282.58,0.00,,0,27.06,81.23,1,palm,relative
217087.4448,0,282.58,0.00,282.58,0.00,,0,29.26,82.08,1,palm,relative
217087.4782,0,282.58,0.00,282.58,0.00,,0,25.17,88.68,1,palm,relative
217087.5115,0,282.58,0.00,282.58,0.00,,0,8.69,70.50,1,palm,relative
217087.5449,0,282.58,0.00,282.58,0.00,,0,16.32,81.02,1,palm,relative
217087.5782,0,282.58,0.00,282.58,0.00,,0,22.82,90.36,1,palm,relative
217087.6116,0,282.58,0.00,282.58,0.00,,0,13.18,76.09,1,palm,relative
217087.6449,0,282.58,0.00,282.58,0.00,,0,18.49,81.95,1,palm,relative
217087.6783,0,282.58,0.00,282.58,0.00,,0,14.14,73.63,1,palm,relative
217087.7117,0,282.58,0.00,282.58,0.00,,0,20.93,80.94,1,palm,relative
217087.7450,0,282.58,0.00,282.58,0.00,,0,22.47,78.76,1,palm,relative
217087.7784,0,282.58,0.00,282.58,0.00,,0,17.92,81.35,1,palm,relative
217087.8117,0,282.58,0.00,282.58,0.00,,0,13.06,75.92,1,palm,relative
217087.8451,0,282.58,0.00,282.58,0.00,,0,18.54,80.21,1,palm,relative
217087.8784,0,282.58,0.00,282.58,0.00,,0,9.38,71.28,1,palm,relative
217087.9117,0,282.58,0.00,282.58,0.00,,0,22.45,82.63,1,palm,relative
217087.9451,0,282.58,0.00,282.58,0.00,,0,17.14,76.66,1,palm,relative
217087.9784,0,282.58,0.00,282.58,0.00,,0,19.55,78.29,1,palm,relative
217088.0118,0,282.58,0.00,282.58,0.00,,0,27.30,87.20,1,palm,relative
217088.0451,0,282.58,0.00,282.58,0.00,,0,28.09,89.76,1,palm,relative
217088.0785,0,282.58,0.00,282.58,0.00,,0,20.47,80.73,1,palm,relative
217088.1118,0,282.58,0.00,282.58,0.00,,0,14.84,76.32,1,palm,relative
217088.1452,0,282.58,0.00,282.58,0.00,,0,20.45,79.60,1,palm,relative
217088.1786,0,282.58,0.00,282.58,0.00,,0,22.69,85.91,1,palm,relative
217088.2119,0,282.58,0.00,282.58,0.00,,0,15.70,75.40,1,palm,relative
217088.2453,0,282.58,0.00,282.58,0.00,,0,20.40,81.64,1,palm,relative
217088.2786,0,282.58,0.00,282.58,0.00,,0,12.44,70.12,1,palm,relative
217088.3120,0,282.58,0.00,282.58,0.00,,0,23.14,82.18,1,palm,relative
217088.3453,0,282.58,0.00,282.58,0.00,,0,16.00,69.97,1,palm,relative
217088.3786,0,282.58,0.00,282.58,0.00,,0,27.17,82.48,1,palm,relative
217088.4120,0,282.58,0.00,282.58,0.00,,0,17.18,75.44,1,palm,relative
217088.4453,0,282.58,0.00,282.58,0.00,,0,25.80,83.82,1,palm,relative
217088.4787,0,282.58,0.00,282.58,0.00,,0,16.88,72.52,1,palm,relative
217088.5120,0,282.58,0.00,282.58,0.00,,0,24.84,80.75,1,palm,relative
217088.5454,0,282.58,0.00,282.58,0.00,,0,24.66,78.58,1,palm,relative
217088.5787,0,282.58,0.00,282.58,0.00,,0,24.24,77.40,1,palm,relative
217088.6121,0,282.58,0.00,282.58,0.00,,0,30.93,82.84,1,palm,relative
217088.6455,0,282.58,0.00,282.58,0.00,,0,17.57,72.90,1,palm,relative
217088.6788,0,282.58,0.00,282.58,0.00,,0,26.49,80.93,1,palm,relative
217088.7122,0,282.58,0.00,282.58,0.00,,0,14.88,74.92,1,palm,relative
217088.7455,0,282.58,0.00,282.58,0.00,,0,25.32,86.60,1,palm,relative
217088.7789,0,282.58,0.00,282.58,0.00,,0,8.50,68.01,1,palm,relative
217088.8122,0,282.58,0.00,282.58,0.00,,0,12.79,76.44,1,palm,relative
217088.8455,0,282.58,0.00,282.58,0.00,,0,24.62,81.80,1,palm,relative
217088.8789,0,282.58,0.00,282.58,0.00,,0,14.10,71.50,1,palm,relative
217088.9122,0,282.58,0.00,282.58,0.00,,0,15.24,74.54,1,palm,relative
217088.9456,0,282.58,0.00,282.58,0.00,,0,21.62,77.57,1,palm,relative
217088.9789,0,282.58,0.00,282.58,0.00,,0,23.60,79.32,1,palm,relative
217089.0123,0,282.58,0.00,282.58,0.00,,0,21.08,77.12,1,palm,relative
217089.0456,0,282.58,0.00,282.58,0.00,,0,23.01,79.00,1,palm,relative
217089.0790,0,282.58,0.00,282.58,0.00,,0,18.13,72.69,1,palm,relative
217089.1124,0,282.58,0.00,282.58,0.00,,0,29.79,85.21,1,palm,relative
217089.1457,0,282.58,0.00,282.58,0.00,,0,9.89,68.61,1,palm,relative
217089.1791,0,282.58,0.00,282.58,0.00,,0,21.09,82.97,1,palm,relative
217089.2124,0,282.58,0.00,282.58,0.00,,0,18.26,73.53,1,palm,relative
217089.2458,0,282.58,0.00,282.58,0.00,,0,26.91,81.32,1,palm,relative
217089.2791,0,282.58,0.00,282.58,0.00,,0,21.89,79.62,1,palm,relative
217089.3124,0,282.58,0.00,282.58,0.00,,0,20.12,76.97,1,palm,relative
217089.3458,0,282.58,0.00,282.58,0.00,,0,26.69,82.47,1,palm,relative
217089.3791,0,282.58,0.00,282.58,0.00,,0,17.27,72.92,1,palm,relative
217089.4125,0,282.58,0.00,282.58,0.00,,0,31.11,86.64,1,palm,relative
217089.4458,0,282.58,0.00,282.58,0.00,,0,10.07,70.72,1,palm,relative
217089.4792,0,282.58,0.00,282.58,0.00,,0,20.23,80.71,1,palm,relative
217089.5126,0,282.58,0.00,282.58,0.00,,0,20.81,81.35,1,palm,relative
217089.5459,0,282.58,0.00,282.58,0.00,,0,11.61,71.81,1,palm,relative
217089.5793,0,282.58,0.00,282.58,0.00,,0,19.15,80.66,1,palm,relative
217089.6126,0,282.58,0.00,282.58,0.00,,0,21.91,79.40,1,palm,relative
217089.6460,0,282.58,0.00,282.58,0.00,,0,21.48,79.77,1,palm,relative
217089.6793,0,282.58,0.00,282.58,0.00,,0,23.70,82.24,1,palm,relative
217089.7127,0,282.58,0.00,282.58,0.00,,0,30.01,84.79,1,palm,relative
217089.7460,0,282.58,0.00,282.58,0.00,,0,9.07,69.21,1,palm,relative
217089.7793,0,282.58,0.00,282.58,0.00,,0,18.85,80.52,1,palm,relative
217089.8127,0,282.58,0.00,282.58,0.00,,0,17.48,74.93,1,palm,relative
217089.8460,0,282.58,0.00,282.58,0.00,,0,25.32,83.10,1,palm,relative
217089.8794,0,282.58,0.00,282.58,0.00,,0,12.40,69.38,1,palm,relative
217089.9127,0,282.58,0.00,282.58,0.00,,0,25.44,83.89,1,palm,relative
217089.9461,0,282.58,0.00,282.58,0.00,,0,15.98,75.35,1,palm,relative
217089.9794,0,282.58,0.00,282.58,0.00,,0,23.08,88.41,1,palm,relative
217090.0128,0,282.58,0.00,282.58,0.00,,0,12.13,77.97,1,palm,relative
217090.0461,0,282.58,0.00,282.58,0.00,,0,15.19,85.00,1,palm,relative
217090.0795,0,282.58,0.00,282.58,0.00,,0,12.25,75.62,1,palm,relative
217090.1128,0,282.58,0.00,282.58,0.00,,0,16.08,80.47,1,palm,relative
217090.1462,0,282.58,0.00,282.58,0.00,,0,14.12,75.55,1,palm,relative
217090.1795,0,282.58,0.00,282.58,0.00,,0,15.88,78.44,1,palm,relative
217090.2129,0,282.58,0.00,282.58,0.00,,0,16.44,74.93,1,palm,relative
217090.2462,0,282.58,0.00,282.58,0.00,,0,19.84,78.34,1,palm,relative
217090.2796,0,282.58,0.00,282.58,0.00,,0,23.71,88.46,1,palm,relative
217090.3129,0,282.58,0.00,282.58,0.00,,0,9.19,70.65,1,palm,relative
217090.3463,0,282.58,0.00,282.58,0.00,,0,17.33,80.51,1,palm,relative
217090.3796,0,282.58,0.00,282.58,0.00,,0,15.86,75.63,1,palm,relative
217090.4130,0,282.58,0.00,282.58,0.00,,0,19.95,78.66,1,palm,relative
217090.4463,0,282.58,0.00,282.58,0.00,,0,17.50,76.92,1,palm,relative
217090.4797,0,282.58,0.00,282.58,0.00,,0,22.05,78.07,1,palm,relative
217090.5130,0,282.58,0.00,282.58,0.00,,0,26.82,80.85,1,palm,relative
217090.5464,0,282.58,0.00,282.58,0.00,,0,16.18,74.59,1,palm,relative
217090.5797,0,282.58,0.00,282.58,0.00,,0,25.88,90.79,1,palm,relative
217090.6131,0,282.58,0.00,282.58,0.00,,0,9.38,80.07,1,palm,relative
217090.6464,0,282.58,0.00,282.58,0.00,,0,14.04,86.70,1,palm,relative
217090.6798,0,282.58,0.00,282.58,0.00,,0,13.46,82.92,1,palm,relative
217090.7131,0,282.58,0.00,282.58,0.00,,0,13.27,83.71,1,palm,relative
217090.7465,0,282.58,0.00,282.58,0.00,,0,13.21,83.69,1,palm,relative
217090.7798,0,282.58,0.00,282.58,0.00,,0,9.78,77.91,1,palm,relative
217090.8132,0,282.58,0.00,282.58,0.00,,0,12.38,79.59,1,palm,relative
217090.8465,0,282.58,0.00,282.58,0.00,,0,9.81,77.04,1,palm,relative
217090.8799,0,282.58,0.00,282.58,0.00,,0,17.10,86.81,1,palm,relative
217090.9132,0,282.58,0.00,282.58,0.00,,0,12.71,76.84,1,palm,relative
217090.9466,0,282.58,0.00,282.58,0.00,,0,12.34,78.65,1,palm,relative
217090.9799,0,282.58,0.00,282.58,0.00,,0,12.36,74.25,1,palm,relative
217091.0133,0,282.58,0.00,282.58,0.00,,0,22.38,83.50,1,palm,relative
217091.0466,0,282.58,0.00,282.58,0.00,,0,13.98,73.98,1,palm,relative
217091.0800,0,282.58,0.00,282.58,0.00,,0,21.78,84.05,1,palm,relative
217091.1133,0,282.58,0.00,282.58,0.00,,0,11.54,69.79,1,palm,relative
217091.1467,0,282.58,0.00,282.58,0.00,,0,20.82,80.85,1,palm,relative
217091.1800,0,282.58,0.00,282.58,0.00,,0,29.92,84.80,1,palm,relative
217091.2134,0,282.58,0.00,282.58,0.00,,0,11.76,74.05,1,palm,relative
217091.2467,0,282.58,0.00,282.58,0.00,,0,19.84,82.81,1,palm,relative
217091.2801,0,282.58,0.00,282.58,0.00,,0,9.70,69.78,1,palm,relative
217091.3134,0,282.58,0.00,282.58,0.00,,0,19.76,82.57,1,palm,relative
217091.3468,0,282.58,0.00,282.58,0.00,,0,17.15,73.70,1,palm,relative
217091.3801,0,282.58,0.00,282.58,0.00,,0,23.93,80.77,1,palm,relative
217091.4135,0,282.58,0.00,282.58,0.00,,0,29.36,82.43,1,palm,relative
217091.4468,0,282.58,0.00,282.58,0.00,,0,17.50,73.25,1,palm,relative
217091.4802,0,282.58,0.00,282.58,0.00,,0,28.10,85.42,1,palm,relative
217091.5135,0,282.58,0.00,282.58,0.00,,0,10.71,69.31,1,palm,relative
217091.5469,0,282.58,0.00,282.58,0.00,,0,27.72,89.84,1,palm,relative
217091.5802,0,282.58,0.00,282.58,0.00,,0,13.69,75.93,1,palm,relative
217091.6136,0,282.58,0.00,282.58,0.00,,0,19.63,83.39,1,palm,relative
217091.6469,0,282.58,0.00,282.58,0.00,,0,12.74,72.46,1,palm,relative
217091.6803,0,282.58,0.00,282.58,0.00,,0,15.36,76.07,1,palm,relative
217091.7136,0,282.58,0.00,282.58,0.00,,0,24.26,84.99,1,palm,relative
217091.7470,0,282.58,0.00,282.58,0.00,,0,14.59,74.94,1,palm,relative
217091.7803,0,282.58,0.00,282.58,0.00,,0,18.77,81.60,1,palm,relative
217091.8137,0,282.58,0.00,282.58,0.00,,0,14.33,71.68,1,palm,relative
217091.8470,0,282.58,0.00,282.58,0.00,,0,27.44,85.28,1,palm,relative
217091.8804,0,282.58,0.00,282.58,0.00,,0,8.89,68.34,1,palm,relative
217091.9137,0,282.58,0.00,282.58,0.00,,0,26.59,85.29,1,palm,relative
217091.9471,0,282.58,0.00,282.58,0.00,,0,10.33,71.82,1,palm,relative
217091.9804,0,282.58,0.00,282.58,0.00,,0,15.85,79.44,1,palm,relative
217092.0138,0,282.58,0.00,282.58,0.00,,0,16.62,77.28,1,palm,relative
217092.0471,0,282.58,0.00,282.58,0.00,,0,17.11,79.01,1,palm,relative
217092.0805,0,282.58,0.00,282.58,0.00,,0,18.57,76.60,1,palm,relative
217092.1138,0,282.58,0.00,282.58,0.00,,0,28.96,86.93,1,palm,relative
217092.1472,0,282.58,0.00,282.58,0.00,,0,13.42,73.14,1,palm,relative
217092.1805,0,282.58,0.00,282.58,0.00,,0,25.65,84.16,1,palm,relative
217092.2139,0,282.58,0.00,282.58,0.00,,0,7.65,70.99,1,palm,relative
217092.2472,0,282.58,0.00,282.58,0.00,,0,15.18,83.12,1,palm,relative
217092.2806,0,282.58,0.00,282.58,0.00,,0,9.87,70.58,1,palm,relative
217092.3139,0,282.58,0.00,282.58,0.00,,0,18.78,79.09,1,palm,relative
217092.3473,0,282.58,0.00,282.58,0.00,,0,13.46,75.05,1,palm,relative
217092.3806,0,282.58,0.00,282.58,0.00,,0,22.68,83.96,1,palm,relative
217092.4140,0,282.58,0.00,282.58,0.00,,0,10.45,69.37,1,palm,relative
217092.4473,0,282.58,0.00,282.58,0.00,,0,22.84,84.86,1,palm,relative
217092.4807,0,282.58,0.00,282.58,0.00,,0,13.09,73.64,1,palm,relative
217092.5140,0,282.58,0.00,282.58,0.00,,0,24.71,84.90,1,palm,relative
217092.5474,0,282.58,0.00,282.58,0.00,,0,12.95,73.29,1,palm,relative
217092.5807,0,282.58,0.00,282.58,0.00,,0,21.63,84.53,1,palm,relative
217092.6141,0,282.58,0.00,282.58,0.00,,0,12.53,68.36,1,palm,relative
217092.6474,0,282.58,0.00,282.58,0.00,,0,30.27,84.79,1,palm,relative
217092.6808,0,282.58,0.00,282.58,0.00,,0,12.22,70.11,1,palm,relative
217092.7141,0,282.58,0.00,282.58,0.00,,0,25.96,85.15,1,palm,relative
217092.7475,0,282.58,0.00,282.58,0.00,,0,13.41,77.67,1,palm,relative
217092.7808,0,282.58,0.00,282.58,0.00,,0,19.29,85.88,1,palm,relative
217092.8142,0,282.58,0.00,282.58,0.00,,0,15.06,76.97,1,palm,relative
217092.8475,0,282.58,0.00,282.58,0.00,,0,10.46,73.34,1,palm,relative
217092.8809,0,282.58,0.00,282.58,0.00,,0,11.66,73.61,1,palm,relative
217092.9142,0,282.58,0.00,282.58,0.00,,0,19.20,107.91,1,palm,relative
217092.9476,0,282.58,0.00,282.58,0.00,,0,19.70,112.37,1,palm,relative
217092.9809,0,282.58,0.00,282.58,0.00,,0,24.51,114.42,1,palm,relative
217093.0143,0,282.58,0.00,282.58,0.00,,0,9.86,103.16,1,palm,relative
217093.0476,0,282.58,0.00,282.58,0.00,,0,29.20,116.77,1,palm,relative
217093.0810,0,282.58,0.00,282.58,0.00,,0,12.34,106.07,1,palm,relative
217093.1143,0,282.58,0.00,282.58,0.00,,0,20.39,107.36,1,palm,relative
217093.1477,0,282.58,0.00,282.58,0.00,,0,14.72,109.07,1,palm,relative
217093.1810,0,282.58,0.00,282.58,0.00,,0,14.64,110.89,1,palm,relative
217093.2144,0,282.58,0.00,282.58,0.00,,0,20.66,110.82,1,palm,relative
217093.2477,0,282.58,0.00,282.58,0.00,,0,17.73,104.51,1,palm,relative
217093.2811,0,282.58,0.00,282.58,0.00,,0,28.66,118.69,1,palm,relative
217093.3144,0,282.58,0.00,282.58,0.00,,0,12.82,100.29,1,palm,relative
217093.3478,0,282.58,0.00,282.58,0.00,,0,11.40,101.00,1,palm,relative
217093.3811,0,282.58,0.00,282.58,0.00,,0,19.08,108.80,1,palm,relative
217093.4145,0,282.58,0.00,282.58,0.00,,0,20.85,107.39,1,palm,relative
217093.4478,0,282.58,0.00,282.58,0.00,,0,20.32,109.21,1,palm,relative
217093.4812,0,282.58,0.00,282.58,0.00,,0,26.67,117.94,1,palm,relative
217093.5145,0,282.58,0.00,282.58,0.00,,0,17.45,103.67,1,palm,relative
217093.5479,0,282.58,0.00,282.58,0.00,,0,39.34,130.78,1,palm,relative
217093.5812,0,282.58,0.00,282.58,0.00,,0,19.02,116.67,1,palm,relative
217093.6146,0,282.58,0.00,282.58,0.00,,0,11.87,101.08,1,palm,relative
217093.6479,0,282.58,0.00,282.58,0.00,,0,31.39,122.26,1,palm,relative
217093.6813,0,282.58,0.00,282.58,0.00,,0,19.83,109.03,1,palm,relative
217093.7146,0,282.58,0.00,282.58,0.00,,0,25.51,113.49,1,palm,relative
217093.7480,0,282.58,0.00,282.58,0.00,,0,19.07,109.90,1,palm,relative
217093.7813,0,282.58,0.00,282.58,0.00,,0,19.94,110.18,1,palm,relative
217093.8147,0,282.58,0.00,282.58,0.00,,0,25.92,114.90,1,palm,relative
217093.8480,0,282.58,0.00,282.58,0.00,,0,27.66,118.12,1,palm,relative
217093.8814,0,282.58,0.00,282.58,0.00,,0,14.45,103.08,1,palm,relative
217093.9147,0,282.58,0.00,282.58,0.00,,0,31.34,120.20,1,palm,relative
217093.9481,0,282.58,0.00,282.58,0.00,,0,22.32,109.47,1,palm,relative
217093.9814,0,282.58,0.00,282.58,0.00,,0,23.16,113.11,1,palm,relative
217094.0148,0,282.58,0.00,282.58,0.00,,0,17.62,104.61,1,palm,relative
217094.0481,0,282.58,0.00,282.58,0.00,,0,27.21,117.91,1,palm,relative
217094.0815,0,282.58,0.00,282.58,0.00,,0,15.85,104.60,1,palm,relative
217094.1148,0,282.58,0.00,282.58,0.00,,0,22.48,114.82,1,palm,relative
217094.1482,0,282.58,0.00,282.58,0.00,,0,31.75,117.36,1,palm,relative
217094.1815,0,282.58,0.00,282.58,0.00,,0,15.49,105.06,1,palm,relative
217094.2149,0,282.58,0.00,282.58,0.00,,0,29.03,115.94,1,palm,relative
217094.2482,0,282.58,0.00,282.58,0.00,,0,14.06,103.97,1,palm,relative
217094.2816,0,282.58,0.00,282.58,0.00,,0,31.15,114.74,1,palm,relative
217094.3149,0,282.58,0.00,282.58,0.00,,0,16.69,103.99,1,palm,relative
217094.3483,0,282.58,0.00,282.58,0.00,,0,29.23,111.97,1,palm,relative
217094.3816,0,282.58,0.00,282.58,0.00,,0,26.08,112.81,1,palm,relative
217094.4150,0,282.58,0.00,282.58,0.00,,0,25.35,108.24,1,palm,relative
217094.4483,0,282.58,0.00,282.58,0.00,,0,7.26,88.57,1,palm,relative
217094.4817,0,282.58,0.00,282.58,0.00,,0,25.16,107.09,1,palm,relative
217094.5150,0,282.58,0.00,282.58,0.00,,0,8.13,87.61,1,palm,relative
217094.5484,0,282.58,0.00,282.58,0.00,,0,10.10,89.80,1,palm,relative
217094.5817,0,282.58,0.00,282.58,0.00,,0,10.60,88.50,1,palm,relative
217094.6151,0,282.58,0.00,282.58,0.00,,0,10.74,88.85,1,palm,relative
217094.6484,0,282.58,0.00,282.58,0.00,,0,13.10,90.86,1,palm,relative
217094.6818,0,282.58,0.00,282.58,0.00,,0,27.02,108.05,1,palm,relative
217094.7151,0,282.58,0.00,282.58,0.00,,0,11.27,86.98,1,palm,relative
217094.7485,0,282.58,0.00,282.58,0.00,,0,27.43,106.81,1,palm,relative
217094.7818,0,282.58,0.00,282.58,0.00,,0,7.94,81.56,1,palm,relative
217094.8152,0,282.58,0.00,282.58,0.00,,0,9.62,85.52,1,palm,relative
217094.8485,0,282.58,0.00,282.58,0.00,,0,6.72,77.46,1,palm,relative
217094.8819,0,282.58,0.00,282.58,0.00,,0,10.41,81.63,1,palm,relative
217094.9152,0,282.58,0.00,282.58,0.00,,0,10.49,82.77,1,palm,relative
217094.9486,0,282.58,0.00,282.58,0.00,,0,10.92,81.07,1,palm,relative
217094.9819,0,282.58,0.00,282.58,0.00,,0,10.24,84.16,1,palm,relative
217095.0153,0,282.58,0.00,282.58,0.00,,0,11.07,81.86,1,palm,relative
217095.0486,0,282.58,0.00,282.58,0.00,,0,9.17,79.21,1,palm,relative
217095.0820,0,282.58,0.00,282.58,0.00,,0,15.39,85.62,1,palm,relative
217095.1153,0,282.58,0.00,282.58,0.00,,0,16.75,84.71,1,palm,relative
217095.1487,0,282.58,0.00,282.58,0.00,,0,11.23,82.09,1,palm,relative
217095.1820,0,282.58,0.00,282.58,0.00,,0,13.10,79.80,1,palm,relative
217095.2154,0,282.58,0.00,282.58,0.00,,0,13.23,81.74,1,palm,relative
217095.2487,0,282.58,0.00,282.58,0.00,,0,10.14,77.15,1,palm,relative
217095.2821,0,282.58,0.00,282.58,0.00,,0,13.82,82.50,1,palm,relative
217095.3154,0,282.58,0.00,282.58,0.00,,0,9.35,75.57,1,palm,relative
217095.3488,0,282.58,0.00,282.58,0.00,,0,16.89,86.20,1,palm,relative
217095.3821,0,282.58,0.00,282.58,0.00,,0,7.26,77.67,1,palm,relative
217095.4155,0,282.58,0.00,282.58,0.00,,0,15.97,90.12,1,palm,relative
217095.4488,0,282.58,0.00,282.58,0.00,,0,12.30,81.98,1,palm,relative
217095.4822,0,282.58,0.00,282.58,0.00,,0,9.81,77.95,1,palm,relative
217095.5155,0,282.58,0.00,282.58,0.00,,0,13.73,82.54,1,palm,relative
217095.5489,0,282.58,0.00,282.58,0.00,,0,11.37,75.87,1,palm,relative
217095.5822,0,282.58,0.00,282.58,0.00,,0,10.94,75.09,1,palm,relative
217095.6156,0,282.58,0.00,282.58,0.00,,0,17.16,80.07,1,palm,relative
217095.6489,0,282.58,0.00,282.58,0.00,,0,15.12,78.17,1,palm,relative
217095.6823,0,282.58,0.00,282.58,0.00,,0,24.00,88.09,1,palm,relative
217095.7156,0,282.58,0.00,282.58,0.00,,0,10.67,78.97,1,palm,relative
217095.7490,0,282.58,0.00,282.58,0.00,,0,9.92,80.97,1,palm,relative
217095.7823,0,282.58,0.00,282.58,0.00,,0,13.17,80.18,1,palm,relative
217095.8157,0,282.58,0.00,282.58,0.00,,0,13.05,82.46,1,palm,relative
217095.8490,0,282.58,0.00,282.58,0.00,,0,8.77,75.21,1,palm,relative
217095.8824,0,282.58,0.00,282.58,0.00,,0,6.50,72.99,1,palm,relative
217095.9157,0,282.58,0.00,282.58,0.00,,0,11.06,75.01,1,palm,relative
217095.9491,0,282.58,0.00,282.58,0.00,,0,11.42,74.11,1,palm,relative
217095.9824,0,282.58,0.00,282.58,0.00,,0,20.67,85.14,1,palm,relative
217096.0158,0,282.58,0.00,282.58,0.00,,0,18.03,89.40,1,palm,relative
217096.0491,0,282.58,0.00,282.58,0.00,,0,12.73,83.90,1,palm,relative
217096.0825,0,282.58,0.00,282.58,0.00,,0,13.33,85.01,1,palm,relative
217096.1158,0,282.58,0.00,282.58,0.00,,0,13.13,82.08,1,palm,relative
217096.1492,0,282.58,0.00,282.58,0.00,,0,13.47,84.34,1,palm,relative
217096.1825,0,282.58,0.00,282.58,0.00,,0,12.65,80.25,1,palm,relative
217096.2159,0,282.58,0.00,282.58,0.00,,0,13.04,84.88,1,palm,relative
217096.2492,0,282.58,0.00,282.58,0.00,,0,13.64,80.42,1,palm,relative
217096.2826,0,282.58,0.00,282.58,0.00,,0,11.93,79.64,1,palm,relative
217096.3159,0,282.58,0.00,282.58,0.00,,0,15.93,81.56,1,palm,relative
217096.3493,0,282.58,0.00,282.58,0.00,,0,12.99,78.33,1,palm,relative
217096.3826,0,282.58,0.00,282.58,0.00,,0,12.40,80.96,1,palm,relative
217096.4160,0,282.58,0.00,282.58,0.00,,0,16.10,78.82,1,palm,relative
217096.4493,0,282.58,0.00,282.58,0.00,,0,12.10,74.52,1,palm,relative
217096.4827,0,282.58,0.00,282.58,0.00,,0,11.45,76.61,1,palm,relative
217096.5160,0,282.58,0.00,282.58,0.00,,0,16.23,78.53,1,palm,relative
217096.5494,0,282.58,0.00,282.58,0.00,,0,13.72,75.91,1,palm,relative
217096.5827,0,282.58,0.00,282.58,0.00,,0,15.81,79.95,1,palm,relative
217096.6161,0,282.58,0.00,282.58,0.00,,0,14.13,76.97,1,palm,relative
217096.6494,0,282.58,0.00,282.58,0.00,,0,18.17,81.31,1,palm,relative
217096.6828,0,282.58,0.00,282.58,0.00,,0,18.68,78.98,1,palm,relative
217096.7161,0,282.58,0.00,282.58,0.00,,0,20.54,80.03,1,palm,relative
217096.7495,0,282.58,0.00,282.58,0.00,,0,18.95,77.48,1,palm,relative
217096.7828,0,282.58,0.00,282.58,0.00,,0,21.43,86.17,1,palm,relative
217096.8162,0,282.58,0.00,282.58,0.00,,0,8.70,72.64,1,palm,relative
217096.8495,0,282.58,0.00,282.58,0.00,,0,8.42,74.65,1,palm,relative
217096.8829,0,282.58,0.00,282.58,0.00,,0,23.05,84.59,1,palm,relative
217096.9162,0,282.58,0.00,282.58,0.00,,0,11.88,72.35,1,palm,relative
217096.9496,0,282.58,0.00,282.58,0.00,,0,15.39,76.42,1,palm,relative
217096.9829,0,282.58,0.00,282.58,0.00,,0,10.33,68.80,1,palm,relative
217097.0163,0,282.58,0.00,282.58,0.00,,0,15.66,74.85,1,palm,relative
217097.0496,0,282.58,0.00,282.58,0.00,,0,17.72,72.47,1,palm,relative
217097.0830,0,282.58,0.00,282.58,0.00,,0,20.00,74.54,1,palm,relative
217097.1163,0,282.58,0.00,282.58,0.00,,0,18.22,72.37,1,palm,relative
217097.1497,0,282.58,0.00,282.58,0.00,,0,19.52,74.23,1,palm,relative
217097.1830,0,282.58,0.00,282.58,0.00,,0,6.90,58.07,1,palm,relative
217097.2164,0,282.58,0.00,282.58,0.00,,0,7.29,58.08,1,palm,relative
217097.2497,0,282.58,0.00,282.58,0.00,,0,7.82,68.46,1,palm,relative
217097.2831,0,282.58,0.00,282.58,0.00,,0,14.29,76.25,1,palm,relative
217097.3164,0,282.58,0.00,282.58,0.00,,0,14.12,73.00,1,palm,relative
217097.3498,0,282.58,0.00,282.58,0.00,,0,14.72,75.84,1,palm,relative
217097.3831,0,282.58,0.00,282.58,0.00,,0,15.38,72.60,1,palm,relative
217097.4165,0,282.58,0.00,282.58,0.00,,0,16.55,75.26,1,palm,relative
217097.4498,0,282.58,0.00,282.58,0.00,,0,15.60,71.81,1,palm,relative
217097.4832,0,282.58,0.00,282.58,0.00,,0,18.41,75.28,1,palm,relative
217097.5165,0,282.58,0.00,282.58,0.00,,0,8.45,60.58,1,palm,relative
217097.5499,0,282.58,0.00,282.58,0.00,,0,7.43,66.97,1,palm,relative
217097.5832,0,282.58,0.00,282.58,0.00,,0,15.21,74.77,1,palm,relative
217097.6166,0,282.58,0.00,282.58,0.00,,0,14.78,72.72,1,palm,relative
217097.6499,0,282.58,0.00,282.58,0.00,,0,14.37,73.91,1,palm,relative
217097.6833,0,282.58,0.00,282.58,0.00,,0,19.72,75.79,1,palm,relative
217097.7166,0,282.58,0.00,282.58,0.00,,0,24.89,80.23,1,palm,relative
217097.7500,0,282.58,0.00,282.58,0.00,,0,16.28,70.68,1,palm,relative
217097.7833,0,282.58,0.00,282.58,0.00,,0,9.83,65.60,1,palm,relative
217097.8167,0,282.58,0.00,282.58,0.00,,0,11.31,67.32,1,palm,relative
217097.8500,0,282.58,0.00,282.58,0.00,,0,20.09,74.64,1,palm,relative
217097.8834,0,282.58,0.00,282.58,0.00,,0,18.91,73.00,1,palm,relative
217097.9167,0,282.58,0.00,282.58,0.00,,0,20.43,74.76,1,palm,relative
217097.9501,0,282.58,0.00,282.58,0.00,,0,17.05,67.73,1,palm,relative
217097.9834,0,282.58,0.00,282.58,0.00,,0,16.72,66.58,1,palm,relative
217098.0168,0,282.58,0.00,282.58,0.00,,0,42.96,93.96,1,palm,relative
217098.0501,0,282.58,0.00,282.58,0.00,,0,9.72,75.08,1,palm,relative
217098.0835,0,282.58,0.00,282.58,0.00,,0,9.38,77.01,1,palm,relative
217098.1168,0,282.58,0.00,282.58,0.00,,0,22.83,86.15,1,palm,relative
217098.1502,0,282.58,0.00,282.58,0.00,,0,6.89,69.55,1,palm,relative
217098.1835,0,282.58,0.00,282.58,0.00,,0,16.55,79.56,1,palm,relative
217098.2169,0,282.58,0.00,282.58,0.00,,0,12.97,73.96,1,palm,relative
217098.2502,0,282.58,0.00,282.58,0.00,,0,24.08,86.03,1,palm,relative
217098.2836,0,282.58,0.00,282.58,0.00,,0,7.47,69.59,1,palm,relative
217098.3169,0,282.58,0.00,282.58,0.00,,0,16.55,82.10,1,palm,relative
217098.3503,0,282.58,0.00,282.58,0.00,,0,9.02,68.89,1,palm,relative
217098.3836,0,282.58,0.00,282.58,0.00,,0,20.76,82.50,1,palm,relative
217098.4170,0,282.58,0.00,282.58,0.00,,0,11.75,73.25,1,palm,relative
217098.4503,0,282.58,0.00,282.58,0.00,,0,18.25,80.26,1,palm,relative
217098.4837,0,282.58,0.00,282.58,0.00,,0,13.81,73.21,1,palm,relative
217098.5170,0,282.58,0.00,282.58,0.00,,0,17.50,78.76,1,palm,relative
217098.5504,0,282.58,0.00,282.58,0.00,,0,18.26,75.69,1,palm,relative
217098.5837,0,282.58,0.00,282.58,0.00,,0,14.47,72.28,1,palm,relative
217098.6171,0,282.58,0.00,282.58,0.00,,0,27.72,81.25,1,palm,relative
217098.6504,0,282.58,0.00,282.58,0.00,,0,13.09,68.33,1,palm,relative
217098.6838,0,282.58,0.00,282.58,0.00,,0,19.09,74.60,1,palm,relative
217098.7171,0,282.58,0.00,282.58,0.00,,0,29.01,82.70,1,palm,relative
217098.7505,0,282.58,0.00,282.58,0.00,,0,20.63,77.69,1,palm,relative
217098.7838,0,282.58,0.00,282.58,0.00,,0,24.61,82.89,1,palm,relative
217098.8172,0,282.58,0.00,282.58,0.00,,0,13.74,69.02,1,palm,relative
217098.8505,0,282.58,0.00,282.58,0.00,,0,19.59,76.04,1,palm,relative
217098.8839,0,282.58,0.00,282.58,0.00,,0,22.37,74.47,1,palm,relative
217098.9172,0,282.58,0.00,282.58,0.00,,0,24.06,75.98,1,palm,relative
217098.9506,0,282.58,0.00,282.58,0.00,,0,31.95,84.62,1,palm,relative
217098.9839,0,282.58,0.00,282.58,0.00,,0,12.19,83.69,1,palm,relative
217099.0173,0,282.58,0.00,282.58,0.00,,0,15.66,90.19,1,palm,relative
217099.0506,0,282.58,0.00,282.58,0.00,,0,13.35,82.10,1,palm,relative
217099.0840,0,282.58,0.00,282.58,0.00,,0,14.84,87.50,1,palm,relative
217099.1173,0,282.58,0.00,282.58,0.00,,0,12.78,80.97,1,palm,relative
217099.1507,0,282.58,0.00,282.58,0.00,,0,10.37,82.25,1,palm,relative
217099.1840,0,282.58,0.00,282.58,0.00,,0,13.32,81.20,1,palm,relative
217099.2174,0,282.58,0.00,282.58,0.00,,0,12.99,83.13,1,palm,relative
217099.2507,0,282.58,0.00,282.58,0.00,,0,16.13,84.07,1,palm,relative
217099.2841,0,282.58,0.00,282.58,0.00,,0,18.13,84.47,1,palm,relative
217099.3174,0,282.58,0.00,282.58,0.00,,0,9.72,76.39,1,palm,relative
217099.3508,0,282.58,0.00,282.58,0.00,,0,21.81,86.98,1,palm,relative
217099.3841,0,282.58,0.00,282.58,0.00,,0,13.26,78.27,1,palm,relative
217099.4175,0,282.58,0.00,282.58,0.00,,0,12.38,79.41,1,palm,relative
217099.4508,0,282.58,0.00,282.58,0.00,,0,19.43,81.74,1,palm,relative
217099.4842,0,282.58,0.00,282.58,0.00,,0,10.76,71.83,1,palm,relative
217099.5175,0,282.58,0.00,282.58,0.00,,0,18.00,80.14,1,palm,relative
217099.5509,0,282.58,0.00,282.58,0.00,,0,18.41,76.30,1,palm,relative
217099.5842,0,282.58,0.00,282.58,0.00,,0,24.15,85.57,1,palm,relative
217099.6176,0,282.58,0.00,282.58,0.00,,0,11.94,69.82,1,palm,relative
217099.6509,0,282.58,0.00,282.58,0.00,,0,22.44,81.62,1,palm,relative
217099.6843,0,282.58,0.00,282.58,0.00,,0,13.01,72.62,1,palm,relative
217099.7176,0,282.58,0.00,282.58,0.00,,0,24.26,83.38,1,palm,relative
217099.7510,0,282.58,0.00,282.58,0.00,,0,13.20,71.75,1,palm,relative
217099.7843,0,282.58,0.00,282.58,0.00,,0,16.34,75.38,1,palm,relative
217099.8177,0,282.58,0.00,282.58,0.00,,0,22.56,87.27,1,palm,relative
217099.8510,0,282.58,0.00,282.58,0.00,,0,16.14,79.89,1,palm,relative
217099.8844,0,282.58,0.00,282.58,0.00,,0,17.37,80.61,1,palm,relative
217099.9177,0,282.58,0.00,282.58,0.00,,0,36.65,104.32,1,palm,relative
217099.9511,0,282.58,0.00,282.58,0.00,,0,16.13,87.40,1,palm,relative
217099.9844,0,282.58,0.00,282.58,0.00,,0,16.45,83.81,1,palm,relative
217100.0178,0,282.58,0.00,282.58,0.00,,0,14.42,78.01,1,palm,relative
217100.0511,0,282.58,0.00,282.58,0.00,,0,16.10,80.64,1,palm,relative
217100.0845,0,282.58,0.00,282.58,0.00,,0,12.74,72.67,1,palm,relative
217100.1178,0,282.58,0.00,282.58,0.00,,0,18.18,78.47,1,palm,relative
217100.1512,0,282.58,0.00,282.58,0.00,,0,15.15,73.09,1,palm,relative
217100.1845,0,282.58,0.00,282.58,0.00,,0,20.30,81.39,1,palm,relative
217100.2179,0,282.58,0.00,282.58,0.00,,0,14.27,74.48,1,palm,relative
217100.2512,0,282.58,0.00,282.58,0.00,,0,24.98,87.60,1,palm,relative
217100.2846,0,282.58,0.00,282.58,0.00,,0,15.86,75.76,1,palm,relative
217100.3179,0,282.58,0.00,282.58,0.00,,0,17.97,80.01,1,palm,relative
217100.3513,0,282.58,0.00,282.58,0.00,,0,20.65,79.31,1,palm,relative
217100.3846,0,282.58,0.00,282.58,0.00,,0,19.78,77.35,1,palm,relative
217100.4180,0,282.58,0.00,282.58,0.00,,0,24.35,83.13,1,palm,relative
217100.4513,0,282.58,0.00,282.58,0.00,,0,14.30,69.07,1,palm,relative
217100.4847,0,282.58,0.00,282.58,0.00,,0,19.91,75.68,1,palm,relative
217100.5180,0,282.58,0.00,282.58,0.00,,0,22.13,74.19,1,palm,relative
217100.5514,0,282.58,0.00,282.58,0.00,,0,25.77,76.83,1,palm,relative
217100.5847,0,282.58,0.00,282.58,0.00,,0,29.11,78.87,1,palm,relative
217100.6181,0,282.58,0.00,282.58,0.00,,0,24.17,80.99,1,palm,relative
217100.6514,0,282.58,0.00,282.58,0.00,,0,15.79,75.72,1,palm,relative
217100.6848,0,282.58,0.00,282.58,0.00,,0,15.57,76.84,1,palm,relative
217100.7181,0,282.58,0.00,282.58,0.00,,0,16.78,74.86,1,palm,relative
217100.7515,0,282.58,0.00,282.58,0.00,,0,13.28,71.63,1,palm,relative
217100.7848,0,282.58,0.00,282.58,0.00,,0,19.43,75.50,1,palm,relative
217100.8182,0,282.58,0.00,282.58,0.00,,0,26.28,84.43,1,palm,relative
217100.8515,0,282.58,0.00,282.58,0.00,,0,12.19,70.54,1,palm,relative
217100.8849,0,282.58,0.00,282.58,0.00,,0,20.74,78.19,1,palm,relative
217100.9182,0,282.58,0.00,282.58,0.00,,0,18.03,75.94,1,palm,relative
217100.9516,0,282.58,0.00,282.58,0.00,,0,31.08,85.59,1,palm,relative
217100.9849,0,282.58,0.00,282.58,0.00,,0,11.36,75.44,1,palm,relative
217101.0183,0,282.58,0.00,282.58,0.00,,0,25.49,99.37,1,palm,relative
217101.0516,0,282.58,0.00,282.58,0.00,,0,34.51,111.48,1,palm,relative
217101.0850,0,282.58,0.00,282.58,0.00,,0,11.14,89.51,1,palm,relative
217101.1183,0,282.58,0.00,282.58,0.00,,0,32.52,107.57,1,palm,relative
217101.1517,0,282.58,0.00,282.58,0.00,,0,10.83,87.90,1,palm,relative
217101.1850,0,282.58,0.00,282.58,0.00,,0,9.32,81.00,1,palm,relative
217101.2184,0,282.58,0.00,282.58,0.00,,0,14.99,87.71,1,palm,relative
217101.2517,0,282.58,0.00,282.58,0.00,,0,34.74,108.42,1,palm,relative
217101.2851,0,282.58,0.00,282.58,0.00,,0,7.13,82.31,1,palm,relative
217101.3184,0,282.58,0.00,282.58,0.00,,0,13.47,83.66,1,palm,relative
217101.3518,0,282.58,0.00,282.58,0.00,,0,7.65,73.65,1,palm,relative
217101.3851,0,282.58,0.00,282.58,0.00,,0,9.79,78.94,1,palm,relative
217101.4185,0,282.58,0.00,282.58,0.00,,0,22.33,86.77,1,palm,relative
217101.4518,0,282.58,0.00,282.58,0.00,,0,13.21,76.77,1,palm,relative
217101.4852,0,282.58,0.00,282.58,0.00,,0,16.37,82.10,1,palm,relative
217101.5185,0,282.58,0.00,282.58,0.00,,0,12.98,75.08,1,palm,relative
217101.5519,0,282.58,0.00,282.58,0.00,,0,24.07,86.75,1,palm,relative
217101.5852,0,282.58,0.00,282.58,0.00,,0,16.67,76.81,1,palm,relative
217101.6186,0,282.58,0.00,282.58,0.00,,0,20.67,83.61,1,palm,relative
217101.6519,0,282.58,0.00,282.58,0.00,,0,11.27,68.72,1,palm,relative
217101.6853,0,282.58,0.00,282.58,0.00,,0,29.60,88.87,1,palm,relative
217101.7186,0,282.58,0.00,282.58,0.00,,0,13.15,76.72,1,palm,relative
217101.7520,0,282.58,0.00,282.58,0.00,,0,11.65,79.36,1,palm,relative
217101.7853,0,282.58,0.00,282.58,0.00,,0,9.85,70.79,1,palm,relative
217101.8187,0,282.58,0.00,282.58,0.00,,0,12.51,76.50,1,palm,relative
217101.8520,0,282.58,0.00,282.58,0.00,,0,16.19,75.21,1,palm,relative
217101.8854,0,282.58,0.00,282.58,0.00,,0,17.69,77.23,1,palm,relative
217101.9187,0,282.58,0.00,282.58,0.00,,0,21.95,79.50,1,palm,relative
217101.9521,0,282.58,0.00,282.58,0.00,,0,28.31,84.24,1,palm,relative
217101.9854,0,282.58,0.00,282.58,0.00,,0,10.96,75.16,1,palm,relative
217102.0188,0,282.58,0.00,282.58,0.00,,0,16.03,81.77,1,palm,relative
217102.0521,0,282.58,0.00,282.58,0.00,,0,18.95,78.92,1,palm,relative
217102.0855,0,282.58,0.00,282.58,0.00,,0,17.88,77.55,1,palm,relative
217102.1188,0,282.58,0.00,282.58,0.00,,0,18.06,78.37,1,palm,relative
217102.1522,0,282.58,0.00,282.58,0.00,,0,23.37,81.07,1,palm,relative
217102.1855,0,282.58,0.00,282.58,0.00,,0,15.48,72.08,1,palm,relative
217102.2189,0,282.58,0.00,282.58,0.00,,0,24.35,81.91,1,palm,relative
217102.2522,0,282.58,0.00,282.58,0.00,,0,21.91,76.89,1,palm,relative
217102.2856,0,282.58,0.00,282.58,0.00,,0,27.40,85.80,1,palm,relative
217102.3189,0,282.58,0.00,282.58,0.00,,0,29.00,93.34,1,palm,relative
217102.3523,0,282.58,0.00,282.58,0.00,,0,8.34,73.30,1,palm,relative
217102.3856,0,282.58,0.00,282.58,0.00,,0,12.13,76.85,1,palm,relative
217102.4190,0,282.58,0.00,282.58,0.00,,0,16.64,81.57,1,palm,relative
217102.4523,0,282.58,0.00,282.58,0.00,,0,11.31,74.79,1,palm,relative
217102.4857,0,282.58,0.00,282.58,0.00,,0,13.20,79.91,1,palm,relative
217102.5190,0,282.58,0.00,282.58,0.00,,0,19.65,81.02,1,palm,relative
217102.5524,0,282.58,0.00,282.58,0.00,,0,11.90,72.20,1,palm,relative
217102.5857,0,282.58,0.00,282.58,0.00,,0,19.50,81.39,1,palm,relative
217102.6191,0,282.58,0.00,282.58,0.00,,0,19.78,77.94,1,palm,relative
217102.6524,0,282.58,0.00,282.58,0.00,,0,22.18,78.59,1,palm,relative
217102.6858,0,282.58,0.00,282.58,0.00,,0,21.18,76.71,1,palm,relative
217102.7191,0,282.58,0.00,282.58,0.00,,0,23.64,78.20,1,palm,relative
217102.7525,0,282.58,0.00,282.58,0.00,,0,28.16,81.06,1,palm,relative
217102.7858,0,282.58,0.00,282.58,0.00,,0,12.20,73.70,1,palm,relative
217102.8192,0,282.58,0.00,282.58,0.00,,0,18.99,81.70,1,palm,relative
217102.8525,0,282.58,0.00,282.58,0.00,,0,17.15,76.25,1,palm,relative
217102.8859,0,282.58,0.00,282.58,0.00,,0,30.75,88.56,1,palm,relative
217102.9192,0,282.58,0.00,282.58,0.00,,0,14.44,78.93,1,palm,relative
217102.9526,0,282.58,0.00,282.58,0.00,,0,13.36,81.64,1,palm,relative
217102.9859,0,282.58,0.00,282.58,0.00,,0,10.87,73.11,1,palm,relative
217103.0193,0,282.58,0.00,282.58,0.00,,0,19.42,81.36,1,palm,relative
217103.0526,0,282.58,0.00,282.58,0.00,,0,19.80,80.86,1,palm,relative
217103.0860,0,282.58,0.00,282.58,0.00,,0,13.23,74.45,1,palm,relative
217103.1193,0,282.58,0.00,282.58,0.00,,0,18.53,77.66,1,palm,relative
217103.1527,0,282.58,0.00,282.58,0.00,,0,15.71,74.04,1,palm,relative
217103.1860,0,282.58,0.00,282.58,0.00,,0,25.17,87.16,1,palm,relative
217103.2194,0,282.58,0.00,282.58,0.00,,0,14.14,70.75,1,palm,relative
217103.2527,0,282.58,0.00,282.58,0.00,,0,27.08,85.37,1,palm,relative
217103.2861,0,282.58,0.00,282.58,0.00,,0,14.19,73.56,1,palm,relative
217103.3194,0,282.58,0.00,282.58,0.00,,0,21.12,82.06,1,palm,relative
217103.3528,0,282.58,0.00,282.58,0.00,,0,23.98,81.64,1,palm,relative
217103.3861,0,282.58,0.00,282.58,0.00,,0,22.93,78.97,1,palm,relative
217103.4195,0,282.58,0.00,282.58,0.00,,0,29.70,88.04,1,palm,relative
217103.4528,0,282.58,0.00,282.58,0.00,,0,13.15,74.40,1,palm,relative
217103.4862,0,282.58,0.00,282.58,0.00,,0,17.18,80.54,1,palm,relative
217103.5195,0,282.58,0.00,282.58,0.00,,0,13.50,71.99,1,palm,relative
217103.5529,0,282.58,0.00,282.58,0.00,,0,23.89,84.36,1,palm,relative
217103.5862,0,282.58,0.00,282.58,0.00,,0,17.49,73.32,1,palm,relative
217103.6196,0,282.58,0.00,282.58,0.00,,0,25.62,82.58,1,palm,relative
217103.6529,0,282.58,0.00,282.58,0.00,,0,22.02,82.92,1,palm,relative
217103.6863,0,282.58,0.00,282.58,0.00,,0,13.52,73.69,1,palm,relative
217103.7196,0,282.58,0.00,282.58,0.00,,0,17.61,76.85,1,palm,relative
217103.7530,0,282.58,0.00,282.58,0.00,,0,19.76,79.21,1,palm,relative
217103.7863,0,282.58,0.00,282.58,0.00,,0,19.81,77.91,1,palm,relative
217103.8197,0,282.58,0.00,282.58,0.00,,0,19.25,79.60,1,palm,relative
217103.8530,0,282.58,0.00,282.58,0.00,,0,14.98,70.12,1,palm,relative
217103.8864,0,282.58,0.00,282.58,0.00,,0,26.03,83.30,1,palm,relative
217103.9197,0,282.58,0.00,282.58,0.00,,0,15.48,72.87,1,palm,relative
217103.9531,0,282.58,0.00,282.58,0.00,,0,28.40,84.95,1,palm,relative
217103.9864,0,282.58,0.00,282.58,0.00,,0,17.16,74.48,1,palm,relative
217104.0198,0,282.58,0.00,282.58,0.00,,0,26.76,84.28,1,palm,relative
217104.0531,0,282.58,0.00,282.58,0.00,,0,11.34,70.25,1,palm,relative
217104.0865,0,282.58,0.00,282.58,0.00,,0,17.48,77.58,1,palm,relative
217104.1198,0,282.58,0.00,282.58,0.00,,0,28.49,86.36,1,palm,relative
217104.1532,0,282.58,0.00,282.58,0.00,,0,9.98,69.53,1,palm,relative
217104.1865,0,282.58,0.00,282.58,0.00,,0,19.49,82.28,1,palm,relative
217104.2199,0,282.58,0.00,282.58,0.00,,0,23.55,80.13,1,palm,relative
217104.2532,0,282.58,0.00,282.58,0.00,,0,23.85,79.76,1,palm,relative
217104.2866,0,282.58,0.00,282.58,0.00,,0,26.88,81.23,1,palm,relative
217104.3199,0,282.58,0.00,282.58,0.00,,0,18.37,74.62,1,palm,relative
217104.3533,0,282.58,0.00,282.58,0.00,,0,26.30,85.95,1,palm,relative
217104.3866,0,282.58,0.00,282.58,0.00,,0,8.78,67.83,1,palm,relative
217104.4200,0,282.58,0.00,282.58,0.00,,0,15.50,76.09,1,palm,relative
217104.4533,0,282.58,0.00,282.58,0.00,,0,27.84,84.82,1,palm,relative
217104.4867,0,282.58,0.00,282.58,0.00,,0,13.76,71.59,1,palm,relative
217104.5200,0,282.58,0.00,282.58,0.00,,0,20.89,80.66,1,palm,relative
217104.5534,0,282.58,0.00,282.58,0.00,,0,15.00,70.57,1,palm,relative
217104.5867,0,282.58,0.00,282.58,0.00,,0,26.32,82.46,1,palm,relative
217104.6201,0,282.58,0.00,282.58,0.00,,0,23.97,76.83,1,palm,relative
217104.6534,0,282.58,0.00,282.58,0.00,,0,22.56,78.38,1,palm,relative
217104.6868,0,282.58,0.00,282.58,0.00,,0,24.27,81.00,1,palm,relative
217104.7201,0,282.58,0.00,282.58,0.00,,0,29.14,86.91,1,palm,relative
217104.7535,0,282.58,0.00,282.58,0.00,,0,16.11,83.01,1,palm,relative
217104.7868,0,282.58,0.00,282.58,0.00,,0,14.88,81.02,1,palm,relative
217104.8202,0,282.58,0.00,282.58,0.00,,0,17.98,84.78,1,palm,relative
217104.8535,0,282.58,0.00,282.58,0.00,,0,8.64,75.13,1,palm,relative
217104.8869,0,282.58,0.00,282.58,0.00,,0,11.37,77.87,1,palm,relative
217104.9202,0,282.58,0.00,282.58,0.00,,0,13.08,79.66,1,palm,relative
217104.9536,0,282.58,0.00,282.58,0.00,,0,14.45,81.87,1,palm,relative
217104.9869,0,282.58,0.00,282.58,0.00,,0,15.51,80.67,1,palm,relative
217105.0203,0,282.58,0.00,282.58,0.00,,0,19.95,85.76,1,palm,relative
217105.0536,0,282.58,0.00,282.58,0.00,,0,12.47,75.60,1,palm,relative
217105.0870,0,282.58,0.00,282.58,0.00,,0,13.86,78.72,1,palm,relative
217105.1203,0,282.58,0.00,282.58,0.00,,0,15.66,75.68,1,palm,relative
217105.1537,0,282.58,0.00,282.58,0.00,,0,16.30,76.86,1,palm,relative
217105.1870,0,282.58,0.00,282.58,0.00,,0,26.47,84.54,1,palm,relative
217105.2204,0,282.58,0.00,282.58,0.00,,0,10.19,67.82,1,palm,relative
217105.2537,0,282.58,0.00,282.58,0.00,,0,23.48,81.46,1,palm,relative
217105.2871,0,282.58,0.00,282.58,0.00,,0,16.38,78.72,1,palm,relative
217105.3204,0,282.58,0.00,282.58,0.00,,0,12.65,74.91,1,palm,relative
217105.3538,0,282.58,0.00,282.58,0.00,,0,19.59,83.66,1,palm,relative
217105.3871,0,282.58,0.00,282.58,0.00,,0,13.17,72.99,1,palm,relative
217105.4205,0,282.58,0.00,282.58,0.00,,0,19.45,80.90,1,palm,relative
217105.4538,0,282.58,0.00,282.58,0.00,,0,18.00,74.29,1,palm,relative
217105.4872,0,282.58,0.00,282.58,0.00,,0,25.64,81.36,1,palm,relative
217105.5205,0,282.58,0.00,282.58,0.00,,0,21.20,76.18,1,palm,relative
217105.5539,0,282.58,0.00,282.58,0.00,,0,33.60,87.82,1,palm,relative
217105.5872,0,282.58,0.00,282.58,0.00,,0,9.98,73.63,1,palm,relative
217105.6206,0,282.58,0.00,282.58,0.00,,0,16.67,83.56,1,palm,relative
217105.6539,0,282.58,0.00,282.58,0.00,,0,13.96,76.47,1,palm,relative
217105.6873,0,282.58,0.00,282.58,0.00,,0,14.84,79.41,1,palm,relative
217105.7206,0,282.58,0.00,282.58,0.00,,0,17.14,76.39,1,palm,relative
217105.7540,0,282.58,0.00,282.58,0.00,,0,20.92,79.39,1,palm,relative
217105.7873,0,282.58,0.00,282.58,0.00,,0,15.22,73.77,1,palm,relative
217105.8207,0,282.58,0.00,282.58,0.00,,0,25.28,82.63,1,palm,relative
217105.8540,0,282.58,0.00,282.58,0.00,,0,11.30,68.78,1,palm,relative
217105.8874,0,282.58,0.00,282.58,0.00,,0,24.39,83.05,1,palm,relative
217105.9207,0,282.58,0.00,282.58,0.00,,0,12.00,73.28,1,palm,relative
217105.9541,0,282.58,0.00,282.58,0.00,,0,27.40,88.25,1,palm,relative
217105.9874,0,282.58,0.00,282.58,0.00,,0,7.29,70.05,1,palm,relative
217106.0208,0,282.58,0.00,282.58,0.00,,0,11.70,77.79,1,palm,relative
217106.0541,0,282.58,0.00,282.58,0.00,,0,14.64,75.59,1,palm,relative
217106.0875,0,282.58,0.00,282.58,0.00,,0,17.39,78.26,1,palm,relative
217106.1208,0,282.58,0.00,282.58,0.00,,0,13.79,75.60,1,palm,relative
217106.1542,0,282.58,0.00,282.58,0.00,,0,18.61,77.76,1,palm,relative
217106.1875,0,282.58,0.00,282.58,0.00,,0,23.26,80.90,1,palm,relative
217106.2209,0,282.58,0.00,282.58,0.00,,0,26.22,82.56,1,palm,relative
217106.2542,0,282.58,0.00,282.58,0.00,,0,21.58,76.57,1,palm,relative
217106.2876,0,282.58,0.00,282.58,0.00,,0,27.92,82.94,1,palm,relative
217106.3209,0,282.58,0.00,282.58,0.00,,0,21.10,80.14,1,palm,relative
217106.3543,0,282.58,0.00,282.58,0.00,,0,26.42,86.41,1,palm,relative
217106.3876,0,282.58,0.00,282.58,0.00,,0,11.17,72.32,1,palm,relative
217106.4210,0,282.58,0.00,282.58,0.00,,0,14.52,76.32,1,palm,relative
217106.4543,0,282.58,0.00,282.58,0.00,,0,14.34,78.50,1,palm,relative
217106.4877,0,282.58,0.00,282.58,0.00,,0,26.81,86.96,1,palm,relative
217106.5210,0,282.58,0.00,282.58,0.00,,0,11.64,77.45,1,palm,relative
217106.5544,0,282.58,0.00,282.58,0.00,,0,14.57,81.56,1,palm,relative
217106.5877,0,282.58,0.00,282.58,0.00,,0,10.69,75.53,1,palm,relative
217106.6211,0,282.58,0.00,282.58,0.00,,0,15.69,81.23,1,palm,relative
217106.6544,0,282.58,0.00,282.58,0.00,,0,19.46,82.35,1,palm,relative
217106.6878,0,282.58,0.00,282.58,0.00,,0,11.15,73.74,1,palm,relative
217106.7211,0,282.58,0.00,282.58,0.00,,0,19.70,83.69,1,palm,relative
217106.7545,0,282.58,0.00,282.58,0.00,,0,17.46,77.82,1,palm,relative
217106.7878,0,282.58,0.00,282.58,0.00,,0,16.33,75.15,1,palm,relative
217106.8212,0,282.58,0.00,282.58,0.00,,0,23.91,83.56,1,palm,relative
217106.8545,0,282.58,0.00,282.58,0.00,,0,19.95,80.53,1,palm,relative
217106.8879,0,282.58,0.00,282.58,0.00,,0,12.06,71.24,1,palm,relative
217106.9212,0,282.58,0.00,282.58,0.00,,0,20.55,81.41,1,palm,relative
217106.9546,0,282.58,0.00,282.58,0.00,,0,24.16,85.63,1,palm,relative
217106.9879,0,282.58,0.00,282.58,0.00,,0,9.64,67.27,1,palm,relative
217107.0213,0,282.58,0.00,282.58,0.00,,0,20.77,80.16,1,palm,relative
217107.0546,0,282.58,0.00,282.58,0.00,,0,25.04,80.83,1,palm,relative
217107.0880,0,282.58,0.00,282.58,0.00,,0,10.34,71.90,1,palm,relative
217107.1213,0,282.58,0.00,282.58,0.00,,0,16.62,79.41,1,palm,relative
217107.1547,0,282.58,0.00,282.58,0.00,,0,25.90,83.75,1,palm,relative
217107.1880,0,282.58,0.00,282.58,0.00,,0,12.48,70.54,1,palm,relative
217107.2214,0,282.58,0.00,282.58,0.00,,0,21.85,78.92,1,palm,relative
217107.2547,0,282.58,0.00,282.58,0.00,,0,14.33,70.92,1,palm,relative
217107.2881,0,282.58,0.00,282.58,0.00,,0,29.11,84.78,1,palm,relative
217107.3214,0,282.58,0.00,282.58,0.00,,0,14.65,74.22,1,palm,relative
217107.3548,0,282.58,0.00,282.58,0.00,,0,21.54,84.20,1,palm,relative
217107.3881,0,282.58,0.00,282.58,0.00,,0,16.78,75.11,1,palm,relative
217107.4215,0,282.58,0.00,282.58,0.00,,0,22.36,82.89,1,palm,relative
217107.4548,0,282.58,0.00,282.58,0.00,,0,24.81,80.38,1,palm,relative
217107.4882,0,282.58,0.00,282.58,0.00,,0,20.12,74.68,1,palm,relative
217107.5215,0,282.58,0.00,282.58,0.00,,0,29.73,83.76,1,palm,relative
217107.5549,0,282.58,0.00,282.58,0.00,,0,15.16,71.76,1,palm,relative
217107.5882,0,282.58,0.00,282.58,0.00,,0,21.37,80.02,1,palm,relative
217107.6216,0,282.58,0.00,282.58,0.00,,0,19.08,72.53,1,palm,relative
217107.6549,0,282.58,0.00,282.58,0.00,,0,27.28,80.51,1,palm,relative
217107.6883,0,282.58,0.00,282.58,0.00,,0,19.79,76.38,1,palm,relative
217107.7216,0,282.58,0.00,282.58,0.00,,0,18.18,78.30,1,palm,relative
217107.7550,0,282.58,0.00,282.58,0.00,,0,20.32,80.51,1,palm,relative
217107.7883,0,282.58,0.00,282.58,0.00,,0,15.09,72.56,1,palm,relative
217107.8217,0,282.58,0.00,282.58,0.00,,0,30.37,88.76,1,palm,relative
217107.8550,0,282.58,0.00,282.58,0.00,,0,14.87,80.82,1,palm,relative
217107.8884,0,282.58,0.00,282.58,0.00,,0,11.43,80.76,1,palm,relative
217107.9217,0,282.58,0.00,282.58,0.00,,0,8.50,71.73,1,palm,relative
217107.9551,0,282.58,0.00,282.58,0.00,,0,22.92,89.02,1,palm,relative
217107.9884,0,282.58,0.00,282.58,0.00,,0,12.62,78.03,1,palm,relative
217108.0218,0,282.58,0.00,282.58,0.00,,0,13.95,81.79,1,palm,relative
217108.0551,0,282.58,0.00,282.58,0.00,,0,12.60,75.95,1,palm,relative
217108.0885,0,282.58,0.00,282.58,0.00,,0,14.20,77.95,1,palm,relative
217108.1218,0,282.58,0.00,282.58,0.00,,0,14.81,76.13,1,palm,relative
217108.1552,0,282.58,0.00,282.58,0.00,,0,13.63,78.37,1,palm,relative
217108.1885,0,282.58,0.00,282.58,0.00,,0,17.53,76.87,1,palm,relative
217108.2219,0,282.58,0.00,282.58,0.00,,0,26.95,86.48,1,palm,relative
217108.2552,0,282.58,0.00,282.58,0.00,,0,16.55,78.36,1,palm,relative
217108.2886,0,282.58,0.00,282.58,0.00,,0,16.74,78.54,1,palm,relative
217108.3219,0,282.58,0.00,282.58,0.00,,0,21.53,81.34,1,palm,relative
217108.3553,0,282.58,0.00,282.58,0.00,,0,12.10,71.27,1,palm,relative
217108.3886,0,282.58,0.00,282.58,0.00,,0,23.83,84.28,1,palm,relative
217108.4220,0,282.58,0.00,282.58,0.00,,0,19.33,76.86,1,palm,relative
217108.4553,0,282.58,0.00,282.58,0.00,,0,22.91,81.20,1,palm,relative
217108.4887,0,282.58,0.00,282.58,0.00,,0,18.47,76.03,1,palm,relative
217108.5220,0,282.58,0.00,282.58,0.00,,0,21.54,79.04,1,palm,relative
217108.5554,0,282.58,0.00,282.58,0.00,,0,22.41,78.61,1,palm,relative
217108.5887,0,282.58,0.00,282.58,0.00,,0,26.79,82.28,1,palm,relative
217108.6221,0,282.58,0.00,282.58,0.00,,0,17.78,73.60,1,palm,relative
217108.6554,0,282.58,0.00,282.58,0.00,,0,28.94,87.54,1,palm,relative
217108.6888,0,282.58,0.00,282.58,0.00,,0,11.34,70.79,1,palm,relative
217108.7221,0,282.58,0.00,282.58,0.00,,0,22.80,82.98,1,palm,relative
217108.7555,0,282.58,0.00,282.58,0.00,,0,12.20,68.97,1,palm,relative
217108.7888,0,282.58,0.00,282.58,0.00,,0,26.14,84.43,1,palm,relative
217108.8222,0,282.58,0.00,282.58,0.00,,0,21.64,81.44,1,palm,relative
217108.8555,0,282.58,0.00,282.58,0.00,,0,21.27,81.48,1,palm,relative
217108.8889,0,282.58,0.00,282.58,0.00,,0,18.67,76.66,1,palm,relative
217108.9222,0,282.58,0.00,282.58,0.00,,0,21.46,80.42,1,palm,relative
217108.9556,0,282.58,0.00,282.58,0.00,,0,23.56,77.89,1,palm,relative
217108.9889,0,282.58,0.00,282.58,0.00,,0,21.01,74.55,1,palm,relative
217109.0223,0,282.58,0.00,282.58,0.00,,0,25.08,78.39,1,palm,relative
217109.0556,0,282.58,0.00,282.58,0.00,,0,26.03,78.99,1,palm,relative
217109.0890,0,282.58,0.00,282.58,0.00,,0,19.42,76.66,1,palm,relative
217109.1223,0,282.58,0.00,282.58,0.00,,0,23.89,81.28,1,palm,relative
217109.1557,0,282.58,0.00,282.58,0.00,,0,21.40,77.48,1,palm,relative
217109.1890,0,282.58,0.00,282.58,0.00,,0,26.97,82.15,1,palm,relative
217109.2224,0,282.58,0.00,282.58,0.00,,0,16.03,73.80,1,palm,relative
217109.2557,0,282.58,0.00,282.58,0.00,,0,26.20,84.07,1,palm,relative
217109.2891,0,282.58,0.00,282.58,0.00,,0,18.03,73.36,1,palm,relative
217109.3224,0,282.58,0.00,282.58,0.00,,0,32.27,87.73,1,palm,relative
217109.3558,0,282.58,0.00,282.58,0.00,,0,13.97,75.66,1,palm,relative
217109.3891,0,282.58,0.00,282.58,0.00,,0,21.07,83.56,1,palm,relative
217109.4225,0,282.58,0.00,282.58,0.00,,0,14.38,71.89,1,palm,relative
217109.4558,0,282.58,0.00,282.58,0.00,,0,25.13,84.65,1,palm,relative
217109.4892,0,282.58,0.00,282.58,0.00,,0,10.44,73.83,1,palm,relative
217109.5225,0,282.58,0.00,282.58,0.00,,0,13.07,77.79,1,palm,relative
217109.5559,0,282.58,0.00,282.58,0.00,,0,12.82,74.21,1,palm,relative
217109.5892,0,282.58,0.00,282.58,0.00,,0,17.05,77.26,1,palm,relative
217109.6226,0,282.58,0.00,282.58,0.00,,0,16.04,75.84,1,palm,relative
217109.6559,0,282.58,0.00,282.58,0.00,,0,17.84,77.26,1,palm,relative
217109.6893,0,282.58,0.00,282.58,0.00,,0,18.68,77.34,1,palm,relative
217109.7226,0,282.58,0.00,282.58,0.00,,0,23.45,82.20,1,palm,relative
217109.7560,0,282.58,0.00,282.58,0.00,,0,17.91,79.30,1,palm,relative
217109.7893,0,282.58,0.00,282.58,0.00,,0,9.91,71.31,1,palm,relative
217109.8227,0,282.58,0.00,282.58,0.00,,0,24.49,88.13,1,palm,relative
217109.8560,0,282.58,0.00,282.58,0.00,,0,12.96,74.49,1,palm,relative
217109.8894,0,282.58,0.00,282.58,0.00,,0,21.22,83.04,1,palm,relative
217109.9227,0,282.58,0.00,282.58,0.00,,0,17.51,76.62,1,palm,relative
217109.9561,0,282.58,0.00,282.58,0.00,,0,28.03,86.49,1,palm,relative
217109.9894,0,282.58,0.00,282.58,0.00,,0,9.56,67.88,1,palm,relative
217110.0228,0,282.58,0.00,282.58,0.00,,0,23.24,82.13,1,palm,relative
217110.0561,0,282.58,0.00,282.58,0.00,,0,22.56,80.14,1,palm,relative
217110.0895,0,282.58,0.00,282.58,0.00,,0,29.53,86.79,1,palm,relative
217110.1228,0,282.58,0.00,282.58,0.00,,0,8.67,68.92,1,palm,relative
217110.1562,0,282.58,0.00,282.58,0.00,,0,17.99,80.76,1,palm,relative
217110.1895,0,282.58,0.00,282.58,0.00,,0,23.81,80.68,1,palm,relative
217110.2229,0,282.58,0.00,282.58,0.00,,0,16.50,72.11,1,palm,relative
217110.2562,0,282.58,0.00,282.58,0.00,,0,51.60,106.95,1,palm,relative
217110.2896,0,282.58,0.00,282.58,0.00,,0,26.72,108.49,1,palm,relative
217110.3229,0,282.58,0.00,282.58,0.00,,0,28.59,109.27,1,palm,relative
217110.3563,0,282.58,0.00,282.58,0.00,,0,24.49,112.96,1,palm,relative
217110.3896,0,282.58,0.00,282.58,0.00,,0,27.90,108.94,1,palm,relative
217110.4230,0,282.58,0.00,282.58,0.00,,0,30.91,112.32,1,palm,relative
217110.4563,0,282.58,0.00,282.58,0.00,,0,13.63,93.04,1,palm,relative
217110.4897,0,282.58,0.00,282.58,0.00,,0,29.24,109.50,1,palm,relative
217110.5230,0,282.58,0.00,282.58,0.00,,0,10.84,87.23,1,palm,relative
217110.5564,0,282.58,0.00,282.58,0.00,,0,28.50,106.98,1,palm,relative
217110.5897,0,282.58,0.00,282.58,0.00,,0,10.80,86.03,1,palm,relative
217110.6231,0,282.58,0.00,282.58,0.00,,0,15.43,91.31,1,palm,relative
217110.6564,0,282.58,0.00,282.58,0.00,,0,27.42,103.58,1,palm,relative
217110.6898,0,282.58,0.00,282.58,0.00,,0,12.00,84.95,1,palm,relative
217110.7231,0,282.58,0.00,282.58,0.00,,0,11.27,88.11,1,palm,relative
217110.7565,0,282.58,0.00,282.58,0.00,,0,12.10,82.11,1,palm,relative
217110.7898,0,282.58,0.00,282.58,0.00,,0,12.47,84.66,1,palm,relative
217110.8232,0,282.58,0.00,282.58,0.00,,0,14.21,81.66,1,palm,relative
217110.8565,0,282.58,0.00,282.58,0.00,,0,15.22,84.95,1,palm,relative
217110.8899,0,282.58,0.00,282.58,0.00,,0,15.28,80.76,1,palm,relative
217110.9232,0,282.58,0.00,282.58,0.00,,0,13.46,81.86,1,palm,relative
217110.9566,0,282.58,0.00,282.58,0.00,,0,14.03,77.49,1,palm,relative
217110.9899,0,282.58,0.00,282.58,0.00,,0,14.95,79.07,1,palm,relative
217111.0233,0,282.58,0.00,282.58,0.00,,0,19.88,81.11,1,palm,relative
217111.0566,0,282.58,0.00,282.58,0.00,,0,18.65,79.00,1,palm,relative
217111.0900,0,282.58,0.00,282.58,0.00,,0,18.43,77.60,1,palm,relative
217111.1233,0,282.58,0.00,282.58,0.00,,0,20.45,79.48,1,palm,relative
217111.1567,0,282.58,0.00,282.58,0.00,,0,15.98,74.63,1,palm,relative
217111.1900,0,282.58,0.00,282.58,0.00,,0,25.00,83.67,1,palm,relative
217111.2234,0,282.58,0.00,282.58,0.00,,0,17.41,74.46,1,palm,relative
217111.2567,0,282.58,0.00,282.58,0.00,,0,25.04,83.35,1,palm,relative
217111.2901,0,282.58,0.00,282.58,0.00,,0,9.27,70.77,1,palm,relative
217111.3234,0,282.58,0.00,282.58,0.00,,0,17.26,81.84,1,palm,relative
217111.3568,0,282.58,0.00,282.58,0.00,,0,27.44,85.80,1,palm,relative
217111.3901,0,282.58,0.00,282.58,0.00,,0,9.93,67.72,1,palm,relative
217111.4235,0,282.58,0.00,282.58,0.00,,0,21.31,82.12,1,palm,relative
217111.4568,0,282.58,0.00,282.58,0.00,,0,22.85,79.47,1,palm,relative
217111.4902,0,282.58,0.00,282.58,0.00,,0,24.45,80.29,1,palm,relative
217111.5235,0,282.58,0.00,282.58,0.00,,0,24.08,78.57,1,palm,relative
217111.5569,0,282.58,0.00,282.58,0.00,,0,20.93,74.84,1,palm,relative
217111.5902,0,282.58,0.00,282.58,0.00,,0,25.96,78.25,1,palm,relative
217111.6236,0,282.58,0.00,282.58,0.00,,0,17.41,81.31,1,palm,relative
217111.6569,0,282.58,0.00,282.58,0.00,,0,13.77,78.84,1,palm,relative
217111.6903,0,282.58,0.00,282.58,0.00,,0,16.14,79.78,1,palm,relative
217111.7236,0,282.58,0.00,282.58,0.00,,0,15.35,80.32,1,palm,relative
217111.7570,0,282.58,0.00,282.58,0.00,,0,15.03,78.08,1,palm,relative
217111.7903,0,282.58,0.00,282.58,0.00,,0,15.20,76.99,1,palm,relative
217111.8237,0,282.58,0.00,282.58,0.00,,0,17.23,78.53,1,palm,relative
217111.8570,0,282.58,0.00,282.58,0.00,,0,19.27,80.72,1,palm,relative
217111.8904,0,282.58,0.00,282.58,0.00,,0,15.95,73.92,1,palm,relative
217111.9237,0,282.58,0.00,282.58,0.00,,0,25.52,83.62,1,palm,relative
217111.9571,0,282.58,0.00,282.58,0.00,,0,12.81,71.25,1,palm,relative
217111.9904,0,282.58,0.00,282.58,0.00,,0,25.82,83.70,1,palm,relative
217112.0238,0,282.58,0.00,282.58,0.00,,0,13.50,69.47,1,palm,relative
217112.0571,0,282.58,0.00,282.58,0.00,,0,30.03,84.63,1,palm,relative
217112.0905,0,282.58,0.00,282.58,0.00,,0,14.88,72.53,1,palm,relative
217112.1238,0,282.58,0.00,282.58,0.00,,0,21.53,81.75,1,palm,relative
217112.1572,0,282.58,0.00,282.58,0.00,,0,22.78,78.53,1,palm,relative
217112.1905,0,282.58,0.00,282.58,0.00,,0,19.14,78.03,1,palm,relative
217112.2239,0,282.58,0.00,282.58,0.00,,0,25.93,83.63,1,palm,relative
217112.2572,0,282.58,0.00,282.58,0.00,,0,18.36,75.08,1,palm,relative
217112.2906,0,282.58,0.00,282.58,0.00,,0,27.28,84.69,1,palm,relative
217112.3239,0,282.58,0.00,282.58,0.00,,0,18.33,73.19,1,palm,relative
217112.3573,0,282.58,0.00,282.58,0.00,,0,21.54,77.69,1,palm,relative
217112.3906,0,282.58,0.00,282.58,0.00,,0,23.14,79.07,1,palm,relative
217112.4240,0,282.58,0.00,282.58,0.00,,0,24.39,79.21,1,palm,relative
217112.4573,0,282.58,0.00,282.58,0.00,,0,29.61,83.53,1,palm,relative
217112.4907,0,282.58,0.00,282.58,0.00,,0,10.84,73.31,1,palm,relative
217112.5240,0,282.58,0.00,282.58,0.00,,0,14.83,80.02,1,palm,relative
217112.5574,0,282.58,0.00,282.58,0.00,,0,18.53,79.08,1,palm,relative
217112.5907,0,282.58,0.00,282.58,0.00,,0,13.74,74.84,1,palm,relative
217112.6241,0,282.58,0.00,282.58,0.00,,0,27.86,86.79,1,palm,relative
217112.6574,0,282.58,0.00,282.58,0.00,,0,14.70,74.80,1,palm,relative
217112.6908,0,282.58,0.00,282.58,0.00,,0,17.22,76.74,1,palm,relative
217112.7241,0,282.58,0.00,282.58,0.00,,0,21.37,81.77,1,palm,relative
217112.7575,0,282.58,0.00,282.58,0.00,,0,29.65,86.52,1,palm,relative
217112.7908,0,282.58,0.00,282.58,0.00,,0,11.32,71.92,1,palm,relative
217112.8242,0,282.58,0.00,282.58,0.00,,0,18.27,80.16,1,palm,relative
217112.8575,0,282.58,0.00,282.58,0.00,,0,19.42,77.44,1,palm,relative
217112.8909,0,282.58,0.00,282.58,0.00,,0,16.10,74.01,1,palm,relative
217112.9242,0,282.58,0.00,282.58,0.00,,0,20.64,78.46,1,palm,relative
217112.9576,0,282.58,0.00,282.58,0.00,,0,29.66,87.11,1,palm,relative
217112.9909,0,282.58,0.00,282.58,0.00,,0,9.41,70.26,1,palm,relative
217113.0243,0,282.58,0.00,282.58,0.00,,0,15.01,78.28,1,palm,relative
217113.0576,0,282.58,0.00,282.58,0.00,,0,29.31,88.05,1,palm,relative
217113.0910,0,282.58,0.00,282.58,0.00,,0,9.98,72.36,1,palm,relative
217113.1243,0,282.58,0.00,282.58,0.00,,0,23.43,86.74,1,palm,relative
217113.1577,0,282.58,0.00,282.58,0.00,,0,15.55,77.44,1,palm,relative
217113.1910,0,282.58,0.00,282.58,0.00,,0,11.88,76.17,1,palm,relative
217113.2244,0,282.58,0.00,282.58,0.00,,0,23.11,83.81,1,palm,relative
217113.2577,0,282.58,0.00,282.58,0.00,,0,14.10,73.17,1,palm,relative
217113.2911,0,282.58,0.00,282.58,0.00,,0,22.46,81.06,1,palm,relative
217113.3244,0,282.58,0.00,282.58,0.00,,0,14.49,72.06,1,palm,relative
217113.3578,0,282.58,0.00,282.58,0.00,,0,18.69,77.93,1,palm,relative
217113.3911,0,282.58,0.00,282.58,0.00,,0,20.48,75.89,1,palm,relative
217113.4245,0,282.58,0.00,282.58,0.00,,0,29.73,85.40,1,palm,relative
217113.4578,0,282.58,0.00,282.58,0.00,,0,10.94,69.00,1,palm,relative
217113.4912,0,282.58,0.00,282.58,0.00,,0,23.36,81.43,1,palm,relative
217113.5245,0,282.58,0.00,282.58,0.00,,0,13.99,71.29,1,palm,relative
217113.5579,0,282.58,0.00,282.58,0.00,,0,33.55,89.39,1,palm,relative
217113.5912,0,282.58,0.00,282.58,0.00,,0,9.60,73.31,1,palm,relative
217113.6246,0,282.58,0.00,282.58,0.00,,0,17.69,82.56,1,palm,relative
217113.6579,0,282.58,0.00,282.58,0.00,,0,21.40,83.96,1,palm,relative
217113.6913,0,282.58,0.00,282.58,0.00,,0,12.62,77.80,1,palm,relative
217113.7246,0,282.58,0.00,282.58,0.00,,0,20.67,88.77,1,palm,relative
217113.7580,0,282.58,0.00,282.58,0.00,,0,9.28,71.69,1,palm,relative
217113.7913,0,282.58,0.00,282.58,0.00,,0,15.46,80.98,1,palm,relative
217113.8247,0,282.58,0.00,282.58,0.00,,0,15.52,75.84,1,palm,relative
217113.8580,0,282.58,0.00,282.58,0.00,,0,14.72,75.93,1,palm,relative
217113.8914,0,282.58,0.00,282.58,0.00,,0,26.02,83.71,1,palm,relative
217113.9247,0,282.58,0.00,282.58,0.00,,0,17.12,73.40,1,palm,relative
217113.9581,0,282.58,0.00,282.58,0.00,,0,28.18,88.19,1,palm,relative
217113.9914,0,282.58,0.00,282.58,0.00,,0,12.24,79.26,1,palm,relative
217114.0248,0,282.58,0.00,282.58,0.00,,0,12.27,79.39,1,palm,relative
217114.0581,0,282.58,0.00,282.58,0.00,,0,13.80,80.04,1,palm,relative
217114.0915,0,282.58,0.00,282.58,0.00,,0,14.62,82.67,1,palm,relative
217114.1248,0,282.58,0.00,282.58,0.00,,0,19.20,83.05,1,palm,relative
217114.1582,0,282.58,0.00,282.58,0.00,,0,15.02,78.52,1,palm,relative
217114.1915,0,282.58,0.00,282.58,0.00,,0,14.74,79.96,1,palm,relative
217114.2249,0,282.58,0.00,282.58,0.00,,0,16.46,77.96,1,palm,relative
217114.2582,0,282.58,0.00,282.58,0.00,,0,17.46,78.26,1,palm,relative
217114.2916,0,282.58,0.00,282.58,0.00,,0,20.51,82.17,1,palm,relative
217114.3249,0,282.58,0.00,282.58,0.00,,0,12.07,74.12,1,palm,relative
217114.3583,0,282.58,0.00,282.58,0.00,,0,19.39,83.06,1,palm,relative
217114.3916,0,282.58,0.00,282.58,0.00,,0,21.17,79.50,1,palm,relative
217114.4250,0,282.58,0.00,282.58,0.00,,0,23.58,80.79,1,palm,relative
217114.4583,0,282.58,0.00,282.58,0.00,,0,28.72,85.21,1,palm,relative
217114.4917,0,282.58,0.00,282.58,0.00,,0,11.85,71.27,1,palm,relative
217114.5250,0,282.58,0.00,282.58,0.00,,0,20.78,80.49,1,palm,relative
217114.5584,0,282.58,0.00,282.58,0.00,,0,30.14,87.08,1,palm,relative
217114.5917,0,282.58,0.00,282.58,0.00,,0,14.86,77.03,1,palm,relative
217114.6251,0,282.58,0.00,282.58,0.00,,0,20.63,85.16,1,palm,relative
217114.6584,0,282.58,0.00,282.58,0.00,,0,11.00,70.25,1,palm,relative
217114.6918,0,282.58,0.00,282.58,0.00,,0,21.30,82.19,1,palm,relative
217114.7251,0,282.58,0.00,282.58,0.00,,0,26.39,82.57,1,palm,relative
217114.7585,0,282.58,0.00,282.58,0.00,,0,12.13,69.90,1,palm,relative
217114.7918,0,282.58,0.00,282.58,0.00,,0,18.90,78.35,1,palm,relative
217114.8252,0,282.58,0.00,282.58,0.00,,0,23.56,81.76,1,palm,relative
217114.8585,0,282.58,0.00,282.58,0.00,,0,12.36,69.46,1,palm,relative
217114.8919,0,282.58,0.00,282.58,0.00,,0,21.44,77.62,1,palm,relative
217114.9252,0,282.58,0.00,282.58,0.00,,0,28.69,92.57,1,palm,relative
217114.9586,0,282.58,0.00,282.58,0.00,,0,13.11,78.25,1,palm,relative
217114.9919,0,282.58,0.00,282.58,0.00,,0,14.23,82.34,1,palm,relative
217115.0253,0,282.58,0.00,282.58,0.00,,0,19.32,82.02,1,palm,relative
217115.0586,0,282.58,0.00,282.58,0.00,,0,17.28,80.31,1,palm,relative
217115.0920,0,282.58,0.00,282.58,0.00,,0,14.86,78.05,1,palm,relative
217115.1253,0,282.58,0.00,282.58,0.00,,0,19.31,79.94,1,palm,relative
217115.1587,0,282.58,0.00,282.58,0.00,,0,17.45,76.85,1,palm,relative
217115.1920,0,282.58,0.00,282.58,0.00,,0,16.65,78.43,1,palm,relative
217115.2254,0,282.58,0.00,282.58,0.00,,0,14.75,76.06,1,palm,relative
217115.2587,0,282.58,0.00,282.58,0.00,,0,14.76,78.04,1,palm,relative
217115.2921,0,282.58,0.00,282.58,0.00,,0,16.39,75.64,1,palm,relative
217115.3254,0,282.58,0.00,282.58,0.00,,0,25.13,84.75,1,palm,relative
217115.3588,0,282.58,0.00,282.58,0.00,,0,22.41,81.90,1,palm,relative
217115.3921,0,282.58,0.00,282.58,0.00,,0,11.42,71.04,1,palm,relative
217115.4255,0,282.58,0.00,282.58,0.00,,0,27.97,84.75,1,palm,relative
217115.4588,0,282.58,0.00,282.58,0.00,,0,17.16,77.81,1,palm,relative
217115.4922,0,282.58,0.00,282.58,0.00,,0,19.83,78.84,1,palm,relative
217115.5255,0,282.58,0.00,282.58,0.00,,0,18.15,79.99,1,palm,relative
217115.5589,0,282.58,0.00,282.58,0.00,,0,11.21,72.71,1,palm,relative
217115.5922,0,282.58,0.00,282.58,0.00,,0,17.83,81.92,1,palm,relative
217115.6256,0,282.58,0.00,282.58,0.00,,0,18.61,78.80,1,palm,relative
217115.6589,0,282.58,0.00,282.58,0.00,,0,17.00,78.10,1,palm,relative
217115.6923,0,282.58,0.00,282.58,0.00,,0,25.67,81.84,1,palm,relative
217115.7256,0,282.58,0.00,282.58,0.00,,0,17.77,73.66,1,palm,relative
217115.7590,0,282.58,0.00,282.58,0.00,,0,26.43,81.08,1,palm,relative
217115.7923,0,282.58,0.00,282.58,0.00,,0,18.18,78.44,1,palm,relative
217115.8257,0,282.58,0.00,282.58,0.00,,0,24.64,87.20,1,palm,relative
217115.8590,0,282.58,0.00,282.58,0.00,,0,13.09,72.62,1,palm,relative
217115.8924,0,282.58,0.00,282.58,0.00,,0,18.85,80.10,1,palm,relative
217115.9257,0,282.58,0.00,282.58,0.00,,0,23.55,82.41,1,palm,relative
217115.9591,0,282.58,0.00,282.58,0.00,,0,22.73,79.16,1,palm,relative
217115.9924,0,282.58,0.00,282.58,0.00,,0,22.85,78.94,1,palm,relative
217116.0258,0,282.58,0.00,282.58,0.00,,0,21.74,78.33,1,palm,relative
217116.0591,0,282.58,0.00,282.58,0.00,,0,22.10,79.58,1,palm,relative
217116.0925,0,282.58,0.00,282.58,0.00,,0,14.02,74.68,1,palm,relative
217116.1258,0,282.58,0.00,282.58,0.00,,0,21.90,82.84,1,palm,relative
217116.1592,0,282.58,0.00,282.58,0.00,,0,18.39,82.71,1,palm,relative
217116.1925,0,282.58,0.00,282.58,0.00,,0,11.46,76.18,1,palm,relative
217116.2259,0,282.58,0.00,282.58,0.00,,0,14.91,77.64,1,palm,relative
217116.2592,0,282.58,0.00,282.58,0.00,,0,16.90,80.50,1,palm,relative
217116.2926,0,282.58,0.00,282.58,0.00,,0,11.36,73.30,1,palm,relative
217116.3259,0,282.58,0.00,282.58,0.00,,0,18.10,81.73,1,palm,relative
217116.3593,0,282.58,0.00,282.58,0.00,,0,24.53,85.99,1,palm,relative
217116.3926,0,282.58,0.00,282.58,0.00,,0,10.36,70.81,1,palm,relative
217116.4260,0,282.58,0.00,282.58,0.00,,0,16.31,77.21,1,palm,relative
217116.4593,0,282.58,0.00,282.58,0.00,,0,14.60,72.44,1,palm,relative
217116.4927,0,282.58,0.00,282.58,0.00,,0,27.59,85.64,1,palm,relative
217116.5260,0,282.58,0.00,282.58,0.00,,0,13.35,72.02,1,palm,relative
217116.5594,0,282.58,0.00,282.58,0.00,,0,23.46,82.50,1,palm,relative
217116.5927,0,282.58,0.00,282.58,0.00,,0,29.84,86.21,1,palm,relative
217116.6261,0,282.58,0.00,282.58,0.00,,0,9.28,70.19,1,palm,relative
217116.6594,0,282.58,0.00,282.58,0.00,,0,20.64,80.72,1,palm,relative
217116.6928,0,282.58,0.00,282.58,0.00,,0,27.31,86.72,1,palm,relative
217116.7261,0,282.58,0.00,282.58,0.00,,0,14.80,74.70,1,palm,relative
217116.7595,0,282.58,0.00,282.58,0.00,,0,16.60,78.11,1,palm,relative
217116.7928,0,282.58,0.00,282.58,0.00,,0,13.25,71.16,1,palm,relative
217116.8262,0,282.58,0.00,282.58,0.00,,0,18.71,77.27,1,palm,relative
217116.8595,0,282.58,0.00,282.58,0.00,,0,31.10,86.38,1,palm,relative
217116.8929,0,282.58,0.00,282.58,0.00,,0,8.80,71.68,1,palm,relative
217116.9262,0,282.58,0.00,282.58,0.00,,0,9.58,75.45,1,palm,relative
217116.9596,0,282.58,0.00,282.58,0.00,,0,15.53,78.19,1,palm,relative
217116.9929,0,282.58,0.00,282.58,0.00,,0,13.95,75.32,1,palm,relative
217117.0263,0,282.58,0.00,282.58,0.00,,0,14.11,75.91,1,palm,relative
217117.0596,0,282.58,0.00,282.58,0.00,,0,14.60,74.43,1,palm,relative
217117.0930,0,282.58,0.00,282.58,0.00,,0,14.06,74.71,1,palm,relative
217117.1263,0,282.58,0.00,282.58,0.00,,0,21.29,78.69,1,palm,relative
217117.1597,0,282.58,0.00,282.58,0.00,,0,21.74,79.82,1,palm,relative
217117.1930,0,282.58,0.00,282.58,0.00,,0,27.97,83.48,1,palm,relative
217117.2264,0,282.58,0.00,282.58,0.00,,0,14.98,72.01,1,palm,relative
217117.2597,0,282.58,0.00,282.58,0.00,,0,25.50,84.38,1,palm,relative
217117.2931,0,282.58,0.00,282.58,0.00,,0,12.31,70.36,1,palm,relative
217117.3264,0,282.58,0.00,282.58,0.00,,0,20.23,79.16,1,palm,relative
217117.3598,0,282.58,0.00,282.58,0.00,,0,27.42,82.92,1,palm,relative
217117.3931,0,282.58,0.00,282.58,0.00,,0,17.12,72.33,1,palm,relative
217117.4265,0,282.58,0.00,282.58,0.00,,0,28.15,84.09,1,palm,relative
217117.4598,0,282.58,0.00,282.58,0.00,,0,15.72,72.46,1,palm,relative
217117.4932,0,282.58,0.00,282.58,0.00,,0,19.16,76.55,1,palm,relative
217117.5265,0,282.58,0.00,282.58,0.00,,0,29.38,84.78,1,palm,relative
217117.5599,0,282.58,0.00,282.58,0.00,,0,10.71,67.19,1,palm,relative
217117.5932,0,282.58,0.00,282.58,0.00,,0,25.95,81.88,1,palm,relative
217117.6266,0,282.58,0.00,282.58,0.00,,0,10.08,72.71,1,palm,relative
217117.6599,0,282.58,0.00,282.58,0.00,,0,14.92,80.51,1,palm,relative
217117.6933,0,282.58,0.00,282.58,0.00,,0,17.27,77.09,1,palm,relative
217117.7266,0,282.58,0.00,282.58,0.00,,0,25.16,85.91,1,palm,relative
217117.7600,0,282.58,0.00,282.58,0.00,,0,9.92,67.81,1,palm,relative
217117.7933,0,282.58,0.00,282.58,0.00,,0,24.11,83.05,1,palm,relative
217117.8267,0,282.58,0.00,282.58,0.00,,0,10.79,68.51,1,palm,relative
217117.8600,0,282.58,0.00,282.58,0.00,,0,19.06,76.02,1,palm,relative
217117.8934,0,282.58,0.00,282.58,0.00,,0,16.77,74.13,1,palm,relative
217117.9267,0,282.58,0.00,282.58,0.00,,0,20.19,76.10,1,palm,relative
217117.9601,0,282.58,0.00,282.58,0.00,,0,17.57,73.85,1,palm,relative
217117.9934,0,282.58,0.00,282.58,0.00,,0,21.64,75.20,1,palm,relative
217118.0268,0,282.58,0.00,282.58,0.00,,0,18.27,71.75,1,palm,relative
217118.0601,0,282.58,0.00,282.58,0.00,,0,21.58,75.04,1,palm,relative
217118.0935,0,282.58,0.00,282.58,0.00,,0,21.90,74.80,1,palm,relative
217118.1268,0,282.58,0.00,282.58,0.00,,0,27.28,79.14,1,palm,relative
217118.1602,0,282.58,0.00,282.58,0.00,,0,18.98,70.02,1,palm,relative
217118.1935,0,282.58,0.00,282.58,0.00,,0,21.49,72.03,1,palm,relative
217118.2269,0,282.58,0.00,282.58,0.00,,0,29.34,79.74,1,palm,relative
217118.2602,0,282.58,0.00,282.58,0.00,,0,21.04,74.59,1,palm,relative
217118.2936,0,282.58,0.00,282.58,0.00,,0,28.96,82.16,1,palm,relative
217118.3269,0,282.58,0.00,282.58,0.00,,0,17.42,71.70,1,palm,relative
217118.3603,0,282.58,0.00,282.58,0.00,,0,24.75,79.82,1,palm,relative
217118.3936,0,282.58,0.00,282.58,0.00,,0,28.43,80.15,1,palm,relative
217118.4270,0,282.58,0.00,282.58,0.00,,0,20.60,74.62,1,palm,relative
217118.4603,0,282.58,0.00,282.58,0.00,,0,21.89,76.05,1,palm,relative
217118.4937,0,282.58,0.00,282.58,0.00,,0,20.10,73.36,1,palm,relative
217118.5270,0,282.58,0.00,282.58,0.00,,0,20.92,76.31,1,palm,relative
217118.5604,0,282.58,0.00,282.58,0.00,,0,25.50,75.58,1,palm,relative
217118.5937,0,282.58,0.00,282.58,0.00,,0,24.92,74.63,1,palm,relative
217118.6271,0,282.58,0.00,282.58,0.00,,0,31.93,80.71,1,palm,relative
217118.6604,0,282.58,0.00,282.58,0.00,,0,25.29,84.78,1,palm,relative
217118.6938,0,282.58,0.00,282.58,0.00,,0,15.21,73.60,1,palm,relative
217118.7271,0,282.58,0.00,282.58,0.00,,0,22.19,82.12,1,palm,relative
217118.7605,0,282.58,0.00,282.58,0.00,,0,20.56,79.31,1,palm,relative
217118.7938,0,282.58,0.00,282.58,0.00,,0,23.66,80.55,1,palm,relative
217118.8272,0,282.58,0.00,282.58,0.00,,0,22.03,77.05,1,palm,relative
217118.8605,0,282.58,0.00,282.58,0.00,,0,30.73,85.90,1,palm,relative
217118.8939,0,282.58,0.00,282.58,0.00,,0,12.95,73.24,1,palm,relative
217118.9272,0,282.58,0.00,282.58,0.00,,0,22.70,86.23,1,palm,relative
217118.9606,0,282.58,0.00,282.58,0.00,,0,11.28,72.02,1,palm,relative
217118.9939,0,282.58,0.00,282.58,0.00,,0,21.41,83.57,1,palm,relative
217119.0273,0,282.58,0.00,282.58,0.00,,0,16.34,72.96,1,palm,relative
217119.0606,0,282.58,0.00,282.58,0.00,,0,18.39,76.13,1,palm,relative
217119.0940,0,282.58,0.00,282.58,0.00,,0,22.85,78.59,1,palm,relative
217119.1273,0,282.58,0.00,282.58,0.00,,0,32.54,87.44,1,palm,relative
217119.1607,0,282.58,0.00,282.58,0.00,,0,15.46,79.80,1,palm,relative
217119.1940,0,282.58,0.00,282.58,0.00,,0,13.27,81.02,1,palm,relative
217119.2274,0,282.58,0.00,282.58,0.00,,0,14.49,78.72,1,palm,relative
217119.2607,0,282.58,0.00,282.58,0.00,,0,19.10,84.50,1,palm,relative
217119.2941,0,282.58,0.00,282.58,0.00,,0,14.49,76.00,1,palm,relative
217119.3274,0,282.58,0.00,282.58,0.00,,0,17.25,80.92,1,palm,relative
217119.3608,0,282.58,0.00,282.58,0.00,,0,20.76,81.50,1,palm,relative
217119.3941,0,282.58,0.00,282.58,0.00,,0,14.96,73.97,1,palm,relative
217119.4275,0,282.58,0.00,282.58,0.00,,0,25.76,83.84,1,palm,relative
217119.4608,0,282.58,0.00,282.58,0.00,,0,10.59,70.24,1,palm,relative
217119.4942,0,282.58,0.00,282.58,0.00,,0,18.88,79.00,1,palm,relative
217119.5275,0,282.58,0.00,282.58,0.00,,0,19.29,76.28,1,palm,relative
217119.5609,0,282.58,0.00,282.58,0.00,,0,30.10,89.27,1,palm,relative
217119.5942,0,282.58,0.00,282.58,0.00,,0,11.48,73.81,1,palm,relative
217119.6276,0,282.58,0.00,282.58,0.00,,0,17.51,80.58,1,palm,relative
217119.6609,0,282.58,0.00,282.58,0.00,,0,12.50,71.49,1,palm,relative
217119.6943,0,282.58,0.00,282.58,0.00,,0,13.71,73.67,1,palm,relative
217119.7276,0,282.58,0.00,282.58,0.00,,0,20.28,76.36,1,palm,relative
217119.7610,0,282.58,0.00,282.58,0.00,,0,31.20,86.26,1,palm,relative
217119.7943,0,282.58,0.00,282.58,0.00,,0,15.82,78.35,1,palm,relative
217119.8277,0,282.58,0.00,282.58,0.00,,0,21.37,86.14,1,palm,relative
217119.8610,0,282.58,0.00,282.58,0.00,,0,10.84,73.88,1,palm,relative
217119.8944,0,282.58,0.00,282.58,0.00,,0,22.64,86.70,1,palm,relative
217119.9277,0,282.58,0.00,282.58,0.00,,0,10.07,70.37,1,palm,relative
217119.9611,0,282.58,0.00,282.58,0.00,,0,21.36,83.66,1,palm,relative
217119.9944,0,282.58,0.00,282.58,0.00,,0,11.77,74.36,1,palm,relative
217120.0278,0,282.58,0.00,282.58,0.00,,0,12.83,77.05,1,palm,relative
217120.0611,0,282.58,0.00,282.58,0.00,,0,20.35,79.31,1,palm,relative
217120.0945,0,282.58,0.00,282.58,0.00,,0,19.34,77.81,1,palm,relative
217120.1278,0,282.58,0.00,282.58,0.00,,0,19.65,78.87,1,palm,relative
217120.1612,0,282.58,0.00,282.58,0.00,,0,21.43,75.65,1,palm,relative
217120.1945,0,282.58,0.00,282.58,0.00,,0,22.61,79.94,1,palm,relative
217120.2279,0,282.58,0.00,282.58,0.00,,0,20.43,77.35,1,palm,relative
217120.2612,0,282.58,0.00,282.58,0.00,,0,26.02,83.49,1,palm,relative
217120.2946,0,282.58,0.00,282.58,0.00,,0,12.38,69.73,1,palm,relative
217120.3279,0,282.58,0.00,282.58,0.00,,0,22.91,81.10,1,palm,relative
217120.3613,0,282.58,0.00,282.58,0.00,,0,20.78,75.31,1,palm,relative
217120.3946,0,282.58,0.00,282.58,0.00,,0,30.32,84.04,1,palm,relative
217120.4280,0,282.58,0.00,282.58,0.00,,0,16.05,74.84,1,palm,relative
217120.4613,0,282.58,0.00,282.58,0.00,,0,18.73,78.14,1,palm,relative
217120.4947,0,282.58,0.00,282.58,0.00,,0,23.66,79.50,1,palm,relative
217120.5280,0,282.58,0.00,282.58,0.00,,0,33.07,88.07,1,palm,relative
217120.5614,0,282.58,0.00,282.58,0.00,,0,17.99,84.36,1,palm,relative
217120.5947,0,282.58,0.00,282.58,0.00,,0,12.62,80.77,1,palm,relative
217120.6281,0,282.58,0.00,282.58,0.00,,0,21.67,87.41,1,palm,relative
217120.6614,0,282.58,0.00,282.58,0.00,,0,14.76,83.22,1,palm,relative
217120.6948,0,282.58,0.00,282.58,0.00,,0,15.92,85.82,1,palm,relative
217120.7281,0,282.58,0.00,282.58,0.00,,0,15.49,82.18,1,palm,relative
217120.7615,0,282.58,0.00,282.58,0.00,,0,8.42,77.64,1,palm,relative
217120.7948,0,282.58,0.00,282.58,0.00,,0,15.85,81.86,1,palm,relative
217120.8282,0,282.58,0.00,282.58,0.00,,0,13.81,79.47,1,palm,relative
217120.8615,0,282.58,0.00,282.58,0.00,,0,8.61,76.42,1,palm,relative
217120.8949,0,282.58,0.00,282.58,0.00,,0,14.77,78.83,1,palm,relative
217120.9282,0,282.58,0.00,282.58,0.00,,0,13.31,77.10,1,palm,relative
217120.9616,0,282.58,0.00,282.58,0.00,,0,16.66,81.98,1,palm,relative
217120.9949,0,282.58,0.00,282.58,0.00,,0,12.20,72.61,1,palm,relative
217121.0283,0,282.58,0.00,282.58,0.00,,0,19.02,81.79,1,palm,relative
217121.0616,0,282.58,0.00,282.58,0.00,,0,19.99,76.77,1,palm,relative
217121.0950,0,282.58,0.00,282.58,0.00,,0,28.96,85.22,1,palm,relative
217121.1283,0,282.58,0.00,282.58,0.00,,0,9.62,69.02,1,palm,relative
217121.1617,0,282.58,0.00,282.58,0.00,,0,21.82,82.90,1,palm,relative
217121.1950,0,282.58,0.00,282.58,0.00,,0,10.68,68.45,1,palm,relative
217121.2284,0,282.58,0.00,282.58,0.00,,0,30.11,90.76,1,palm,relative
217121.2617,0,282.58,0.00,282.58,0.00,,0,11.27,77.45,1,palm,relative
217121.2951,0,282.58,0.00,282.58,0.00,,0,13.31,82.44,1,palm,relative
217121.3284,0,282.58,0.00,282.58,0.00,,0,13.36,76.95,1,palm,relative
217121.3618,0,282.58,0.00,282.58,0.00,,0,15.24,81.88,1,palm,relative
217121.3951,0,282.58,0.00,282.58,0.00,,0,13.05,74.27,1,palm,relative
217121.4285,0,282.58,0.00,282.58,0.00,,0,20.43,83.60,1,palm,relative
217121.4618,0,282.58,0.00,282.58,0.00,,0,19.46,83.07,1,palm,relative
217121.4952,0,282.58,0.00,282.58,0.00,,0,12.76,75.50,1,palm,relative
217121.5285,0,282.58,0.00,282.58,0.00,,0,17.19,78.75,1,palm,relative
217121.5619,0,282.58,0.00,282.58,0.00,,0,13.27,74.79,1,palm,relative
217121.5952,0,282.58,0.00,282.58,0.00,,0,14.01,77.53,1,palm,relative
217121.6286,0,282.58,0.00,282.58,0.00,,0,21.20,80.67,1,palm,relative
217121.6619,0,282.58,0.00,282.58,0.00,,0,13.51,72.35,1,palm,relative
217121.6953,0,282.58,0.00,282.58,0.00,,0,24.17,84.29,1,palm,relative
217121.7286,0,282.58,0.00,282.58,0.00,,0,10.82,70.11,1,palm,relative
217121.7620,0,282.58,0.00,282.58,0.00,,0,22.45,84.09,1,palm,relative
217121.7953,0,282.58,0.00,282.58,0.00,,0,12.58,69.78,1,palm,relative
217121.8287,0,282.58,0.00,282.58,0.00,,0,23.26,84.72,1,palm,relative
217121.8620,0,282.58,0.00,282.58,0.00,,0,12.89,71.79,1,palm,relative
217121.8954,0,282.58,0.00,282.58,0.00,,0,23.02,80.89,1,palm,relative
217121.9287,0,282.58,0.00,282.58,0.00,,0,12.33,70.56,1,palm,relative
217121.9621,0,282.58,0.00,282.58,0.00,,0,27.39,85.83,1,palm,relative
217121.9954,0,282.58,0.00,282.58,0.00,,0,7.94,67.41,1,palm,relative
217122.0288,0,282.58,0.00,282.58,0.00,,0,18.43,80.76,1,palm,relative
217122.0621,0,282.58,0.00,282.58,0.00,,0,22.25,80.85,1,palm,relative
217122.0955,0,282.58,0.00,282.58,0.00,,0,16.23,74.71,1,palm,relative
217122.1288,0,282.58,0.00,282.58,0.00,,0,20.20,77.48,1,palm,relative
217122.1622,0,282.58,0.00,282.58,0.00,,0,21.37,78.87,1,palm,relative
217122.1955,0,282.58,0.00,282.58,0.00,,0,21.42,76.47,1,palm,relative
217122.2289,0,282.58,0.00,282.58,0.00,,0,24.46,78.80,1,palm,relative
217122.2622,0,282.58,0.00,282.58,0.00,,0,25.03,78.25,1,palm,relative
217122.2956,0,282.58,0.00,282.58,0.00,,0,30.66,82.86,1,palm,relative
217122.3289,0,282.58,0.00,282.58,0.00,,0,13.01,72.63,1,palm,relative
217122.3623,0,282.58,0.00,282.58,0.00,,0,21.09,81.71,1,palm,relative
217122.3956,0,282.58,0.00,282.58,0.00,,0,22.23,78.67,1,palm,relative
217122.4290,0,282.58,0.00,282.58,0.00,,0,20.64,76.00,1,palm,relative
217122.4623,0,282.58,0.00,282.58,0.00,,0,26.81,81.59,1,palm,relative
217122.4957,0,282.58,0.00,282.58,0.00,,0,18.26,72.08,1,palm,relative
217122.5290,0,282.58,0.00,282.58,0.00,,0,31.58,85.88,1,palm,relative
217122.5624,0,282.58,0.00,282.58,0.00,,0,11.15,73.39,1,palm,relative
217122.5957,0,282.58,0.00,282.58,0.00,,0,20.70,84.17,1,palm,relative
217122.6291,0,282.58,0.00,282.58,0.00,,0,21.11,79.99,1,palm,relative
217122.6624,0,282.58,0.00,282.58,0.00,,0,20.69,79.99,1,palm,relative
217122.6958,0,282.58,0.00,282.58,0.00,,0,11.99,72.02,1,palm,relative
217122.7291,0,282.58,0.00,282.58,0.00,,0,18.19,79.42,1,palm,relative
217122.7625,0,282.58,0.00,282.58,0.00,,0,26.26,88.03,1,palm,relative
217122.7958,0,282.58,0.00,282.58,0.00,,0,6.81,67.39,1,palm,relative
217122.8292,0,282.58,0.00,282.58,0.00,,0,21.50,84.17,1,palm,relative
217122.8625,0,282.58,0.00,282.58,0.00,,0,17.41,74.60,1,palm,relative
217122.8959,0,282.58,0.00,282.58,0.00,,0,16.49,74.35,1,palm,relative
217122.9292,0,282.58,0.00,282.58,0.00,,0,18.95,72.93,1,palm,relative
217122.9626,0,282.58,0.00,282.58,0.00,,0,22.98,77.23,1,palm,relative
217122.9959,0,282.58,0.00,282.58,0.00,,0,17.00,72.11,1,palm,relative
217123.0293,0,282.58,0.00,282.58,0.00,,0,19.57,74.06,1,palm,relative
217123.0626,0,282.58,0.00,282.58,0.00,,0,28.97,83.20,1,palm,relative
217123.0960,0,282.58,0.00,282.58,0.00,,0,17.12,72.80,1,palm,relative
217123.1293,0,282.58,0.00,282.58,0.00,,0,19.20,76.45,1,palm,relative
217123.1627,0,282.58,0.00,282.58,0.00,,0,21.15,75.61,1,palm,relative
217123.1960,0,282.58,0.00,282.58,0.00,,0,24.71,77.91,1,palm,relative
217123.2294,0,282.58,0.00,282.58,0.00,,0,18.42,69.96,1,palm,relative
217123.2627,0,282.58,0.00,282.58,0.00,,0,21.93,73.17,1,palm,relative
217123.2961,0,282.58,0.00,282.58,0.00,,0,22.25,75.58,1,palm,relative
217123.3294,0,282.58,0.00,282.58,0.00,,0,21.24,74.48,1,palm,relative
217123.3628,0,282.58,0.00,282.58,0.00,,0,24.93,76.98,1,palm,relative
217123.3961,0,282.58,0.00,282.58,0.00,,0,20.97,71.33,1,palm,relative
217123.4295,0,282.58,0.00,282.58,0.00,,0,25.57,74.83,1,palm,relative
217123.4628,0,282.58,0.00,282.58,0.00,,0,32.87,82.43,1,palm,relative
217123.4962,0,282.58,0.00,282.58,0.00,,0,18.25,74.16,1,palm,relative
217123.5295,0,282.58,0.00,282.58,0.00,,0,24.27,79.36,1,palm,relative
217123.5629,0,282.58,0.00,282.58,0.00,,0,21.29,77.72,1,palm,relative
217123.5962,0,282.58,0.00,282.58,0.00,,0,17.72,73.76,1,palm,relative
217123.6296,0,282.58,0.00,282.58,0.00,,0,30.10,85.18,1,palm,relative
217123.6629,0,282.58,0.00,282.58,0.00,,0,20.84,79.94,1,palm,relative
217123.6963,0,282.58,0.00,282.58,0.00,,0,24.24,82.43,1,palm,relative
217123.7296,0,282.58,0.00,282.58,0.00,,0,15.95,73.14,1,palm,relative
217123.7630,0,282.58,0.00,282.58,0.00,,0,24.32,81.51,1,palm,relative
217123.7963,0,282.58,0.00,282.58,0.00,,0,17.77,79.02,1,palm,relative
217123.8297,0,282.58,0.00,282.58,0.00,,0,8.94,70.65,1,palm,relative
217123.8630,0,282.58,0.00,282.58,0.00,,0,23.18,82.95,1,palm,relative
217123.8964,0,282.58,0.00,282.58,0.00,,0,10.31,69.11,1,palm,relative
217123.9297,0,282.58,0.00,282.58,0.00,,0,24.80,83.76,1,palm,relative
217123.9631,0,282.58,0.00,282.58,0.00,,0,20.94,84.06,1,palm,relative
217123.9964,0,282.58,0.00,282.58,0.00,,0,14.68,77.73,1,palm,relative
217124.0298,0,282.58,0.00,282.58,0.00,,0,20.03,82.32,1,palm,relative
217124.0631,0,282.58,0.00,282.58,0.00,,0,12.34,73.85,1,palm,relative
217124.0965,0,282.58,0.00,282.58,0.00,,0,12.81,75.73,1,palm,relative
217124.1298,0,282.58,0.00,282.58,0.00,,0,18.15,78.58,1,palm,relative
217124.1632,0,282.58,0.00,282.58,0.00,,0,15.06,74.52,1,palm,relative
217124.1965,0,282.58,0.00,282.58,0.00,,0,17.23,77.82,1,palm,relative
217124.2299,0,282.58,0.00,282.58,0.00,,0,19.09,76.72,1,palm,relative
217124.2632,0,282.58,0.00,282.58,0.00,,0,24.20,82.21,1,palm,relative
217124.2966,0,282.58,0.00,282.58,0.00,,0,18.06,74.18,1,palm,relative
217124.3299,0,282.58,0.00,282.58,0.00,,0,25.04,80.12,1,palm,relative
217124.3633,0,282.58,0.00,282.58,0.00,,0,35.48,89.19,1,palm,relative
217124.3966,0,282.58,0.00,282.58,0.00,,0,15.30,79.30,1,palm,relative
217124.4300,0,282.58,0.00,282.58,0.00,,0,13.97,79.18,1,palm,relative
217124.4633,0,282.58,0.00,282.58,0.00,,0,21.53,82.90,1,palm,relative
217124.4967,0,282.58,0.00,282.58,0.00,,0,9.42,69.53,1,palm,relative
217124.5300,0,282.58,0.00,282.58,0.00,,0,19.45,82.53,1,palm,relative
217124.5634,0,282.58,0.00,282.58,0.00,,0,12.37,76.67,1,palm,relative
217124.5967,0,282.58,0.00,282.58,0.00,,0,17.76,82.83,1,palm,relative
217124.6301,0,282.58,0.00,282.58,0.00,,0,10.03,70.62,1,palm,relative
217124.6634,0,282.58,0.00,282.58,0.00,,0,20.80,83.27,1,palm,relative
217124.6968,0,282.58,0.00,282.58,0.00,,0,11.98,69.50,1,palm,relative
217124.7301,0,282.58,0.00,282.58,0.00,,0,27.86,84.53,1,palm,relative
217124.7635,0,282.58,0.00,282.58,0.00,,0,13.52,74.73,1,palm,relative
217124.7968,0,282.58,0.00,282.58,0.00,,0,15.95,77.16,1,palm,relative
217124.8302,0,282.58,0.00,282.58,0.00,,0,18.03,79.21,1,palm,relative
217124.8635,0,282.58,0.00,282.58,0.00,,0,19.94,79.14,1,palm,relative
217124.8969,0,282.58,0.00,282.58,0.00,,0,19.77,78.18,1,palm,relative
217124.9302,0,282.58,0.00,282.58,0.00,,0,16.94,74.91,1,palm,relative
217124.9636,0,282.58,0.00,282.58,0.00,,0,22.46,81.20,1,palm,relative
217124.9969,0,282.58,0.00,282.58,0.00,,0,25.87,81.28,1,palm,relative
217125.0303,0,282.58,0.00,282.58,0.00,,0,28.75,83.08,1,palm,relative
217125.0636,0,282.58,0.00,282.58,0.00,,0,23.53,77.77,1,palm,relative
217125.0970,0,282.58,0.00,282.58,0.00,,0,26.84,81.19,1,palm,relative
217125.1303,0,282.58,0.00,282.58,0.00,,0,12.56,73.15,1,palm,relative
217125.1637,0,282.58,0.00,282.58,0.00,,0,14.39,77.13,1,palm,relative
217125.1970,0,282.58,0.00,282.58,0.00,,0,19.95,79.07,1,palm,relative
217125.2304,0,282.58,0.00,282.58,0.00,,0,19.02,78.08,1,palm,relative
217125.2637,0,282.58,0.00,282.58,0.00,,0,23.34,82.72,1,palm,relative
217125.2971,0,282.58,0.00,282.58,0.00,,0,18.14,74.85,1,palm,relative
217125.3304,0,282.58,0.00,282.58,0.00,,0,22.39,79.78,1,palm,relative
217125.3638,0,282.58,0.00,282.58,0.00,,0,23.20,78.64,1,palm,relative
217125.3971,0,282.58,0.00,282.58,0.00,,0,24.47,77.97,1,palm,relative
217125.4305,0,282.58,0.00,282.58,0.00,,0,31.10,83.68,1,palm,relative
217125.4638,0,282.58,0.00,282.58,0.00,,0,16.47,76.34,1,palm,relative
217125.4972,0,282.58,0.00,282.58,0.00,,0,13.98,75.35,1,palm,relative
217125.5305,0,282.58,0.00,282.58,0.00,,0,16.70,77.40,1,palm,relative
217125.5639,0,282.58,0.00,282.58,0.00,,0,25.31,89.25,1,palm,relative
217125.5972,0,282.58,0.00,282.58,0.00,,0,7.13,70.88,1,palm,relative
217125.6306,0,282.58,0.00,282.58,0.00,,0,13.91,81.30,1,palm,relative
217125.6639,0,282.58,0.00,282.58,0.00,,0,12.92,75.14,1,palm,relative
217125.6973,0,282.58,0.00,282.58,0.00,,0,13.19,75.42,1,palm,relative
217125.7306,0,282.58,0.00,282.58,0.00,,0,15.16,79.25,1,palm,relative
217125.7640,0,282.58,0.00,282.58,0.00,,0,16.25,75.90,1,palm,relative
217125.7973,0,282.58,0.00,282.58,0.00,,0,17.56,78.65,1,palm,relative
217125.8307,0,282.58,0.00,282.58,0.00,,0,21.73,81.00,1,palm,relative
217125.8640,0,282.58,0.00,282.58,0.00,,0,16.67,74.71,1,palm,relative
217125.8974,0,282.58,0.00,282.58,0.00,,0,30.15,89.14,1,palm,relative
217125.9307,0,282.58,0.00,282.58,0.00,,0,10.60,72.60,1,palm,relative
217125.9641,0,282.58,0.00,282.58,0.00,,0,15.94,80.38,1,palm,relative
217125.9974,0,282.58,0.00,282.58,0.00,,0,11.44,70.92,1,palm,relative
217126.0308,0,282.58,0.00,282.58,0.00,,0,15.63,76.90,1,palm,relative
217126.0641,0,282.58,0.00,282.58,0.00,,0,23.58,81.12,1,palm,relative
217126.0975,0,282.58,0.00,282.58,0.00,,0,15.74,72.45,1,palm,relative
217126.1308,0,282.58,0.00,282.58,0.00,,0,17.44,75.40,1,palm,relative
217126.1642,0,282.58,0.00,282.58,0.00,,0,20.68,77.30,1,palm,relative
217126.1975,0,282.58,0.00,282.58,0.00,,0,27.35,82.67,1,palm,relative
217126.2309,0,282.58,0.00,282.58,0.00,,0,18.69,78.52,1,palm,relative
217126.2642,0,282.58,0.00,282.58,0.00,,0,15.69,75.18,1,palm,relative
217126.2976,0,282.58,0.00,282.58,0.00,,0,20.61,80.29,1,palm,relative
217126.3309,0,282.58,0.00,282.58,0.00,,0,22.94,80.08,1,palm,relative
217126.3643,0,282.58,0.00,282.58,0.00,,0,18.11,73.98,1,palm,relative
217126.3976,0,282.58,0.00,282.58,0.00,,0,24.74,82.75,1,palm,relative
217126.4310,0,282.58,0.00,282.58,0.00,,0,12.56,70.33,1,palm,relative
217126.4643,0,282.58,0.00,282.58,0.00,,0,24.69,83.50,1,palm,relative
217126.4977,0,282.58,0.00,282.58,0.00,,0,12.05,70.24,1,palm,relative
217126.5310,0,282.58,0.00,282.58,0.00,,0,20.06,78.67,1,palm,relative
217126.5644,0,282.58,0.00,282.58,0.00,,0,19.88,76.24,1,palm,relative
217126.5977,0,282.58,0.00,282.58,0.00,,0,14.47,71.30,1,palm,relative
217126.6311,0,282.58,0.00,282.58,0.00,,0,28.14,84.11,1,palm,relative
217126.6644,0,282.58,0.00,282.58,0.00,,0,22.44,77.15,1,palm,relative
217126.6978,0,282.58,0.00,282.58,0.00,,0,20.23,74.24,1,palm,relative
217126.7311,0,282.58,0.00,282.58,0.00,,0,22.65,77.04,1,palm,relative
217126.7645,0,282.58,0.00,282.58,0.00,,0,31.14,83.41,1,palm,relative
217126.7978,0,282.58,0.00,282.58,0.00,,0,18.83,84.85,1,palm,relative
217126.8312,0,282.58,0.00,282.58,0.00,,0,12.53,77.88,1,palm,relative
217126.8645,0,282.58,0.00,282.58,0.00,,0,16.98,85.07,1,palm,relative
217126.8979,0,282.58,0.00,282.58,0.00,,0,13.90,76.17,1,palm,relative
217126.9312,0,282.58,0.00,282.58,0.00,,0,19.63,81.00,1,palm,relative
217126.9646,0,282.58,0.00,282.58,0.00,,0,11.34,72.30,1,palm,relative
217126.9979,0,282.58,0.00,282.58,0.00,,0,18.02,82.15,1,palm,relative
217127.0313,0,282.58,0.00,282.58,0.00,,0,24.52,83.00,1,palm,relative
217127.0646,0,282.58,0.00,282.58,0.00,,0,11.14,69.32,1,palm,relative
217127.0980,0,282.58,0.00,282.58,0.00,,0,20.06,78.95,1,palm,relative
217127.1313,0,282.58,0.00,282.58,0.00,,0,25.94,82.51,1,palm,relative
217127.1647,0,282.58,0.00,282.58,0.00,,0,16.83,74.02,1,palm,relative
217127.1980,0,282.58,0.00,282.58,0.00,,0,26.94,83.96,1,palm,relative
217127.2314,0,282.58,0.00,282.58,0.00,,0,20.14,77.47,1,palm,relative
217127.2647,0,282.58,0.00,282.58,0.00,,0,16.96,73.04,1,palm,relative
217127.2981,0,282.58,0.00,282.58,0.00,,0,22.21,78.77,1,palm,relative
217127.3314,0,282.58,0.00,282.58,0.00,,0,33.16,85.62,1,palm,relative
217127.3648,0,282.58,0.00,282.58,0.00,,0,11.84,74.88,1,palm,relative
217127.3981,0,282.58,0.00,282.58,0.00,,0,11.41,75.68,1,palm,relative
217127.4315,0,282.58,0.00,282.58,0.00,,0,7.89,76.72,1,palm,relative
217127.4648,0,282.58,0.00,282.58,0.00,,0,12.57,89.02,1,palm,relative
217127.4982,0,282.58,0.00,282.58,0.00,,0,8.40,80.84,1,palm,relative
217127.5315,0,282.58,0.00,282.58,0.00,,0,14.41,89.39,1,palm,relative
217127.5649,0,282.58,0.00,282.58,0.00,,0,19.24,91.27,1,palm,relative
217127.5982,0,282.58,0.00,282.58,0.00,,0,13.35,89.37,1,palm,relative
217127.6316,0,282.58,0.00,282.58,0.00,,0,13.39,85.33,1,palm,relative
217127.6649,0,282.58,0.00,282.58,0.00,,0,15.04,85.95,1,palm,relative
217127.6983,0,282.58,0.00,282.58,0.00,,0,10.30,83.94,1,palm,relative
217127.7316,0,282.58,0.00,282.58,0.00,,0,16.98,84.66,1,palm,relative
217127.7650,0,282.58,0.00,282.58,0.00,,0,14.55,84.27,1,palm,relative
217127.7983,0,282.58,0.00,282.58,0.00,,0,17.12,83.58,1,palm,relative
217127.8317,0,282.58,0.00,282.58,0.00,,0,13.72,83.76,1,palm,relative
217127.8650,0,282.58,0.00,282.58,0.00,,0,15.03,82.40,1,palm,relative
217127.8984,0,282.58,0.00,282.58,0.00,,0,15.29,85.11,1,palm,relative
217127.9317,0,282.58,0.00,282.58,0.00,,0,16.43,81.69,1,palm,relative
217127.9651,0,282.58,0.00,282.58,0.00,,0,11.02,75.94,1,palm,relative
217127.9984,0,282.58,0.00,282.58,0.00,,0,11.45,77.86,1,palm,relative
217128.0318,0,282.58,0.00,282.58,0.00,,0,10.69,75.39,1,palm,relative
217128.0651,0,282.58,0.00,282.58,0.00,,0,12.12,77.26,1,palm,relative
217128.0985,0,282.58,0.00,282.58,0.00,,0,14.84,75.78,1,palm,relative
217128.1318,0,282.58,0.00,282.58,0.00,,0,19.65,81.19,1,palm,relative
217128.1652,0,282.58,0.00,282.58,0.00,,0,11.89,70.92,1,palm,relative
217128.1985,0,282.58,0.00,282.58,0.00,,0,12.43,74.65,1,palm,relative
217128.2319,0,282.58,0.00,282.58,0.00,,0,21.70,77.77,1,palm,relative
217128.2652,0,282.58,0.00,282.58,0.00,,0,20.82,76.12,1,palm,relative
217128.2986,0,282.58,0.00,282.58,0.00,,0,30.22,84.62,1,palm,relative
217128.3319,0,282.58,0.00,282.58,0.00,,0,11.72,71.28,1,palm,relative
217128.3653,0,282.58,0.00,282.58,0.00,,0,26.20,85.67,1,palm,relative
217128.3986,0,282.58,0.00,282.58,0.00,,0,15.82,74.79,1,palm,relative
217128.4319,0,282.58,0.00,282.58,0.00,,0,17.88,78.08,1,palm,relative
217128.4653,0,282.58,0.00,282.58,0.00,,0,25.19,80.45,1,palm,relative
217128.4986,0,282.58,0.00,282.58,0.00,,0,24.23,78.02,1,palm,relative
217128.5320,0,282.58,0.00,282.58,0.00,,0,27.97,79.95,1,palm,relative
217128.5653,0,282.58,0.00,282.58,0.00,,0,29.06,80.42,1,palm,relative
217128.5987,0,282.58,0.00,282.58,0.00,,0,13.86,70.06,1,palm,relative
217128.6320,0,282.58,0.00,282.58,0.00,,0,25.75,82.91,1,palm,relative
217128.6654,0,282.58,0.00,282.58,0.00,,0,8.83,74.08,1,palm,relative
217128.6988,0,282.58,0.00,282.58,0.00,,0,27.69,95.14,1,palm,relative
217128.7321,0,282.58,0.00,282.58,0.00,,0,18.59,83.82,1,palm,relative
217128.7655,0,282.58,0.00,282.58,0.00,,0,10.21,75.90,1,palm,relative
217128.7988,0,282.58,0.00,282.58,0.00,,0,10.72,80.55,1,palm,relative
217128.8322,0,282.58,0.00,282.58,0.00,,0,23.35,84.20,1,palm,relative
217128.8655,0,282.58,0.00,282.58,0.00,,0,8.51,68.73,1,palm,relative
217128.8988,0,282.58,0.00,282.58,0.00,,0,26.56,86.81,1,palm,relative
217128.9322,0,282.58,0.00,282.58,0.00,,0,10.81,73.28,1,palm,relative
217128.9655,0,282.58,0.00,282.58,0.00,,0,14.81,80.37,1,palm,relative
217128.9989,0,282.58,0.00,282.58,0.00,,0,11.67,70.25,1,palm,relative
217129.0322,0,282.58,0.00,282.58,0.00,,0,25.28,82.85,1,palm,relative
217129.0656,0,282.58,0.00,282.58,0.00,,0,13.03,68.75,1,palm,relative
217129.0990,0,282.58,0.00,282.58,0.00,,0,32.10,88.34,1,palm,relative
217129.1323,0,282.58,0.00,282.58,0.00,,0,13.76,74.84,1,palm,relative
217129.1657,0,282.58,0.00,282.58,0.00,,0,18.48,79.41,1,palm,relative
217129.1990,0,282.58,0.00,282.58,0.00,,0,17.13,77.53,1,palm,relative
217129.2324,0,282.58,0.00,282.58,0.00,,0,17.97,78.37,1,palm,relative
217129.2657,0,282.58,0.00,282.58,0.00,,0,21.59,83.02,1,palm,relative
217129.2991,0,282.58,0.00,282.58,0.00,,0,14.72,73.10,1,palm,relative
217129.3324,0,282.58,0.00,282.58,0.00,,0,21.76,80.45,1,palm,relative
217129.3657,0,282.58,0.00,282.58,0.00,,0,15.15,72.62,1,palm,relative
217129.3991,0,282.58,0.00,282.58,0.00,,0,22.64,81.24,1,palm,relative
217129.4324,0,282.58,0.00,282.58,0.00,,0,17.50,73.28,1,palm,relative
217129.4658,0,282.58,0.00,282.58,0.00,,0,27.68,84.34,1,palm,relative
217129.4991,0,282.58,0.00,282.58,0.00,,0,20.84,79.37,1,palm,relative
217129.5325,0,282.58,0.00,282.58,0.00,,0,17.64,75.86,1,palm,relative
217129.5659,0,282.58,0.00,282.58,0.00,,0,25.40,82.70,1,palm,relative
217129.5992,0,282.58,0.00,282.58,0.00,,0,16.38,72.45,1,palm,relative
217129.6326,0,282.58,0.00,282.58,0.00,,0,22.25,78.73,1,palm,relative
217129.6659,0,282.58,0.00,282.58,0.00,,0,21.25,77.35,1,palm,relative
217129.6993,0,282.58,0.00,282.58,0.00,,0,21.16,77.22,1,palm,relative
217129.7326,0,282.58,0.00,282.58,0.00,,0,23.37,82.13,1,palm,relative
217129.7660,0,282.58,0.00,282.58,0.00,,0,15.34,73.80,1,palm,relative
217129.7993,0,282.58,0.00,282.58,0.00,,0,26.48,84.02,1,palm,relative
217129.8326,0,282.58,0.00,282.58,0.00,,0,21.05,77.18,1,palm,relative
217129.8660,0,282.58,0.00,282.58,0.00,,0,30.68,85.74,1,palm,relative
217129.8993,0,282.58,0.00,282.58,0.00,,0,10.41,68.28,1,palm,relative
217129.9327,0,282.58,0.00,282.58,0.00,,0,21.32,81.32,1,palm,relative
217129.9660,0,282.58,0.00,282.58,0.00,,0,15.29,72.61,1,palm,relative
217129.9994,0,282.58,0.00,282.58,0.00,,0,11.91,70.30,1,palm,relative
217130.0328,0,282.58,0.00,282.58,0.00,,0,18.43,100.43,1,palm,relative
217130.0661,0,282.58,0.00,282.58,0.00,,0,35.08,117.20,1,palm,relative
217130.0995,0,282.58,0.00,282.58,0.00,,0,17.12,102.32,1,palm,relative
217130.1328,0,282.58,0.00,282.58,0.00,,0,31.47,113.28,1,palm,relative
217130.1662,0,282.58,0.00,282.58,0.00,,0,24.36,114.78,1,palm,relative
217130.1995,0,282.58,0.00,282.58,0.00,,0,28.54,111.97,1,palm,relative
217130.2329,0,282.58,0.00,282.58,0.00,,0,26.86,113.54,1,palm,relative
217130.2662,0,282.58,0.00,282.58,0.00,,0,28.25,110.08,1,palm,relative
217130.2995,0,282.58,0.00,282.58,0.00,,0,17.23,103.70,1,palm,relative
217130.3329,0,282.58,0.00,282.58,0.00,,0,31.61,112.29,1,palm,relative
217130.3662,0,282.58,0.00,282.58,0.00,,0,30.58,112.69,1,palm,relative
217130.3996,0,282.58,0.00,282.58,0.00,,0,28.56,109.48,1,palm,relative
217130.4329,0,282.58,0.00,282.58,0.00,,0,23.69,106.51,1,palm,relative
217130.4663,0,282.58,0.00,282.58,0.00,,0,27.50,109.23,1,palm,relative
217130.4997,0,282.58,0.00,282.58,0.00,,0,33.05,113.66,1,palm,relative
217130.5330,0,282.58,0.00,282.58,0.00,,0,28.34,109.03,1,palm,relative
217130.5664,0,282.58,0.00,282.58,0.00,,0,29.06,111.90,1,palm,relative
217130.5997,0,282.58,0.00,282.58,0.00,,0,10.35,89.16,1,palm,relative
217130.6331,0,282.58,0.00,282.58,0.00,,0,30.65,111.23,1,palm,relative
217130.6664,0,282.58,0.00,282.58,0.00,,0,15.17,93.84,1,palm,relative
217130.6997,0,282.58,0.00,282.58,0.00,,0,10.53,89.62,1,palm,relative
217130.7331,0,282.58,0.00,282.58,0.00,,0,12.82,91.15,1,palm,relative
217130.7664,0,282.58,0.00,282.58,0.00,,0,30.42,112.55,1,palm,relative
217130.7998,0,282.58,0.00,282.58,0.00,,0,11.38,90.81,1,palm,relative
217130.8331,0,282.58,0.00,282.58,0.00,,0,30.40,111.96,1,palm,relative
217130.8665,0,282.58,0.00,282.58,0.00,,0,28.94,109.29,1,palm,relative
217130.8998,0,282.58,0.00,282.58,0.00,,0,10.91,92.27,1,palm,relative
217130.9332,0,282.58,0.00,282.58,0.00,,0,29.47,115.02,1,palm,relative
217130.9666,0,282.58,0.00,282.58,0.00,,0,28.52,110.54,1,palm,relative
217130.9999,0,282.58,0.00,282.58,0.00,,0,12.15,89.74,1,palm,relative
217131.0333,0,282.58,0.00,282.58,0.00,,0,15.53,89.73,1,palm,relative
217131.0666,0,282.58,0.00,282.58,0.00,,0,14.63,92.15,1,palm,relative
217131.1000,0,282.58,0.00,282.58,0.00,,0,14.62,87.41,1,palm,relative
217131.1333,0,282.58,0.00,282.58,0.00,,0,13.37,88.04,1,palm,relative
217131.1666,0,282.58,0.00,282.58,0.00,,0,14.75,84.68,1,palm,relative
217131.2000,0,282.58,0.00,282.58,0.00,,0,15.04,85.05,1,palm,relative
217131.2333,0,282.58,0.00,282.58,0.00,,0,16.04,87.97,1,palm,relative
217131.2667,0,282.58,0.00,282.58,0.00,,0,14.81,85.58,1,palm,relative
217131.3000,0,282.58,0.00,282.58,0.00,,0,15.19,87.63,1,palm,relative
217131.3334,0,282.58,0.00,282.58,0.00,,0,15.81,84.27,1,palm,relative
217131.3667,0,282.58,0.00,282.58,0.00,,0,12.97,91.50,1,palm,relative
217131.4001,0,282.58,0.00,282.58,0.00,,0,14.42,80.76,1,palm,relative
217131.4335,0,282.58,0.00,282.58,0.00,,0,13.64,81.60,1,palm,relative
217131.4668,0,282.58,0.00,282.58,0.00,,0,17.30,81.07,1,palm,relative
217131.5002,0,282.58,0.00,282.58,0.00,,0,9.93,73.33,1,palm,relative
217131.5335,0,282.58,0.00,282.58,0.00,,0,15.92,79.35,1,palm,relative
217131.5669,0,282.58,0.00,282.58,0.00,,0,15.85,77.07,1,palm,relative
217131.6002,0,282.58,0.00,282.58,0.00,,0,18.27,79.60,1,palm,relative
217131.6335,0,282.58,0.00,282.58,0.00,,0,14.37,72.31,1,palm,relative
217131.6669,0,282.58,0.00,282.58,0.00,,0,22.42,82.05,1,palm,relative
217131.7002,0,282.58,0.00,282.58,0.00,,0,17.80,73.41,1,palm,relative
217131.7336,0,282.58,0.00,282.58,0.00,,0,21.20,76.30,1,palm,relative
217131.7669,0,282.58,0.00,282.58,0.00,,0,19.11,76.03,1,palm,relative
217131.8003,0,282.58,0.00,282.58,0.00,,0,29.29,88.17,1,palm,relative
217131.8336,0,282.58,0.00,282.58,0.00,,0,15.38,78.12,1,palm,relative
217131.8670,0,282.58,0.00,282.58,0.00,,0,11.94,79.01,1,palm,relative
217131.9004,0,282.58,0.00,282.58,0.00,,0,16.64,76.29,1,palm,relative
217131.9337,0,282.58,0.00,282.58,0.00,,0,23.50,84.55,1,palm,relative
217131.9671,0,282.58,0.00,282.58,0.00,,0,11.44,69.24,1,palm,relative
217132.0004,0,282.58,0.00,282.58,0.00,,0,24.17,81.30,1,palm,relative
217132.0338,0,282.58,0.00,282.58,0.00,,0,13.24,71.96,1,palm,relative
217132.0671,0,282.58,0.00,282.58,0.00,,0,21.08,81.36,1,palm,relative
217132.1004,0,282.58,0.00,282.58,0.00,,0,20.68,77.42,1,palm,relative
217132.1338,0,282.58,0.00,282.58,0.00,,0,26.31,82.43,1,palm,relative
217132.1671,0,282.58,0.00,282.58,0.00,,0,18.86,76.45,1,palm,relative
217132.2005,0,282.58,0.00,282.58,0.00,,0,21.86,79.28,1,palm,relative
217132.2338,0,282.58,0.00,282.58,0.00,,0,19.02,75.97,1,palm,relative
217132.2672,0,282.58,0.00,282.58,0.00,,0,22.66,79.16,1,palm,relative
217132.3006,0,282.58,0.00,282.58,0.00,,0,18.95,74.99,1,palm,relative
217132.3339,0,282.58,0.00,282.58,0.00,,0,25.44,80.24,1,palm,relative
217132.3673,0,282.58,0.00,282.58,0.00,,0,21.63,75.21,1,palm,relative
217132.4006,0,282.58,0.00,282.58,0.00,,0,30.19,83.80,1,palm,relative
217132.4340,0,282.58,0.00,282.58,0.00,,0,11.89,69.79,1,palm,relative
217132.4673,0,282.58,0.00,282.58,0.00,,0,24.11,82.97,1,palm,relative
217132.5007,0,282.58,0.00,282.58,0.00,,0,28.59,82.51,1,palm,relative
217132.5340,0,282.58,0.00,282.58,0.00,,0,17.96,73.16,1,palm,relative
217132.5673,0,282.58,0.00,282.58,0.00,,0,25.99,81.81,1,palm,relative
217132.6007,0,282.58,0.00,282.58,0.00,,0,20.23,72.92,1,palm,relative
217132.6340,0,282.58,0.00,282.58,0.00,,0,23.56,77.74,1,palm,relative
217132.6674,0,282.58,0.00,282.58,0.00,,0,25.86,78.72,1,palm,relative
217132.7007,0,282.58,0.00,282.58,0.00,,0,23.89,76.46,1,palm,relative
217132.7341,0,282.58,0.00,282.58,0.00,,0,32.61,84.68,1,palm,relative
217132.7675,0,282.58,0.00,282.58,0.00,,0,13.25,74.13,1,palm,relative
217132.8008,0,282.58,0.00,282.58,0.00,,0,22.34,83.14,1,palm,relative
217132.8342,0,282.58,0.00,282.58,0.00,,0,12.57,69.36,1,palm,relative
217132.8675,0,282.58,0.00,282.58,0.00,,0,29.18,86.98,1,palm,relative
217132.9009,0,282.58,0.00,282.58,0.00,,0,13.79,73.00,1,palm,relative
217132.9342,0,282.58,0.00,282.58,0.00,,0,19.14,80.11,1,palm,relative
217132.9676,0,282.58,0.00,282.58,0.00,,0,21.54,77.66,1,palm,relative
217133.0009,0,282.58,0.00,282.58,0.00,,0,18.89,75.17,1,palm,relative
217133.0342,0,282.58,0.00,282.58,0.00,,0,30.27,85.00,1,palm,relative
217133.0676,0,282.58,0.00,282.58,0.00,,0,10.34,68.81,1,palm,relative
217133.1009,0,282.58,0.00,282.58,0.00,,0,20.19,77.43,1,palm,relative
217133.1343,0,282.58,0.00,282.58,0.00,,0,24.04,81.40,1,palm,relative
217133.1676,0,282.58,0.00,282.58,0.00,,0,26.83,83.60,1,palm,relative
217133.2010,0,282.58,0.00,282.58,0.00,,0,13.15,70.14,1,palm,relative
217133.2344,0,282.58,0.00,282.58,0.00,,0,24.07,81.14,1,palm,relative
217133.2677,0,282.58,0.00,282.58,0.00,,0,26.02,81.73,1,palm,relative
217133.3011,0,282.58,0.00,282.58,0.00,,0,15.46,70.56,1,palm,relative
217133.3344,0,282.58,0.00,282.58,0.00,,0,30.46,84.61,1,palm,relative
217133.3678,0,282.58,0.00,282.58,0.00,,0,10.18,69.20,1,palm,relative
217133.4011,0,282.58,0.00,282.58,0.00,,0,22.09,82.59,1,palm,relative
217133.4345,0,282.58,0.00,282.58,0.00,,0,12.74,68.77,1,palm,relative
217133.4678,0,282.58,0.00,282.58,0.00,,0,24.66,83.53,1,palm,relative
217133.5011,0,282.58,0.00,282.58,0.00,,0,12.69,69.17,1,palm,relative
217133.5345,0,282.58,0.00,282.58,0.00,,0,25.70,81.47,1,palm,relative
217133.5678,0,282.58,0.00,282.58,0.00,,0,20.66,75.50,1,palm,relative
217133.6012,0,282.58,0.00,282.58,0.00,,0,29.22,84.12,1,palm,relative
217133.6345,0,282.58,0.00,282.58,0.00,,0,12.70,70.80,1,palm,relative
217133.6679,0,282.58,0.00,282.58,0.00,,0,21.48,80.52,1,palm,relative
217133.7013,0,282.58,0.00,282.58,0.00,,0,21.27,76.03,1,palm,relative
217133.7346,0,282.58,0.00,282.58,0.00,,0,24.20,77.83,1,palm,relative
217133.7680,0,282.58,0.00,282.58,0.00,,0,27.89,79.84,1,palm,relative
217133.8013,0,282.58,0.00,282.58,0.00,,0,21.44,81.91,1,palm,relative
217133.8347,0,282.58,0.00,282.58,0.00,,0,11.63,72.12,1,palm,relative
217133.8680,0,282.58,0.00,282.58,0.00,,0,20.04,80.34,1,palm,relative
217133.9014,0,282.58,0.00,282.58,0.00,,0,17.24,77.78,1,palm,relative
217133.9347,0,282.58,0.00,282.58,0.00,,0,21.25,78.84,1,palm,relative
217133.9680,0,282.58,0.00,282.58,0.00,,0,20.68,77.54,1,palm,relative
217134.0014,0,282.58,0.00,282.58,0.00,,0,23.74,80.48,1,palm,relative
217134.0347,0,282.58,0.00,282.58,0.00,,0,21.33,77.43,1,palm,relative
217134.0681,0,282.58,0.00,282.58,0.00,,0,28.15,83.28,1,palm,relative
217134.1014,0,282.58,0.00,282.58,0.00,,0,15.37,72.31,1,palm,relative
217134.1348,0,282.58,0.00,282.58,0.00,,0,26.71,83.84,1,palm,relative
217134.1682,0,282.58,0.00,282.58,0.00,,0,12.58,69.65,1,palm,relative
217134.2015,0,282.58,0.00,282.58,0.00,,0,21.77,80.21,1,palm,relative
217134.2349,0,282.58,0.00,282.58,0.00,,0,23.60,76.16,1,palm,relative
217134.2682,0,282.58,0.00,282.58,0.00,,0,27.44,78.34,1,palm,relative
217134.3016,0,282.58,0.00,282.58,0.00,,0,33.86,84.42,1,palm,relative
217134.3349,0,282.58,0.00,282.58,0.00,,0,16.98,77.58,1,palm,relative
217134.3682,0,282.58,0.00,282.58,0.00,,0,14.68,74.42,1,palm,relative
217134.4016,0,282.58,0.00,282.58,0.00,,0,18.00,78.10,1,palm,relative
217134.4349,0,282.58,0.00,282.58,0.00,,0,20.83,77.48,1,palm,relative
217134.4683,0,282.58,0.00,282.58,0.00,,0,25.23,82.51,1,palm,relative
217134.5016,0,282.58,0.00,282.58,0.00,,0,17.88,72.66,1,palm,relative
217134.5350,0,282.58,0.00,282.58,0.00,,0,26.21,80.73,1,palm,relative
217134.5683,0,282.58,0.00,282.58,0.00,,0,21.22,77.75,1,palm,relative
217134.6017,0,282.58,0.00,282.58,0.00,,0,23.42,79.47,1,palm,relative
217134.6351,0,282.58,0.00,282.58,0.00,,0,23.02,77.42,1,palm,relative
217134.6684,0,282.58,0.00,282.58,0.00,,0,21.81,80.42,1,palm,relative
217134.7018,0,282.58,0.00,282.58,0.00,,0,12.93,70.88,1,palm,relative
217134.7351,0,282.58,0.00,282.58,0.00,,0,24.11,81.89,1,palm,relative
217134.7685,0,282.58,0.00,282.58,0.00,,0,20.36,76.98,1,palm,relative
217134.8018,0,282.58,0.00,282.58,0.00,,0,28.18,83.65,1,palm,relative
217134.8351,0,282.58,0.00,282.58,0.00,,0,11.64,69.37,1,palm,relative
217134.8685,0,282.58,0.00,282.58,0.00,,0,20.43,80.00,1,palm,relative
217134.9018,0,282.58,0.00,282.58,0.00,,0,20.98,75.50,1,palm,relative
217134.9352,0,282.58,0.00,282.58,0.00,,0,29.33,84.32,1,palm,relative
217134.9685,0,282.58,0.00,282.58,0.00,,0,13.33,75.21,1,palm,relative
217135.0019,0,282.58,0.00,282.58,0.00,,0,20.93,80.91,1,palm,relative
217135.0352,0,282.58,0.00,282.58,0.00,,0,18.55,84.39,1,palm,relative
217135.0686,0,282.58,0.00,282.58,0.00,,0,11.83,77.70,1,palm,relative
217135.1020,0,282.58,0.00,282.58,0.00,,0,13.39,79.20,1,palm,relative
217135.1353,0,282.58,0.00,282.58,0.00,,0,14.95,82.97,1,palm,relative
217135.1687,0,282.58,0.00,282.58,0.00,,0,12.99,78.94,1,palm,relative
217135.2020,0,282.58,0.00,282.58,0.00,,0,15.04,84.32,1,palm,relative
217135.2354,0,282.58,0.00,282.58,0.00,,0,13.60,78.88,1,palm,relative
217135.2687,0,282.58,0.00,282.58,0.00,,0,14.33,81.97,1,palm,relative
217135.3020,0,282.58,0.00,282.58,0.00,,0,13.78,77.56,1,palm,relative
217135.3354,0,282.58,0.00,282.58,0.00,,0,16.48,82.50,1,palm,relative
217135.3687,0,282.58,0.00,282.58,0.00,,0,10.55,70.03,1,palm,relative
217135.4021,0,282.58,0.00,282.58,0.00,,0,23.21,82.76,1,palm,relative
217135.4354,0,282.58,0.00,282.58,0.00,,0,14.20,69.92,1,palm,relative
217135.4688,0,282.58,0.00,282.58,0.00,,0,28.52,84.25,1,palm,relative
217135.5021,0,282.58,0.00,282.58,0.00,,0,10.69,69.82,1,palm,relative
217135.5355,0,282.58,0.00,282.58,0.00,,0,23.87,83.35,1,palm,relative
217135.5689,0,282.58,0.00,282.58,0.00,,0,9.52,69.07,1,palm,relative
217135.6022,0,282.58,0.00,282.58,0.00,,0,19.97,80.60,1,palm,relative
217135.6356,0,282.58,0.00,282.58,0.00,,0,26.45,83.38,1,palm,relative
217135.6689,0,282.58,0.00,282.58,0.00,,0,11.67,68.90,1,palm,relative
217135.7023,0,282.58,0.00,282.58,0.00,,0,20.90,78.63,1,palm,relative
217135.7356,0,282.58,0.00,282.58,0.00,,0,24.05,77.49,1,palm,relative
217135.7689,0,282.58,0.00,282.58,0.00,,0,31.28,83.85,1,palm,relative
217135.8023,0,282.58,0.00,282.58,0.00,,0,12.22,70.95,1,palm,relative
217135.8356,0,282.58,0.00,282.58,0.00,,0,18.36,77.58,1,palm,relative
217135.8690,0,282.58,0.00,282.58,0.00,,0,25.87,81.96,1,palm,relative
217135.9023,0,282.58,0.00,282.58,0.00,,0,12.79,72.55,1,palm,relative
217135.9357,0,282.58,0.00,282.58,0.00,,0,24.16,82.29,1,palm,relative
217135.9691,0,282.58,0.00,282.58,0.00,,0,15.55,72.52,1,palm,relative
217136.0024,0,282.58,0.00,282.58,0.00,,0,28.79,86.40,1,palm,relative
217136.0358,0,282.58,0.00,282.58,0.00,,0,12.72,72.93,1,palm,relative
217136.0691,0,282.58,0.00,282.58,0.00,,0,17.62,79.84,1,palm,relative
217136.1025,0,282.58,0.00,282.58,0.00,,0,13.68,70.98,1,palm,relative
217136.1358,0,282.58,0.00,282.58,0.00,,0,23.15,82.31,1,palm,relative
217136.1692,0,282.58,0.00,282.58,0.00,,0,25.06,82.40,1,palm,relative
217136.2025,0,282.58,0.00,282.58,0.00,,0,13.00,68.82,1,palm,relative
217136.2358,0,282.58,0.00,282.58,0.00,,0,26.10,82.54,1,palm,relative
217136.2692,0,282.58,0.00,282.58,0.00,,0,16.61,72.86,1,palm,relative
217136.3025,0,282.58,0.00,282.58,0.00,,0,30.47,87.10,1,palm,relative
217136.3359,0,282.58,0.00,282.58,0.00,,0,9.63,69.60,1,palm,relative
217136.3692,0,282.58,0.00,282.58,0.00,,0,22.41,83.48,1,palm,relative
217136.4026,0,282.58,0.00,282.58,0.00,,0,15.78,73.67,1,palm,relative
217136.4360,0,282.58,0.00,282.58,0.00,,0,19.28,77.62,1,palm,relative
217136.4693,0,282.58,0.00,282.58,0.00,,0,24.73,79.39,1,palm,relative
217136.5027,0,282.58,0.00,282.58,0.00,,0,27.43,80.88,1,palm,relative
217136.5360,0,282.58,0.00,282.58,0.00,,0,22.96,75.81,1,palm,relative
217136.5694,0,282.58,0.00,282.58,0.00,,0,28.50,80.79,1,palm,relative
217136.6027,0,282.58,0.00,282.58,0.00,,0,18.40,72.44,1,palm,relative
217136.6361,0,282.58,0.00,282.58,0.00,,0,28.55,82.87,1,palm,relative
217136.6694,0,282.58,0.00,282.58,0.00,,0,21.51,76.28,1,palm,relative
217136.7027,0,282.58,0.00,282.58,0.00,,0,24.85,78.84,1,palm,relative
217136.7361,0,282.58,0.00,282.58,0.00,,0,22.50,75.02,1,palm,relative
217136.7694,0,282.58,0.00,282.58,0.00,,0,28.68,80.21,1,palm,relative
217136.8028,0,282.58,0.00,282.58,0.00,,0,22.50,78.31,1,palm,relative
217136.8361,0,282.58,0.00,282.58,0.00,,0,26.60,82.48,1,palm,relative
217136.8695,0,282.58,0.00,282.58,0.00,,0,17.01,73.01,1,palm,relative
217136.9029,0,282.58,0.00,282.58,0.00,,0,25.74,81.82,1,palm,relative
217136.9362,0,282.58,0.00,282.58,0.00,,0,19.40,73.45,1,palm,relative
217136.9696,0,282.58,0.00,282.58,0.00,,0,22.89,76.72,1,palm,relative
217137.0029,0,282.58,0.00,282.58,0.00,,0,25.89,78.58,1,palm,relative
217137.0363,0,282.58,0.00,282.58,0.00,,0,22.41,74.78,1,palm,relative
217137.0696,0,282.58,0.00,282.58,0.00,,0,32.20,83.71,1,palm,relative
217137.1030,0,282.58,0.00,282.58,0.00,,0,11.32,68.45,1,palm,relative
217137.1363,0,282.58,0.00,282.58,0.00,,0,23.44,80.00,1,palm,relative
217137.1696,0,282.58,0.00,282.58,0.00,,0,23.76,80.70,1,palm,relative
217137.2030,0,282.58,0.00,282.58,0.00,,0,18.55,72.17,1,palm,relative
217137.2363,0,282.58,0.00,282.58,0.00,,0,34.87,87.12,1,palm,relative
217137.2697,0,282.58,0.00,282.58,0.00,,0,10.54,76.70,1,palm,relative
217137.3030,0,282.58,0.00,282.58,0.00,,0,11.62,80.58,1,palm,relative
217137.3364,0,282.58,0.00,282.58,0.00,,0,14.41,82.44,1,palm,relative
217137.3698,0,282.58,0.00,282.58,0.00,,0,12.05,82.94,1,palm,relative
217137.4031,0,282.58,0.00,282.58,0.00,,0,8.61,75.25,1,palm,relative
217137.4365,0,282.58,0.00,282.58,0.00,,0,15.85,84.38,1,palm,relative
217137.4698,0,282.58,0.00,282.58,0.00,,0,14.90,81.54,1,palm,relative
217137.5032,0,282.58,0.00,282.58,0.00,,0,15.46,84.18,1,palm,relative
217137.5365,0,282.58,0.00,282.58,0.00,,0,12.53,79.26,1,palm,relative
217137.5698,0,282.58,0.00,282.58,0.00,,0,10.19,75.84,1,palm,relative
217137.6032,0,282.58,0.00,282.58,0.00,,0,16.04,84.11,1,palm,relative
217137.6365,0,282.58,0.00,282.58,0.00,,0,12.06,75.86,1,palm,relative
217137.6699,0,282.58,0.00,282.58,0.00,,0,14.08,77.92,1,palm,relative
217137.7032,0,282.58,0.00,282.58,0.00,,0,18.02,78.31,1,palm,relative
217137.7366,0,282.58,0.00,282.58,0.00,,0,25.55,86.04,1,palm,relative
217137.7699,0,282.58,0.00,282.58,0.00,,0,11.97,71.80,1,palm,relative
217137.8033,0,282.58,0.00,282.58,0.00,,0,20.66,82.45,1,palm,relative
217137.8367,0,282.58,0.00,282.58,0.00,,0,17.45,73.72,1,palm,relative
217137.8700,0,282.58,0.00,282.58,0.00,,0,22.32,79.52,1,palm,relative
217137.9033,0,282.58,0.00,282.58,0.00,,0,24.60,78.21,1,palm,relative
217137.9367,0,282.58,0.00,282.58,0.00,,0,30.41,82.23,1,palm,relative
217137.9700,0,282.58,0.00,282.58,0.00,,0,19.27,79.69,1,palm,relative
217138.0034,0,282.58,0.00,282.58,0.00,,0,21.04,82.03,1,palm,relative
217138.0367,0,282.58,0.00,282.58,0.00,,0,17.25,75.97,1,palm,relative
217138.0701,0,282.58,0.00,282.58,0.00,,0,25.45,84.60,1,palm,relative
217138.1034,0,282.58,0.00,282.58,0.00,,0,11.26,69.55,1,palm,relative
217138.1368,0,282.58,0.00,282.58,0.00,,0,24.99,82.65,1,palm,relative
217138.1701,0,282.58,0.00,282.58,0.00,,0,20.41,76.32,1,palm,relative
217138.2035,0,282.58,0.00,282.58,0.00,,0,28.97,83.79,1,palm,relative
217138.2368,0,282.58,0.00,282.58,0.00,,0,10.51,70.98,1,palm,relative
217138.2702,0,282.58,0.00,282.58,0.00,,0,22.15,83.05,1,palm,relative
217138.3035,0,282.58,0.00,282.58,0.00,,0,22.73,79.96,1,palm,relative
217138.3369,0,282.58,0.00,282.58,0.00,,0,23.14,79.07,1,palm,relative
217138.3702,0,282.58,0.00,282.58,0.00,,0,23.07,77.64,1,palm,relative
217138.4036,0,282.58,0.00,282.58,0.00,,0,24.73,79.10,1,palm,relative
217138.4369,0,282.58,0.00,282.58,0.00,,0,30.59,84.38,1,palm,relative
217138.4703,0,282.58,0.00,282.58,0.00,,0,17.14,74.44,1,palm,relative
217138.5036,0,282.58,0.00,282.58,0.00,,0,23.35,81.31,1,palm,relative
217138.5370,0,282.58,0.00,282.58,0.00,,0,16.78,72.28,1,palm,relative
217138.5703,0,282.58,0.00,282.58,0.00,,0,28.61,85.04,1,palm,relative
217138.6037,0,282.58,0.00,282.58,0.00,,0,11.30,67.74,1,palm,relative
217138.6370,0,282.58,0.00,282.58,0.00,,0,26.66,82.41,1,palm,relative
217138.6704,0,282.58,0.00,282.58,0.00,,0,20.57,81.27,1,palm,relative
217138.7037,0,282.58,0.00,282.58,0.00,,0,18.49,85.87,1,palm,relative
217138.7371,0,282.58,0.00,282.58,0.00,,0,16.89,83.38,1,palm,relative
217138.7704,0,282.58,0.00,282.58,0.00,,0,17.74,82.44,1,palm,relative
217138.8038,0,282.58,0.00,282.58,0.00,,0,13.00,78.15,1,palm,relative
217138.8371,0,282.58,0.00,282.58,0.00,,0,14.67,78.46,1,palm,relative
217138.8705,0,282.58,0.00,282.58,0.00,,0,11.94,74.15,1,palm,relative
217138.9038,0,282.58,0.00,282.58,0.00,,0,15.88,76.56,1,palm,relative
217138.9372,0,282.58,0.00,282.58,0.00,,0,17.97,78.74,1,palm,relative
217138.9705,0,282.58,0.00,282.58,0.00,,0,20.47,77.91,1,palm,relative
217139.0039,0,282.58,0.00,282.58,0.00,,0,27.58,85.67,1,palm,relative
217139.0372,0,282.58,0.00,282.58,0.00,,0,10.41,68.83,1,palm,relative
217139.0706,0,282.58,0.00,282.58,0.00,,0,22.30,82.03,1,palm,relative
217139.1039,0,282.58,0.00,282.58,0.00,,0,30.85,86.52,1,palm,relative
217139.1373,0,282.58,0.00,282.58,0.00,,0,11.03,72.04,1,palm,relative
217139.1706,0,282.58,0.00,282.58,0.00,,0,18.77,81.10,1,palm,relative
217139.2040,0,282.58,0.00,282.58,0.00,,0,16.39,75.90,1,palm,relative
217139.2373,0,282.58,0.00,282.58,0.00,,0,27.44,85.09,1,palm,relative
217139.2707,0,282.58,0.00,282.58,0.00,,0,10.10,67.18,1,palm,relative
217139.3040,0,282.58,0.00,282.58,0.00,,0,27.52,86.63,1,palm,relative
217139.3374,0,282.58,0.00,282.58,0.00,,0,15.13,75.96,1,palm,relative
217139.3707,0,282.58,0.00,282.58,0.00,,0,18.96,82.30,1,palm,relative
217139.4041,0,282.58,0.00,282.58,0.00,,0,16.07,72.93,1,palm,relative
217139.4374,0,282.58,0.00,282.58,0.00,,0,26.33,81.65,1,palm,relative
217139.4708,0,282.58,0.00,282.58,0.00,,0,21.84,78.28,1,palm,relative
217139.5041,0,282.58,0.00,282.58,0.00,,0,30.42,85.68,1,palm,relative
217139.5375,0,282.58,0.00,282.58,0.00,,0,12.65,72.75,1,palm,relative
217139.5708,0,282.58,0.00,282.58,0.00,,0,21.17,80.80,1,palm,relative
217139.6042,0,282.58,0.00,282.58,0.00,,0,21.83,81.39,1,palm,relative
217139.6375,0,282.58,0.00,282.58,0.00,,0,14.78,72.72,1,palm,relative
217139.6709,0,282.58,0.00,282.58,0.00,,0,26.27,83.71,1,palm,relative
217139.7042,0,282.58,0.00,282.58,0.00,,0,11.45,72.08,1,palm,relative
217139.7376,0,282.58,0.00,282.58,0.00,,0,20.71,83.10,1,palm,relative
217139.7709,0,282.58,0.00,282.58,0.00,,0,15.04,72.39,1,palm,relative
217139.8043,0,282.58,0.00,282.58,0.00,,0,22.14,78.69,1,palm,relative
217139.8376,0,282.58,0.00,282.58,0.00,,0,21.54,78.12,1,palm,relative
217139.8710,0,282.58,0.00,282.58,0.00,,0,17.92,75.73,1,palm,relative
217139.9043,0,282.58,0.00,282.58,0.00,,0,14.68,73.37,1,palm,relative
217139.9377,0,282.58,0.00,282.58,0.00,,0,6.86,80.18,1,palm,relative
217139.9710,0,282.58,0.00,282.58,0.00,,0,13.07,86.68,1,palm,relative
217140.0044,0,282.58,0.00,282.58,0.00,,0,13.38,83.85,1,palm,relative
217140.0377,0,282.58,0.00,282.58,0.00,,0,12.79,86.16,1,palm,relative
217140.0711,0,282.58,0.00,282.58,0.00,,0,12.92,88.91,1,palm,relative
217140.1044,0,282.58,0.00,282.58,0.00,,0,14.19,79.75,1,palm,relative
217140.1378,0,282.58,0.00,282.58,0.00,,0,14.35,79.77,1,palm,relative
217140.1711,0,282.58,0.00,282.58,0.00,,0,9.97,73.68,1,palm,relative
217140.2045,0,282.58,0.00,282.58,0.00,,0,11.28,78.12,1,palm,relative
217140.2378,0,282.58,0.00,282.58,0.00,,0,13.01,74.24,1,palm,relative
217140.2712,0,282.58,0.00,282.58,0.00,,0,28.55,89.18,1,palm,relative
217140.3045,0,282.58,0.00,282.58,0.00,,0,12.02,80.26,1,palm,relative
217140.3379,0,282.58,0.00,282.58,0.00,,0,16.55,87.06,1,palm,relative
217140.3712,0,282.58,0.00,282.58,0.00,,0,11.71,76.77,1,palm,relative
217140.4046,0,282.58,0.00,282.58,0.00,,0,11.07,78.36,1,palm,relative
217140.4379,0,282.58,0.00,282.58,0.00,,0,13.13,77.23,1,palm,relative
217140.4713,0,282.58,0.00,282.58,0.00,,0,11.00,74.11,1,palm,relative
217140.5046,0,282.58,0.00,282.58,0.00,,0,15.88,81.92,1,palm,relative
217140.5380,0,282.58,0.00,282.58,0.00,,0,12.34,73.39,1,palm,relative
217140.5713,0,282.58,0.00,282.58,0.00,,0,16.94,81.03,1,palm,relative
217140.6047,0,282.58,0.00,282.58,0.00,,0,13.55,71.80,1,palm,relative
217140.6380,0,282.58,0.00,282.58,0.00,,0,28.00,86.02,1,palm,relative
217140.6714,0,282.58,0.00,282.58,0.00,,0,11.53,72.43,1,palm,relative
217140.7047,0,282.58,0.00,282.58,0.00,,0,21.60,84.63,1,palm,relative
217140.7381,0,282.58,0.00,282.58,0.00,,0,10.46,67.17,1,palm,relative
217140.7714,0,282.58,0.00,282.58,0.00,,0,23.09,82.19,1,palm,relative
217140.8048,0,282.58,0.00,282.58,0.00,,0,23.15,79.43,1,palm,relative
217140.8381,0,282.58,0.00,282.58,0.00,,0,22.06,77.17,1,palm,relative
217140.8715,0,282.58,0.00,282.58,0.00,,0,22.96,77.36,1,palm,relative
217140.9048,0,282.58,0.00,282.58,0.00,,0,36.97,89.75,1,palm,relative
217140.9382,0,282.58,0.00,282.58,0.00,,0,14.03,79.00,1,palm,relative
217140.9715,0,282.58,0.00,282.58,0.00,,0,14.03,87.08,1,palm,relative
217141.0049,0,282.58,0.00,282.58,0.00,,0,15.13,77.52,1,palm,relative
217141.0382,0,282.58,0.00,282.58,0.00,,0,16.79,79.29,1,palm,relative
217141.0716,0,282.58,0.00,282.58,0.00,,0,18.75,93.39,1,palm,relative
217141.1049,0,282.58,0.00,282.58,0.00,,0,15.41,91.52,1,palm,relative
217141.1383,0,282.58,0.00,282.58,0.00,,0,13.17,89.57,1,palm,relative
217141.1716,0,282.58,0.00,282.58,0.00,,0,15.34,87.02,1,palm,relative
217141.2050,0,282.58,0.00,282.58,0.00,,0,16.35,90.85,1,palm,relative
217141.2383,0,282.58,0.00,282.58,0.00,,0,12.53,84.86,1,palm,relative
217141.2717,0,282.58,0.00,282.58,0.00,,0,12.63,83.60,1,palm,relative
217141.3050,0,282.58,0.00,282.58,0.00,,0,15.22,88.97,1,palm,relative
217141.3384,0,282.58,0.00,282.58,0.00,,0,13.36,82.53,1,palm,relative
217141.3717,0,282.58,0.00,282.58,0.00,,0,16.68,88.18,1,palm,relative
217141.4051,0,282.58,0.00,282.58,0.00,,0,15.51,82.32,1,palm,relative
217141.4384,0,282.58,0.00,282.58,0.00,,0,16.57,84.83,1,palm,relative
217141.4718,0,282.58,0.00,282.58,0.00,,0,15.68,81.49,1,palm,relative
217141.5051,0,282.58,0.00,282.58,0.00,,0,16.30,85.95,1,palm,relative
217141.5385,0,282.58,0.00,282.58,0.00,,0,17.40,80.85,1,palm,relative
217141.5718,0,282.58,0.00,282.58,0.00,,0,10.71,75.14,1,palm,relative
217141.6052,0,282.58,0.00,282.58,0.00,,0,22.00,83.58,1,palm,relative
217141.6385,0,282.58,0.00,282.58,0.00,,0,10.91,71.32,1,palm,relative
217141.6719,0,282.58,0.00,282.58,0.00,,0,24.54,84.30,1,palm,relative
217141.7052,0,282.58,0.00,282.58,0.00,,0,15.97,75.51,1,palm,relative
217141.7386,0,282.58,0.00,282.58,0.00,,0,22.18,81.98,1,palm,relative
217141.7719,0,282.58,0.00,282.58,0.00,,0,31.22,87.03,1,palm,relative
217141.8053,0,282.58,0.00,282.58,0.00,,0,13.80,76.73,1,palm,relative
217141.8386,0,282.58,0.00,282.58,0.00,,0,14.66,80.81,1,palm,relative
217141.8720,0,282.58,0.00,282.58,0.00,,0,18.60,81.63,1,palm,relative
217141.9053,0,282.58,0.00,282.58,0.00,,0,12.18,74.34,1,palm,relative
217141.9387,0,282.58,0.00,282.58,0.00,,0,17.55,80.76,1,palm,relative
217141.9720,0,282.58,0.00,282.58,0.00,,0,17.59,77.90,1,palm,relative
217142.0054,0,282.58,0.00,282.58,0.00,,0,18.46,79.99,1,palm,relative
217142.0387,0,282.58,0.00,282.58,0.00,,0,19.26,76.44,1,palm,relative
217142.0721,0,282.58,0.00,282.58,0.00,,0,30.62,86.82,1,palm,relative
217142.1054,0,282.58,0.00,282.58,0.00,,0,15.77,78.07,1,palm,relative
217142.1388,0,282.58,0.00,282.58,0.00,,0,24.46,88.44,1,palm,relative
217142.1721,0,282.58,0.00,282.58,0.00,,0,15.97,85.37,1,palm,relative
217142.2055,0,282.58,0.00,282.58,0.00,,0,11.09,79.18,1,palm,relative
217142.2388,0,282.58,0.00,282.58,0.00,,0,11.38,82.11,1,palm,relative
217142.2722,0,282.58,0.00,282.58,0.00,,0,10.84,79.57,1,palm,relative
217142.3055,0,282.58,0.00,282.58,0.00,,0,11.32,83.91,1,palm,relative
217142.3389,0,282.58,0.00,282.58,0.00,,0,12.10,83.39,1,palm,relative
217142.3722,0,282.58,0.00,282.58,0.00,,0,11.50,82.81,1,palm,relative
217142.4056,0,282.58,0.00,282.58,0.00,,0,10.41,82.68,1,palm,relative
217142.4389,0,282.58,0.00,282.58,0.00,,0,13.06,81.74,1,palm,relative
217142.4723,0,282.58,0.00,282.58,0.00,,0,11.16,81.19,1,palm,relative
217142.5056,0,282.58,0.00,282.58,0.00,,0,15.63,84.61,1,palm,relative
217142.5390,0,282.58,0.00,282.58,0.00,,0,13.14,84.50,1,palm,relative
217142.5723,0,282.58,0.00,282.58,0.00,,0,14.78,84.88,1,palm,relative
217142.6057,0,282.58,0.00,282.58,0.00,,0,18.03,88.45,1,palm,relative
217142.6390,0,282.58,0.00,282.58,0.00,,0,11.22,79.90,1,palm,relative
217142.6724,0,282.58,0.00,282.58,0.00,,0,11.35,82.59,1,palm,relative
217142.7057,0,282.58,0.00,282.58,0.00,,0,11.26,80.88,1,palm,relative
217142.7391,0,282.58,0.00,282.58,0.00,,0,15.46,88.76,1,palm,relative
217142.7724,0,282.58,0.00,282.58,0.00,,0,13.76,83.09,1,palm,relative
217142.8058,0,282.58,0.00,282.58,0.00,,0,16.06,88.55,1,palm,relative
217142.8391,0,282.58,0.00,282.58,0.00,,0,13.64,82.62,1,palm,relative
217142.8725,0,282.58,0.00,282.58,0.00,,0,16.12,89.19,1,palm,relative
217142.9058,0,282.58,0.00,282.58,0.00,,0,9.81,77.44,1,palm,relative
217142.9392,0,282.58,0.00,282.58,0.00,,0,12.89,79.81,1,palm,relative
217142.9725,0,282.58,0.00,282.58,0.00,,0,13.36,82.67,1,palm,relative
217143.0059,0,282.58,0.00,282.58,0.00,,0,15.04,83.92,1,palm,relative
217143.0392,0,282.58,0.00,282.58,0.00,,0,13.61,86.41,1,palm,relative
217143.0726,0,282.58,0.00,282.58,0.00,,0,8.38,76.93,1,palm,relative
217143.1059,0,282.58,0.00,282.58,0.00,,0,12.41,83.77,1,palm,relative
217143.1393,0,282.58,0.00,282.58,0.00,,0,10.47,82.47,1,palm,relative
217143.1726,0,282.58,0.00,282.58,0.00,,0,10.48,81.17,1,palm,relative
217143.2060,0,282.58,0.00,282.58,0.00,,0,14.16,82.64,1,palm,relative
217143.2393,0,282.58,0.00,282.58,0.00,,0,16.67,85.68,1,palm,relative
217143.2727,0,282.58,0.00,282.58,0.00,,0,14.60,81.16,1,palm,relative
217143.3060,0,282.58,0.00,282.58,0.00,,0,12.60,81.29,1,palm,relative
217143.3394,0,282.58,0.00,282.58,0.00,,0,15.54,82.42,1,palm,relative
217143.3727,0,282.58,0.00,282.58,0.00,,0,11.89,80.95,1,palm,relative
217143.4061,0,282.58,0.00,282.58,0.00,,0,15.48,81.85,1,palm,relative
217143.4394,0,282.58,0.00,282.58,0.00,,0,13.52,82.41,1,palm,relative
217143.4728,0,282.58,0.00,282.58,0.00,,0,15.49,81.32,1,palm,relative
217143.5061,0,282.58,0.00,282.58,0.00,,0,14.10,82.32,1,palm,relative
217143.5395,0,282.58,0.00,282.58,0.00,,0,11.67,77.35,1,palm,relative
217143.5728,0,282.58,0.00,282.58,0.00,,0,12.95,79.21,1,palm,relative
217143.6062,0,282.58,0.00,282.58,0.00,,0,13.51,77.08,1,palm,relative
217143.6395,0,282.58,0.00,282.58,0.00,,0,10.41,73.76,1,palm,relative
217143.6729,0,282.58,0.00,282.58,0.00,,0,11.97,85.64,1,palm,relative
217143.7062,0,282.58,0.00,282.58,0.00,,0,10.05,70.64,1,palm,relative
217143.7396,0,282.58,0.00,282.58,0.00,,0,27.29,92.48,1,palm,relative
217143.7729,0,282.58,0.00,282.58,0.00,,0,6.71,71.64,1,palm,relative
217143.8063,0,282.58,0.00,282.58,0.00,,0,7.15,74.18,1,palm,relative
217143.8396,0,282.58,0.00,282.58,0.00,,0,19.08,82.76,1,palm,relative
217143.8730,0,282.58,0.00,282.58,0.00,,0,10.70,73.24,1,palm,relative
217143.9063,0,282.58,0.00,282.58,0.00,,0,16.30,79.17,1,palm,relative
217143.9397,0,282.58,0.00,282.58,0.00,,0,13.03,74.29,1,palm,relative
217143.9730,0,282.58,0.00,282.58,0.00,,0,21.69,84.63,1,palm,relative
217144.0064,0,282.58,0.00,282.58,0.00,,0,10.15,69.39,1,palm,relative
217144.0397,0,282.58,0.00,282.58,0.00,,0,23.14,81.48,1,palm,relative
217144.0731,0,282.58,0.00,282.58,0.00,,0,16.66,75.80,1,palm,relative
217144.1064,0,282.58,0.00,282.58,0.00,,0,29.73,88.71,1,palm,relative
217144.1398,0,282.58,0.00,282.58,0.00,,0,12.03,75.06,1,palm,relative
217144.1731,0,282.58,0.00,282.58,0.00,,0,23.29,89.30,1,palm,relative
217144.2065,0,282.58,0.00,282.58,0.00,,0,15.01,78.36,1,palm,relative
217144.2398,0,282.58,0.00,282.58,0.00,,0,10.04,73.46,1,palm,relative
217144.2732,0,282.58,0.00,282.58,0.00,,0,9.35,72.29,1,palm,relative
217144.3065,0,282.58,0.00,282.58,0.00,,0,15.95,82.35,1,palm,relative
217144.3399,0,282.58,0.00,282.58,0.00,,0,14.84,76.30,1,palm,relative
217144.3732,0,282.58,0.00,282.58,0.00,,0,22.77,85.03,1,palm,relative
217144.4066,0,282.58,0.00,282.58,0.00,,0,9.67,67.28,1,palm,relative
217144.4399,0,282.58,0.00,282.58,0.00,,0,22.27,81.70,1,palm,relative
217144.4733,0,282.58,0.00,282.58,0.00,,0,26.90,80.57,1,palm,relative
217144.5066,0,282.58,0.00,282.58,0.00,,0,26.83,83.10,1,palm,relative
217144.5400,0,282.58,0.00,282.58,0.00,,0,15.03,76.80,1,palm,relative
217144.5733,0,282.58,0.00,282.58,0.00,,0,13.01,76.30,1,palm,relative
217144.6067,0,282.58,0.00,282.58,0.00,,0,16.87,77.97,1,palm,relative
217144.6400,0,282.58,0.00,282.58,0.00,,0,15.54,75.57,1,palm,relative
217144.6734,0,282.58,0.00,282.58,0.00,,0,18.24,78.31,1,palm,relative
217144.7067,0,282.58,0.00,282.58,0.00,,0,19.54,79.97,1,palm,relative
217144.7401,0,282.58,0.00,282.58,0.00,,0,24.24,82.16,1,palm,relative
217144.7734,0,282.58,0.00,282.58,0.00,,0,26.52,83.24,1,palm,relative
217144.8068,0,282.58,0.00,282.58,0.00,,0,13.92,70.59,1,palm,relative
217144.8401,0,282.58,0.00,282.58,0.00,,0,20.18,78.63,1,palm,relative
217144.8735,0,282.58,0.00,282.58,0.00,,0,16.43,70.28,1,palm,relative
217144.9068,0,282.58,0.00,282.58,0.00,,0,28.61,84.36,1,palm,relative
217144.9402,0,282.58,0.00,282.58,0.00,,0,11.02,70.17,1,palm,relative
217144.9735,0,282.58,0.00,282.58,0.00,,0,18.63,79.01,1,palm,relative
217145.0069,0,282.58,0.00,282.58,0.00,,0,21.61,76.21,1,palm,relative
217145.0402,0,282.58,0.00,282.58,0.00,,0,27.97,82.33,1,palm,relative
217145.0736,0,282.58,0.00,282.58,0.00,,0,19.14,81.85,1,palm,relative
217145.1069,0,282.58,0.00,282.58,0.00,,0,19.86,84.34,1,palm,relative
217145.1403,0,282.58,0.00,282.58,0.00,,0,8.55,68.66,1,palm,relative
217145.1736,0,282.58,0.00,282.58,0.00,,0,11.72,74.15,1,palm,relative
217145.2070,0,282.58,0.00,282.58,0.00,,0,13.97,82.32,1,palm,relative
217145.2403,0,282.58,0.00,282.58,0.00,,0,13.67,82.22,1,palm,relative
217145.2737,0,282.58,0.00,282.58,0.00,,0,12.24,81.24,1,palm,relative
217145.3070,0,282.58,0.00,282.58,0.00,,0,12.67,76.90,1,palm,relative
217145.3404,0,282.58,0.00,282.58,0.00,,0,26.86,90.21,1,palm,relative
217145.3737,0,282.58,0.00,282.58,0.00,,0,12.86,75.11,1,palm,relative
217145.4071,0,282.58,0.00,282.58,0.00,,0,18.30,82.33,1,palm,relative
217145.4404,0,282.58,0.00,282.58,0.00,,0,15.98,76.53,1,palm,relative
217145.4738,0,282.58,0.00,282.58,0.00,,0,18.94,79.51,1,palm,relative
217145.5071,0,282.58,0.00,282.58,0.00,,0,17.23,76.31,1,palm,relative
217145.5405,0,282.58,0.00,282.58,0.00,,0,17.93,78.07,1,palm,relative
217145.5738,0,282.58,0.00,282.58,0.00,,0,21.07,77.45,1,palm,relative
217145.6072,0,282.58,0.00,282.58,0.00,,0,25.10,81.41,1,palm,relative
217145.6405,0,282.58,0.00,282.58,0.00,,0,15.77,71.00,1,palm,relative
217145.6739,0,282.58,0.00,282.58,0.00,,0,26.35,85.42,1,palm,relative
217145.7072,0,282.58,0.00,282.58,0.00,,0,11.68,72.41,1,palm,relative
217145.7406,0,282.58,0.00,282.58,0.00,,0,18.84,81.06,1,palm,relative
217145.7739,0,282.58,0.00,282.58,0.00,,0,14.81,72.06,1,palm,relative
217145.8073,0,282.58,0.00,282.58,0.00,,0,24.51,83.93,1,palm,relative
217145.8406,0,282.58,0.00,282.58,0.00,,0,22.66,77.38,1,palm,relative
217145.8740,0,282.58,0.00,282.58,0.00,,0,25.54,79.69,1,palm,relative
217145.9073,0,282.58,0.00,282.58,0.00,,0,22.75,77.15,1,palm,relative
217145.9407,0,282.58,0.00,282.58,0.00,,0,19.09,79.92,1,palm,relative
217145.9740,0,282.58,0.00,282.58,0.00,,0,20.48,82.90,1,palm,relative
217146.0074,0,282.58,0.00,282.58,0.00,,0,20.25,81.17,1,palm,relative
217146.0407,0,282.58,0.00,282.58,0.00,,0,20.99,82.62,1,palm,relative
217146.0741,0,282.58,0.00,282.58,0.00,,0,26.20,112.85,1,palm,relative
217146.1074,0,282.58,0.00,282.58,0.00,,0,16.31,102.62,1,palm,relative
217146.1408,0,282.58,0.00,282.58,0.00,,0,29.05,115.65,1,palm,relative
217146.1741,0,282.58,0.00,282.58,0.00,,0,27.88,111.74,1,palm,relative
217146.2075,0,282.58,0.00,282.58,0.00,,0,23.46,110.81,1,palm,relative
217146.2408,0,282.58,0.00,282.58,0.00,,0,30.74,114.07,1,palm,relative
217146.2742,0,282.58,0.00,282.58,0.00,,0,30.43,115.59,1,palm,relative
217146.3075,0,282.58,0.00,282.58,0.00,,0,27.66,110.36,1,palm,relative
217146.3409,0,282.58,0.00,282.58,0.00,,0,28.99,114.36,1,palm,relative
217146.3742,0,282.58,0.00,282.58,0.00,,0,21.03,103.68,1,palm,relative
217146.4076,0,282.58,0.00,282.58,0.00,,0,32.32,113.24,1,palm,relative
217146.4409,0,282.58,0.00,282.58,0.00,,0,23.04,106.16,1,palm,relative
217146.4743,0,282.58,0.00,282.58,0.00,,0,11.63,93.67,1,palm,relative
217146.5076,0,282.58,0.00,282.58,0.00,,0,21.89,107.69,1,palm,relative
217146.5410,0,282.58,0.00,282.58,0.00,,0,26.61,106.67,1,palm,relative
217146.5743,0,282.58,0.00,282.58,0.00,,0,26.41,110.19,1,palm,relative
217146.6077,0,282.58,0.00,282.58,0.00,,0,9.85,88.96,1,palm,relative
217146.6410,0,282.58,0.00,282.58,0.00,,0,29.33,112.65,1,palm,relative
217146.6744,0,282.58,0.00,282.58,0.00,,0,22.07,102.35,1,palm,relative
217146.7077,0,282.58,0.00,282.58,0.00,,0,10.42,92.81,1,palm,relative
217146.7411,0,282.58,0.00,282.58,0.00,,0,20.56,104.34,1,palm,relative
217146.7744,0,282.58,0.00,282.58,0.00,,0,33.20,117.65,1,palm,relative
217146.8078,0,282.58,0.00,282.58,0.00,,0,16.45,100.99,1,palm,relative
217146.8411,0,282.58,0.00,282.58,0.00,,0,32.18,114.03,1,palm,relative
217146.8745,0,282.58,0.00,282.58,0.00,,0,11.96,92.87,1,palm,relative
217146.9078,0,282.58,0.00,282.58,0.00,,0,13.39,89.28,1,palm,relative
217146.9412,0,282.58,0.00,282.58,0.00,,0,27.63,106.88,1,palm,relative
217146.9745,0,282.58,0.00,282.58,0.00,,0,9.01,83.08,1,palm,relative
217147.0079,0,282.58,0.00,282.58,0.00,,0,31.12,107.79,1,palm,relative
217147.0412,0,282.58,0.00,282.58,0.00,,0,13.06,87.72,1,palm,relative
217147.0746,0,282.58,0.00,282.58,0.00,,0,12.62,85.65,1,palm,relative
217147.1079,0,282.58,0.00,282.58,0.00,,0,16.92,90.60,1,palm,relative
217147.1413,0,282.58,0.00,282.58,0.00,,0,14.58,88.40,1,palm,relative
217147.1746,0,282.58,0.00,282.58,0.00,,0,15.93,83.98,1,palm,relative
217147.2080,0,282.58,0.00,282.58,0.00,,0,15.04,85.64,1,palm,relative
217147.2413,0,282.58,0.00,282.58,0.00,,0,13.26,80.52,1,palm,relative
217147.2747,0,282.58,0.00,282.58,0.00,,0,13.67,82.27,1,palm,relative
217147.3080,0,282.58,0.00,282.58,0.00,,0,10.42,76.70,1,palm,relative
217147.3414,0,282.58,0.00,282.58,0.00,,0,13.72,82.48,1,palm,relative
217147.3747,0,282.58,0.00,282.58,0.00,,0,15.45,80.31,1,palm,relative
217147.4081,0,282.58,0.00,282.58,0.00,,0,17.65,83.69,1,palm,relative
217147.4414,0,282.58,0.00,282.58,0.00,,0,13.84,77.02,1,palm,relative
217147.4748,0,282.58,0.00,282.58,0.00,,0,18.84,84.81,1,palm,relative
217147.5081,0,282.58,0.00,282.58,0.00,,0,19.32,82.51,1,palm,relative
217147.5415,0,282.58,0.00,282.58,0.00,,0,13.64,77.34,1,palm,relative
217147.5748,0,282.58,0.00,282.58,0.00,,0,8.97,76.74,1,palm,relative
217147.6082,0,282.58,0.00,282.58,0.00,,0,16.85,77.78,1,palm,relative
217147.6415,0,282.58,0.00,282.58,0.00,,0,15.43,74.99,1,palm,relative
217147.6749,0,282.58,0.00,282.58,0.00,,0,17.70,77.26,1,palm,relative
217147.7082,0,282.58,0.00,282.58,0.00,,0,24.08,80.23,1,palm,relative
217147.7416,0,282.58,0.00,282.58,0.00,,0,21.80,76.82,1,palm,relative
217147.7749,0,282.58,0.00,282.58,0.00,,0,30.96,85.49,1,palm,relative
217147.8083,0,282.58,0.00,282.58,0.00,,0,14.46,72.12,1,palm,relative
217147.8416,0,282.58,0.00,282.58,0.00,,0,18.05,77.98,1,palm,relative
217147.8750,0,282.58,0.00,282.58,0.00,,0,26.78,82.28,1,palm,relative
217147.9083,0,282.58,0.00,282.58,0.00,,0,30.02,86.29,1,palm,relative
217147.9417,0,282.58,0.00,282.58,0.00,,0,10.40,69.63,1,palm,relative
217147.9750,0,282.58,0.00,282.58,0.00,,0,18.38,77.85,1,palm,relative
217148.0084,0,282.58,0.00,282.58,0.00,,0,18.12,74.92,1,palm,relative
217148.0417,0,282.58,0.00,282.58,0.00,,0,29.35,89.12,1,palm,relative
217148.0751,0,282.58,0.00,282.58,0.00,,0,16.12,92.98,1,palm,relative
217148.1084,0,282.58,0.00,282.58,0.00,,0,32.28,110.05,1,palm,relative
217148.1418,0,282.58,0.00,282.58,0.00,,0,25.43,104.43,1,palm,relative
217148.1751,0,282.58,0.00,282.58,0.00,,0,12.41,88.26,1,palm,relative
217148.2085,0,282.58,0.00,282.58,0.00,,0,29.38,109.00,1,palm,relative
217148.2418,0,282.58,0.00,282.58,0.00,,0,8.46,84.64,1,palm,relative
217148.2752,0,282.58,0.00,282.58,0.00,,0,15.78,91.47,1,palm,relative
217148.3085,0,282.58,0.00,282.58,0.00,,0,32.97,111.65,1,palm,relative
217148.3419,0,282.58,0.00,282.58,0.00,,0,11.18,89.74,1,palm,relative
217148.3752,0,282.58,0.00,282.58,0.00,,0,12.96,85.05,1,palm,relative
217148.4086,0,282.58,0.00,282.58,0.00,,0,11.79,84.18,1,palm,relative
217148.4419,0,282.58,0.00,282.58,0.00,,0,14.29,88.60,1,palm,relative
217148.4753,0,282.58,0.00,282.58,0.00,,0,13.49,83.66,1,palm,relative
217148.5086,0,282.58,0.00,282.58,0.00,,0,9.71,79.11,1,palm,relative
217148.5420,0,282.58,0.00,282.58,0.00,,0,16.11,85.35,1,palm,relative
217148.5753,0,282.58,0.00,282.58,0.00,,0,14.46,83.87,1,palm,relative
217148.6087,0,282.58,0.00,282.58,0.00,,0,13.00,84.03,1,palm,relative
217148.6420,0,282.58,0.00,282.58,0.00,,0,16.92,85.66,1,palm,relative
217148.6754,0,282.58,0.00,282.58,0.00,,0,13.80,81.49,1,palm,relative
217148.7087,0,282.58,0.00,282.58,0.00,,0,9.24,78.73,1,palm,relative
217148.7421,0,282.58,0.00,282.58,0.00,,0,18.99,85.97,1,palm,relative
217148.7754,0,282.58,0.00,282.58,0.00,,0,14.27,83.66,1,palm,relative
217148.8088,0,282.58,0.00,282.58,0.00,,0,11.75,78.94,1,palm,relative
217148.8421,0,282.58,0.00,282.58,0.00,,0,13.58,82.13,1,palm,relative
217148.8755,0,282.58,0.00,282.58,0.00,,0,10.39,79.43,1,palm,relative
217148.9088,0,282.58,0.00,282.58,0.00,,0,12.40,76.50,1,palm,relative
217148.9422,0,282.58,0.00,282.58,0.00,,0,16.79,80.16,1,palm,relative
217148.9755,0,282.58,0.00,282.58,0.00,,0,11.34,72.34,1,palm,relative
217149.0089,0,282.58,0.00,282.58,0.00,,0,23.13,82.91,1,palm,relative
217149.0422,0,282.58,0.00,282.58,0.00,,0,19.52,80.82,1,palm,relative
217149.0756,0,282.58,0.00,282.58,0.00,,0,15.51,76.19,1,palm,relative
217149.1089,0,282.58,0.00,282.58,0.00,,0,14.50,76.14,1,palm,relative
217149.1423,0,282.58,0.00,282.58,0.00,,0,24.12,84.41,1,palm,relative
217149.1756,0,282.58,0.00,282.58,0.00,,0,14.20,72.82,1,palm,relative
217149.2090,0,282.58,0.00,282.58,0.00,,0,19.70,80.62,1,palm,relative
217149.2423,0,282.58,0.00,282.58,0.00,,0,27.26,83.14,1,palm,relative
217149.2757,0,282.58,0.00,282.58,0.00,,0,13.63,69.30,1,palm,relative
217149.3090,0,282.58,0.00,282.58,0.00,,0,27.11,83.20,1,palm,relative
217149.3424,0,282.58,0.00,282.58,0.00,,0,17.47,72.71,1,palm,relative
217149.3757,0,282.58,0.00,282.58,0.00,,0,28.93,84.98,1,palm,relative
217149.4091,0,282.58,0.00,282.58,0.00,,0,17.70,72.86,1,palm,relative
217149.4424,0,282.58,0.00,282.58,0.00,,0,29.09,83.59,1,palm,relative
217149.4758,0,282.58,0.00,282.58,0.00,,0,17.18,73.62,1,palm,relative
217149.5091,0,282.58,0.00,282.58,0.00,,0,19.70,76.87,1,palm,relative
217149.5425,0,282.58,0.00,282.58,0.00,,0,24.46,78.75,1,palm,relative
217149.5758,0,282.58,0.00,282.58,0.00,,0,28.66,83.07,1,palm,relative
217149.6092,0,282.58,0.00,282.58,0.00,,0,9.55,70.29,1,palm,relative
217149.6425,0,282.58,0.00,282.58,0.00,,0,25.94,85.91,1,palm,relative
217149.6759,0,282.58,0.00,282.58,0.00,,0,12.22,77.16,1,palm,relative
217149.7092,0,282.58,0.00,282.58,0.00,,0,12.44,84.89,1,palm,relative
217149.7426,0,282.58,0.00,282.58,0.00,,0,13.08,74.86,1,palm,relative
217149.7759,0,282.58,0.00,282.58,0.00,,0,16.41,81.65,1,palm,relative
217149.8093,0,282.58,0.00,282.58,0.00,,0,11.29,70.30,1,palm,relative
217149.8426,0,282.58,0.00,282.58,0.00,,0,23.26,82.40,1,palm,relative
217149.8760,0,282.58,0.00,282.58,0.00,,0,26.08,82.25,1,palm,relative
217149.9093,0,282.58,0.00,282.58,0.00,,0,30.66,85.93,1,palm,relative
217149.9427,0,282.58,0.00,282.58,0.00,,0,13.81,75.66,1,palm,relative
217149.9760,0,282.58,0.00,282.58,0.00,,0,23.67,83.88,1,palm,relative
217150.0094,0,282.58,0.00,282.58,0.00,,0,9.79,68.17,1,palm,relative
217150.0427,0,282.58,0.00,282.58,0.00,,0,22.47,83.35,1,palm,relative
217150.0761,0,282.58,0.00,282.58,0.00,,0,19.26,75.17,1,palm,relative
217150.1094,0,282.58,0.00,282.58,0.00,,0,28.30,85.37,1,palm,relative
217150.1428,0,282.58,0.00,282.58,0.00,,0,16.88,73.15,1,palm,relative
217150.1761,0,282.58,0.00,282.58,0.00,,0,28.63,89.55,1,palm,relative
217150.2095,0,282.58,0.00,282.58,0.00,,0,7.23,68.54,1,palm,relative
217150.2428,0,282.58,0.00,282.58,0.00,,0,12.89,77.23,1,palm,relative
217150.2762,0,282.58,0.00,282.58,0.00,,0,23.18,81.56,1,palm,relative
217150.3095,0,282.58,0.00,282.58,0.00,,0,12.90,71.40,1,palm,relative
217150.3429,0,282.58,0.00,282.58,0.00,,0,23.21,83.10,1,palm,relative
217150.3762,0,282.58,0.00,282.58,0.00,,0,13.52,69.07,1,palm,relative
217150.4096,0,282.58,0.00,282.58,0.00,,0,28.98,83.22,1,palm,relative
217150.4429,0,282.58,0.00,282.58,0.00,,0,18.29,74.39,1,palm,relative
217150.4763,0,282.58,0.00,282.58,0.00,,0,33.55,88.69,1,palm,relative
217150.5096,0,282.58,0.00,282.58,0.00,,0,13.44,76.41,1,palm,relative
217150.5430,0,282.58,0.00,282.58,0.00,,0,30.12,92.54,1,palm,relative
217150.5763,0,282.58,0.00,282.58,0.00,,0,10.85,81.50,1,palm,relative
217150.6097,0,282.58,0.00,282.58,0.00,,0,11.41,81.14,1,palm,relative
217150.6430,0,282.58,0.00,282.58,0.00,,0,15.00,86.12,1,palm,relative
217150.6764,0,282.58,0.00,282.58,0.00,,0,9.73,78.18,1,palm,relative
217150.7097,0,282.58,0.00,282.58,0.00,,0,10.92,80.32,1,palm,relative
217150.7431,0,282.58,0.00,282.58,0.00,,0,16.51,81.89,1,palm,relative
217150.7764,0,282.58,0.00,282.58,0.00,,0,13.99,78.55,1,palm,relative
217150.8098,0,282.58,0.00,282.58,0.00,,0,17.22,83.41,1,palm,relative
217150.8431,0,282.58,0.00,282.58,0.00,,0,11.05,72.44,1,palm,relative
217150.8765,0,282.58,0.00,282.58,0.00,,0,13.07,80.64,1,palm,relative
217150.9098,0,282.58,0.00,282.58,0.00,,0,18.09,77.31,1,palm,relative
217150.9432,0,282.58,0.00,282.58,0.00,,0,27.10,86.36,1,palm,relative
217150.9765,0,282.58,0.00,282.58,0.00,,0,10.03,68.82,1,palm,relative
217151.0099,0,282.58,0.00,282.58,0.00,,0,22.97,83.00,1,palm,relative
217151.0432,0,282.58,0.00,282.58,0.00,,0,13.24,69.43,1,palm,relative
217151.0766,0,282.58,0.00,282.58,0.00,,0,27.22,84.05,1,palm,relative
217151.1099,0,282.58,0.00,282.58,0.00,,0,14.16,79.28,1,palm,relative
217151.1433,0,282.58,0.00,282.58,0.00,,0,15.70,81.72,1,palm,relative
217151.1766,0,282.58,0.00,282.58,0.00,,0,10.48,77.78,1,palm,relative
217151.2100,0,282.58,0.00,282.58,0.00,,0,11.34,77.07,1,palm,relative
217151.2433,0,282.58,0.00,282.58,0.00,,0,11.89,79.49,1,palm,relative
217151.2767,0,282.58,0.00,282.58,0.00,,0,13.45,79.58,1,palm,relative
217151.3100,0,282.58,0.00,282.58,0.00,,0,13.89,83.20,1,palm,relative
217151.3434,0,282.58,0.00,282.58,0.00,,0,14.04,84.85,1,palm,relative
217151.3767,0,282.58,0.00,282.58,0.00,,0,10.52,72.67,1,palm,relative
217151.4101,0,282.58,0.00,282.58,0.00,,0,15.27,78.74,1,palm,relative
217151.4434,0,282.58,0.00,282.58,0.00,,0,17.75,77.44,1,palm,relative
217151.4768,0,282.58,0.00,282.58,0.00,,0,27.22,86.45,1,palm,relative
217151.5101,0,282.58,0.00,282.58,0.00,,0,9.20,68.40,1,palm,relative
217151.5435,0,282.58,0.00,282.58,0.00,,0,22.41,82.14,1,palm,relative
217151.5768,0,282.58,0.00,282.58,0.00,,0,17.56,79.53,1,palm,relative
217151.6102,0,282.58,0.00,282.58,0.00,,0,16.84,71.02,1,palm,relative
217151.6435,0,282.58,0.00,282.58,0.00,,0,19.00,74.35,1,palm,relative
217151.6769,0,282.58,0.00,282.58,0.00,,0,23.85,76.31,1,palm,relative
217151.7102,0,282.58,0.00,282.58,0.00,,0,26.89,78.69,1,palm,relative
217151.7436,0,282.58,0.00,282.58,0.00,,0,29.76,80.25,1,palm,relative
217151.7769,0,282.58,0.00,282.58,0.00,,0,23.33,76.09,1,palm,relative
217151.8103,0,282.58,0.00,282.58,0.00,,0,33.90,85.90,1,palm,relative
217151.8436,0,282.58,0.00,282.58,0.00,,0,10.96,69.48,1,palm,relative
217151.8770,0,282.58,0.00,282.58,0.00,,0,24.11,84.00,1,palm,relative
217151.9103,0,282.58,0.00,282.58,0.00,,0,10.96,67.68,1,palm,relative
217151.9437,0,282.58,0.00,282.58,0.00,,0,28.56,84.97,1,palm,relative
217151.9770,0,282.58,0.00,282.58,0.00,,0,15.17,77.89,1,palm,relative
217152.0104,0,282.58,0.00,282.58,0.00,,0,15.56,77.72,1,palm,relative
217152.0437,0,282.58,0.00,282.58,0.00,,0,12.00,74.70,1,palm,relative
217152.0771,0,282.58,0.00,282.58,0.00,,0,26.35,89.07,1,palm,relative
217152.1104,0,282.58,0.00,282.58,0.00,,0,13.00,78.82,1,palm,relative
217152.1438,0,282.58,0.00,282.58,0.00,,0,14.52,82.55,1,palm,relative
217152.1771,0,282.58,0.00,282.58,0.00,,0,12.97,77.95,1,palm,relative
217152.2105,0,282.58,0.00,282.58,0.00,,0,13.13,78.62,1,palm,relative
217152.2438,0,282.58,0.00,282.58,0.00,,0,17.04,80.77,1,palm,relative
217152.2772,0,282.58,0.00,282.58,0.00,,0,16.73,81.19,1,palm,relative
217152.3105,0,282.58,0.00,282.58,0.00,,0,18.08,80.54,1,palm,relative
217152.3439,0,282.58,0.00,282.58,0.00,,0,13.86,76.43,1,palm,relative
217152.3772,0,282.58,0.00,282.58,0.00,,0,16.13,78.87,1,palm,relative
217152.4106,0,282.58,0.00,282.58,0.00,,0,16.80,75.82,1,palm,relative
217152.4439,0,282.58,0.00,282.58,0.00,,0,19.45,78.54,1,palm,relative
217152.4773,0,282.58,0.00,282.58,0.00,,0,24.86,81.22,1,palm,relative
217152.5106,0,282.58,0.00,282.58,0.00,,0,22.05,77.78,1,palm,relative
217152.5440,0,282.58,0.00,282.58,0.00,,0,20.28,75.67,1,palm,relative
217152.5773,0,282.58,0.00,282.58,0.00,,0,27.65,82.16,1,palm,relative
217152.6107,0,282.58,0.00,282.58,0.00,,0,9.59,65.10,1,palm,relative
217152.6440,0,282.58,0.00,282.58,0.00,,0,20.78,79.11,1,palm,relative
217152.6774,0,282.58,0.00,282.58,0.00,,0,19.27,76.87,1,palm,relative
217152.7107,0,282.58,0.00,282.58,0.00,,0,21.52,78.42,1,palm,relative
217152.7441,0,282.58,0.00,282.58,0.00,,0,18.80,75.85,1,palm,relative
217152.7774,0,282.58,0.00,282.58,0.00,,0,22.19,77.21,1,palm,relative
217152.8108,0,282.58,0.00,282.58,0.00,,0,26.30,81.36,1,palm,relative
217152.8441,0,282.58,0.00,282.58,0.00,,0,21.91,76.88,1,palm,relative
217152.8775,0,282.58,0.00,282.58,0.00,,0,33.21,86.78,1,palm,relative
217152.9108,0,282.58,0.00,282.58,0.00,,0,11.12,73.59,1,palm,relative
217152.9442,0,282.58,0.00,282.58,0.00,,0,18.84,81.37,1,palm,relative
217152.9775,0,282.58,0.00,282.58,0.00,,0,13.53,73.40,1,palm,relative
217153.0109,0,282.58,0.00,282.58,0.00,,0,15.78,75.96,1,palm,relative
217153.0442,0,282.58,0.00,282.58,0.00,,0,25.95,84.81,1,palm,relative
217153.0776,0,282.58,0.00,282.58,0.00,,0,12.59,70.51,1,palm,relative
217153.1109,0,282.58,0.00,282.58,0.00,,0,26.85,83.63,1,palm,relative
217153.1443,0,282.58,0.00,282.58,0.00,,0,29.17,84.39,1,palm,relative
217153.1776,0,282.58,0.00,282.58,0.00,,0,21.45,84.38,1,palm,relative
217153.2110,0,282.58,0.00,282.58,0.00,,0,14.75,76.92,1,palm,relative
217153.2443,0,282.58,0.00,282.58,0.00,,0,17.00,80.07,1,palm,relative
217153.2777,0,282.58,0.00,282.58,0.00,,0,12.93,79.92,1,palm,relative
217153.3110,0,282.58,0.00,282.58,0.00,,0,17.59,78.61,1,palm,relative
217153.3444,0,282.58,0.00,282.58,0.00,,0,15.79,76.59,1,palm,relative
217153.3777,0,282.58,0.00,282.58,0.00,,0,20.78,83.50,1,palm,relative
217153.4111,0,282.58,0.00,282.58,0.00,,0,15.33,74.61,1,palm,relative
217153.4444,0,282.58,0.00,282.58,0.00,,0,17.44,77.02,1,palm,relative
217153.4778,0,282.58,0.00,282.58,0.00,,0,22.64,79.81,1,palm,relative
217153.5111,0,282.58,0.00,282.58,0.00,,0,26.45,82.54,1,palm,relative
217153.5445,0,282.58,0.00,282.58,0.00,,0,22.09,78.20,1,palm,relative
217153.5778,0,282.58,0.00,282.58,0.00,,0,25.33,81.45,1,palm,relative
217153.6112,0,282.58,0.00,282.58,0.00,,0,16.48,71.31,1,palm,relative
217153.6445,0,282.58,0.00,282.58,0.00,,0,20.72,74.93,1,palm,relative
217153.6779,0,282.58,0.00,282.58,0.00,,0,15.59,70.18,1,palm,relative
217153.7112,0,282.58,0.00,282.58,0.00,,0,20.03,73.13,1,palm,relative
217153.7446,0,282.58,0.00,282.58,0.00,,0,21.49,75.53,1,palm,relative
217153.7779,0,282.58,0.00,282.58,0.00,,0,23.71,73.82,1,palm,relative
217153.8113,0,282.58,0.00,282.58,0.00,,0,7.39,56.13,1,palm,relative
217153.8446,0,282.58,0.00,282.58,0.00,,0,10.44,58.43,1,palm,relative
217153.8780,0,282.58,0.00,282.58,0.00,,0,25.11,77.78,1,palm,relative
217153.9113,0,282.58,0.00,282.58,0.00,,0,24.65,76.88,1,palm,relative
217153.9447,0,282.58,0.00,282.58,0.00,,0,28.15,80.09,1,palm,relative
217153.9780,0,282.58,0.00,282.58,0.00,,0,19.90,74.26,1,palm,relative
217154.0114,0,282.58,0.00,282.58,0.00,,0,26.37,80.99,1,palm,relative
217154.0447,0,282.58,0.00,282.58,0.00,,0,29.62,83.45,1,palm,relative
217154.0781,0,282.58,0.00,282.58,0.00,,0,17.12,75.09,1,palm,relative
217154.1114,0,282.58,0.00,282.58,0.00,,0,26.70,83.01,1,palm,relative
217154.1448,0,282.58,0.00,282.58,0.00,,0,29.89,85.58,1,palm,relative
217154.1781,0,282.58,0.00,282.58,0.00,,0,9.92,67.61,1,palm,relative
217154.2115,0,282.58,0.00,282.58,0.00,,0,21.76,82.24,1,palm,relative
217154.2448,0,282.58,0.00,282.58,0.00,,0,17.94,73.19,1,palm,relative
217154.2782,0,282.58,0.00,282.58,0.00,,0,24.82,80.34,1,palm,relative
217154.3115,0,282.58,0.00,282.58,0.00,,0,20.39,73.18,1,palm,relative
217154.3449,0,282.58,0.00,282.58,0.00,,0,27.81,79.95,1,palm,relative
217154.3782,0,282.58,0.00,282.58,0.00,,0,25.53,78.69,1,palm,relative
217154.4116,0,282.58,0.00,282.58,0.00,,0,30.65,82.21,1,palm,relative
217154.4449,0,282.58,0.00,282.58,0.00,,0,18.93,78.28,1,palm,relative
217154.4783,0,282.58,0.00,282.58,0.00,,0,13.73,79.34,1,palm,relative
217154.5116,0,282.58,0.00,282.58,0.00,,0,21.95,79.15,1,palm,relative
217154.5450,0,282.58,0.00,282.58,0.00,,0,21.51,78.33,1,palm,relative
217154.5783,0,282.58,0.00,282.58,0.00,,0,19.43,75.93,1,palm,relative
217154.6117,0,282.58,0.00,282.58,0.00,,0,21.44,78.85,1,palm,relative
217154.6450,0,282.58,0.00,282.58,0.00,,0,19.93,74.30,1,palm,relative
217154.6784,0,282.58,0.00,282.58,0.00,,0,23.11,77.55,1,palm,relative
217154.7117,0,282.58,0.00,282.58,0.00,,0,25.12,79.64,1,palm,relative
217154.7451,0,282.58,0.00,282.58,0.00,,0,29.99,82.69,1,palm,relative
217154.7784,0,282.58,0.00,282.58,0.00,,0,14.24,71.07,1,palm,relative
217154.8118,0,282.58,0.00,282.58,0.00,,0,23.91,82.25,1,palm,relative
217154.8451,0,282.58,0.00,282.58,0.00,,0,20.63,80.03,1,palm,relative
217154.8785,0,282.58,0.00,282.58,0.00,,0,16.73,75.78,1,palm,relative
217154.9118,0,282.58,0.00,282.58,0.00,,0,22.14,79.51,1,palm,relative
217154.9452,0,282.58,0.00,282.58,0.00,,0,19.24,76.41,1,palm,relative
217154.9785,0,282.58,0.00,282.58,0.00,,0,25.73,81.49,1,palm,relative
217155.0119,0,282.58,0.00,282.58,0.00,,0,17.68,71.84,1,palm,relative
217155.0452,0,282.58,0.00,282.58,0.00,,0,25.07,78.75,1,palm,relative
217155.0786,0,282.58,0.00,282.58,0.00,,0,30.90,83.40,1,palm,relative
217155.1119,0,282.58,0.00,282.58,0.00,,0,13.24,72.44,1,palm,relative
217155.1453,0,282.58,0.00,282.58,0.00,,0,20.57,80.60,1,palm,relative
217155.1786,0,282.58,0.00,282.58,0.00,,0,15.12,70.78,1,palm,relative
217155.2120,0,282.58,0.00,282.58,0.00,,0,23.78,79.44,1,palm,relative
217155.2453,0,282.58,0.00,282.58,0.00,,0,17.12,75.86,1,palm,relative
217155.2787,0,282.58,0.00,282.58,0.00,,0,19.09,78.57,1,palm,relative
217155.3120,0,282.58,0.00,282.58,0.00,,0,18.77,75.42,1,palm,relative
217155.3454,0,282.58,0.00,282.58,0.00,,0,29.47,84.55,1,palm,relative
217155.3787,0,282.58,0.00,282.58,0.00,,0,13.04,72.79,1,palm,relative
217155.4121,0,282.58,0.00,282.58,0.00,,0,18.96,80.78,1,palm,relative
217155.4454,0,282.58,0.00,282.58,0.00,,0,16.52,72.83,1,palm,relative
217155.4788,0,282.58,0.00,282.58,0.00,,0,26.34,82.77,1,palm,relative
217155.5121,0,282.58,0.00,282.58,0.00,,0,21.92,77.69,1,palm,relative
217155.5455,0,282.58,0.00,282.58,0.00,,0,18.69,73.34,1,palm,relative
217155.5788,0,282.58,0.00,282.58,0.00,,0,29.45,84.42,1,palm,relative
217155.6122,0,282.58,0.00,282.58,0.00,,0,16.39,75.83,1,palm,relative
217155.6455,0,282.58,0.00,282.58,0.00,,0,20.00,81.88,1,palm,relative
217155.6789,0,282.58,0.00,282.58,0.00,,0,7.42,71.81,1,palm,relative
217155.7122,0,282.58,0.00,282.58,0.00,,0,14.57,81.10,1,palm,relative
217155.7456,0,282.58,0.00,282.58,0.00,,0,13.68,75.66,1,palm,relative
217155.7789,0,282.58,0.00,282.58,0.00,,0,20.70,84.63,1,palm,relative
217155.8123,0,282.58,0.00,282.58,0.00,,0,10.87,70.02,1,palm,relative
217155.8456,0,282.58,0.00,282.58,0.00,,0,20.35,82.09,1,palm,relative
217155.8790,0,282.58,0.00,282.58,0.00,,0,15.61,80.18,1,palm,relative
217155.9123,0,282.58,0.00,282.58,0.00,,0,15.76,82.38,1,palm,relative
217155.9457,0,282.58,0.00,282.58,0.00,,0,24.70,87.32,1,palm,relative
217155.9790,0,282.58,0.00,282.58,0.00,,0,12.99,75.93,1,palm,relative
217156.0124,0,282.58,0.00,282.58,0.00,,0,22.19,84.17,1,palm,relative
217156.0457,0,282.58,0.00,282.58,0.00,,0,8.09,69.35,1,palm,relative
217156.0791,0,282.58,0.00,282.58,0.00,,0,21.35,84.47,1,palm,relative
217156.1124,0,282.58,0.00,282.58,0.00,,0,14.94,72.92,1,palm,relative
217156.1458,0,282.58,0.00,282.58,0.00,,0,20.33,81.43,1,palm,relative
217156.1791,0,282.58,0.00,282.58,0.00,,0,22.16,77.32,1,palm,relative
217156.2125,0,282.58,0.00,282.58,0.00,,0,26.95,81.78,1,palm,relative
217156.2458,0,282.58,0.00,282.58,0.00,,0,19.45,77.91,1,palm,relative
217156.2792,0,282.58,0.00,282.58,0.00,,0,22.76,85.97,1,palm,relative
217156.3125,0,282.58,0.00,282.58,0.00,,0,10.35,68.39,1,palm,relative
217156.3459,0,282.58,0.00,282.58,0.00,,0,22.72,82.63,1,palm,relative
217156.3792,0,282.58,0.00,282.58,0.00,,0,18.27,73.45,1,palm,relative
217156.4126,0,282.58,0.00,282.58,0.00,,0,27.87,83.74,1,palm,relative
217156.4459,0,282.58,0.00,282.58,0.00,,0,22.26,74.64,1,palm,relative
217156.4793,0,282.58,0.00,282.58,0.00,,0,22.59,75.35,1,palm,relative
217156.5126,0,282.58,0.00,282.58,0.00,,0,23.16,76.43,1,palm,relative
217156.5460,0,282.58,0.00,282.58,0.00,,0,10.15,59.23,1,palm,relative
217156.5793,0,282.58,0.00,282.58,0.00,,0,10.19,58.36,1,palm,relative
217156.6127,0,282.58,0.00,282.58,0.00,,0,23.93,72.32,1,palm,relative
217156.6460,0,282.58,0.00,282.58,0.00,,0,8.20,55.05,1,palm,relative
217156.6794,0,282.58,0.00,282.58,0.00,,0,24.44,71.91,1,palm,relative
217156.7127,0,282.58,0.00,282.58,0.00,,0,8.83,54.66,1,palm,relative
217156.7461,0,282.58,0.00,282.58,0.00,,0,24.38,74.86,1,palm,relative
217156.7794,0,282.58,0.00,282.58,0.00,,0,26.18,74.94,1,palm,relative
217156.8128,0,282.58,0.00,282.58,0.00,,0,29.94,81.44,1,palm,relative
217156.8461,0,282.58,0.00,282.58,0.00,,0,24.98,82.20,1,palm,relative
217156.8795,0,282.58,0.00,282.58,0.00,,0,13.37,69.50,1,palm,relative
217156.9128,0,282.58,0.00,282.58,0.00,,0,24.98,83.12,1,palm,relative
217156.9462,0,282.58,0.00,282.58,0.00,,0,14.35,72.75,1,palm,relative
217156.9795,0,282.58,0.00,282.58,0.00,,0,28.90,87.37,1,palm,relative
217157.0129,0,282.58,0.00,282.58,0.00,,0,9.52,70.77,1,palm,relative
217157.0462,0,282.58,0.00,282.58,0.00,,0,17.51,80.18,1,palm,relative
217157.0796,0,282.58,0.00,282.58,0.00,,0,15.63,74.65,1,palm,relative
217157.1129,0,282.58,0.00,282.58,0.00,,0,22.71,84.19,1,palm,relative
217157.1463,0,282.58,0.00,282.58,0.00,,0,12.15,69.73,1,palm,relative
217157.1796,0,282.58,0.00,282.58,0.00,,0,22.72,84.56,1,palm,relative
217157.2130,0,282.58,0.00,282.58,0.00,,0,13.18,71.72,1,palm,relative
217157.2463,0,282.58,0.00,282.58,0.00,,0,22.10,81.46,1,palm,relative
217157.2797,0,282.58,0.00,282.58,0.00,,0,16.78,72.54,1,palm,relative
217157.3130,0,282.58,0.00,282.58,0.00,,0,24.58,80.45,1,palm,relative
217157.3464,0,282.58,0.00,282.58,0.00,,0,18.45,72.85,1,palm,relative
217157.3797,0,282.58,0.00,282.58,0.00,,0,35.86,89.22,1,palm,relative
217157.4131,0,282.58,0.00,282.58,0.00,,0,14.49,78.60,1,palm,relative
217157.4464,0,282.58,0.00,282.58,0.00,,0,17.49,81.71,1,palm,relative
217157.4798,0,282.58,0.00,282.58,0.00,,0,55.18,121.06,1,palm,relative
217157.5131,0,282.58,0.00,282.58,0.00,,0,17.37,105.64,1,palm,relative
217157.5465,0,282.58,0.00,282.58,0.00,,0,14.30,91.76,1,palm,relative
217157.5798,0,282.58,0.00,282.58,0.00,,0,31.59,109.05,1,palm,relative
217157.6132,0,282.58,0.00,282.58,0.00,,0,14.53,90.93,1,palm,relative
217157.6465,0,282.58,0.00,282.58,0.00,,0,33.64,114.62,1,palm,relative
217157.6799,0,282.58,0.00,282.58,0.00,,0,22.56,104.06,1,palm,relative
217157.7132,0,282.58,0.00,282.58,0.00,,0,13.13,91.32,1,palm,relative
217157.7466,0,282.58,0.00,282.58,0.00,,0,16.10,91.33,1,palm,relative
217157.7799,0,282.58,0.00,282.58,0.00,,0,26.00,103.49,1,palm,relative
217157.8133,0,282.58,0.00,282.58,0.00,,0,14.55,90.41,1,palm,relative
217157.8466,0,282.58,0.00,282.58,0.00,,0,13.73,90.51,1,palm,relative
217157.8800,0,282.58,0.00,282.58,0.00,,0,13.81,88.93,1,palm,relative
217157.9133,0,282.58,0.00,282.58,0.00,,0,30.92,108.18,1,palm,relative
217157.9467,0,282.58,0.00,282.58,0.00,,0,26.25,104.58,1,palm,relative
217157.9800,0,282.58,0.00,282.58,0.00,,0,10.91,82.92,1,palm,relative
217158.0134,0,282.58,0.00,282.58,0.00,,0,15.76,87.54,1,palm,relative
217158.0467,0,282.58,0.00,282.58,0.00,,0,13.74,82.67,1,palm,relative
217158.0801,0,282.58,0.00,282.58,0.00,,0,16.20,88.51,1,palm,relative
217158.1134,0,282.58,0.00,282.58,0.00,,0,12.40,79.04,1,palm,relative
217158.1468,0,282.58,0.00,282.58,0.00,,0,21.68,87.14,1,palm,relative
217158.1801,0,282.58,0.00,282.58,0.00,,0,10.74,75.61,1,palm,relative
217158.2135,0,282.58,0.00,282.58,0.00,,0,9.97,74.87,1,palm,relative
217158.2468,0,282.58,0.00,282.58,0.00,,0,15.72,78.53,1,palm,relative
217158.2802,0,282.58,0.00,282.58,0.00,,0,14.74,76.09,1,palm,relative
217158.3135,0,282.58,0.00,282.58,0.00,,0,16.29,78.58,1,palm,relative
217158.3469,0,282.58,0.00,282.58,0.00,,0,18.05,78.85,1,palm,relative
217158.3802,0,282.58,0.00,282.58,0.00,,0,27.09,86.47,1,palm,relative
217158.4136,0,282.58,0.00,282.58,0.00,,0,9.34,70.25,1,palm,relative
217158.4469,0,282.58,0.00,282.58,0.00,,0,12.94,77.63,1,palm,relative
217158.4803,0,282.58,0.00,282.58,0.00,,0,21.99,80.88,1,palm,relative
217158.5136,0,282.58,0.00,282.58,0.00,,0,13.08,71.62,1,palm,relative
217158.5470,0,282.58,0.00,282.58,0.00,,0,17.00,84.88,1,palm,relative
217158.5803,0,282.58,0.00,282.58,0.00,,0,10.86,79.30,1,palm,relative
217158.6137,0,282.58,0.00,282.58,0.00,,0,12.12,79.87,1,palm,relative
217158.6470,0,282.58,0.00,282.58,0.00,,0,10.03,79.74,1,palm,relative
217158.6804,0,282.58,0.00,282.58,0.00,,0,14.58,81.86,1,palm,relative
217158.7137,0,282.58,0.00,282.58,0.00,,0,13.58,82.90,1,palm,relative
217158.7471,0,282.58,0.00,282.58,0.00,,0,12.23,80.26,1,palm,relative
217158.7804,0,282.58,0.00,282.58,0.00,,0,12.70,81.70,1,palm,relative
217158.8138,0,282.58,0.00,282.58,0.00,,0,18.81,86.02,1,palm,relative
217158.8471,0,282.58,0.00,282.58,0.00,,0,11.29,79.67,1,palm,relative
217158.8805,0,282.58,0.00,282.58,0.00,,0,16.48,85.14,1,palm,relative
217158.9138,0,282.58,0.00,282.58,0.00,,0,15.20,77.09,1,palm,relative
217158.9472,0,282.58,0.00,282.58,0.00,,0,19.07,81.33,1,palm,relative
217158.9805,0,282.58,0.00,282.58,0.00,,0,31.32,105.00,1,palm,relative
217159.0139,0,282.58,0.00,282.58,0.00,,0,9.22,84.61,1,palm,relative
217159.0472,0,282.58,0.00,282.58,0.00,,0,17.12,90.04,1,palm,relative
217159.0806,0,282.58,0.00,282.58,0.00,,0,29.64,105.65,1,palm,relative
217159.1139,0,282.58,0.00,282.58,0.00,,0,10.49,83.01,1,palm,relative
217159.1473,0,282.58,0.00,282.58,0.00,,0,14.43,89.05,1,palm,relative
217159.1806,0,282.58,0.00,282.58,0.00,,0,15.65,86.69,1,palm,relative
217159.2140,0,282.58,0.00,282.58,0.00,,0,14.82,89.61,1,palm,relative
217159.2473,0,282.58,0.00,282.58,0.00,,0,14.43,83.16,1,palm,relative
217159.2807,0,282.58,0.00,282.58,0.00,,0,14.52,86.03,1,palm,relative
217159.3140,0,282.58,0.00,282.58,0.00,,0,17.13,83.50,1,palm,relative
217159.3474,0,282.58,0.00,282.58,0.00,,0,15.32,83.19,1,palm,relative
217159.3807,0,282.58,0.00,282.58,0.00,,0,14.73,80.81,1,palm,relative
217159.4141,0,282.58,0.00,282.58,0.00,,0,17.57,83.97,1,palm,relative
217159.4474,0,282.58,0.00,282.58,0.00,,0,8.66,73.36,1,palm,relative
217159.4808,0,282.58,0.00,282.58,0.00,,0,16.93,84.15,1,palm,relative
217159.5141,0,282.58,0.00,282.58,0.00,,0,10.68,72.49,1,palm,relative
217159.5475,0,282.58,0.00,282.58,0.00,,0,13.30,76.88,1,palm,relative
217159.5808,0,282.58,0.00,282.58,0.00,,0,23.08,86.16,1,palm,relative
217159.6142,0,282.58,0.00,282.58,0.00,,0,8.63,69.91,1,palm,relative
217159.6475,0,282.58,0.00,282.58,0.00,,0,18.81,83.22,1,palm,relative
217159.6809,0,282.58,0.00,282.58,0.00,,0,15.91,74.23,1,palm,relative
217159.7142,0,282.58,0.00,282.58,0.00,,0,24.90,82.53,1,palm,relative
217159.7476,0,282.58,0.00,282.58,0.00,,0,14.50,72.67,1,palm,relative
217159.7809,0,282.58,0.00,282.58,0.00,,0,24.69,82.34,1,palm,relative
217159.8143,0,282.58,0.00,282.58,0.00,,0,18.97,78.53,1,palm,relative
217159.8476,0,282.58,0.00,282.58,0.00,,0,28.09,87.49,1,palm,relative
217159.8810,0,282.58,0.00,282.58,0.00,,0,12.91,80.01,1,palm,relative
217159.9143,0,282.58,0.00,282.58,0.00,,0,19.03,87.66,1,palm,relative
217159.9477,0,282.58,0.00,282.58,0.00,,0,15.27,80.37,1,palm,relative
217159.9810,0,282.58,0.00,282.58,0.00,,0,13.93,80.69,1,palm,relative
217160.0144,0,282.58,0.00,282.58,0.00,,0,14.22,75.82,1,palm,relative
217160.0477,0,282.58,0.00,282.58,0.00,,0,16.55,78.12,1,palm,relative
217160.0811,0,282.58,0.00,282.58,0.00,,0,18.34,80.25,1,palm,relative
217160.1144,0,282.58,0.00,282.58,0.00,,0,26.61,85.33,1,palm,relative
217160.1478,0,282.58,0.00,282.58,0.00,,0,17.60,76.35,1,palm,relative
217160.1811,0,282.58,0.00,282.58,0.00,,0,17.10,74.68,1,palm,relative
217160.2145,0,282.58,0.00,282.58,0.00,,0,26.65,84.11,1,palm,relative
217160.2478,0,282.58,0.00,282.58,0.00,,0,11.80,70.41,1,palm,relative
217160.2812,0,282.58,0.00,282.58,0.00,,0,25.83,83.26,1,palm,relative
217160.3145,0,282.58,0.00,282.58,0.00,,0,14.85,71.07,1,palm,relative
217160.3479,0,282.58,0.00,282.58,0.00,,0,27.94,83.11,1,palm,relative
217160.3812,0,282.58,0.00,282.58,0.00,,0,14.06,73.90,1,palm,relative
217160.4146,0,282.58,0.00,282.58,0.00,,0,14.96,76.83,1,palm,relative
217160.4479,0,282.58,0.00,282.58,0.00,,0,21.45,79.40,1,palm,relative
217160.4813,0,282.58,0.00,282.58,0.00,,0,14.78,71.67,1,palm,relative
217160.5146,0,282.58,0.00,282.58,0.00,,0,22.29,80.63,1,palm,relative
217160.5480,0,282.58,0.00,282.58,0.00,,0,20.12,73.81,1,palm,relative
217160.5813,0,282.58,0.00,282.58,0.00,,0,23.55,77.60,1,palm,relative
217160.6147,0,282.58,0.00,282.58,0.00,,0,18.70,72.84,1,palm,relative
217160.6480,0,282.58,0.00,282.58,0.00,,0,29.56,83.93,1,palm,relative
217160.6814,0,282.58,0.00,282.58,0.00,,0,13.09,70.49,1,palm,relative
217160.7147,0,282.58,0.00,282.58,0.00,,0,29.03,87.08,1,palm,relative
217160.7481,0,282.58,0.00,282.58,0.00,,0,11.35,72.63,1,palm,relative
217160.7814,0,282.58,0.00,282.58,0.00,,0,14.71,76.40,1,palm,relative
217160.8148,0,282.58,0.00,282.58,0.00,,0,22.62,85.22,1,palm,relative
217160.8481,0,282.58,0.00,282.58,0.00,,0,11.77,74.34,1,palm,relative
217160.8815,0,282.58,0.00,282.58,0.00,,0,14.92,81.20,1,palm,relative
217160.9148,0,282.58,0.00,282.58,0.00,,0,11.47,72.91,1,palm,relative
217160.9482,0,282.58,0.00,282.58,0.00,,0,23.13,85.71,1,palm,relative
217160.9815,0,282.58,0.00,282.58,0.00,,0,15.06,75.99,1,palm,relative
217161.0149,0,282.58,0.00,282.58,0.00,,0,19.70,82.28,1,palm,relative
217161.0482,0,282.58,0.00,282.58,0.00,,0,15.43,73.85,1,palm,relative
217161.0816,0,282.58,0.00,282.58,0.00,,0,24.86,82.91,1,palm,relative
217161.1149,0,282.58,0.00,282.58,0.00,,0,15.27,72.14,1,palm,relative
217161.1483,0,282.58,0.00,282.58,0.00,,0,27.63,84.58,1,palm,relative
217161.1816,0,282.58,0.00,282.58,0.00,,0,14.43,73.02,1,palm,relative
217161.2150,0,282.58,0.00,282.58,0.00,,0,27.18,85.07,1,palm,relative
217161.2483,0,282.58,0.00,282.58,0.00,,0,13.48,73.00,1,palm,relative
217161.2817,0,282.58,0.00,282.58,0.00,,0,15.78,77.11,1,palm,relative
217161.3150,0,282.58,0.00,282.58,0.00,,0,23.95,80.19,1,palm,relative
217161.3484,0,282.58,0.00,282.58,0.00,,0,26.34,82.52,1,palm,relative
217161.3817,0,282.58,0.00,282.58,0.00,,0,16.92,74.66,1,palm,relative
217161.4151,0,282.58,0.00,282.58,0.00,,0,28.81,85.34,1,palm,relative
217161.4484,0,282.58,0.00,282.58,0.00,,0,15.98,75.40,1,palm,relative
217161.4818,0,282.58,0.00,282.58,0.00,,0,29.21,89.36,1,palm,relative
217161.5151,0,282.58,0.00,282.58,0.00,,0,10.27,73.17,1,palm,relative
217161.5485,0,282.58,0.00,282.58,0.00,,0,18.27,81.29,1,palm,relative
217161.5818,0,282.58,0.00,282.58,0.00,,0,17.19,76.79,1,palm,relative
217161.6152,0,282.58,0.00,282.58,0.00,,0,14.46,73.56,1,palm,relative
217161.6485,0,282.58,0.00,282.58,0.00,,0,28.69,88.15,1,palm,relative
217161.6819,0,282.58,0.00,282.58,0.00,,0,10.10,74.53,1,palm,relative
217161.7152,0,282.58,0.00,282.58,0.00,,0,18.78,83.39,1,palm,relative
217161.7486,0,282.58,0.00,282.58,0.00,,0,11.30,77.36,1,palm,relative
217161.7819,0,282.58,0.00,282.58,0.00,,0,12.90,82.89,1,palm,relative
217161.8153,0,282.58,0.00,282.58,0.00,,0,17.03,87.28,1,palm,relative
217161.8486,0,282.58,0.00,282.58,0.00,,0,13.75,85.06,1,palm,relative
217161.8820,0,282.58,0.00,282.58,0.00,,0,13.97,81.69,1,palm,relative
217161.9153,0,282.58,0.00,282.58,0.00,,0,15.54,86.74,1,palm,relative
217161.9487,0,282.58,0.00,282.58,0.00,,0,16.29,82.06,1,palm,relative
217161.9820,0,282.58,0.00,282.58,0.00,,0,19.57,85.90,1,palm,relative
217162.0154,0,282.58,0.00,282.58,0.00,,0,9.56,72.52,1,palm,relative
217162.0487,0,282.58,0.00,282.58,0.00,,0,16.22,79.13,1,palm,relative
217162.0821,0,282.58,0.00,282.58,0.00,,0,14.23,76.69,1,palm,relative
217162.1154,0,282.58,0.00,282.58,0.00,,0,11.74,74.72,1,palm,relative
217162.1488,0,282.58,0.00,282.58,0.00,,0,10.11,72.32,1,palm,relative
217162.1821,0,282.58,0.00,282.58,0.00,,0,15.40,78.55,1,palm,relative
217162.2155,0,282.58,0.00,282.58,0.00,,0,15.80,76.14,1,palm,relative
217162.2488,0,282.58,0.00,282.58,0.00,,0,13.94,77.04,1,palm,relative
217162.2822,0,282.58,0.00,282.58,0.00,,0,15.56,74.60,1,palm,relative
217162.3155,0,282.58,0.00,282.58,0.00,,0,23.32,86.08,1,palm,relative
217162.3489,0,282.58,0.00,282.58,0.00,,0,16.28,79.06,1,palm,relative
217162.3822,0,282.58,0.00,282.58,0.00,,0,12.37,76.67,1,palm,relative
217162.4156,0,282.58,0.00,282.58,0.00,,0,16.32,76.27,1,palm,relative
217162.4489,0,282.58,0.00,282.58,0.00,,0,16.65,77.81,1,palm,relative
217162.4823,0,282.58,0.00,282.58,0.00,,0,18.56,77.92,1,palm,relative
217162.5156,0,282.58,0.00,282.58,0.00,,0,26.08,86.25,1,palm,relative
217162.5490,0,282.58,0.00,282.58,0.00,,0,13.13,74.79,1,palm,relative
217162.5823,0,282.58,0.00,282.58,0.00,,0,14.06,77.41,1,palm,relative
217162.6157,0,282.58,0.00,282.58,0.00,,0,28.70,87.96,1,palm,relative
217162.6490,0,282.58,0.00,282.58,0.00,,0,9.93,72.40,1,palm,relative
217162.6824,0,282.58,0.00,282.58,0.00,,0,16.20,78.54,1,palm,relative
217162.7157,0,282.58,0.00,282.58,0.00,,0,13.95,76.37,1,palm,relative
217162.7491,0,282.58,0.00,282.58,0.00,,0,15.85,78.22,1,palm,relative
217162.7824,0,282.58,0.00,282.58,0.00,,0,18.87,81.24,1,palm,relative
217162.8158,0,282.58,0.00,282.58,0.00,,0,20.46,79.24,1,palm,relative
217162.8491,0,282.58,0.00,282.58,0.00,,0,16.72,75.28,1,palm,relative
217162.8825,0,282.58,0.00,282.58,0.00,,0,20.26,78.90,1,palm,relative
217162.9158,0,282.58,0.00,282.58,0.00,,0,19.39,80.83,1,palm,relative
217162.9492,0,282.58,0.00,282.58,0.00,,0,10.17,69.92,1,palm,relative
217162.9825,0,282.58,0.00,282.58,0.00,,0,25.62,84.91,1,palm,relative
217163.0159,0,282.58,0.00,282.58,0.00,,0,11.49,70.75,1,palm,relative
217163.0492,0,282.58,0.00,282.58,0.00,,0,14.42,73.37,1,palm,relative
217163.0826,0,282.58,0.00,282.58,0.00,,0,15.46,74.97,1,palm,relative
217163.1159,0,282.58,0.00,282.58,0.00,,0,20.00,77.80,1,palm,relative
217163.1493,0,282.58,0.00,282.58,0.00,,0,14.71,73.62,1,palm,relative
217163.1826,0,282.58,0.00,282.58,0.00,,0,16.37,76.13,1,palm,relative
217163.2160,0,282.58,0.00,282.58,0.00,,0,13.58,72.12,1,palm,relative
217163.2493,0,282.58,0.00,282.58,0.00,,0,11.15,69.94,1,palm,relative
217163.2827,0,282.58,0.00,282.58,0.00,,0,21.57,78.08,1,palm,relative
217163.3160,0,282.58,0.00,282.58,0.00,,0,19.55,75.24,1,palm,relative
217163.3494,0,282.58,0.00,282.58,0.00,,0,21.64,76.80,1,palm,relative
217163.3827,0,282.58,0.00,282.58,0.00,,0,19.32,74.58,1,palm,relative
217163.4161,0,282.58,0.00,282.58,0.00,,0,25.44,78.34,1,palm,relative
217163.4494,0,282.58,0.00,282.58,0.00,,0,18.57,73.85,1,palm,relative
217163.4828,0,282.58,0.00,282.58,0.00,,0,23.10,77.46,1,palm,relative
217163.5161,0,282.58,0.00,282.58,0.00,,0,25.96,78.81,1,palm,relative
217163.5495,0,282.58,0.00,282.58,0.00,,0,23.46,75.71,1,palm,relative
217163.5828,0,282.58,0.00,282.58,0.00,,0,23.78,75.44,1,palm,relative
217163.6162,0,282.58,0.00,282.58,0.00,,0,32.84,83.80,1,palm,relative
217163.6495,0,282.58,0.00,282.58,0.00,,0,9.81,71.64,1,palm,relative
217163.6829,0,282.58,0.00,282.58,0.00,,0,18.09,82.46,1,palm,relative
217163.7162,0,282.58,0.00,282.58,0.00,,0,16.39,76.22,1,palm,relative
217163.7496,0,282.58,0.00,282.58,0.00,,0,20.20,79.11,1,palm,relative
217163.7829,0,282.58,0.00,282.58,0.00,,0,26.26,86.64,1,palm,relative
217163.8163,0,282.58,0.00,282.58,0.00,,0,24.00,97.32,1,palm,relative
217163.8496,0,282.58,0.00,282.58,0.00,,0,13.87,85.08,1,palm,relative
217163.8830,0,282.58,0.00,282.58,0.00,,0,14.97,88.17,1,palm,relative
217163.9163,0,282.58,0.00,282.58,0.00,,0,13.89,82.73,1,palm,relative
217163.9497,0,282.58,0.00,282.58,0.00,,0,11.36,81.75,1,palm,relative
217163.9830,0,282.58,0.00,282.58,0.00,,0,13.72,79.09,1,palm,relative
217164.0164,0,282.58,0.00,282.58,0.00,,0,14.06,78.49,1,palm,relative
217164.0497,0,282.58,0.00,282.58,0.00,,0,14.96,81.32,1,palm,relative
217164.0831,0,282.58,0.00,282.58,0.00,,0,18.90,85.77,1,palm,relative
217164.1164,0,282.58,0.00,282.58,0.00,,0,8.98,71.75,1,palm,relative
217164.1498,0,282.58,0.00,282.58,0.00,,0,13.22,75.84,1,palm,relative
217164.1831,0,282.58,0.00,282.58,0.00,,0,11.70,77.45,1,palm,relative
217164.2165,0,282.58,0.00,282.58,0.00,,0,14.37,73.83,1,palm,relative
217164.2498,0,282.58,0.00,282.58,0.00,,0,17.95,77.76,1,palm,relative
217164.2832,0,282.58,0.00,282.58,0.00,,0,17.68,74.23,1,palm,relative
217164.3165,0,282.58,0.00,282.58,0.00,,0,21.60,78.43,1,palm,relative
217164.3499,0,282.58,0.00,282.58,0.00,,0,17.83,75.04,1,palm,relative
217164.3832,0,282.58,0.00,282.58,0.00,,0,26.63,85.65,1,palm,relative
217164.4166,0,282.58,0.00,282.58,0.00,,0,16.11,75.76,1,palm,relative
217164.4499,0,282.58,0.00,282.58,0.00,,0,14.90,76.84,1,palm,relative
217164.4833,0,282.58,0.00,282.58,0.00,,0,25.70,90.28,1,palm,relative
217164.5166,0,282.58,0.00,282.58,0.00,,0,16.89,82.85,1,palm,relative
217164.5500,0,282.58,0.00,282.58,0.00,,0,14.63,83.14,1,palm,relative
217164.5833,0,282.58,0.00,282.58,0.00,,0,8.34,74.36,1,palm,relative
217164.6167,0,282.58,0.00,282.58,0.00,,0,18.72,84.34,1,palm,relative
217164.6500,0,282.58,0.00,282.58,0.00,,0,7.85,72.27,1,palm,relative
217164.6834,0,282.58,0.00,282.58,0.00,,0,11.25,76.83,1,palm,relative
217164.7167,0,282.58,0.00,282.58,0.00,,0,23.54,89.87,1,palm,relative
217164.7501,0,282.58,0.00,282.58,0.00,,0,16.05,83.29,1,palm,relative
217164.7834,0,282.58,0.00,282.58,0.00,,0,15.22,83.08,1,palm,relative
217164.8168,0,282.58,0.00,282.58,0.00,,0,15.03,80.36,1,palm,relative
217164.8501,0,282.58,0.00,282.58,0.00,,0,13.41,79.81,1,palm,relative
217164.8835,0,282.58,0.00,282.58,0.00,,0,12.35,77.83,1,palm,relative
217164.9168,0,282.58,0.00,282.58,0.00,,0,17.64,82.46,1,palm,relative
217164.9502,0,282.58,0.00,282.58,0.00,,0,16.57,82.57,1,palm,relative
217164.9835,0,282.58,0.00,282.58,0.00,,0,16.89,81.62,1,palm,relative
217165.0169,0,282.58,0.00,282.58,0.00,,0,13.06,77.60,1,palm,relative
217165.0502,0,282.58,0.00,282.58,0.00,,0,13.18,79.02,1,palm,relative
217165.0836,0,282.58,0.00,282.58,0.00,,0,18.67,81.42,1,palm,relative
217165.1169,0,282.58,0.00,282.58,0.00,,0,13.51,77.02,1,palm,relative
217165.1503,0,282.58,0.00,282.58,0.00,,0,13.67,77.31,1,palm,relative
217165.1836,0,282.58,0.00,282.58,0.00,,0,12.34,71.21,1,palm,relative
217165.2170,0,282.58,0.00,282.58,0.00,,0,17.52,76.56,1,palm,relative
217165.2503,0,282.58,0.00,282.58,0.00,,0,25.38,81.00,1,palm,relative
217165.2837,0,282.58,0.00,282.58,0.00,,0,20.00,81.30,1,palm,relative
217165.3170,0,282.58,0.00,282.58,0.00,,0,13.64,74.50,1,palm,relative
217165.3504,0,282.58,0.00,282.58,0.00,,0,16.95,76.58,1,palm,relative
217165.3837,0,282.58,0.00,282.58,0.00,,0,13.87,73.25,1,palm,relative
217165.4171,0,282.58,0.00,282.58,0.00,,0,16.70,76.51,1,palm,relative
217165.4504,0,282.58,0.00,282.58,0.00,,0,32.30,89.60,1,palm,relative
217165.4838,0,282.58,0.00,282.58,0.00,,0,11.02,77.76,1,palm,relative
217165.5171,0,282.58,0.00,282.58,0.00,,0,12.58,78.97,1,palm,relative
217165.5505,0,282.58,0.00,282.58,0.00,,0,11.49,80.80,1,palm,relative
217165.5838,0,282.58,0.00,282.58,0.00,,0,19.21,83.78,1,palm,relative
217165.6172,0,282.58,0.00,282.58,0.00,,0,13.56,79.05,1,palm,relative
217165.6505,0,282.58,0.00,282.58,0.00,,0,22.71,87.37,1,palm,relative
217165.6839,0,282.58,0.00,282.58,0.00,,0,17.32,80.16,1,palm,relative
217165.7172,0,282.58,0.00,282.58,0.00,,0,19.39,83.46,1,palm,relative
217165.7506,0,282.58,0.00,282.58,0.00,,0,14.47,73.77,1,palm,relative
217165.7839,0,282.58,0.00,282.58,0.00,,0,21.52,81.27,1,palm,relative
217165.8173,0,282.58,0.00,282.58,0.00,,0,17.57,73.67,1,palm,relative
217165.8506,0,282.58,0.00,282.58,0.00,,0,21.03,77.54,1,palm,relative
217165.8840,0,282.58,0.00,282.58,0.00,,0,23.75,78.33,1,palm,relative
217165.9173,0,282.58,0.00,282.58,0.00,,0,30.93,83.82,1,palm,relative
217165.9507,0,282.58,0.00,282.58,0.00,,0,19.89,83.36,1,palm,relative
217165.9840,0,282.58,0.00,282.58,0.00,,0,18.00,81.00,1,palm,relative
217166.0174,0,282.58,0.00,282.58,0.00,,0,14.42,77.12,1,palm,relative
217166.0507,0,282.58,0.00,282.58,0.00,,0,14.78,78.28,1,palm,relative
217166.0841,0,282.58,0.00,282.58,0.00,,0,14.80,76.21,1,palm,relative
217166.1174,0,282.58,0.00,282.58,0.00,,0,17.19,79.09,1,palm,relative
217166.1508,0,282.58,0.00,282.58,0.00,,0,16.19,74.67,1,palm,relative
217166.1841,0,282.58,0.00,282.58,0.00,,0,29.32,89.33,1,palm,relative
217166.2175,0,282.58,0.00,282.58,0.00,,0,14.45,80.42,1,palm,relative
217166.2508,0,282.58,0.00,282.58,0.00,,0,15.77,83.82,1,palm,relative
217166.2842,0,282.58,0.00,282.58,0.00,,0,8.61,72.67,1,palm,relative
217166.3175,0,282.58,0.00,282.58,0.00,,0,11.39,76.51,1,palm,relative
217166.3509,0,282.58,0.00,282.58,0.00,,0,17.13,78.10,1,palm,relative
217166.3842,0,282.58,0.00,282.58,0.00,,0,14.04,73.92,1,palm,relative
217166.4176,0,282.58,0.00,282.58,0.00,,0,18.69,78.15,1,palm,relative
217166.4509,0,282.58,0.00,282.58,0.00,,0,17.34,75.69,1,palm,relative
217166.4843,0,282.58,0.00,282.58,0.00,,0,19.55,81.60,1,palm,relative
217166.5176,0,282.58,0.00,282.58,0.00,,0,20.19,84.75,1,palm,relative
217166.5510,0,282.58,0.00,282.58,0.00,,0,15.97,79.75,1,palm,relative
217166.5843,0,282.58,0.00,282.58,0.00,,0,10.75,76.75,1,palm,relative
217166.6177,0,282.58,0.00,282.58,0.00,,0,17.31,80.18,1,palm,relative
217166.6510,0,282.58,0.00,282.58,0.00,,0,12.79,75.15,1,palm,relative
217166.6844,0,282.58,0.00,282.58,0.00,,0,14.56,78.13,1,palm,relative
217166.7177,0,282.58,0.00,282.58,0.00,,0,20.27,80.79,1,palm,relative
217166.7511,0,282.58,0.00,282.58,0.00,,0,12.37,72.66,1,palm,relative
217166.7844,0,282.58,0.00,282.58,0.00,,0,24.98,84.74,1,palm,relative
217166.8178,0,282.58,0.00,282.58,0.00,,0,13.31,76.89,1,palm,relative
217166.8511,0,282.58,0.00,282.58,0.00,,0,13.59,77.20,1,palm,relative
217166.8845,0,282.58,0.00,282.58,0.00,,0,11.33,74.34,1,palm,relative
217166.9178,0,282.58,0.00,282.58,0.00,,0,14.91,77.71,1,palm,relative
217166.9512,0,282.58,0.00,282.58,0.00,,0,12.17,74.96,1,palm,relative
217166.9845,0,282.58,0.00,282.58,0.00,,0,9.44,74.60,1,palm,relative
217167.0179,0,282.58,0.00,282.58,0.00,,0,16.29,76.92,1,palm,relative
217167.0512,0,282.58,0.00,282.58,0.00,,0,17.30,79.24,1,palm,relative
217167.0846,0,282.58,0.00,282.58,0.00,,0,19.68,81.66,1,palm,relative
217167.1179,0,282.58,0.00,282.58,0.00,,0,12.93,75.15,1,palm,relative
217167.1513,0,282.58,0.00,282.58,0.00,,0,22.01,81.20,1,palm,relative
217167.1846,0,282.58,0.00,282.58,0.00,,0,10.18,68.12,1,palm,relative
217167.2180,0,282.58,0.00,282.58,0.00,,0,27.42,85.43,1,palm,relative
217167.2513,0,282.58,0.00,282.58,0.00,,0,12.62,71.81,1,palm,relative
217167.2847,0,282.58,0.00,282.58,0.00,,0,22.39,81.94,1,palm,relative
217167.3180,0,282.58,0.00,282.58,0.00,,0,15.83,69.90,1,palm,relative
217167.3514,0,282.58,0.00,282.58,0.00,,0,20.74,75.23,1,palm,relative
217167.3847,0,282.58,0.00,282.58,0.00,,0,29.26,80.23,1,palm,relative
217167.4181,0,282.58,0.00,282.58,0.00,,0,26.43,85.67,1,palm,relative
217167.4514,0,282.58,0.00,282.58,0.00,,0,12.01,72.14,1,palm,relative
217167.4848,0,282.58,0.00,282.58,0.00,,0,18.74,79.81,1,palm,relative
217167.5181,0,282.58,0.00,282.58,0.00,,0,19.60,77.78,1,palm,relative
217167.5515,0,282.58,0.00,282.58,0.00,,0,22.69,81.21,1,palm,relative
217167.5848,0,282.58,0.00,282.58,0.00,,0,17.33,74.93,1,palm,relative
217167.6182,0,282.58,0.00,282.58,0.00,,0,25.38,83.18,1,palm,relative
217167.6515,0,282.58,0.00,282.58,0.00,,0,25.35,80.92,1,palm,relative
217167.6849,0,282.58,0.00,282.58,0.00,,0,15.51,72.91,1,palm,relative
217167.7182,0,282.58,0.00,282.58,0.00,,0,30.37,89.64,1,palm,relative
217167.7516,0,282.58,0.00,282.58,0.00,,0,13.52,78.52,1,palm,relative
217167.7849,0,282.58,0.00,282.58,0.00,,0,16.57,82.31,1,palm,relative
217167.8183,0,282.58,0.00,282.58,0.00,,0,11.39,74.04,1,palm,relative
217167.8516,0,282.58,0.00,282.58,0.00,,0,12.60,76.32,1,palm,relative
217167.8850,0,282.58,0.00,282.58,0.00,,0,16.66,78.37,1,palm,relative
217167.9183,0,282.58,0.00,282.58,0.00,,0,25.97,87.19,1,palm,relative
217167.9517,0,282.58,0.00,282.58,0.00,,0,10.06,70.47,1,palm,relative
217167.9850,0,282.58,0.00,282.58,0.00,,0,20.06,82.24,1,palm,relative
217168.0184,0,282.58,0.00,282.58,0.00,,0,28.02,86.33,1,palm,relative
217168.0517,0,282.58,0.00,282.58,0.00,,0,12.36,74.56,1,palm,relative
217168.0851,0,282.58,0.00,282.58,0.00,,0,19.80,82.19,1,palm,relative
217168.1184,0,282.58,0.00,282.58,0.00,,0,13.44,73.92,1,palm,relative
217168.1518,0,282.58,0.00,282.58,0.00,,0,16.73,77.10,1,palm,relative
217168.1851,0,282.58,0.00,282.58,0.00,,0,20.02,78.56,1,palm,relative
217168.2185,0,282.58,0.00,282.58,0.00,,0,16.30,81.35,1,palm,relative
217168.2518,0,282.58,0.00,282.58,0.00,,0,17.41,82.76,1,palm,relative
217168.2852,0,282.58,0.00,282.58,0.00,,0,17.23,81.13,1,palm,relative
217168.3185,0,282.58,0.00,282.58,0.00,,0,20.37,83.98,1,palm,relative
217168.3519,0,282.58,0.00,282.58,0.00,,0,13.10,76.29,1,palm,relative
217168.3852,0,282.58,0.00,282.58,0.00,,0,11.82,77.63,1,palm,relative
217168.4186,0,282.58,0.00,282.58,0.00,,0,19.40,80.96,1,palm,relative
217168.4519,0,282.58,0.00,282.58,0.00,,0,22.33,84.46,1,palm,relative
217168.4853,0,282.58,0.00,282.58,0.00,,0,9.66,70.37,1,palm,relative
217168.5186,0,282.58,0.00,282.58,0.00,,0,21.76,81.68,1,palm,relative
217168.5520,0,282.58,0.00,282.58,0.00,,0,21.30,81.68,1,palm,relative
217168.5853,0,282.58,0.00,282.58,0.00,,0,28.05,85.32,1,palm,relative
217168.6187,0,282.58,0.00,282.58,0.00,,0,17.85,79.09,1,palm,relative
217168.6520,0,282.58,0.00,282.58,0.00,,0,16.07,78.43,1,palm,relative
217168.6854,0,282.58,0.00,282.58,0.00,,0,20.05,80.20,1,palm,relative
217168.7187,0,282.58,0.00,282.58,0.00,,0,16.64,77.42,1,palm,relative
217168.7521,0,282.58,0.00,282.58,0.00,,0,21.54,80.25,1,palm,relative
217168.7854,0,282.58,0.00,282.58,0.00,,0,14.68,72.96,1,palm,relative
217168.8188,0,282.58,0.00,282.58,0.00,,0,28.93,87.13,1,palm,relative
217168.8521,0,282.58,0.00,282.58,0.00,,0,12.45,73.63,1,palm,relative
217168.8855,0,282.58,0.00,282.58,0.00,,0,20.93,83.97,1,palm,relative
217168.9188,0,282.58,0.00,282.58,0.00,,0,13.60,77.29,1,palm,relative
217168.9522,0,282.58,0.00,282.58,0.00,,0,15.70,80.40,1,palm,relative
217168.9855,0,282.58,0.00,282.58,0.00,,0,15.57,77.74,1,palm,relative
217169.0189,0,282.58,0.00,282.58,0.00,,0,14.33,75.63,1,palm,relative
217169.0522,0,282.58,0.00,282.58,0.00,,0,16.56,77.73,1,palm,relative
217169.0856,0,282.58,0.00,282.58,0.00,,0,24.26,84.54,1,palm,relative
217169.1189,0,282.58,0.00,282.58,0.00,,0,11.05,71.36,1,palm,relative
217169.1523,0,282.58,0.00,282.58,0.00,,0,19.67,80.41,1,palm,relative
217169.1856,0,282.58,0.00,282.58,0.00,,0,21.72,79.91,1,palm,relative
217169.2190,0,282.58,0.00,282.58,0.00,,0,28.59,86.04,1,palm,relative
217169.2523,0,282.58,0.00,282.58,0.00,,0,11.97,75.16,1,palm,relative
217169.2857,0,282.58,0.00,282.58,0.00,,0,16.22,82.13,1,palm,relative
217169.3190,0,282.58,0.00,282.58,0.00,,0,9.23,69.50,1,palm,relative
217169.3524,0,282.58,0.00,282.58,0.00,,0,20.22,82.22,1,palm,relative
217169.3857,0,282.58,0.00,282.58,0.00,,0,12.06,68.53,1,palm,relative
217169.4191,0,282.58,0.00,282.58,0.00,,0,15.12,72.00,1,palm,relative
217169.4524,0,282.58,0.00,282.58,0.00,,0,20.57,74.24,1,palm,relative
217169.4858,0,282.58,0.00,282.58,0.00,,0,23.59,79.83,1,palm,relative
217169.5191,0,282.58,0.00,282.58,0.00,,0,16.41,78.08,1,palm,relative
217169.5525,0,282.58,0.00,282.58,0.00,,0,13.41,76.62,1,palm,relative
217169.5858,0,282.58,0.00,282.58,0.00,,0,27.52,86.39,1,palm,relative
217169.6192,0,282.58,0.00,282.58,0.00,,0,11.56,71.21,1,palm,relative
217169.6525,0,282.58,0.00,282.58,0.00,,0,19.59,81.11,1,palm,relative
217169.6859,0,282.58,0.00,282.58,0.00,,0,17.85,75.61,1,palm,relative
217169.7192,0,282.58,0.00,282.58,0.00,,0,17.20,75.13,1,palm,relative
217169.7526,0,282.58,0.00,282.58,0.00,,0,21.07,75.49,1,palm,relative
217169.7859,0,282.58,0.00,282.58,0.00,,0,21.37,74.70,1,palm,relative
217169.8193,0,282.58,0.00,282.58,0.00,,0,30.10,86.54,1,palm,relative
217169.8526,0,282.58,0.00,282.58,0.00,,0,14.12,73.85,1,palm,relative
217169.8860,0,282.58,0.00,282.58,0.00,,0,11.85,70.91,1,palm,relative
217169.9193,0,282.58,0.00,282.58,0.00,,0,15.88,74.24,1,palm,relative
217169.9527,0,282.58,0.00,282.58,0.00,,0,18.42,76.59,1,palm,relative
217169.9860,0,282.58,0.00,282.58,0.00,,0,16.43,74.07,1,palm,relative
217170.0194,0,282.58,0.00,282.58,0.00,,0,21.71,76.57,1,palm,relative
217170.0527,0,282.58,0.00,282.58,0.00,,0,25.04,79.14,1,palm,relative
217170.0861,0,282.58,0.00,282.58,0.00,,0,14.10,77.85,1,palm,relative
217170.1194,0,282.58,0.00,282.58,0.00,,0,11.28,77.04,1,palm,relative
217170.1528,0,282.58,0.00,282.58,0.00,,0,14.20,77.07,1,palm,relative
217170.1861,0,282.58,0.00,282.58,0.00,,0,16.79,82.69,1,palm,relative
217170.2195,0,282.58,0.00,282.58,0.00,,0,10.22,69.62,1,palm,relative
217170.2528,0,282.58,0.00,282.58,0.00,,0,22.41,83.87,1,palm,relative
217170.2862,0,282.58,0.00,282.58,0.00,,0,16.61,75.57,1,palm,relative
217170.3195,0,282.58,0.00,282.58,0.00,,0,16.64,77.82,1,palm,relative
217170.3529,0,282.58,0.00,282.58,0.00,,0,33.52,92.18,1,palm,relative
217170.3862,0,282.58,0.00,282.58,0.00,,0,12.31,77.67,1,palm,relative
217170.4196,0,282.58,0.00,282.58,0.00,,0,12.89,80.61,1,palm,relative
217170.4529,0,282.58,0.00,282.58,0.00,,0,13.05,76.23,1,palm,relative
217170.4863,0,282.58,0.00,282.58,0.00,,0,15.51,80.33,1,palm,relative
217170.5196,0,282.58,0.00,282.58,0.00,,0,14.12,76.65,1,palm,relative
217170.5530,0,282.58,0.00,282.58,0.00,,0,16.21,78.71,1,palm,relative
217170.5863,0,282.58,0.00,282.58,0.00,,0,18.62,80.83,1,palm,relative
217170.6197,0,282.58,0.00,282.58,0.00,,0,10.25,72.06,1,palm,relative
217170.6530,0,282.58,0.00,282.58,0.00,,0,22.47,84.95,1,palm,relative
217170.6864,0,282.58,0.00,282.58,0.00,,0,13.56,76.76,1,palm,relative
217170.7197,0,282.58,0.00,282.58,0.00,,0,18.30,83.92,1,palm,relative
217170.7531,0,282.58,0.00,282.58,0.00,,0,16.69,76.12,1,palm,relative
217170.7864,0,282.58,0.00,282.58,0.00,,0,24.27,89.17,1,palm,relative
217170.8198,0,282.58,0.00,282.58,0.00,,0,13.70,80.08,1,palm,relative
217170.8531,0,282.58,0.00,282.58,0.00,,0,11.99,81.33,1,palm,relative
217170.8865,0,282.58,0.00,282.58,0.00,,0,12.97,77.57,1,palm,relative
217170.9198,0,282.58,0.00,282.58,0.00,,0,14.75,81.14,1,palm,relative
217170.9532,0,282.58,0.00,282.58,0.00,,0,29.47,91.59,1,palm,relative
217170.9865,0,282.58,0.00,282.58,0.00,,0,11.47,77.26,1,palm,relative
217171.0199,0,282.58,0.00,282.58,0.00,,0,13.94,81.24,1,palm,relative
217171.0532,0,282.58,0.00,282.58,0.00,,0,14.50,76.94,1,palm,relative
217171.0866,0,282.58,0.00,282.58,0.00,,0,15.85,80.24,1,palm,relative
217171.1199,0,282.58,0.00,282.58,0.00,,0,11.15,71.38,1,palm,relative
217171.1533,0,282.58,0.00,282.58,0.00,,0,22.25,85.17,1,palm,relative
217171.1866,0,282.58,0.00,282.58,0.00,,0,9.90,67.60,1,palm,relative
217171.2200,0,282.58,0.00,282.58,0.00,,0,19.63,78.82,1,palm,relative
217171.2533,0,282.58,0.00,282.58,0.00,,0,26.09,87.76,1,palm,relative
217171.2867,0,282.58,0.00,282.58,0.00,,0,12.96,72.98,1,palm,relative
217171.3200,0,282.58,0.00,282.58,0.00,,0,21.95,84.58,1,palm,relative
217171.3534,0,282.58,0.00,282.58,0.00,,0,11.57,70.25,1,palm,relative
217171.3867,0,282.58,0.00,282.58,0.00,,0,23.04,83.89,1,palm,relative
217171.4201,0,282.58,0.00,282.58,0.00,,0,11.75,70.28,1,palm,relative
217171.4534,0,282.58,0.00,282.58,0.00,,0,24.22,84.35,1,palm,relative
217171.4868,0,282.58,0.00,282.58,0.00,,0,11.61,70.44,1,palm,relative
217171.5201,0,282.58,0.00,282.58,0.00,,0,22.35,81.14,1,palm,relative
217171.5535,0,282.58,0.00,282.58,0.00,,0,24.60,80.95,1,palm,relative
217171.5868,0,282.58,0.00,282.58,0.00,,0,22.48,79.02,1,palm,relative
217171.6202,0,282.58,0.00,282.58,0.00,,0,27.65,84.07,1,palm,relative
217171.6535,0,282.58,0.00,282.58,0.00,,0,8.96,69.69,1,palm,relative
217171.6869,0,282.58,0.00,282.58,0.00,,0,18.37,82.12,1,palm,relative
217171.7202,0,282.58,0.00,282.58,0.00,,0,16.66,75.31,1,palm,relative
217171.7536,0,282.58,0.00,282.58,0.00,,0,30.50,88.53,1,palm,relative
217171.7869,0,282.58,0.00,282.58,0.00,,0,13.60,78.83,1,palm,relative
217171.8203,0,282.58,0.00,282.58,0.00,,0,16.59,85.05,1,palm,relative
217171.8536,0,282.58,0.00,282.58,0.00,,0,14.41,76.82,1,palm,relative
217171.8870,0,282.58,0.00,282.58,0.00,,0,16.64,81.29,1,palm,relative
217171.9203,0,282.58,0.00,282.58,0.00,,0,21.65,80.85,1,palm,relative
217171.9537,0,282.58,0.00,282.58,0.00,,0,24.24,85.85,1,palm,relative
217171.9870,0,282.58,0.00,282.58,0.00,,0,10.15,68.78,1,palm,relative
217172.0204,0,282.58,0.00,282.58,0.00,,0,17.75,82.51,1,palm,relative
217172.0537,0,282.58,0.00,282.58,0.00,,0,11.65,68.69,1,palm,relative
217172.0871,0,282.58,0.00,282.58,0.00,,0,20.70,76.17,1,palm,relative
217172.1204,0,282.58,0.00,282.58,0.00,,0,19.27,73.77,1,palm,relative
217172.1538,0,282.58,0.00,282.58,0.00,,0,23.70,76.69,1,palm,relative
217172.1871,0,282.58,0.00,282.58,0.00,,0,28.51,80.72,1,palm,relative
217172.2205,0,282.58,0.00,282.58,0.00,,0,22.41,81.95,1,palm,relative
217172.2538,0,282.58,0.00,282.58,0.00,,0,14.70,73.57,1,palm,relative
217172.2872,0,282.58,0.00,282.58,0.00,,0,21.44,80.09,1,palm,relative
217172.3205,0,282.58,0.00,282.58,0.00,,0,26.13,84.45,1,palm,relative
217172.3539,0,282.58,0.00,282.58,0.00,,0,10.37,70.57,1,palm,relative
217172.3872,0,282.58,0.00,282.58,0.00,,0,19.64,79.13,1,palm,relative
217172.4206,0,282.58,0.00,282.58,0.00,,0,10.95,77.33,1,palm,relative
217172.4539,0,282.58,0.00,282.58,0.00,,0,17.88,87.97,1,palm,relative
217172.4873,0,282.58,0.00,282.58,0.00,,0,13.25,81.28,1,palm,relative
217172.5206,0,282.58,0.00,282.58,0.00,,0,13.76,84.80,1,palm,relative
217172.5540,0,282.58,0.00,282.58,0.00,,0,13.38,81.89,1,palm,relative
217172.5873,0,282.58,0.00,282.58,0.00,,0,16.85,85.36,1,palm,relative
217172.6207,0,282.58,0.00,282.58,0.00,,0,12.79,79.17,1,palm,relative
217172.6540,0,282.58,0.00,282.58,0.00,,0,8.85,77.91,1,palm,relative
217172.6874,0,282.58,0.00,282.58,0.00,,0,14.04,79.43,1,palm,relative
217172.7207,0,282.58,0.00,282.58,0.00,,0,12.99,81.71,1,palm,relative
217172.7541,0,282.58,0.00,282.58,0.00,,0,11.76,73.66,1,palm,relative
217172.7874,0,282.58,0.00,282.58,0.00,,0,13.90,76.02,1,palm,relative
217172.8208,0,282.58,0.00,282.58,0.00,,0,13.41,73.83,1,palm,relative
217172.8541,0,282.58,0.00,282.58,0.00,,0,13.54,76.01,1,palm,relative
217172.8875,0,282.58,0.00,282.58,0.00,,0,16.20,75.49,1,palm,relative
217172.9208,0,282.58,0.00,282.58,0.00,,0,22.27,83.65,1,palm,relative
217172.9542,0,282.58,0.00,282.58,0.00,,0,16.51,72.05,1,palm,relative
217172.9875,0,282.58,0.00,282.58,0.00,,0,27.02,81.34,1,palm,relative
217173.0209,0,282.58,0.00,282.58,0.00,,0,18.90,73.19,1,palm,relative
217173.0542,0,282.58,0.00,282.58,0.00,,0,25.81,78.63,1,palm,relative
217173.0876,0,282.58,0.00,282.58,0.00,,0,11.05,69.25,1,palm,relative
217173.1209,0,282.58,0.00,282.58,0.00,,0,17.04,79.40,1,palm,relative
217173.1543,0,282.58,0.00,282.58,0.00,,0,18.12,74.23,1,palm,relative
217173.1876,0,282.58,0.00,282.58,0.00,,0,27.01,82.53,1,palm,relative
217173.2210,0,282.58,0.00,282.58,0.00,,0,20.29,78.63,1,palm,relative
217173.2543,0,282.58,0.00,282.58,0.00,,0,21.96,79.47,1,palm,relative
217173.2877,0,282.58,0.00,282.58,0.00,,0,11.62,77.55,1,palm,relative
217173.3210,0,282.58,0.00,282.58,0.00,,0,13.51,83.09,1,palm,relative
217173.3544,0,282.58,0.00,282.58,0.00,,0,22.43,88.48,1,palm,relative
217173.3877,0,282.58,0.00,282.58,0.00,,0,9.67,74.66,1,palm,relative
217173.4211,0,282.58,0.00,282.58,0.00,,0,15.91,83.38,1,palm,relative
217173.4544,0,282.58,0.00,282.58,0.00,,0,9.81,73.73,1,palm,relative
217173.4878,0,282.58,0.00,282.58,0.00,,0,17.58,82.65,1,palm,relative
217173.5211,0,282.58,0.00,282.58,0.00,,0,11.74,73.49,1,palm,relative
217173.5545,0,282.58,0.00,282.58,0.00,,0,24.26,85.40,1,palm,relative
217173.5878,0,282.58,0.00,282.58,0.00,,0,13.91,74.37,1,palm,relative
217173.6212,0,282.58,0.00,282.58,0.00,,0,20.99,82.24,1,palm,relative
217173.6545,0,282.58,0.00,282.58,0.00,,0,12.49,69.80,1,palm,relative
217173.6879,0,282.58,0.00,282.58,0.00,,0,18.63,77.51,1,palm,relative
217173.7212,0,282.58,0.00,282.58,0.00,,0,22.27,76.71,1,palm,relative
217173.7546,0,282.58,0.00,282.58,0.00,,0,22.02,75.80,1,palm,relative
217173.7879,0,282.58,0.00,282.58,0.00,,0,27.28,79.85,1,palm,relative
217173.8213,0,282.58,0.00,282.58,0.00,,0,17.95,71.60,1,palm,relative
217173.8546,0,282.58,0.00,282.58,0.00,,0,31.90,84.45,1,palm,relative
217173.8880,0,282.58,0.00,282.58,0.00,,0,13.45,70.67,1,palm,relative
217173.9213,0,282.58,0.00,282.58,0.00,,0,17.74,74.82,1,palm,relative
217173.9547,0,282.58,0.00,282.58,0.00,,0,20.29,76.96,1,palm,relative
217173.9880,0,282.58,0.00,282.58,0.00,,0,29.51,86.19,1,palm,relative
217174.0214,0,282.58,0.00,282.58,0.00,,0,10.23,74.17,1,palm,relative
217174.0547,0,282.58,0.00,282.58,0.00,,0,13.61,80.31,1,palm,relative
217174.0881,0,282.58,0.00,282.58,0.00,,0,10.97,73.07,1,palm,relative
217174.1214,0,282.58,0.00,282.58,0.00,,0,13.07,74.23,1,palm,relative
217174.1548,0,282.58,0.00,282.58,0.00,,0,15.24,78.95,1,palm,relative
217174.1881,0,282.58,0.00,282.58,0.00,,0,13.94,74.31,1,palm,relative
217174.2215,0,282.58,0.00,282.58,0.00,,0,13.95,76.10,1,palm,relative
217174.2548,0,282.58,0.00,282.58,0.00,,0,13.03,72.70,1,palm,relative
217174.2882,0,282.58,0.00,282.58,0.00,,0,16.40,76.43,1,palm,relative
217174.3215,0,282.58,0.00,282.58,0.00,,0,20.68,79.38,1,palm,relative
217174.3549,0,282.58,0.00,282.58,0.00,,0,20.17,81.16,1,palm,relative
217174.3882,0,282.58,0.00,282.58,0.00,,0,22.10,77.00,1,palm,relative
217174.4215,0,282.58,0.00,282.58,0.00,,0,32.35,87.46,1,palm,relative
217174.4549,0,282.58,0.00,282.58,0.00,,0,9.43,71.30,1,palm,relative
217174.4882,0,282.58,0.00,282.58,0.00,,0,15.23,79.46,1,palm,relative
217174.5216,0,282.58,0.00,282.58,0.00,,0,9.89,70.41,1,palm,relative
217174.5549,0,282.58,0.00,282.58,0.00,,0,15.09,76.33,1,palm,relative
217174.5883,0,282.58,0.00,282.58,0.00,,0,15.18,74.47,1,palm,relative
217174.6216,0,282.58,0.00,282.58,0.00,,0,17.79,77.71,1,palm,relative
217174.6550,0,282.58,0.00,282.58,0.00,,0,16.34,73.71,1,palm,relative
217174.6884,0,282.58,0.00,282.58,0.00,,0,16.39,75.31,1,palm,relative
217174.7217,0,282.58,0.00,282.58,0.00,,0,17.91,73.23,1,palm,relative
217174.7551,0,282.58,0.00,282.58,0.00,,0,19.50,75.59,1,palm,relative
217174.7884,0,282.58,0.00,282.58,0.00,,0,28.27,79.85,1,palm,relative
217174.8218,0,282.58,0.00,282.58,0.00,,0,20.17,75.88,1,palm,relative
217174.8551,0,282.58,0.00,282.58,0.00,,0,20.39,76.85,1,palm,relative
217174.8884,0,282.58,0.00,282.58,0.00,,0,16.37,69.11,1,palm,relative
217174.9218,0,282.58,0.00,282.58,0.00,,0,22.29,74.46,1,palm,relative
217174.9551,0,282.58,0.00,282.58,0.00,,0,21.43,72.25,1,palm,relative
217174.9885,0,282.58,0.00,282.58,0.00,,0,28.30,77.82,1,palm,relative
217175.0218,0,282.58,0.00,282.58,0.00,,0,20.85,87.35,1,palm,relative
217175.0552,0,282.58,0.00,282.58,0.00,,0,12.80,78.04,1,palm,relative
217175.0885,0,282.58,0.00,282.58,0.00,,0,17.42,84.82,1,palm,relative
217175.1219,0,282.58,0.00,282.58,0.00,,0,12.24,77.41,1,palm,relative
217175.1553,0,282.58,0.00,282.58,0.00,,0,18.49,84.96,1,palm,relative
217175.1886,0,282.58,0.00,282.58,0.00,,0,12.74,77.04,1,palm,relative
217175.2220,0,282.58,0.00,282.58,0.00,,0,20.04,83.15,1,palm,relative
217175.2553,0,282.58,0.00,282.58,0.00,,0,11.89,73.70,1,palm,relative
217175.2887,0,282.58,0.00,282.58,0.00,,0,18.22,81.61,1,palm,relative
217175.3220,0,282.58,0.00,282.58,0.00,,0,14.00,73.44,1,palm,relative
217175.3553,0,282.58,0.00,282.58,0.00,,0,16.14,76.89,1,palm,relative
217175.3887,0,282.58,0.00,282.58,0.00,,0,20.96,76.15,1,palm,relative
217175.4220,0,282.58,0.00,282.58,0.00,,0,27.42,81.26,1,palm,relative
217175.4554,0,282.58,0.00,282.58,0.00,,0,14.26,80.88,1,palm,relative
217175.4887,0,282.58,0.00,282.58,0.00,,0,17.28,83.57,1,palm,relative
217175.5221,0,282.58,0.00,282.58,0.00,,0,12.15,79.06,1,palm,relative
217175.5555,0,282.58,0.00,282.58,0.00,,0,15.20,78.30,1,palm,relative
217175.5888,0,282.58,0.00,282.58,0.00,,0,15.54,80.13,1,palm,relative
217175.6222,0,282.58,0.00,282.58,0.00,,0,14.64,76.69,1,palm,relative
217175.6555,0,282.58,0.00,282.58,0.00,,0,11.71,74.11,1,palm,relative
217175.6889,0,282.58,0.00,282.58,0.00,,0,13.75,76.47,1,palm,relative
217175.7222,0,282.58,0.00,282.58,0.00,,0,15.04,73.85,1,palm,relative
217175.7556,0,282.58,0.00,282.58,0.00,,0,17.47,77.47,1,palm,relative
217175.7889,0,282.58,0.00,282.58,0.00,,0,14.18,74.02,1,palm,relative
217175.8222,0,282.58,0.00,282.58,0.00,,0,13.18,72.87,1,palm,relative
217175.8556,0,282.58,0.00,282.58,0.00,,0,15.01,76.42,1,palm,relative
217175.8889,0,282.58,0.00,282.58,0.00,,0,20.02,78.35,1,palm,relative
217175.9223,0,282.58,0.00,282.58,0.00,,0,13.39,77.17,1,palm,relative
217175.9556,0,282.58,0.00,282.58,0.00,,0,31.42,89.23,1,palm,relative
217175.9890,0,282.58,0.00,282.58,0.00,,0,13.03,83.24,1,palm,relative
217176.0224,0,282.58,0.00,282.58,0.00,,0,26.01,108.76,1,palm,relative
217176.0557,0,282.58,0.00,282.58,0.00,,0,6.16,81.68,1,palm,relative
217176.0891,0,282.58,0.00,282.58,0.00,,0,13.47,87.11,1,palm,relative
217176.1224,0,282.58,0.00,282.58,0.00,,0,10.58,77.33,1,palm,relative
217176.1558,0,282.58,0.00,282.58,0.00,,0,14.01,83.72,1,palm,relative
217176.1891,0,282.58,0.00,282.58,0.00,,0,13.39,78.18,1,palm,relative
217176.2225,0,282.58,0.00,282.58,0.00,,0,11.74,75.44,1,palm,relative
217176.2558,0,282.58,0.00,282.58,0.00,,0,13.65,78.64,1,palm,relative
217176.2891,0,282.58,0.00,282.58,0.00,,0,13.32,75.46,1,palm,relative
217176.3225,0,282.58,0.00,282.58,0.00,,0,16.26,79.77,1,palm,relative
217176.3558,0,282.58,0.00,282.58,0.00,,0,14.80,75.16,1,palm,relative
217176.3892,0,282.58,0.00,282.58,0.00,,0,17.35,78.12,1,palm,relative
217176.4225,0,282.58,0.00,282.58,0.00,,0,17.04,78.95,1,palm,relative
217176.4559,0,282.58,0.00,282.58,0.00,,0,16.95,77.98,1,palm,relative
217176.4893,0,282.58,0.00,282.58,0.00,,0,13.90,77.98,1,palm,relative
217176.5226,0,282.58,0.00,282.58,0.00,,0,10.29,75.76,1,palm,relative
217176.5560,0,282.58,0.00,282.58,0.00,,0,17.46,78.80,1,palm,relative
217176.5893,0,282.58,0.00,282.58,0.00,,0,17.63,79.41,1,palm,relative
217176.6227,0,282.58,0.00,282.58,0.00,,0,18.64,77.01,1,palm,relative
217176.6560,0,282.58,0.00,282.58,0.00,,0,26.87,85.29,1,palm,relative
217176.6894,0,282.58,0.00,282.58,0.00,,0,12.32,73.16,1,palm,relative
217176.7227,0,282.58,0.00,282.58,0.00,,0,17.13,80.29,1,palm,relative
217176.7560,0,282.58,0.00,282.58,0.00,,0,14.11,72.85,1,palm,relative
217176.7894,0,282.58,0.00,282.58,0.00,,0,17.81,75.35,1,palm,relative
217176.8227,0,282.58,0.00,282.58,0.00,,0,22.34,82.96,1,palm,relative
217176.8561,0,282.58,0.00,282.58,0.00,,0,13.90,69.17,1,palm,relative
217176.8894,0,282.58,0.00,282.58,0.00,,0,24.62,79.44,1,palm,relative
217176.9228,0,282.58,0.00,282.58,0.00,,0,26.39,81.57,1,palm,relative
217176.9562,0,282.58,0.00,282.58,0.00,,0,18.01,72.96,1,palm,relative
217176.9895,0,282.58,0.00,282.58,0.00,,0,26.65,80.21,1,palm,relative
217177.0229,0,282.58,0.00,282.58,0.00,,0,26.97,79.07,1,palm,relative
217177.0562,0,282.58,0.00,282.58,0.00,,0,24.40,76.30,1,palm,relative
217177.0896,0,282.58,0.00,282.58,0.00,,0,28.20,78.83,1,palm,relative
217177.1229,0,282.58,0.00,282.58,0.00,,0,26.29,81.69,1,palm,relative
217177.1562,0,282.58,0.00,282.58,0.00,,0,14.71,71.98,1,palm,relative
217177.1896,0,282.58,0.00,282.58,0.00,,0,27.42,84.68,1,palm,relative
217177.2229,0,282.58,0.00,282.58,0.00,,0,9.18,71.00,1,palm,relative
217177.2563,0,282.58,0.00,282.58,0.00,,0,21.44,85.34,1,palm,relative
217177.2896,0,282.58,0.00,282.58,0.00,,0,9.90,67.93,1,palm,relative
217177.3230,0,282.58,0.00,282.58,0.00,,0,27.75,90.01,1,palm,relative
217177.3563,0,282.58,0.00,282.58,0.00,,0,13.10,77.56,1,palm,relative
217177.3897,0,282.58,0.00,282.58,0.00,,0,11.67,78.90,1,palm,relative
217177.4231,0,282.58,0.00,282.58,0.00,,0,13.32,76.57,1,palm,relative
217177.4564,0,282.58,0.00,282.58,0.00,,0,12.93,77.02,1,palm,relative
217177.4898,0,282.58,0.00,282.58,0.00,,0,14.94,76.09,1,palm,relative
217177.5231,0,282.58,0.00,282.58,0.00,,0,16.68,77.96,1,palm,relative
217177.5565,0,282.58,0.00,282.58,0.00,,0,17.01,77.14,1,palm,relative
217177.5898,0,282.58,0.00,282.58,0.00,,0,16.07,75.29,1,palm,relative
217177.6231,0,282.58,0.00,282.58,0.00,,0,23.93,84.00,1,palm,relative
217177.6565,0,282.58,0.00,282.58,0.00,,0,13.53,76.18,1,palm,relative
217177.6898,0,282.58,0.00,282.58,0.00,,0,15.55,76.77,1,palm,relative
217177.7232,0,282.58,0.00,282.58,0.00,,0,23.71,84.41,1,palm,relative
217177.7565,0,282.58,0.00,282.58,0.00,,0,14.32,73.46,1,palm,relative
217177.7899,0,282.58,0.00,282.58,0.00,,0,20.86,82.40,1,palm,relative
217177.8232,0,282.58,0.00,282.58,0.00,,0,6.97,73.15,1,palm,relative
217177.8566,0,282.58,0.00,282.58,0.00,,0,10.15,81.76,1,palm,relative
217177.8900,0,282.58,0.00,282.58,0.00,,0,12.93,79.13,1,palm,relative
217177.9233,0,282.58,0.00,282.58,0.00,,0,14.31,81.55,1,palm,relative
217177.9567,0,282.58,0.00,282.58,0.00,,0,15.72,79.96,1,palm,relative
217177.9900,0,282.58,0.00,282.58,0.00,,0,18.24,84.80,1,palm,relative
217178.0234,0,282.58,0.00,282.58,0.00,,0,10.82,74.10,1,palm,relative
217178.0567,0,282.58,0.00,282.58,0.00,,0,16.71,84.78,1,palm,relative
217178.0900,0,282.58,0.00,282.58,0.00,,0,8.19,68.91,1,palm,relative
217178.1234,0,282.58,0.00,282.58,0.00,,0,20.72,81.65,1,palm,relative
217178.1567,0,282.58,0.00,282.58,0.00,,0,16.01,76.32,1,palm,relative
217178.1901,0,282.58,0.00,282.58,0.00,,0,19.20,89.46,1,palm,relative
217178.2234,0,282.58,0.00,282.58,0.00,,0,14.35,84.11,1,palm,relative
217178.2568,0,282.58,0.00,282.58,0.00,,0,16.43,88.86,1,palm,relative
217178.2901,0,282.58,0.00,282.58,0.00,,0,14.80,81.68,1,palm,relative
217178.3235,0,282.58,0.00,282.58,0.00,,0,17.98,84.03,1,palm,relative
217178.3569,0,282.58,0.00,282.58,0.00,,0,11.11,76.24,1,palm,relative
217178.3902,0,282.58,0.00,282.58,0.00,,0,15.17,83.46,1,palm,relative
217178.4236,0,282.58,0.00,282.58,0.00,,0,17.39,81.29,1,palm,relative
217178.4569,0,282.58,0.00,282.58,0.00,,0,17.15,80.37,1,palm,relative
217178.4903,0,282.58,0.00,282.58,0.00,,0,14.28,77.38,1,palm,relative
217178.5236,0,282.58,0.00,282.58,0.00,,0,19.32,82.35,1,palm,relative
217178.5569,0,282.58,0.00,282.58,0.00,,0,15.25,78.37,1,palm,relative
217178.5903,0,282.58,0.00,282.58,0.00,,0,17.86,83.56,1,palm,relative
217178.6236,0,282.58,0.00,282.58,0.00,,0,31.65,90.28,1,palm,relative
217178.6570,0,282.58,0.00,282.58,0.00,,0,10.99,73.38,1,palm,relative
217178.6903,0,282.58,0.00,282.58,0.00,,0,14.58,81.92,1,palm,relative
217178.7237,0,282.58,0.00,282.58,0.00,,0,19.33,79.58,1,palm,relative
217178.7570,0,282.58,0.00,282.58,0.00,,0,11.03,71.19,1,palm,relative
217178.7904,0,282.58,0.00,282.58,0.00,,0,14.31,76.77,1,palm,relative
217178.8238,0,282.58,0.00,282.58,0.00,,0,17.07,75.95,1,palm,relative
217178.8571,0,282.58,0.00,282.58,0.00,,0,28.90,86.65,1,palm,relative
217178.8905,0,282.58,0.00,282.58,0.00,,0,13.84,77.65,1,palm,relative
217178.9238,0,282.58,0.00,282.58,0.00,,0,24.10,86.94,1,palm,relative
217178.9572,0,282.58,0.00,282.58,0.00,,0,15.26,82.50,1,palm,relative
217178.9905,0,282.58,0.00,282.58,0.00,,0,15.08,84.25,1,palm,relative
217179.0238,0,282.58,0.00,282.58,0.00,,0,9.83,74.60,1,palm,relative
217179.0572,0,282.58,0.00,282.58,0.00,,0,15.33,81.86,1,palm,relative
217179.0905,0,282.58,0.00,282.58,0.00,,0,9.90,74.41,1,palm,relative
217179.1239,0,282.58,0.00,282.58,0.00,,0,13.43,77.58,1,palm,relative
217179.1572,0,282.58,0.00,282.58,0.00,,0,12.51,79.62,1,palm,relative
217179.1906,0,282.58,0.00,282.58,0.00,,0,11.30,72.34,1,palm,relative
217179.2240,0,282.58,0.00,282.58,0.00,,0,13.91,74.64,1,palm,relative
217179.2573,0,282.58,0.00,282.58,0.00,,0,15.33,84.04,1,palm,relative
217179.2907,0,282.58,0.00,282.58,0.00,,0,14.18,72.88,1,palm,relative
217179.3240,0,282.58,0.00,282.58,0.00,,0,41.07,101.09,1,palm,relative
217179.3574,0,282.58,0.00,282.58,0.00,,0,18.67,106.65,1,palm,relative
217179.3907,0,282.58,0.00,282.58,0.00,,0,29.55,119.80,1,palm,relative
217179.4241,0,282.58,0.00,282.58,0.00,,0,15.51,102.18,1,palm,relative
217179.4574,0,282.58,0.00,282.58,0.00,,0,30.18,117.67,1,palm,relative
217179.4907,0,282.58,0.00,282.58,0.00,,0,31.65,118.14,1,palm,relative
217179.5241,0,282.58,0.00,282.58,0.00,,0,15.43,100.97,1,palm,relative
217179.5574,0,282.58,0.00,282.58,0.00,,0,29.58,118.89,1,palm,relative
217179.5908,0,282.58,0.00,282.58,0.00,,0,19.64,106.98,1,palm,relative
217179.6241,0,282.58,0.00,282.58,0.00,,0,29.66,119.83,1,palm,relative
217179.6575,0,282.58,0.00,282.58,0.00,,0,20.98,107.93,1,palm,relative
217179.6909,0,282.58,0.00,282.58,0.00,,0,22.13,110.41,1,palm,relative
217179.7242,0,282.58,0.00,282.58,0.00,,0,25.29,114.37,1,palm,relative
217179.7576,0,282.58,0.00,282.58,0.00,,0,17.41,104.21,1,palm,relative
217179.7909,0,282.58,0.00,282.58,0.00,,0,33.97,121.40,1,palm,relative
217179.8243,0,282.58,0.00,282.58,0.00,,0,27.89,116.19,1,palm,relative
217179.8576,0,282.58,0.00,282.58,0.00,,0,19.87,106.14,1,palm,relative
217179.8910,0,282.58,0.00,282.58,0.00,,0,27.46,108.97,1,palm,relative
217179.9243,0,282.58,0.00,282.58,0.00,,0,34.43,118.21,1,palm,relative
217179.9576,0,282.58,0.00,282.58,0.00,,0,18.36,103.41,1,palm,relative
217179.9910,0,282.58,0.00,282.58,0.00,,0,33.91,118.17,1,palm,relative
217180.0243,0,282.58,0.00,282.58,0.00,,0,23.56,108.50,1,palm,relative
217180.0577,0,282.58,0.00,282.58,0.00,,0,30.36,116.61,1,palm,relative
217180.0910,0,282.58,0.00,282.58,0.00,,0,16.50,102.58,1,palm,relative
217180.1244,0,282.58,0.00,282.58,0.00,,0,27.86,116.15,1,palm,relative
217180.1578,0,282.58,0.00,282.58,0.00,,0,33.57,121.60,1,palm,relative
217180.1911,0,282.58,0.00,282.58,0.00,,0,11.94,100.50,1,palm,relative
217180.2245,0,282.58,0.00,282.58,0.00,,0,30.90,118.41,1,palm,relative
217180.2578,0,282.58,0.00,282.58,0.00,,0,14.93,100.89,1,palm,relative
217180.2912,0,282.58,0.00,282.58,0.00,,0,33.11,122.10,1,palm,relative
217180.3245,0,282.58,0.00,282.58,0.00,,0,16.35,105.36,1,palm,relative
217180.3579,0,282.58,0.00,282.58,0.00,,0,34.69,119.98,1,palm,relative
217180.3912,0,282.58,0.00,282.58,0.00,,0,33.74,121.57,1,palm,relative
217180.4245,0,282.58,0.00,282.58,0.00,,0,15.90,104.55,1,palm,relative
217180.4579,0,282.58,0.00,282.58,0.00,,0,35.62,117.04,1,palm,relative
217180.4912,0,282.58,0.00,282.58,0.00,,0,13.11,97.01,1,palm,relative
217180.5246,0,282.58,0.00,282.58,0.00,,0,14.46,89.49,1,palm,relative
217180.5579,0,282.58,0.00,282.58,0.00,,0,17.62,94.04,1,palm,relative
217180.5913,0,282.58,0.00,282.58,0.00,,0,6.64,82.28,1,palm,relative
217180.6247,0,282.58,0.00,282.58,0.00,,0,18.07,99.07,1,palm,relative
217180.6580,0,282.58,0.00,282.58,0.00,,0,17.32,98.44,1,palm,relative
217180.6914,0,282.58,0.00,282.58,0.00,,0,26.06,108.51,1,palm,relative
217180.7247,0,282.58,0.00,282.58,0.00,,0,9.91,88.40,1,palm,relative
217180.7581,0,282.58,0.00,282.58,0.00,,0,18.34,98.29,1,palm,relative
217180.7914,0,282.58,0.00,282.58,0.00,,0,6.32,86.54,1,palm,relative
217180.8247,0,282.58,0.00,282.58,0.00,,0,18.19,95.90,1,palm,relative
217180.8581,0,282.58,0.00,282.58,0.00,,0,23.37,101.88,1,palm,relative
217180.8914,0,282.58,0.00,282.58,0.00,,0,31.64,109.92,1,palm,relative
217180.9248,0,282.58,0.00,282.58,0.00,,0,33.21,115.41,1,palm,relative
217180.9581,0,282.58,0.00,282.58,0.00,,0,24.30,106.48,1,palm,relative
217180.9915,0,282.58,0.00,282.58,0.00,,0,28.75,113.95,1,palm,relative
217181.0248,0,282.58,0.00,282.58,0.00,,0,29.37,110.55,1,palm,relative
217181.0582,0,282.58,0.00,282.58,0.00,,0,24.37,109.31,1,palm,relative
217181.0916,0,282.58,0.00,282.58,0.00,,0,28.55,110.55,1,palm,relative
217181.1249,0,282.58,0.00,282.58,0.00,,0,13.12,96.46,1,palm,relative
217181.1583,0,282.58,0.00,282.58,0.00,,0,27.09,110.42,1,palm,relative
217181.1916,0,282.58,0.00,282.58,0.00,,0,12.35,89.84,1,palm,relative
217181.2250,0,282.58,0.00,282.58,0.00,,0,32.94,113.73,1,palm,relative
217181.2583,0,282.58,0.00,282.58,0.00,,0,9.37,90.13,1,palm,relative
217181.2916,0,282.58,0.00,282.58,0.00,,0,33.93,115.55,1,palm,relative
217181.3250,0,282.58,0.00,282.58,0.00,,0,23.38,105.91,1,palm,relative
217181.3583,0,282.58,0.00,282.58,0.00,,0,13.40,96.64,1,palm,relative
217181.3917,0,282.58,0.00,282.58,0.00,,0,28.98,109.22,1,palm,relative
217181.4250,0,282.58,0.00,282.58,0.00,,0,25.16,106.98,1,palm,relative
217181.4584,0,282.58,0.00,282.58,0.00,,0,12.56,92.62,1,palm,relative
217181.4917,0,282.58,0.00,282.58,0.00,,0,29.24,109.14,1,palm,relative
217181.5251,0,282.58,0.00,282.58,0.00,,0,10.67,91.55,1,palm,relative
217181.5585,0,282.58,0.00,282.58,0.00,,0,30.24,107.86,1,palm,relative
217181.5918,0,282.58,0.00,282.58,0.00,,0,15.42,93.12,1,palm,relative
217181.6252,0,282.58,0.00,282.58,0.00,,0,26.38,104.23,1,palm,relative
217181.6585,0,282.58,0.00,282.58,0.00,,0,14.52,89.60,1,palm,relative
217181.6919,0,282.58,0.00,282.58,0.00,,0,13.67,91.38,1,palm,relative
217181.7252,0,282.58,0.00,282.58,0.00,,0,14.36,90.82,1,palm,relative
217181.7585,0,282.58,0.00,282.58,0.00,,0,27.14,112.87,1,palm,relative
217181.7919,0,282.58,0.00,282.58,0.00,,0,22.58,102.55,1,palm,relative
217181.8252,0,282.58,0.00,282.58,0.00,,0,29.76,104.48,1,palm,relative
217181.8586,0,282.58,0.00,282.58,0.00,,0,11.21,82.58,1,palm,relative
217181.8919,0,282.58,0.00,282.58,0.00,,0,13.56,86.98,1,palm,relative
217181.9253,0,282.58,0.00,282.58,0.00,,0,13.11,84.48,1,palm,relative
217181.9586,0,282.58,0.00,282.58,0.00,,0,14.70,89.13,1,palm,relative
217181.9920,0,282.58,0.00,282.58,0.00,,0,14.08,83.94,1,palm,relative
217182.0254,0,282.58,0.00,282.58,0.00,,0,16.09,84.95,1,palm,relative
217182.0587,0,282.58,0.00,282.58,0.00,,0,12.85,81.76,1,palm,relative
217182.0921,0,282.58,0.00,282.58,0.00,,0,13.89,84.86,1,palm,relative
217182.1254,0,282.58,0.00,282.58,0.00,,0,15.53,85.87,1,palm,relative
217182.1588,0,282.58,0.00,282.58,0.00,,0,13.11,86.63,1,palm,relative
217182.1921,0,282.58,0.00,282.58,0.00,,0,11.76,86.60,1,palm,relative
217182.2254,0,282.58,0.00,282.58,0.00,,0,13.76,80.79,1,palm,relative
217182.2588,0,282.58,0.00,282.58,0.00,,0,14.16,83.42,1,palm,relative
217182.2921,0,282.58,0.00,282.58,0.00,,0,13.04,79.79,1,palm,relative
217182.3255,0,282.58,0.00,282.58,0.00,,0,16.43,82.74,1,palm,relative
217182.3588,0,282.58,0.00,282.58,0.00,,0,13.62,80.80,1,palm,relative
217182.3922,0,282.58,0.00,282.58,0.00,,0,20.31,84.12,1,palm,relative
217182.4256,0,282.58,0.00,282.58,0.00,,0,13.11,77.11,1,palm,relative
217182.4589,0,282.58,0.00,282.58,0.00,,0,11.32,73.86,1,palm,relative
217182.4923,0,282.58,0.00,282.58,0.00,,0,11.97,76.36,1,palm,relative
217182.5256,0,282.58,0.00,282.58,0.00,,0,12.69,72.79,1,palm,relative
217182.5590,0,282.58,0.00,282.58,0.00,,0,24.69,86.11,1,palm,relative
217182.5923,0,282.58,0.00,282.58,0.00,,0,19.76,78.06,1,palm,relative
217182.6257,0,282.58,0.00,282.58,0.00,,0,13.00,77.74,1,palm,relative
217182.6590,0,282.58,0.00,282.58,0.00,,0,20.22,77.79,1,palm,relative
217182.6923,0,282.58,0.00,282.58,0.00,,0,11.72,69.42,1,palm,relative
217182.7257,0,282.58,0.00,282.58,0.00,,0,24.40,81.52,1,palm,relative
217182.7590,0,282.58,0.00,282.58,0.00,,0,13.40,68.39,1,palm,relative
217182.7924,0,282.58,0.00,282.58,0.00,,0,14.55,71.71,1,palm,relative
217182.8257,0,282.58,0.00,282.58,0.00,,0,12.97,76.64,1,palm,relative
217182.8591,0,282.58,0.00,282.58,0.00,,0,16.79,81.62,1,palm,relative
217182.8924,0,282.58,0.00,282.58,0.00,,0,9.88,73.59,1,palm,relative
217182.9258,0,282.58,0.00,282.58,0.00,,0,9.51,75.10,1,palm,relative
217182.9591,0,282.58,0.00,282.58,0.00,,0,16.42,77.19,1,palm,relative
217182.9925,0,282.58,0.00,282.58,0.00,,0,13.48,74.80,1,palm,relative
217183.0258,0,282.58,0.00,282.58,0.00,,0,17.88,77.67,1,palm,relative
217183.0592,0,282.58,0.00,282.58,0.00,,0,14.53,73.93,1,palm,relative
217183.0925,0,282.58,0.00,282.58,0.00,,0,18.33,77.67,1,palm,relative
217183.1259,0,282.58,0.00,282.58,0.00,,0,30.67,91.78,1,palm,relative
217183.1592,0,282.58,0.00,282.58,0.00,,0,12.64,83.18,1,palm,relative
217183.1926,0,282.58,0.00,282.58,0.00,,0,30.41,107.17,1,palm,relative
217183.2259,0,282.58,0.00,282.58,0.00,,0,16.39,90.86,1,palm,relative
217183.2593,0,282.58,0.00,282.58,0.00,,0,13.42,80.91,1,palm,relative
217183.2926,0,282.58,0.00,282.58,0.00,,0,13.60,84.63,1,palm,relative
217183.3260,0,282.58,0.00,282.58,0.00,,0,14.65,80.85,1,palm,relative
217183.3593,0,282.58,0.00,282.58,0.00,,0,20.63,85.87,1,palm,relative
217183.3927,0,282.58,0.00,282.58,0.00,,0,19.65,86.19,1,palm,relative
217183.4260,0,282.58,0.00,282.58,0.00,,0,13.93,80.05,1,palm,relative
217183.4594,0,282.58,0.00,282.58,0.00,,0,15.14,84.52,1,palm,relative
217183.4927,0,282.58,0.00,282.58,0.00,,0,15.69,80.12,1,palm,relative
217183.5261,0,282.58,0.00,282.58,0.00,,0,10.63,77.96,1,palm,relative
217183.5594,0,282.58,0.00,282.58,0.00,,0,17.27,79.47,1,palm,relative
217183.5928,0,282.58,0.00,282.58,0.00,,0,15.45,76.33,1,palm,relative
217183.6261,0,282.58,0.00,282.58,0.00,,0,19.61,83.31,1,palm,relative
217183.6595,0,282.58,0.00,282.58,0.00,,0,11.19,77.71,1,palm,relative
217183.6928,0,282.58,0.00,282.58,0.00,,0,12.38,81.62,1,palm,relative
217183.7262,0,282.58,0.00,282.58,0.00,,0,15.47,78.46,1,palm,relative
217183.7595,0,282.58,0.00,282.58,0.00,,0,17.15,80.71,1,palm,relative
217183.7929,0,282.58,0.00,282.58,0.00,,0,26.43,89.49,1,palm,relative
217183.8262,0,282.58,0.00,282.58,0.00,,0,13.78,80.20,1,palm,relative
217183.8596,0,282.58,0.00,282.58,0.00,,0,17.77,86.14,1,palm,relative
217183.8929,0,282.58,0.00,282.58,0.00,,0,15.59,79.16,1,palm,relative
217183.9263,0,282.58,0.00,282.58,0.00,,0,18.31,82.62,1,palm,relative
217183.9596,0,282.58,0.00,282.58,0.00,,0,10.87,72.27,1,palm,relative
217183.9930,0,282.58,0.00,282.58,0.00,,0,33.81,96.92,1,palm,relative
217184.0263,0,282.58,0.00,282.58,0.00,,0,18.29,99.61,1,palm,relative
217184.0597,0,282.58,0.00,282.58,0.00,,0,26.93,109.70,1,palm,relative
217184.0930,0,282.58,0.00,282.58,0.00,,0,20.21,100.94,1,palm,relative
217184.1264,0,282.58,0.00,282.58,0.00,,0,40.41,124.77,1,palm,relative
217184.1597,0,282.58,0.00,282.58,0.00,,0,27.37,118.90,1,palm,relative
217184.1931,0,282.58,0.00,282.58,0.00,,0,15.78,101.44,1,palm,relative
217184.2264,0,282.58,0.00,282.58,0.00,,0,13.14,88.46,1,palm,relative
217184.2598,0,282.58,0.00,282.58,0.00,,0,16.36,91.30,1,palm,relative
217184.2931,0,282.58,0.00,282.58,0.00,,0,7.26,82.52,1,palm,relative
217184.3265,0,282.58,0.00,282.58,0.00,,0,10.75,86.72,1,palm,relative
217184.3598,0,282.58,0.00,282.58,0.00,,0,10.81,83.81,1,palm,relative
217184.3932,0,282.58,0.00,282.58,0.00,,0,24.22,101.04,1,palm,relative
217184.4265,0,282.58,0.00,282.58,0.00,,0,7.47,78.48,1,palm,relative
217184.4599,0,282.58,0.00,282.58,0.00,,0,14.33,88.63,1,palm,relative
217184.4932,0,282.58,0.00,282.58,0.00,,0,10.17,80.71,1,palm,relative
217184.5266,0,282.58,0.00,282.58,0.00,,0,10.06,82.26,1,palm,relative
217184.5599,0,282.58,0.00,282.58,0.00,,0,10.11,82.35,1,palm,relative
217184.5933,0,282.58,0.00,282.58,0.00,,0,7.90,76.43,1,palm,relative
217184.6266,0,282.58,0.00,282.58,0.00,,0,14.23,81.12,1,palm,relative
217184.6600,0,282.58,0.00,282.58,0.00,,0,17.70,86.36,1,palm,relative
217184.6933,0,282.58,0.00,282.58,0.00,,0,13.32,78.77,1,palm,relative
217184.7267,0,282.58,0.00,282.58,0.00,,0,14.17,84.62,1,palm,relative
217184.7600,0,282.58,0.00,282.58,0.00,,0,12.57,77.60,1,palm,relative
217184.7934,0,282.58,0.00,282.58,0.00,,0,14.25,82.94,1,palm,relative
217184.8267,0,282.58,0.00,282.58,0.00,,0,15.70,79.07,1,palm,relative
217184.8601,0,282.58,0.00,282.58,0.00,,0,10.64,75.45,1,palm,relative
217184.8934,0,282.58,0.00,282.58,0.00,,0,11.06,75.20,1,palm,relative
217184.9268,0,282.58,0.00,282.58,0.00,,0,12.69,78.06,1,palm,relative
217184.9601,0,282.58,0.00,282.58,0.00,,0,16.20,77.11,1,palm,relative
217184.9935,0,282.58,0.00,282.58,0.00,,0,11.75,73.88,1,palm,relative
217185.0268,0,282.58,0.00,282.58,0.00,,0,15.17,75.38,1,palm,relative
217185.0602,0,282.58,0.00,282.58,0.00,,0,21.72,84.89,1,palm,relative
217185.0935,0,282.58,0.00,282.58,0.00,,0,8.89,70.50,1,palm,relative
217185.1269,0,282.58,0.00,282.58,0.00,,0,16.32,80.29,1,palm,relative
217185.1602,0,282.58,0.00,282.58,0.00,,0,13.80,72.95,1,palm,relative
217185.1936,0,282.58,0.00,282.58,0.00,,0,21.92,82.04,1,palm,relative
217185.2269,0,282.58,0.00,282.58,0.00,,0,20.72,76.20,1,palm,relative
217185.2603,0,282.58,0.00,282.58,0.00,,0,34.85,89.48,1,palm,relative
217185.2936,0,282.58,0.00,282.58,0.00,,0,13.53,83.42,1,palm,relative
217185.3270,0,282.58,0.00,282.58,0.00,,0,13.51,82.35,1,palm,relative
217185.3603,0,282.58,0.00,282.58,0.00,,0,13.14,86.34,1,palm,relative
217185.3937,0,282.58,0.00,282.58,0.00,,0,16.31,85.59,1,palm,relative
217185.4270,0,282.58,0.00,282.58,0.00,,0,14.56,84.83,1,palm,relative
217185.4604,0,282.58,0.00,282.58,0.00,,0,11.61,81.57,1,palm,relative
217185.4937,0,282.58,0.00,282.58,0.00,,0,17.43,90.17,1,palm,relative
217185.5271,0,282.58,0.00,282.58,0.00,,0,17.30,83.47,1,palm,relative
217185.5604,0,282.58,0.00,282.58,0.00,,0,7.78,73.41,1,palm,relative
217185.5938,0,282.58,0.00,282.58,0.00,,0,14.23,81.46,1,palm,relative
217185.6271,0,282.58,0.00,282.58,0.00,,0,9.55,74.20,1,palm,relative
217185.6605,0,282.58,0.00,282.58,0.00,,0,15.46,79.98,1,palm,relative
217185.6938,0,282.58,0.00,282.58,0.00,,0,13.17,76.59,1,palm,relative
217185.7272,0,282.58,0.00,282.58,0.00,,0,14.07,82.68,1,palm,relative
217185.7605,0,282.58,0.00,282.58,0.00,,0,13.59,74.70,1,palm,relative
217185.7939,0,282.58,0.00,282.58,0.00,,0,19.96,83.32,1,palm,relative
217185.8272,0,282.58,0.00,282.58,0.00,,0,16.80,75.02,1,palm,relative
217185.8606,0,282.58,0.00,282.58,0.00,,0,20.69,77.67,1,palm,relative
217185.8939,0,282.58,0.00,282.58,0.00,,0,22.97,78.93,1,palm,relative
217185.9273,0,282.58,0.00,282.58,0.00,,0,23.21,78.80,1,palm,relative
217185.9606,0,282.58,0.00,282.58,0.00,,0,27.10,82.48,1,palm,relative
217185.9940,0,282.58,0.00,282.58,0.00,,0,25.49,80.91,1,palm,relative
217186.0273,0,282.58,0.00,282.58,0.00,,0,12.83,68.29,1,palm,relative
217186.0607,0,282.58,0.00,282.58,0.00,,0,23.25,78.83,1,palm,relative
217186.0940,0,282.58,0.00,282.58,0.00,,0,31.52,83.18,1,palm,relative
217186.1274,0,282.58,0.00,282.58,0.00,,0,17.80,79.78,1,palm,relative
217186.1607,0,282.58,0.00,282.58,0.00,,0,22.11,84.16,1,palm,relative
217186.1941,0,282.58,0.00,282.58,0.00,,0,33.90,100.31,1,palm,relative
217186.2274,0,282.58,0.00,282.58,0.00,,0,30.59,98.38,1,palm,relative
217186.2608,1,1512.00,0.00,282.58,0.00,0.898,0,21.31,87.75,1,palm,relative
217186.2941,1,1512.00,126.19,180.93,389.30,0.743,0,23.65,93.08,1,palm,relative
217186.3275,1,1512.00,440.58,0.00,858.42,0.768,0,27.51,98.82,1,palm,relative
217186.3608,1,1512.00,760.04,0.00,982.00,0.768,0,27.61,95.73,1,palm,relative
217186.3942,1,1512.00,855.82,0.00,982.00,0.726,0,20.89,89.91,1,palm,relative
217186.4275,1,1453.59,909.10,0.00,982.00,0.525,0,26.35,93.82,1,palm,relative
217186.4609,1,1414.92,907.66,0.00,982.00,0.173,0,18.90,88.05,1,palm,relative
217186.4942,1,1393.32,928.59,0.00,982.00,0.150,1,23.93,95.07,1,palm,relative
217186.5276,1,1355.62,938.59,0.00,982.00,0.136,1,28.32,94.37,1,palm,relative
217186.5609,1,1345.78,924.75,0.00,981.29,0.135,1,26.74,92.55,1,palm,relative
217186.5943,1,1325.81,936.20,0.00,982.00,0.138,1,22.74,88.63,1,palm,relative
217186.6276,1,1315.94,937.17,0.00,982.00,0.132,1,24.04,88.59,1,palm,relative
217186.6610,1,1324.28,951.29,0.00,982.00,0.137,1,24.42,90.26,1,palm,relative
217186.6943,1,1312.63,962.02,0.00,982.00,0.129,1,20.85,85.86,1,palm,relative
217186.7277,1,1325.99,947.61,0.00,982.00,0.122,1,23.35,89.24,1,palm,relative
217186.7610,1,1340.08,971.97,0.69,982.00,0.128,1,21.35,88.87,1,palm,relative
217186.7944,1,1343.57,963.40,0.69,982.00,0.122,1,22.02,82.98,1,palm,relative
217186.8277,1,1361.16,972.40,1.70,982.00,0.129,1,35.07,97.16,1,palm,relative
217186.8611,1,1405.57,966.15,3.84,982.00,0.115,1,23.18,96.14,1,palm,relative
217186.8944,1,1448.25,956.40,6.43,981.41,0.127,1,37.34,114.21,1,palm,relative
217186.9278,1,1478.66,930.14,10.84,979.03,0.120,1,36.47,117.56,1,palm,relative
217186.9611,1,1510.00,910.95,17.21,975.93,0.122,1,38.66,123.00,1,palm,relative
217186.9945,1,1507.11,849.79,23.25,966.66,0.145,1,28.97,118.73,1,palm,relative
217187.0278,1,1505.38,821.26,28.68,950.64,0.218,1,35.00,120.82,1,palm,relative
217187.0612,1,1512.00,787.82,38.52,924.98,0.476,0,26.15,113.80,1,palm,relative
217187.0945,1,1512.00,755.39,45.91,896.14,0.634,0,41.94,122.91,1,palm,relative
217187.1279,1,1512.00,685.56,58.17,830.38,0.625,0,18.06,107.83,1,palm,relative
217187.1612,1,1512.00,670.08,69.47,795.38,0.558,0,39.52,114.26,1,palm,relative
217187.1946,1,1512.00,639.91,77.71,767.48,0.514,0,37.15,118.36,1,palm,relative
217187.2279,1,1512.00,621.45,83.78,750.89,0.494,0,32.38,117.64,1,palm,relative
217187.2613,1,1512.00,583.97,90.47,729.59,0.482,0,30.81,115.36,1,palm,relative
217187.2946,1,1512.00,504.06,99.43,663.41,0.511,0,39.47,121.71,1,palm,relative
217187.3280,1,1512.00,438.02,111.13,577.31,0.546,0,33.04,121.69,1,palm,relative
217187.3613,1,1512.00,427.51,118.52,546.48,0.523,0,37.47,126.05,1,palm,relative
217187.3947,1,1512.00,419.66,123.61,535.19,0.525,0,17.50,110.62,1,palm,relative
217187.4280,1,1512.00,460.76,126.40,536.21,0.496,0,40.18,117.66,1,palm,relative
217187.4614,1,1512.00,442.57,128.29,535.05,0.495,0,30.04,114.58,1,palm,relative
217187.4947,1,1512.00,444.34,129.74,534.54,0.364,0,43.18,124.64,1,palm,relative
217187.5281,1,1512.00,414.73,130.20,531.55,0.190,0,41.23,133.13,1,palm,relative
217187.5614,1,1512.00,420.00,131.25,530.17,0.136,1,16.21,116.11,1,palm,relative
217187.5948,1,1512.00,430.58,131.43,530.16,0.139,1,35.19,118.18,1,palm,relative
217187.6281,1,1512.00,412.32,132.83,528.76,0.135,1,35.60,120.65,1,palm,relative
217187.6615,1,1512.00,405.05,134.50,527.27,0.138,1,27.08,114.50,1,palm,relative
217187.6948,1,1512.00,417.31,136.12,527.11,0.127,1,32.10,113.48,1,palm,relative
217187.7282,1,1512.00,426.60,137.71,527.59,0.142,1,32.96,113.34,1,palm,relative
217187.7615,1,1512.00,416.88,138.44,527.45,0.147,1,35.12,115.26,1,palm,relative
217187.7949,1,1512.00,420.19,138.64,527.45,0.149,1,42.17,124.33,1,palm,relative
217187.8282,1,1512.00,425.46,138.71,527.48,0.144,1,24.79,116.01,1,palm,relative
217187.8616,1,1512.00,417.09,139.07,527.40,0.140,1,33.50,116.37,1,palm,relative
217187.8949,1,1512.00,413.64,139.85,527.18,0.145,1,38.64,121.86,1,palm,relative
217187.9283,1,1512.00,407.05,139.85,527.18,0.148,1,34.33,123.09,1,palm,relative
217187.9616,1,1512.00,392.27,140.83,525.82,0.152,1,34.50,124.61,1,palm,relative
217187.9950,1,1512.00,415.29,140.83,525.82,0.147,1,22.17,113.55,1,palm,relative
217188.0283,1,1512.00,389.56,141.73,524.59,0.145,1,34.58,115.12,1,palm,relative
217188.0617,1,1512.00,407.47,141.81,524.60,0.192,1,28.68,110.67,1,palm,relative
217188.0950,1,1512.00,426.37,144.08,525.54,0.313,1,39.47,117.00,1,palm,relative
217188.1284,1,1512.00,504.21,151.61,535.46,0.408,0,38.63,122.50,1,palm,relative
217188.1617,1,1512.00,507.56,158.47,544.46,0.443,0,28.87,118.33,1,palm,relative
217188.1951,1,1512.00,445.54,163.46,543.97,0.507,0,34.36,119.57,1,palm,relative
217188.2284,1,1512.00,535.66,178.36,559.74,0.470,0,40.04,126.48,1,palm,relative
217188.2618,1,1512.00,528.99,192.09,568.65,0.452,0,27.56,120.94,1,palm,relative
217188.2951,1,1512.00,532.71,209.10,576.08,0.491,0,37.52,125.23,1,palm,relative
217188.3285,1,1512.00,417.04,228.52,562.46,0.511,0,30.65,122.68,1,palm,relative
217188.3618,1,1512.00,505.44,247.57,565.54,0.468,0,37.76,127.20,1,palm,relative
217188.3952,1,1512.00,480.31,282.59,563.93,0.498,0,15.65,109.74,1,palm,relative
217188.4285,1,1512.00,488.94,312.97,564.24,0.478,0,35.46,111.98,1,palm,relative
217188.4619,1,1512.00,471.31,336.63,562.11,0.506,0,39.15,118.05,1,palm,relative
217188.4952,1,1512.00,440.45,357.70,556.83,0.523,0,36.20,122.23,1,palm,relative
217188.5286,1,1512.00,485.19,382.95,557.97,0.505,0,34.18,123.22,1,palm,relative
217188.5619,1,1512.00,419.94,399.72,550.58,0.520,0,36.97,127.08,1,palm,relative
217188.5953,1,1512.00,430.90,416.45,546.05,0.522,0,22.68,116.76,1,palm,relative
217188.6286,1,1512.00,471.32,433.20,547.77,0.417,0,39.36,122.99,1,palm,relative
217188.6620,1,1512.00,472.22,441.99,548.72,0.332,0,34.36,124.26,1,palm,relative
217188.6953,1,1512.00,403.35,446.67,543.92,0.271,0,23.62,114.74,1,palm,relative
217188.7287,1,1512.00,388.02,456.31,536.47,0.171,0,37.09,118.70,1,palm,relative
217188.7620,1,1512.00,391.28,460.29,532.94,0.129,1,27.07,112.62,1,palm,relative
217188.7954,1,1512.00,368.98,464.97,527.58,0.163,1,38.24,117.72,1,palm,relative
217188.8287,1,1512.00,367.69,469.84,523.86,0.147,1,34.25,118.90,1,palm,relative
217188.8621,1,1512.00,388.75,472.40,523.44,0.097,1,35.98,121.74,1,palm,relative
217188.8954,1,1512.00,365.92,475.66,521.33,0.118,1,26.73,115.22,1,palm,relative
217188.9288,1,1512.00,381.79,478.09,521.08,0.087,1,36.75,118.82,1,palm,relative
217188.9621,1,1512.00,398.34,480.12,521.93,0.097,1,31.85,117.56,1,palm,relative
217188.9955,1,1512.00,395.20,480.28,522.01,0.107,1,33.98,118.52,1,palm,relative
217189.0288,1,1512.00,423.42,480.95,523.66,0.122,1,34.29,119.76,1,palm,relative
217189.0622,1,1512.00,405.46,481.04,523.71,0.108,1,32.37,119.00,1,palm,relative
217189.0955,1,1512.00,419.42,481.81,524.51,0.151,1,39.35,125.22,1,palm,relative
217189.1289,1,1512.00,438.83,482.70,526.45,0.116,1,29.02,121.21,1,palm,relative
217189.1956,1,1512.00,448.73,484.46,530.05,0.138,1,22.33,80.19,1,palm,relative
217189.2289,1,1512.00,465.45,485.07,532.64,0.099,1,25.63,84.15,1,palm,relative
217189.2623,1,1512.00,447.40,485.16,532.76,0.147,1,30.59,86.93,1,palm,relative
217189.2956,1,1512.00,463.21,486.56,534.39,0.142,1,29.90,86.70,1,palm,relative
217189.3290,1,1512.00,455.36,487.72,535.05,0.177,1,27.39,92.17,1,palm,relative
217189.3623,1,1512.00,473.67,489.30,536.78,0.325,0,14.93,79.46,1,palm,relative
217189.3957,1,1512.00,495.60,491.35,539.85,0.388,0,20.45,84.87,1,palm,relative
217189.4290,1,1512.00,475.73,493.30,540.58,0.448,0,21.31,86.25,1,palm,relative
217189.4624,1,1512.00,509.88,496.05,543.89,0.442,0,21.58,82.44,1,palm,relative
217189.4957,1,1512.00,497.85,498.60,545.21,0.455,0,39.40,104.30,1,palm,relative
217189.5291,1,1512.00,520.35,501.82,548.09,0.409,0,20.53,92.39,1,palm,relative
217189.5624,1,1512.00,507.21,504.72,549.02,0.426,0,27.33,91.01,1,palm,relative
217189.5958,1,1512.00,531.28,509.55,551.96,0.351,0,32.54,92.57,1,palm,relative
217189.6291,1,1512.00,519.12,513.68,552.91,0.370,0,21.49,85.36,1,palm,relative
217189.6625,1,1512.00,506.59,518.60,552.65,0.337,0,21.82,86.86,1,palm,relative
217189.6958,1,1512.00,541.41,524.62,555.49,0.342,0,25.64,86.97,1,palm,relative
217189.7292,1,1512.00,495.97,531.91,553.70,0.315,0,21.65,83.22,1,palm,relative
217189.7625,1,1512.00,516.21,536.02,553.94,0.328,0,27.88,88.48,1,palm,relative
217189.7959,1,1512.00,472.15,541.37,551.46,0.333,0,23.72,84.36,1,palm,relative
217189.8292,1,1512.00,449.52,550.14,546.63,0.336,0,26.93,85.51,1,palm,relative
217189.8626,1,1512.00,464.30,561.33,543.64,0.323,0,22.38,81.98,1,palm,relative
217189.8959,1,1512.00,456.72,573.86,540.17,0.284,0,28.79,85.04,1,palm,relative
217189.9293,1,1512.00,418.60,584.72,532.15,0.264,0,23.89,79.86,1,palm,relative
217189.9626,1,1512.00,404.57,594.63,524.03,0.292,0,29.38,88.61,1,palm,relative
217189.9960,1,1512.00,408.73,602.10,519.71,0.258,0,25.63,81.09,1,palm,relative
217190.0293,1,1512.00,374.15,608.04,511.79,0.172,0,30.01,83.46,1,palm,relative
217190.0627,1,1512.00,359.06,610.06,505.48,0.062,1,34.36,86.25,1,palm,relative
217190.0960,1,1512.00,346.81,609.64,500.31,0.047,1,21.45,74.55,1,palm,relative
217190.1294,1,1512.00,350.37,608.93,497.75,0.027,1,33.57,83.52,1,palm,relative
217190.1627,1,1512.00,342.79,607.63,495.43,0.031,1,39.15,94.96,1,palm,relative
217190.1961,1,1512.00,342.52,606.07,493.90,0.024,1,17.51,82.95,1,palm,relative
217190.2294,1,1512.00,345.58,605.60,493.49,0.020,1,18.58,85.04,1,palm,relative
217190.2628,1,1512.00,343.13,605.60,493.49,0.025,1,23.36,84.97,1,palm,relative
217190.2961,1,1512.00,348.43,605.60,493.49,0.019,1,19.42,83.25,1,palm,relative
217190.3295,1,1512.00,355.06,605.60,493.49,0.021,1,27.39,88.14,1,palm,relative
217190.3628,1,1512.00,328.86,605.45,492.30,0.030,1,18.45,78.15,1,palm,relative
217190.3962,1,1512.00,349.05,605.45,492.30,0.039,1,28.39,89.88,1,palm,relative
217190.4295,1,1512.00,342.07,605.45,492.30,0.031,1,26.67,93.38,1,palm,relative
217190.4629,1,1512.00,331.95,605.45,492.30,0.036,1,22.93,91.16,1,palm,relative
217190.4962,1,1512.00,344.85,605.45,492.30,0.036,1,23.16,89.51,1,palm,relative
217190.5296,1,1512.00,366.20,605.63,492.84,0.020,1,20.59,87.85,1,palm,relative
217190.5629,1,1512.00,331.70,605.63,492.84,0.036,1,20.50,88.44,1,palm,relative
217190.5963,1,1512.00,320.05,605.74,491.94,0.033,1,24.00,87.24,1,palm,relative
217190.6296,1,1512.00,341.92,605.74,491.94,0.030,1,20.72,84.73,1,palm,relative
217190.6630,1,1512.00,379.46,605.69,493.72,0.226,1,21.52,82.37,1,palm,relative
217190.6963,1,1512.00,370.51,606.33,494.67,0.334,0,28.83,89.45,1,palm,relative
217190.7297,1,1512.00,463.90,605.52,511.13,0.367,0,38.69,103.27,1,palm,relative
217190.7630,1,1512.00,364.80,604.19,510.13,0.427,0,19.39,89.55,1,palm,relative
217190.7964,1,1512.00,271.32,591.36,498.55,0.601,0,18.96,81.49,1,palm,relative
217190.8297,1,1512.00,0.00,504.66,208.45,0.770,0,27.96,90.74,1,palm,relative
217190.8631,1,1512.00,0.00,368.97,0.00,,0,18.34,76.24,1,palm,relative
217190.8964,0,368.97,0.00,368.97,0.00,,0,38.35,95.88,1,palm,relative
217190.9298,0,368.97,0.00,368.97,0.00,,0,12.75,77.78,1,palm,relative
217190.9631,0,368.97,0.00,368.97,0.00,,0,13.21,79.85,1,palm,relative
217190.9965,0,368.97,0.00,368.97,0.00,,0,13.66,76.29,1,palm,relative
217191.0298,0,368.97,0.00,368.97,0.00,,0,11.37,76.94,1,palm,relative
217191.0632,0,368.97,0.00,368.97,0.00,,0,21.53,81.39,1,palm,relative
217191.0965,0,368.97,0.00,368.97,0.00,,0,21.32,85.81,1,palm,relative
217191.1299,0,368.97,0.00,368.97,0.00,,0,12.01,69.15,1,palm,relative
217191.1632,0,368.97,0.00,368.97,0.00,,0,22.80,82.24,1,palm,relative
217191.1966,0,368.97,0.00,368.97,0.00,,0,20.47,75.26,1,palm,relative
217191.2299,0,368.97,0.00,368.97,0.00,,0,17.05,71.66,1,palm,relative
217191.2633,0,368.97,0.00,368.97,0.00,,0,27.62,82.97,1,palm,relative
217191.2966,0,368.97,0.00,368.97,0.00,,0,19.52,72.31,1,palm,relative
217191.3300,0,368.97,0.00,368.97,0.00,,0,35.42,87.03,1,palm,relative
217191.3633,0,368.97,0.00,368.97,0.00,,0,13.88,76.17,1,palm,relative
217191.3967,0,368.97,0.00,368.97,0.00,,0,19.17,82.86,1,palm,relative
217191.4300,0,368.97,0.00,368.97,0.00,,0,17.79,83.22,1,palm,relative
217191.4634,0,368.97,0.00,368.97,0.00,,0,15.51,82.29,1,palm,relative
217191.4967,0,368.97,0.00,368.97,0.00,,0,16.06,81.81,1,palm,relative
217191.5301,0,368.97,0.00,368.97,0.00,,0,13.86,78.58,1,palm,relative
217191.5634,0,368.97,0.00,368.97,0.00,,0,14.42,80.15,1,palm,relative
217191.5968,0,368.97,0.00,368.97,0.00,,0,11.89,76.21,1,palm,relative
217191.6301,0,368.97,0.00,368.97,0.00,,0,12.75,78.49,1,palm,relative
217191.6635,0,368.97,0.00,368.97,0.00,,0,16.18,76.47,1,palm,relative
217191.6968,0,368.97,0.00,368.97,0.00,,0,15.20,75.05,1,palm,relative
217191.7302,0,368.97,0.00,368.97,0.00,,0,19.30,79.71,1,palm,relative
217191.7635,0,368.97,0.00,368.97,0.00,,0,13.89,70.95,1,palm,relative
217191.7969,0,368.97,0.00,368.97,0.00,,0,27.74,84.10,1,palm,relative
217191.8302,0,368.97,0.00,368.97,0.00,,0,12.93,70.25,1,palm,relative
217191.8636,0,368.97,0.00,368.97,0.00,,0,22.40,80.45,1,palm,relative
217191.8969,0,368.97,0.00,368.97,0.00,,0,21.21,75.20,1,palm,relative
217191.9303,0,368.97,0.00,368.97,0.00,,0,19.06,71.80,1,palm,relative
217191.9636,0,368.97,0.00,368.97,0.00,,0,14.48,79.24,1,palm,relative
217191.9970,0,368.97,0.00,368.97,0.00,,0,10.10,75.08,1,palm,relative
217192.0303,0,368.97,0.00,368.97,0.00,,0,17.15,81.88,1,palm,relative
217192.0637,0,368.97,0.00,368.97,0.00,,0,14.48,78.17,1,palm,relative
217192.0970,0,368.97,0.00,368.97,0.00,,0,17.80,80.63,1,palm,relative
217192.1304,0,368.97,0.00,368.97,0.00,,0,15.86,77.97,1,palm,relative
217192.1637,0,368.97,0.00,368.97,0.00,,0,14.63,81.15,1,palm,relative
217192.1971,0,368.97,0.00,368.97,0.00,,0,24.29,84.48,1,palm,relative
217192.2304,0,368.97,0.00,368.97,0.00,,0,17.52,76.76,1,palm,relative
217192.2638,0,368.97,0.00,368.97,0.00,,0,30.11,90.10,1,palm,relative
217192.2971,0,368.97,0.00,368.97,0.00,,0,13.55,76.82,1,palm,relative
217192.3305,0,368.97,0.00,368.97,0.00,,0,20.54,86.66,1,palm,relative
217192.3638,0,368.97,0.00,368.97,0.00,,0,14.91,75.40,1,palm,relative
217192.3972,0,368.97,0.00,368.97,0.00,,0,20.18,82.64,1,palm,relative
217192.4305,0,368.97,0.00,368.97,0.00,,0,24.89,85.93,1,palm,relative
217192.4639,0,368.97,0.00,368.97,0.00,,0,10.98,71.05,1,palm,relative
217192.4972,0,368.97,0.00,368.97,0.00,,0,29.31,89.36,1,palm,relative
217192.5306,0,368.97,0.00,368.97,0.00,,0,12.93,76.57,1,palm,relative
217192.5639,0,368.97,0.00,368.97,0.00,,0,16.19,81.55,1,palm,relative
217192.5973,0,368.97,0.00,368.97,0.00,,0,16.31,76.30,1,palm,relative
217192.6306,0,368.97,0.00,368.97,0.00,,0,17.33,78.97,1,palm,relative
217192.6640,0,368.97,0.00,368.97,0.00,,0,21.12,81.12,1,palm,relative
217192.6973,0,368.97,0.00,368.97,0.00,,0,15.83,75.74,1,palm,relative
217192.7307,0,368.97,0.00,368.97,0.00,,0,19.79,80.34,1,palm,relative
217192.7640,0,368.97,0.00,368.97,0.00,,0,16.42,74.84,1,palm,relative
217192.7974,0,368.97,0.00,368.97,0.00,,0,29.76,88.82,1,palm,relative
217192.8307,0,368.97,0.00,368.97,0.00,,0,12.25,75.54,1,palm,relative
217192.8641,0,368.97,0.00,368.97,0.00,,0,25.15,88.80,1,palm,relative
217192.8974,0,368.97,0.00,368.97,0.00,,0,15.82,79.23,1,palm,relative
217192.9308,0,368.97,0.00,368.97,0.00,,0,14.59,78.57,1,palm,relative
217192.9641,0,368.97,0.00,368.97,0.00,,0,17.58,77.61,1,palm,relative
217192.9975,0,368.97,0.00,368.97,0.00,,0,20.59,80.77,1,palm,relative
217193.0308,0,368.97,0.00,368.97,0.00,,0,24.23,81.32,1,palm,relative
217193.0642,0,368.97,0.00,368.97,0.00,,0,23.07,78.98,1,palm,relative
217193.0975,0,368.97,0.00,368.97,0.00,,0,20.74,82.86,1,palm,relative
217193.1309,0,368.97,0.00,368.97,0.00,,0,17.53,78.75,1,palm,relative
217193.1642,0,368.97,0.00,368.97,0.00,,0,18.64,81.03,1,palm,relative
217193.1976,0,368.97,0.00,368.97,0.00,,0,11.00,71.56,1,palm,relative
217193.2309,0,368.97,0.00,368.97,0.00,,0,15.38,78.32,1,palm,relative
217193.2643,0,368.97,0.00,368.97,0.00,,0,17.73,76.95,1,palm,relative
217193.2976,0,368.97,0.00,368.97,0.00,,0,18.70,78.47,1,palm,relative
217193.3310,0,368.97,0.00,368.97,0.00,,0,27.81,86.98,1,palm,relative
217193.3643,0,368.97,0.00,368.97,0.00,,0,14.78,74.41,1,palm,relative
217193.3977,0,368.97,0.00,368.97,0.00,,0,19.14,80.25,1,palm,relative
217193.4310,0,368.97,0.00,368.97,0.00,,0,18.68,77.25,1,palm,relative
217193.4644,0,368.97,0.00,368.97,0.00,,0,16.15,74.81,1,palm,relative
217193.4977,0,368.97,0.00,368.97,0.00,,0,23.00,82.35,1,palm,relative
217193.5311,0,368.97,0.00,368.97,0.00,,0,16.25,79.91,1,palm,relative
217193.5644,0,368.97,0.00,368.97,0.00,,0,15.76,80.66,1,palm,relative
217193.5978,0,368.97,0.00,368.97,0.00,,0,12.46,73.70,1,palm,relative
217193.6311,0,368.97,0.00,368.97,0.00,,0,15.69,79.38,1,palm,relative
217193.6645,0,368.97,0.00,368.97,0.00,,0,14.55,74.14,1,palm,relative
217193.6978,0,368.97,0.00,368.97,0.00,,0,14.92,75.03,1,palm,relative
217193.7312,0,368.97,0.00,368.97,0.00,,0,18.77,77.35,1,palm,relative
217193.7645,0,368.97,0.00,368.97,0.00,,0,16.67,73.76,1,palm,relative
217193.7979,0,368.97,0.00,368.97,0.00,,0,19.84,77.64,1,palm,relative
217193.8312,0,368.97,0.00,368.97,0.00,,0,26.63,80.28,1,palm,relative
217193.8646,0,368.97,0.00,368.97,0.00,,0,25.23,82.71,1,palm,relative
217193.8979,0,368.97,0.00,368.97,0.00,,0,12.91,69.20,1,palm,relative
217193.9313,0,368.97,0.00,368.97,0.00,,0,27.86,84.89,1,palm,relative
217193.9646,0,368.97,0.00,368.97,0.00,,0,24.17,80.51,1,palm,relative
217193.9980,0,368.97,0.00,368.97,0.00,,0,27.73,82.43,1,palm,relative
217194.0313,0,368.97,0.00,368.97,0.00,,0,23.31,77.35,1,palm,relative
217194.0647,0,368.97,0.00,368.97,0.00,,0,30.03,82.83,1,palm,relative
217194.0980,0,368.97,0.00,368.97,0.00,,0,20.54,84.34,1,palm,relative
217194.1314,0,368.97,0.00,368.97,0.00,,0,15.85,79.35,1,palm,relative
217194.1647,0,368.97,0.00,368.97,0.00,,0,18.67,80.93,1,palm,relative
217194.1981,0,368.97,0.00,368.97,0.00,,0,14.23,75.65,1,palm,relative
217194.2314,0,368.97,0.00,368.97,0.00,,0,15.60,78.95,1,palm,relative
217194.2648,0,368.97,0.00,368.97,0.00,,0,15.43,74.75,1,palm,relative
217194.2981,0,368.97,0.00,368.97,0.00,,0,19.95,78.21,1,palm,relative
217194.3315,0,368.97,0.00,368.97,0.00,,0,18.03,75.07,1,palm,relative
217194.3648,0,368.97,0.00,368.97,0.00,,0,17.06,73.86,1,palm,relative
217194.3982,0,368.97,0.00,368.97,0.00,,0,28.88,87.38,1,palm,relative
217194.4315,0,368.97,0.00,368.97,0.00,,0,16.50,78.89,1,palm,relative
217194.4649,0,368.97,0.00,368.97,0.00,,0,17.31,80.36,1,palm,relative
217194.4982,0,368.97,0.00,368.97,0.00,,0,13.33,73.10,1,palm,relative
217194.5316,0,368.97,0.00,368.97,0.00,,0,22.17,82.21,1,palm,relative
217194.5649,0,368.97,0.00,368.97,0.00,,0,20.97,82.83,1,palm,relative
217194.5983,0,368.97,0.00,368.97,0.00,,0,15.52,76.06,1,palm,relative
217194.6316,0,368.97,0.00,368.97,0.00,,0,21.99,83.76,1,palm,relative
217194.6650,0,368.97,0.00,368.97,0.00,,0,24.00,81.34,1,palm,relative
217194.6983,0,368.97,0.00,368.97,0.00,,0,25.98,86.20,1,palm,relative
217194.7317,0,368.97,0.00,368.97,0.00,,0,14.83,78.29,1,palm,relative
217194.7650,0,368.97,0.00,368.97,0.00,,0,18.26,82.46,1,palm,relative
217194.7984,0,368.97,0.00,368.97,0.00,,0,13.55,73.94,1,palm,relative
217194.8317,0,368.97,0.00,368.97,0.00,,0,26.62,90.80,1,palm,relative
217194.8651,0,368.97,0.00,368.97,0.00,,0,17.19,85.97,1,palm,relative
217194.8984,0,368.97,0.00,368.97,0.00,,0,17.24,86.96,1,palm,relative
217194.9318,0,368.97,0.00,368.97,0.00,,0,13.99,85.68,1,palm,relative
217194.9651,0,368.97,0.00,368.97,0.00,,0,15.44,79.13,1,palm,relative
217194.9985,0,368.97,0.00,368.97,0.00,,0,13.84,78.68,1,palm,relative
217195.0318,0,368.97,0.00,368.97,0.00,,0,14.89,76.60,1,palm,relative
217195.0652,0,368.97,0.00,368.97,0.00,,0,15.53,79.30,1,palm,relative
217195.0985,0,368.97,0.00,368.97,0.00,,0,22.44,81.50,1,palm,relative
217195.1319,0,368.97,0.00,368.97,0.00,,0,18.96,76.81,1,palm,relative
217195.1652,0,368.97,0.00,368.97,0.00,,0,23.11,81.97,1,palm,relative
217195.1986,0,368.97,0.00,368.97,0.00,,0,16.30,72.46,1,palm,relative
217195.2319,0,368.97,0.00,368.97,0.00,,0,29.37,85.34,1,palm,relative
217195.2653,0,368.97,0.00,368.97,0.00,,0,17.39,82.80,1,palm,relative
217195.2986,0,368.97,0.00,368.97,0.00,,0,13.33,80.97,1,palm,relative
217195.3320,0,368.97,0.00,368.97,0.00,,0,21.22,83.70,1,palm,relative
217195.3653,0,368.97,0.00,368.97,0.00,,0,15.83,77.95,1,palm,relative
217195.3987,0,368.97,0.00,368.97,0.00,,0,13.03,77.86,1,palm,relative
217195.4320,0,368.97,0.00,368.97,0.00,,0,16.74,75.24,1,palm,relative
217195.4654,0,368.97,0.00,368.97,0.00,,0,29.26,88.37,1,palm,relative
217195.4987,0,368.97,0.00,368.97,0.00,,0,16.07,78.86,1,palm,relative
217195.5321,0,368.97,0.00,368.97,0.00,,0,12.24,77.09,1,palm,relative
217195.5654,0,368.97,0.00,368.97,0.00,,0,19.20,82.08,1,palm,relative
217195.5988,0,368.97,0.00,368.97,0.00,,0,13.40,75.77,1,palm,relative
217195.6321,0,368.97,0.00,368.97,0.00,,0,15.09,79.61,1,palm,relative
217195.6655,0,368.97,0.00,368.97,0.00,,0,22.59,81.97,1,palm,relative
217195.6988,0,368.97,0.00,368.97,0.00,,0,20.93,79.77,1,palm,relative
217195.7322,0,368.97,0.00,368.97,0.00,,0,17.11,75.01,1,palm,relative
217195.7655,0,368.97,0.00,368.97,0.00,,0,25.75,87.99,1,palm,relative
217195.7989,0,368.97,0.00,368.97,0.00,,0,16.54,81.33,1,palm,relative
217195.8322,0,368.97,0.00,368.97,0.00,,0,12.43,79.95,1,palm,relative
217195.8656,0,368.97,0.00,368.97,0.00,,0,17.52,80.09,1,palm,relative
217195.8989,0,368.97,0.00,368.97,0.00,,0,13.54,74.82,1,palm,relative
217195.9323,0,368.97,0.00,368.97,0.00,,0,19.68,79.86,1,palm,relative
217195.9656,0,368.97,0.00,368.97,0.00,,0,23.93,82.49,1,palm,relative
217195.9990,0,368.97,0.00,368.97,0.00,,0,14.33,71.07,1,palm,relative
217196.0323,0,368.97,0.00,368.97,0.00,,0,20.70,78.88,1,palm,relative
217196.0657,0,368.97,0.00,368.97,0.00,,0,32.27,86.42,1,palm,relative
217196.0990,0,368.97,0.00,368.97,0.00,,0,14.63,78.11,1,palm,relative
217196.1324,0,368.97,0.00,368.97,0.00,,0,9.96,77.75,1,palm,relative
217196.1657,0,368.97,0.00,368.97,0.00,,0,15.73,76.58,1,palm,relative
217196.1991,0,368.97,0.00,368.97,0.00,,0,18.25,79.42,1,palm,relative
217196.2324,0,368.97,0.00,368.97,0.00,,0,20.27,78.65,1,palm,relative
217196.2658,0,368.97,0.00,368.97,0.00,,0,19.49,77.29,1,palm,relative
217196.2991,0,368.97,0.00,368.97,0.00,,0,26.71,84.91,1,palm,relative
217196.3325,0,368.97,0.00,368.97,0.00,,0,14.27,74.71,1,palm,relative
217196.3658,0,368.97,0.00,368.97,0.00,,0,13.67,74.56,1,palm,relative
217196.3992,0,368.97,0.00,368.97,0.00,,0,24.98,83.94,1,palm,relative
217196.4325,0,368.97,0.00,368.97,0.00,,0,15.74,73.03,1,palm,relative
217196.4659,0,368.97,0.00,368.97,0.00,,0,24.63,84.13,1,palm,relative
217196.4992,0,368.97,0.00,368.97,0.00,,0,12.53,71.00,1,palm,relative
217196.5326,0,368.97,0.00,368.97,0.00,,0,30.14,88.20,1,palm,relative
217196.5659,0,368.97,0.00,368.97,0.00,,0,15.72,77.60,1,palm,relative
217196.5993,0,368.97,0.00,368.97,0.00,,0,25.75,92.14,1,palm,relative
217196.6326,0,368.97,0.00,368.97,0.00,,0,13.59,77.06,1,palm,relative
217196.6660,0,368.97,0.00,368.97,0.00,,0,16.06,81.41,1,palm,relative
217196.6993,0,368.97,0.00,368.97,0.00,,0,19.78,80.80,1,palm,relative
217196.7327,0,368.97,0.00,368.97,0.00,,0,12.00,73.61,1,palm,relative
217196.7660,0,368.97,0.00,368.97,0.00,,0,24.64,86.78,1,palm,relative
217196.7994,0,368.97,0.00,368.97,0.00,,0,15.31,75.85,1,palm,relative
217196.8327,0,368.97,0.00,368.97,0.00,,0,16.83,80.07,1,palm,relative
217196.8661,0,368.97,0.00,368.97,0.00,,0,17.94,79.48,1,palm,relative
217196.8994,0,368.97,0.00,368.97,0.00,,0,16.24,76.47,1,palm,relative
217196.9328,0,368.97,0.00,368.97,0.00,,0,21.49,81.25,1,palm,relative
217196.9661,0,368.97,0.00,368.97,0.00,,0,13.18,71.91,1,palm,relative
217196.9995,0,368.97,0.00,368.97,0.00,,0,26.51,85.68,1,palm,relative
217197.0328,0,368.97,0.00,368.97,0.00,,0,16.50,75.39,1,palm,relative
217197.0662,0,368.97,0.00,368.97,0.00,,0,25.02,86.10,1,palm,relative
217197.0995,0,368.97,0.00,368.97,0.00,,0,17.66,79.27,1,palm,relative
217197.1329,0,368.97,0.00,368.97,0.00,,0,19.92,81.76,1,palm,relative
217197.1662,0,368.97,0.00,368.97,0.00,,0,17.60,78.52,1,palm,relative
217197.1996,0,368.97,0.00,368.97,0.00,,0,13.56,73.75,1,palm,relative
217197.2329,0,368.97,0.00,368.97,0.00,,0,12.89,72.86,1,palm,relative
217197.2663,0,368.97,0.00,368.97,0.00,,0,14.77,74.25,1,palm,relative
217197.2996,0,368.97,0.00,368.97,0.00,,0,13.28,74.19,1,palm,relative
217197.3330,0,368.97,0.00,368.97,0.00,,0,20.71,78.61,1,palm,relative
217197.3663,0,368.97,0.00,368.97,0.00,,0,19.84,76.31,1,palm,relative
217197.3997,0,368.97,0.00,368.97,0.00,,0,19.75,76.83,1,palm,relative
217197.4330,0,368.97,0.00,368.97,0.00,,0,27.01,79.78,1,palm,relative
217197.4664,0,368.97,0.00,368.97,0.00,,0,21.19,76.82,1,palm,relative
217197.4997,0,368.97,0.00,368.97,0.00,,0,26.55,81.43,1,palm,relative
217197.5331,0,368.97,0.00,368.97,0.00,,0,23.77,81.20,1,palm,relative
217197.5664,0,368.97,0.00,368.97,0.00,,0,19.79,78.60,1,palm,relative
217197.5998,0,368.97,0.00,368.97,0.00,,0,27.65,88.50,1,palm,relative
217197.6331,0,368.97,0.00,368.97,0.00,,0,16.71,78.79,1,palm,relative
217197.6665,0,368.97,0.00,368.97,0.00,,0,15.68,79.06,1,palm,relative
217197.6998,0,368.97,0.00,368.97,0.00,,0,17.92,76.93,1,palm,relative
217197.7332,0,368.97,0.00,368.97,0.00,,0,19.62,78.15,1,palm,relative
217197.7665,0,368.97,0.00,368.97,0.00,,0,30.55,89.62,1,palm,relative
217197.7999,0,368.97,0.00,368.97,0.00,,0,18.94,79.71,1,palm,relative
217197.8332,0,368.97,0.00,368.97,0.00,,0,16.54,77.95,1,palm,relative
217197.8666,0,368.97,0.00,368.97,0.00,,0,26.75,85.95,1,palm,relative
217197.8999,0,368.97,0.00,368.97,0.00,,0,22.01,108.95,1,palm,relative
217197.9333,0,368.97,0.00,368.97,0.00,,0,22.52,108.30,1,palm,relative
217197.9666,0,368.97,0.00,368.97,0.00,,0,22.08,110.42,1,palm,relative
217198.0000,0,368.97,0.00,368.97,0.00,,0,26.19,112.26,1,palm,relative
217198.0333,0,368.97,0.00,368.97,0.00,,0,29.65,116.31,1,palm,relative
217198.0667,0,368.97,0.00,368.97,0.00,,0,17.65,103.92,1,palm,relative
217198.1000,0,368.97,0.00,368.97,0.00,,0,32.18,121.47,1,palm,relative
217198.1334,0,368.97,0.00,368.97,0.00,,0,22.43,110.85,1,palm,relative
217198.1667,0,368.97,0.00,368.97,0.00,,0,27.30,113.79,1,palm,relative
217198.2001,0,368.97,0.00,368.97,0.00,,0,20.05,110.22,1,palm,relative
217198.2334,0,368.97,0.00,368.97,0.00,,0,37.65,121.42,1,palm,relative
217198.2668,0,368.97,0.00,368.97,0.00,,0,16.80,107.84,1,palm,relative
217198.3001,0,368.97,0.00,368.97,0.00,,0,39.12,122.47,1,palm,relative
217198.3335,0,368.97,0.00,368.97,0.00,,0,10.45,100.20,1,palm,relative
217198.3668,0,368.97,0.00,368.97,0.00,,0,27.82,111.27,1,palm,relative
217198.4002,0,368.97,0.00,368.97,0.00,,0,32.89,120.13,1,palm,relative
217198.4335,0,368.97,0.00,368.97,0.00,,0,18.83,106.71,1,palm,relative
217198.4669,0,368.97,0.00,368.97,0.00,,0,33.07,113.81,1,palm,relative
217198.5002,0,368.97,0.00,368.97,0.00,,0,15.89,97.76,1,palm,relative
217198.5336,0,368.97,0.00,368.97,0.00,,0,25.62,102.50,1,palm,relative
217198.5669,0,368.97,0.00,368.97,0.00,,0,33.47,111.29,1,palm,relative
217198.6003,0,368.97,0.00,368.97,0.00,,0,14.06,96.84,1,palm,relative
217198.6336,0,368.97,0.00,368.97,0.00,,0,32.80,107.38,1,palm,relative
217198.6670,0,368.97,0.00,368.97,0.00,,0,12.05,87.97,1,palm,relative
217198.7003,0,368.97,0.00,368.97,0.00,,0,14.66,89.97,1,palm,relative
217198.7337,0,368.97,0.00,368.97,0.00,,0,16.12,93.72,1,palm,relative
217198.7670,0,368.97,0.00,368.97,0.00,,0,15.47,91.12,1,palm,relative
217198.8004,0,368.97,0.00,368.97,0.00,,0,33.35,111.71,1,palm,relative
217198.8337,0,368.97,0.00,368.97,0.00,,0,11.24,90.65,1,palm,relative
217198.8671,0,368.97,0.00,368.97,0.00,,0,17.30,93.88,1,palm,relative
217198.9004,0,368.97,0.00,368.97,0.00,,0,15.56,93.33,1,palm,relative
217198.9338,0,368.97,0.00,368.97,0.00,,0,16.98,90.41,1,palm,relative
217198.9671,0,368.97,0.00,368.97,0.00,,0,36.13,112.10,1,palm,relative
217199.0005,0,368.97,0.00,368.97,0.00,,0,12.57,91.79,1,palm,relative
217199.0338,0,368.97,0.00,368.97,0.00,,0,16.03,90.44,1,palm,relative
217199.0672,0,368.97,0.00,368.97,0.00,,0,15.41,88.72,1,palm,relative
217199.1005,0,368.97,0.00,368.97,0.00,,0,20.57,95.79,1,palm,relative
217199.1339,0,368.97,0.00,368.97,0.00,,0,16.55,87.00,1,palm,relative
217199.1672,0,368.97,0.00,368.97,0.00,,0,13.96,83.15,1,palm,relative
217199.2006,0,368.97,0.00,368.97,0.00,,0,15.03,86.27,1,palm,relative
217199.2339,0,368.97,0.00,368.97,0.00,,0,16.05,84.91,1,palm,relative
217199.2673,0,368.97,0.00,368.97,0.00,,0,13.42,82.52,1,palm,relative
217199.3006,0,368.97,0.00,368.97,0.00,,0,12.66,79.83,1,palm,relative
217199.3340,0,368.97,0.00,368.97,0.00,,0,12.61,82.40,1,palm,relative
217199.3673,0,368.97,0.00,368.97,0.00,,0,11.19,77.10,1,palm,relative
217199.4007,0,368.97,0.00,368.97,0.00,,0,16.46,82.40,1,palm,relative
217199.4340,0,368.97,0.00,368.97,0.00,,0,12.29,77.92,1,palm,relative
217199.4674,0,368.97,0.00,368.97,0.00,,0,16.43,82.23,1,palm,relative
217199.5007,0,368.97,0.00,368.97,0.00,,0,14.97,79.51,1,palm,relative
217199.5341,0,368.97,0.00,368.97,0.00,,0,11.64,75.60,1,palm,relative
217199.5674,0,368.97,0.00,368.97,0.00,,0,12.65,77.87,1,palm,relative
217199.6008,0,368.97,0.00,368.97,0.00,,0,23.34,87.34,1,palm,relative
217199.6341,0,368.97,0.00,368.97,0.00,,0,13.46,76.01,1,palm,relative
217199.6675,0,368.97,0.00,368.97,0.00,,0,13.95,78.39,1,palm,relative
217199.7008,0,368.97,0.00,368.97,0.00,,0,14.12,75.19,1,palm,relative
217199.7342,0,368.97,0.00,368.97,0.00,,0,16.94,77.44,1,palm,relative
217199.7675,0,368.97,0.00,368.97,0.00,,0,17.86,78.64,1,palm,relative
217199.8009,0,368.97,0.00,368.97,0.00,,0,26.01,84.27,1,palm,relative
217199.8342,0,368.97,0.00,368.97,0.00,,0,11.19,69.82,1,palm,relative
217199.8676,0,368.97,0.00,368.97,0.00,,0,29.17,88.04,1,palm,relative
217199.9009,0,368.97,0.00,368.97,0.00,,0,12.60,76.50,1,palm,relative
217199.9343,0,368.97,0.00,368.97,0.00,,0,13.72,81.10,1,palm,relative
217199.9676,0,368.97,0.00,368.97,0.00,,0,10.27,72.61,1,palm,relative
217200.0010,0,368.97,0.00,368.97,0.00,,0,15.57,78.17,1,palm,relative
217200.0343,0,368.97,0.00,368.97,0.00,,0,16.16,76.66,1,palm,relative
217200.0677,0,368.97,0.00,368.97,0.00,,0,14.01,74.97,1,palm,relative
217200.1010,0,368.97,0.00,368.97,0.00,,0,17.46,77.37,1,palm,relative
217200.1344,0,368.97,0.00,368.97,0.00,,0,25.83,85.76,1,palm,relative
217200.1677,0,368.97,0.00,368.97,0.00,,0,11.84,69.95,1,palm,relative
217200.2011,0,368.97,0.00,368.97,0.00,,0,25.78,88.75,1,palm,relative
217200.2344,0,368.97,0.00,368.97,0.00,,0,9.97,72.54,1,palm,relative
217200.2678,0,368.97,0.00,368.97,0.00,,0,11.71,74.89,1,palm,relative
217200.3011,0,368.97,0.00,368.97,0.00,,0,15.69,77.34,1,palm,relative
217200.3345,0,368.97,0.00,368.97,0.00,,0,18.86,81.32,1,palm,relative
217200.3678,0,368.97,0.00,368.97,0.00,,0,17.56,76.37,1,palm,relative
217200.4012,0,368.97,0.00,368.97,0.00,,0,15.35,74.67,1,palm,relative
217200.4345,0,368.97,0.00,368.97,0.00,,0,25.46,81.85,1,palm,relative
217200.4679,0,368.97,0.00,368.97,0.00,,0,29.78,86.72,1,palm,relative
217200.5012,0,368.97,0.00,368.97,0.00,,0,16.43,75.85,1,palm,relative
217200.5346,0,368.97,0.00,368.97,0.00,,0,17.56,76.92,1,palm,relative
217200.5679,0,368.97,0.00,368.97,0.00,,0,22.80,80.49,1,palm,relative
217200.6013,0,368.97,0.00,368.97,0.00,,0,14.55,71.34,1,palm,relative
217200.6346,0,368.97,0.00,368.97,0.00,,0,26.64,84.42,1,palm,relative
217200.6680,0,368.97,0.00,368.97,0.00,,0,15.43,79.08,1,palm,relative
217200.7013,0,368.97,0.00,368.97,0.00,,0,14.44,77.41,1,palm,relative
217200.7347,0,368.97,0.00,368.97,0.00,,0,13.06,74.33,1,palm,relative
217200.7680,0,368.97,0.00,368.97,0.00,,0,22.34,84.63,1,palm,relative
217200.8014,0,368.97,0.00,368.97,0.00,,0,17.28,80.40,1,palm,relative
217200.8347,0,368.97,0.00,368.97,0.00,,0,14.17,77.18,1,palm,relative
217200.8681,0,368.97,0.00,368.97,0.00,,0,26.10,89.20,1,palm,relative
217200.9014,0,368.97,0.00,368.97,0.00,,0,10.15,70.77,1,palm,relative
217200.9348,0,368.97,0.00,368.97,0.00,,0,23.42,87.64,1,palm,relative
217200.9681,0,368.97,0.00,368.97,0.00,,0,13.75,75.65,1,palm,relative
217201.0015,0,368.97,0.00,368.97,0.00,,0,14.72,80.28,1,palm,relative
217201.0348,0,368.97,0.00,368.97,0.00,,0,18.06,78.23,1,palm,relative
217201.0682,0,368.97,0.00,368.97,0.00,,0,12.11,71.96,1,palm,relative
217201.1015,0,368.97,0.00,368.97,0.00,,0,22.27,82.52,1,palm,relative
217201.1349,0,368.97,0.00,368.97,0.00,,0,12.11,68.96,1,palm,relative
217201.1682,0,368.97,0.00,368.97,0.00,,0,19.85,78.40,1,palm,relative
217201.2016,0,368.97,0.00,368.97,0.00,,0,22.73,82.11,1,palm,relative
217201.2349,0,368.97,0.00,368.97,0.00,,0,8.95,67.96,1,palm,relative
217201.2683,0,368.97,0.00,368.97,0.00,,0,20.26,82.02,1,palm,relative
217201.3016,0,368.97,0.00,368.97,0.00,,0,17.29,73.91,1,palm,relative
217201.3350,0,368.97,0.00,368.97,0.00,,0,25.79,81.47,1,palm,relative
217201.3683,0,368.97,0.00,368.97,0.00,,0,16.86,71.68,1,palm,relative
217201.4017,0,368.97,0.00,368.97,0.00,,0,26.58,81.82,1,palm,relative
217201.4350,0,368.97,0.00,368.97,0.00,,0,27.82,84.49,1,palm,relative
217201.4684,0,368.97,0.00,368.97,0.00,,0,15.60,87.35,1,palm,relative
217201.5017,0,368.97,0.00,368.97,0.00,,0,15.00,86.57,1,palm,relative
217201.5351,0,368.97,0.00,368.97,0.00,,0,27.04,111.05,1,palm,relative
217201.5684,0,368.97,0.00,368.97,0.00,,0,11.48,89.41,1,palm,relative
217201.6018,0,368.97,0.00,368.97,0.00,,0,14.73,90.42,1,palm,relative
217201.6351,0,368.97,0.00,368.97,0.00,,0,12.31,86.47,1,palm,relative
217201.6685,0,368.97,0.00,368.97,0.00,,0,13.19,87.22,1,palm,relative
217201.7018,0,368.97,0.00,368.97,0.00,,0,14.65,88.11,1,palm,relative
217201.7352,0,368.97,0.00,368.97,0.00,,0,15.32,89.30,1,palm,relative
217201.7685,0,368.97,0.00,368.97,0.00,,0,13.13,86.77,1,palm,relative
217201.8019,0,368.97,0.00,368.97,0.00,,0,31.06,108.27,1,palm,relative
217201.8352,0,368.97,0.00,368.97,0.00,,0,12.95,88.89,1,palm,relative
217201.8686,0,368.97,0.00,368.97,0.00,,0,27.27,106.21,1,palm,relative
217201.9019,0,368.97,0.00,368.97,0.00,,0,33.36,111.46,1,palm,relative
217201.9353,0,368.97,0.00,368.97,0.00,,0,16.74,96.23,1,palm,relative
217201.9686,0,368.97,0.00,368.97,0.00,,0,16.83,92.91,1,palm,relative
217202.0020,0,368.97,0.00,368.97,0.00,,0,14.74,91.06,1,palm,relative
217202.0353,0,368.97,0.00,368.97,0.00,,0,17.66,95.60,1,palm,relative
217202.0687,0,368.97,0.00,368.97,0.00,,0,12.64,86.57,1,palm,relative
217202.1020,0,368.97,0.00,368.97,0.00,,0,17.30,91.02,1,palm,relative
217202.1354,0,368.97,0.00,368.97,0.00,,0,33.47,110.54,1,palm,relative
217202.1687,0,368.97,0.00,368.97,0.00,,0,12.98,90.42,1,palm,relative
217202.2021,0,368.97,0.00,368.97,0.00,,0,14.73,90.29,1,palm,relative
217202.2354,0,368.97,0.00,368.97,0.00,,0,13.62,84.66,1,palm,relative
217202.2688,0,368.97,0.00,368.97,0.00,,0,18.99,92.74,1,palm,relative
217202.3021,0,368.97,0.00,368.97,0.00,,0,15.63,87.16,1,palm,relative
217202.3355,0,368.97,0.00,368.97,0.00,,0,33.93,110.29,1,palm,relative
217202.3688,0,368.97,0.00,368.97,0.00,,0,9.11,86.17,1,palm,relative
217202.4022,0,368.97,0.00,368.97,0.00,,0,15.91,89.00,1,palm,relative
217202.4355,0,368.97,0.00,368.97,0.00,,0,13.48,82.01,1,palm,relative
217202.4689,0,368.97,0.00,368.97,0.00,,0,24.69,97.51,1,palm,relative
217202.5022,0,368.97,0.00,368.97,0.00,,0,9.87,78.42,1,palm,relative
217202.5356,0,368.97,0.00,368.97,0.00,,0,15.85,84.27,1,palm,relative
217202.5689,0,368.97,0.00,368.97,0.00,,0,13.08,83.62,1,palm,relative
217202.6023,0,368.97,0.00,368.97,0.00,,0,14.87,82.34,1,palm,relative
217202.6356,0,368.97,0.00,368.97,0.00,,0,15.86,85.60,1,palm,relative
217202.6690,0,368.97,0.00,368.97,0.00,,0,16.65,81.78,1,palm,relative
217202.7023,0,368.97,0.00,368.97,0.00,,0,13.39,79.59,1,palm,relative
217202.7357,0,368.97,0.00,368.97,0.00,,0,24.13,84.90,1,palm,relative
217202.7690,0,368.97,0.00,368.97,0.00,,0,18.42,77.89,1,palm,relative
217202.8024,0,368.97,0.00,368.97,0.00,,0,16.99,76.13,1,palm,relative
217202.8357,0,368.97,0.00,368.97,0.00,,0,17.02,74.66,1,palm,relative
217202.8691,0,368.97,0.00,368.97,0.00,,0,31.05,89.23,1,palm,relative
217202.9024,0,368.97,0.00,368.97,0.00,,0,15.28,79.02,1,palm,relative
217202.9358,0,368.97,0.00,368.97,0.00,,0,15.95,81.73,1,palm,relative
217202.9691,0,368.97,0.00,368.97,0.00,,0,9.33,76.44,1,palm,relative
217203.0025,0,368.97,0.00,368.97,0.00,,0,20.69,80.92,1,palm,relative
217203.0358,0,368.97,0.00,368.97,0.00,,0,22.58,82.63,1,palm,relative
217203.0692,0,368.97,0.00,368.97,0.00,,0,13.83,73.73,1,palm,relative
217203.1025,0,368.97,0.00,368.97,0.00,,0,16.26,77.06,1,palm,relative
217203.1359,0,368.97,0.00,368.97,0.00,,0,17.79,74.40,1,palm,relative
217203.1692,0,368.97,0.00,368.97,0.00,,0,20.75,77.41,1,palm,relative
217203.2026,0,368.97,0.00,368.97,0.00,,0,20.97,74.55,1,palm,relative
217203.2359,0,368.97,0.00,368.97,0.00,,0,20.60,78.26,1,palm,relative
217203.2693,0,368.97,0.00,368.97,0.00,,0,22.08,80.85,1,palm,relative
217203.3026,0,368.97,0.00,368.97,0.00,,0,14.03,76.51,1,palm,relative
217203.3360,0,368.97,0.00,368.97,0.00,,0,15.14,80.68,1,palm,relative
217203.3693,0,368.97,0.00,368.97,0.00,,0,14.34,74.96,1,palm,relative
217203.4027,0,368.97,0.00,368.97,0.00,,0,23.13,86.03,1,palm,relative
217203.4360,0,368.97,0.00,368.97,0.00,,0,11.68,71.98,1,palm,relative
217203.4694,0,368.97,0.00,368.97,0.00,,0,21.35,81.03,1,palm,relative
217203.5027,0,368.97,0.00,368.97,0.00,,0,13.08,72.56,1,palm,relative
217203.5361,0,368.97,0.00,368.97,0.00,,0,21.46,80.88,1,palm,relative
217203.5694,0,368.97,0.00,368.97,0.00,,0,22.12,82.22,1,palm,relative
217203.6028,0,368.97,0.00,368.97,0.00,,0,14.25,73.07,1,palm,relative
217203.6361,0,368.97,0.00,368.97,0.00,,0,18.77,78.43,1,palm,relative
217203.6695,0,368.97,0.00,368.97,0.00,,0,28.51,85.62,1,palm,relative
217203.7028,0,368.97,0.00,368.97,0.00,,0,13.70,75.27,1,palm,relative
217203.7362,0,368.97,0.00,368.97,0.00,,0,19.28,81.43,1,palm,relative
217203.7695,0,368.97,0.00,368.97,0.00,,0,13.45,71.72,1,palm,relative
217203.8029,0,368.97,0.00,368.97,0.00,,0,26.58,89.81,1,palm,relative
217203.8362,0,368.97,0.00,368.97,0.00,,0,16.79,88.31,1,palm,relative
217203.8696,0,368.97,0.00,368.97,0.00,,0,14.80,85.89,1,palm,relative
217203.9029,0,368.97,0.00,368.97,0.00,,0,17.58,90.07,1,palm,relative
217203.9363,0,368.97,0.00,368.97,0.00,,0,17.53,89.42,1,palm,relative
217203.9696,0,368.97,0.00,368.97,0.00,,0,14.20,86.27,1,palm,relative
217204.0030,0,368.97,0.00,368.97,0.00,,0,15.26,90.89,1,palm,relative
217204.0363,0,368.97,0.00,368.97,0.00,,0,17.58,86.61,1,palm,relative
217204.0697,0,368.97,0.00,368.97,0.00,,0,15.40,86.53,1,palm,relative
217204.1030,0,368.97,0.00,368.97,0.00,,0,16.19,85.33,1,palm,relative
217204.1364,0,368.97,0.00,368.97,0.00,,0,17.83,87.51,1,palm,relative
217204.1697,0,368.97,0.00,368.97,0.00,,0,16.76,83.46,1,palm,relative
217204.2031,0,368.97,0.00,368.97,0.00,,0,16.16,84.72,1,palm,relative
217204.2364,0,368.97,0.00,368.97,0.00,,0,16.08,81.02,1,palm,relative
217204.2698,0,368.97,0.00,368.97,0.00,,0,16.09,82.72,1,palm,relative
217204.3031,0,368.97,0.00,368.97,0.00,,0,14.27,78.52,1,palm,relative
217204.3365,0,368.97,0.00,368.97,0.00,,0,13.88,80.98,1,palm,relative
217204.3698,0,368.97,0.00,368.97,0.00,,0,18.50,80.48,1,palm,relative
217204.4032,0,368.97,0.00,368.97,0.00,,0,11.91,73.16,1,palm,relative
217204.4365,0,368.97,0.00,368.97,0.00,,0,19.91,82.78,1,palm,relative
217204.4699,0,368.97,0.00,368.97,0.00,,0,27.61,88.08,1,palm,relative
217204.5032,0,368.97,0.00,368.97,0.00,,0,10.50,70.65,1,palm,relative
217204.5366,0,368.97,0.00,368.97,0.00,,0,20.79,80.55,1,palm,relative
217204.5699,0,368.97,0.00,368.97,0.00,,0,23.56,86.28,1,palm,relative
217204.6033,0,368.97,0.00,368.97,0.00,,0,11.38,69.52,1,palm,relative
217204.6366,0,368.97,0.00,368.97,0.00,,0,28.65,86.59,1,palm,relative
217204.6700,0,368.97,0.00,368.97,0.00,,0,15.13,75.31,1,palm,relative
217204.7033,0,368.97,0.00,368.97,0.00,,0,24.29,87.01,1,palm,relative
217204.7367,0,368.97,0.00,368.97,0.00,,0,13.66,75.99,1,palm,relative
217204.7700,0,368.97,0.00,368.97,0.00,,0,14.86,81.83,1,palm,relative
217204.8034,0,368.97,0.00,368.97,0.00,,0,15.28,76.33,1,palm,relative
217204.8367,0,368.97,0.00,368.97,0.00,,0,18.28,79.28,1,palm,relative
217204.8701,0,368.97,0.00,368.97,0.00,,0,13.96,74.88,1,palm,relative
217204.9034,0,368.97,0.00,368.97,0.00,,0,20.48,82.96,1,palm,relative
217204.9368,0,368.97,0.00,368.97,0.00,,0,12.25,69.48,1,palm,relative
217204.9701,0,368.97,0.00,368.97,0.00,,0,25.55,83.46,1,palm,relative
217205.0035,0,368.97,0.00,368.97,0.00,,0,12.87,69.70,1,palm,relative
217205.0368,0,368.97,0.00,368.97,0.00,,0,28.43,84.25,1,palm,relative
217205.0702,0,368.97,0.00,368.97,0.00,,0,14.63,73.06,1,palm,relative
217205.1035,0,368.97,0.00,368.97,0.00,,0,24.99,88.83,1,palm,relative
217205.1369,0,368.97,0.00,368.97,0.00,,0,16.78,79.27,1,palm,relative
217205.1702,0,368.97,0.00,368.97,0.00,,0,18.08,81.91,1,palm,relative
217205.2036,0,368.97,0.00,368.97,0.00,,0,15.52,76.57,1,palm,relative
217205.2369,0,368.97,0.00,368.97,0.00,,0,16.59,79.29,1,palm,relative
217205.2703,0,368.97,0.00,368.97,0.00,,0,14.31,77.21,1,palm,relative
217205.3036,0,368.97,0.00,368.97,0.00,,0,17.99,78.77,1,palm,relative
217205.3370,0,368.97,0.00,368.97,0.00,,0,15.71,75.87,1,palm,relative
217205.3703,0,368.97,0.00,368.97,0.00,,0,18.88,77.97,1,palm,relative
217205.4037,0,368.97,0.00,368.97,0.00,,0,26.50,88.72,1,palm,relative
217205.4370,0,368.97,0.00,368.97,0.00,,0,15.48,77.67,1,palm,relative
217205.4704,0,368.97,0.00,368.97,0.00,,0,17.87,81.74,1,palm,relative
217205.5037,0,368.97,0.00,368.97,0.00,,0,13.53,72.48,1,palm,relative
217205.5371,0,368.97,0.00,368.97,0.00,,0,18.85,78.52,1,palm,relative
217205.5704,0,368.97,0.00,368.97,0.00,,0,30.80,86.61,1,palm,relative
217205.6038,0,368.97,0.00,368.97,0.00,,0,16.18,76.09,1,palm,relative
217205.6371,0,368.97,0.00,368.97,0.00,,0,21.22,83.06,1,palm,relative
217205.6705,0,368.97,0.00,368.97,0.00,,0,12.84,69.86,1,palm,relative
217205.7038,0,368.97,0.00,368.97,0.00,,0,21.57,84.47,1,palm,relative
217205.7372,0,368.97,0.00,368.97,0.00,,0,17.44,81.94,1,palm,relative
217205.7705,0,368.97,0.00,368.97,0.00,,0,12.26,75.95,1,palm,relative
217205.8039,0,368.97,0.00,368.97,0.00,,0,12.19,76.52,1,palm,relative
217205.8372,0,368.97,0.00,368.97,0.00,,0,16.17,77.96,1,palm,relative
217205.8706,0,368.97,0.00,368.97,0.00,,0,28.66,91.93,1,palm,relative
217205.9039,0,368.97,0.00,368.97,0.00,,0,14.65,81.88,1,palm,relative
217205.9373,0,368.97,0.00,368.97,0.00,,0,14.27,85.31,1,palm,relative
217205.9706,0,368.97,0.00,368.97,0.00,,0,15.44,81.64,1,palm,relative
217206.0040,0,368.97,0.00,368.97,0.00,,0,12.61,80.23,1,palm,relative
217206.0373,0,368.97,0.00,368.97,0.00,,0,13.72,75.92,1,palm,relative
217206.0707,0,368.97,0.00,368.97,0.00,,0,10.36,79.46,1,palm,relative
217206.1040,0,368.97,0.00,368.97,0.00,,0,21.16,81.56,1,palm,relative
217206.1374,0,368.97,0.00,368.97,0.00,,0,15.81,76.09,1,palm,relative
217206.1707,0,368.97,0.00,368.97,0.00,,0,21.70,82.90,1,palm,relative
217206.2041,0,368.97,0.00,368.97,0.00,,0,12.46,69.51,1,palm,relative
217206.2374,0,368.97,0.00,368.97,0.00,,0,27.76,86.70,1,palm,relative
217206.2708,0,368.97,0.00,368.97,0.00,,0,8.27,68.43,1,palm,relative
217206.3041,0,368.97,0.00,368.97,0.00,,0,15.51,78.84,1,palm,relative
217206.3375,0,368.97,0.00,368.97,0.00,,0,18.33,77.20,1,palm,relative
217206.3708,0,368.97,0.00,368.97,0.00,,0,17.37,76.95,1,palm,relative
217206.4042,0,368.97,0.00,368.97,0.00,,0,32.00,88.96,1,palm,relative
217206.4375,0,368.97,0.00,368.97,0.00,,0,15.25,74.68,1,palm,relative
217206.4709,0,368.97,0.00,368.97,0.00,,0,20.64,82.48,1,palm,relative
217206.5042,0,368.97,0.00,368.97,0.00,,0,16.22,73.01,1,palm,relative
217206.5376,0,368.97,0.00,368.97,0.00,,0,19.17,75.05,1,palm,relative
217206.5709,0,368.97,0.00,368.97,0.00,,0,23.00,76.92,1,palm,relative
217206.6043,0,368.97,0.00,368.97,0.00,,0,33.28,86.55,1,palm,relative
217206.6376,0,368.97,0.00,368.97,0.00,,0,13.07,75.43,1,palm,relative
217206.6710,0,368.97,0.00,368.97,0.00,,0,12.18,84.16,1,palm,relative
217206.7043,0,368.97,0.00,368.97,0.00,,0,18.80,80.51,1,palm,relative
217206.7377,0,368.97,0.00,368.97,0.00,,0,9.06,71.48,1,palm,relative
217206.7710,0,368.97,0.00,368.97,0.00,,0,18.81,80.03,1,palm,relative
217206.8044,0,368.97,0.00,368.97,0.00,,0,22.55,83.95,1,palm,relative
217206.8377,0,368.97,0.00,368.97,0.00,,0,12.21,70.36,1,palm,relative
217206.8711,0,368.97,0.00,368.97,0.00,,0,21.23,78.17,1,palm,relative
217206.9044,0,368.97,0.00,368.97,0.00,,0,18.19,75.29,1,palm,relative
217206.9378,0,368.97,0.00,368.97,0.00,,0,29.66,84.61,1,palm,relative
217206.9711,0,368.97,0.00,368.97,0.00,,0,11.13,67.62,1,palm,relative
217207.0045,0,368.97,0.00,368.97,0.00,,0,18.47,75.89,1,palm,relative
217207.0378,0,368.97,0.00,368.97,0.00,,0,24.17,76.84,1,palm,relative
217207.0712,0,368.97,0.00,368.97,0.00,,0,29.40,80.96,1,palm,relative
217207.1045,0,368.97,0.00,368.97,0.00,,0,25.33,80.50,1,palm,relative
217207.1379,0,368.97,0.00,368.97,0.00,,0,30.76,84.93,1,palm,relative
217207.1712,0,368.97,0.00,368.97,0.00,,0,11.41,70.27,1,palm,relative
217207.2046,0,368.97,0.00,368.97,0.00,,0,33.79,94.08,1,palm,relative
217207.2379,0,368.97,0.00,368.97,0.00,,0,9.37,83.90,1,palm,relative
217207.2713,0,368.97,0.00,368.97,0.00,,0,14.96,91.47,1,palm,relative
217207.3046,0,368.97,0.00,368.97,0.00,,0,32.90,109.78,1,palm,relative
217207.3380,0,368.97,0.00,368.97,0.00,,0,11.33,88.65,1,palm,relative
217207.3713,0,368.97,0.00,368.97,0.00,,0,15.59,90.51,1,palm,relative
217207.4047,0,368.97,0.00,368.97,0.00,,0,33.08,110.28,1,palm,relative
217207.4380,0,368.97,0.00,368.97,0.00,,0,12.39,89.63,1,palm,relative
217207.4714,0,368.97,0.00,368.97,0.00,,0,33.03,110.09,1,palm,relative
217207.5047,0,368.97,0.00,368.97,0.00,,0,14.21,91.18,1,palm,relative
217207.5381,0,368.97,0.00,368.97,0.00,,0,15.35,88.03,1,palm,relative
217207.5714,0,368.97,0.00,368.97,0.00,,0,12.52,86.42,1,palm,relative
217207.6048,0,368.97,0.00,368.97,0.00,,0,14.88,88.53,1,palm,relative
217207.6381,0,368.97,0.00,368.97,0.00,,0,28.17,105.56,1,palm,relative
217207.6715,0,368.97,0.00,368.97,0.00,,0,13.83,86.58,1,palm,relative
217207.7048,0,368.97,0.00,368.97,0.00,,0,15.42,90.59,1,palm,relative
217207.7382,0,368.97,0.00,368.97,0.00,,0,8.93,76.54,1,palm,relative
217207.7715,0,368.97,0.00,368.97,0.00,,0,22.31,89.08,1,palm,relative
217207.8049,0,368.97,0.00,368.97,0.00,,0,15.18,81.27,1,palm,relative
217207.8382,0,368.97,0.00,368.97,0.00,,0,13.68,82.08,1,palm,relative
217207.8716,0,368.97,0.00,368.97,0.00,,0,7.58,81.41,1,palm,relative
217207.9049,0,368.97,0.00,368.97,0.00,,0,15.86,79.51,1,palm,relative
217207.9383,0,368.97,0.00,368.97,0.00,,0,20.14,82.52,1,palm,relative
217207.9716,0,368.97,0.00,368.97,0.00,,0,8.80,71.68,1,palm,relative
217208.0050,0,368.97,0.00,368.97,0.00,,0,19.19,81.09,1,palm,relative
217208.0383,0,368.97,0.00,368.97,0.00,,0,16.33,78.02,1,palm,relative
217208.0717,0,368.97,0.00,368.97,0.00,,0,16.44,78.82,1,palm,relative
217208.1050,0,368.97,0.00,368.97,0.00,,0,24.58,83.73,1,palm,relative
217208.1384,0,368.97,0.00,368.97,0.00,,0,17.31,74.60,1,palm,relative
217208.1717,0,368.97,0.00,368.97,0.00,,0,23.75,80.21,1,palm,relative
217208.2051,0,368.97,0.00,368.97,0.00,,0,16.56,71.84,1,palm,relative
217208.2384,0,368.97,0.00,368.97,0.00,,0,17.16,73.46,1,palm,relative
217208.2718,0,368.97,0.00,368.97,0.00,,0,26.52,83.46,1,palm,relative
217208.3051,0,368.97,0.00,368.97,0.00,,0,17.99,80.52,1,palm,relative
217208.3385,0,368.97,0.00,368.97,0.00,,0,13.68,76.24,1,palm,relative
217208.3718,0,368.97,0.00,368.97,0.00,,0,16.30,78.11,1,palm,relative
217208.4052,0,368.97,0.00,368.97,0.00,,0,17.01,78.78,1,palm,relative
217208.4385,0,368.97,0.00,368.97,0.00,,0,14.64,76.71,1,palm,relative
217208.4719,0,368.97,0.00,368.97,0.00,,0,21.48,80.55,1,palm,relative
217208.5052,0,368.97,0.00,368.97,0.00,,0,16.19,75.00,1,palm,relative
217208.5386,0,368.97,0.00,368.97,0.00,,0,28.02,88.75,1,palm,relative
217208.5719,0,368.97,0.00,368.97,0.00,,0,16.84,80.12,1,palm,relative
217208.6053,0,368.97,0.00,368.97,0.00,,0,24.79,89.13,1,palm,relative
217208.6386,0,368.97,0.00,368.97,0.00,,0,14.98,80.02,1,palm,relative
217208.6720,0,368.97,0.00,368.97,0.00,,0,17.76,82.78,1,palm,relative
217208.7053,0,368.97,0.00,368.97,0.00,,0,12.35,77.11,1,palm,relative
217208.7387,0,368.97,0.00,368.97,0.00,,0,13.65,81.40,1,palm,relative
217208.7720,0,368.97,0.00,368.97,0.00,,0,19.45,83.71,1,palm,relative
217208.8054,0,368.97,0.00,368.97,0.00,,0,15.76,80.10,1,palm,relative
217208.8387,0,368.97,0.00,368.97,0.00,,0,12.15,76.71,1,palm,relative
217208.8721,0,368.97,0.00,368.97,0.00,,0,17.96,79.00,1,palm,relative
217208.9054,0,368.97,0.00,368.97,0.00,,0,13.33,75.36,1,palm,relative
217208.9388,0,368.97,0.00,368.97,0.00,,0,19.30,77.17,1,palm,relative
217208.9721,0,368.97,0.00,368.97,0.00,,0,16.11,74.71,1,palm,relative
217209.0055,0,368.97,0.00,368.97,0.00,,0,21.71,79.87,1,palm,relative
217209.0388,0,368.97,0.00,368.97,0.00,,0,24.08,81.15,1,palm,relative
217209.0722,0,368.97,0.00,368.97,0.00,,0,27.00,83.32,1,palm,relative
217209.1055,0,368.97,0.00,368.97,0.00,,0,18.01,74.87,1,palm,relative
217209.1389,0,368.97,0.00,368.97,0.00,,0,24.78,82.22,1,palm,relative
217209.1722,0,368.97,0.00,368.97,0.00,,0,14.06,72.27,1,palm,relative
217209.2056,0,368.97,0.00,368.97,0.00,,0,27.98,88.91,1,palm,relative
217209.2389,0,368.97,0.00,368.97,0.00,,0,13.78,77.94,1,palm,relative
217209.2723,0,368.97,0.00,368.97,0.00,,0,16.74,84.03,1,palm,relative
217209.3056,0,368.97,0.00,368.97,0.00,,0,19.41,82.58,1,palm,relative
217209.3390,0,368.97,0.00,368.97,0.00,,0,13.40,77.95,1,palm,relative
217209.3723,0,368.97,0.00,368.97,0.00,,0,15.15,76.71,1,palm,relative
217209.4057,0,368.97,0.00,368.97,0.00,,0,18.39,80.43,1,palm,relative
217209.4390,0,368.97,0.00,368.97,0.00,,0,11.56,71.95,1,palm,relative
217209.4724,0,368.97,0.00,368.97,0.00,,0,20.04,81.78,1,palm,relative
217209.5057,0,368.97,0.00,368.97,0.00,,0,24.68,83.54,1,palm,relative
217209.5391,0,368.97,0.00,368.97,0.00,,0,16.43,73.58,1,palm,relative
217209.5724,0,368.97,0.00,368.97,0.00,,0,23.97,80.24,1,palm,relative
217209.6058,0,368.97,0.00,368.97,0.00,,0,29.76,85.76,1,palm,relative
217209.6391,0,368.97,0.00,368.97,0.00,,0,14.72,73.93,1,palm,relative
217209.6725,0,368.97,0.00,368.97,0.00,,0,21.95,80.95,1,palm,relative
217209.7058,0,368.97,0.00,368.97,0.00,,0,10.93,68.43,1,palm,relative
217209.7392,0,368.97,0.00,368.97,0.00,,0,24.55,83.20,1,palm,relative
217209.7725,0,368.97,0.00,368.97,0.00,,0,17.73,74.25,1,palm,relative
217209.8059,0,368.97,0.00,368.97,0.00,,0,31.49,86.89,1,palm,relative
217209.8392,0,368.97,0.00,368.97,0.00,,0,11.49,76.94,1,palm,relative
217209.8726,0,368.97,0.00,368.97,0.00,,0,13.41,79.08,1,palm,relative
217209.9059,0,368.97,0.00,368.97,0.00,,0,21.86,85.50,1,palm,relative
217209.9393,0,368.97,0.00,368.97,0.00,,0,15.61,78.28,1,palm,relative
217209.9726,0,368.97,0.00,368.97,0.00,,0,10.38,81.22,1,palm,relative
217210.0060,0,368.97,0.00,368.97,0.00,,0,16.97,78.15,1,palm,relative
217210.0393,0,368.97,0.00,368.97,0.00,,0,17.85,78.84,1,palm,relative
217210.0727,0,368.97,0.00,368.97,0.00,,0,22.35,83.69,1,palm,relative
217210.1060,0,368.97,0.00,368.97,0.00,,0,13.21,83.33,1,palm,relative
217210.1394,0,368.97,0.00,368.97,0.00,,0,17.33,88.64,1,palm,relative
217210.1727,0,368.97,0.00,368.97,0.00,,0,15.98,85.89,1,palm,relative
217210.2061,0,368.97,0.00,368.97,0.00,,0,18.22,90.21,1,palm,relative
217210.2394,0,368.97,0.00,368.97,0.00,,0,14.98,84.73,1,palm,relative
217210.2728,0,368.97,0.00,368.97,0.00,,0,12.41,83.96,1,palm,relative
217210.3061,0,368.97,0.00,368.97,0.00,,0,15.46,82.86,1,palm,relative
217210.3395,0,368.97,0.00,368.97,0.00,,0,12.86,79.82,1,palm,relative
217210.3728,0,368.97,0.00,368.97,0.00,,0,11.23,78.77,1,palm,relative
217210.4062,0,368.97,0.00,368.97,0.00,,0,14.30,79.11,1,palm,relative
217210.4395,0,368.97,0.00,368.97,0.00,,0,15.77,84.42,1,palm,relative
217210.4729,0,368.97,0.00,368.97,0.00,,0,15.14,77.83,1,palm,relative
217210.5062,0,368.97,0.00,368.97,0.00,,0,20.14,84.79,1,palm,relative
217210.5396,0,368.97,0.00,368.97,0.00,,0,16.04,78.15,1,palm,relative
217210.5729,0,368.97,0.00,368.97,0.00,,0,12.51,73.26,1,palm,relative
217210.6063,0,368.97,0.00,368.97,0.00,,0,16.20,75.70,1,palm,relative
217210.6396,0,368.97,0.00,368.97,0.00,,0,18.33,77.64,1,palm,relative
217210.6730,0,368.97,0.00,368.97,0.00,,0,24.98,86.83,1,palm,relative
217210.7063,0,368.97,0.00,368.97,0.00,,0,10.77,77.91,1,palm,relative
217210.7397,0,368.97,0.00,368.97,0.00,,0,15.08,86.93,1,palm,relative
217210.7730,0,368.97,0.00,368.97,0.00,,0,12.80,79.66,1,palm,relative
217210.8064,0,368.97,0.00,368.97,0.00,,0,13.95,80.91,1,palm,relative
217210.8397,0,368.97,0.00,368.97,0.00,,0,15.79,80.98,1,palm,relative
217210.8731,0,368.97,0.00,368.97,0.00,,0,12.31,84.87,1,palm,relative
217210.9064,0,368.97,0.00,368.97,0.00,,0,16.48,79.23,1,palm,relative
217210.9398,0,368.97,0.00,368.97,0.00,,0,16.35,80.08,1,palm,relative
217210.9731,0,368.97,0.00,368.97,0.00,,0,18.69,79.15,1,palm,relative
217211.0065,0,368.97,0.00,368.97,0.00,,0,18.09,79.00,1,palm,relative
217211.0398,0,368.97,0.00,368.97,0.00,,0,17.08,75.34,1,palm,relative
217211.0732,0,368.97,0.00,368.97,0.00,,0,20.18,80.74,1,palm,relative
217211.1065,0,368.97,0.00,368.97,0.00,,0,22.40,77.87,1,palm,relative
217211.1399,0,368.97,0.00,368.97,0.00,,0,27.72,81.78,1,palm,relative
217211.1732,0,368.97,0.00,368.97,0.00,,0,13.93,72.80,1,palm,relative
217211.2066,0,368.97,0.00,368.97,0.00,,0,26.90,85.75,1,palm,relative
217211.2399,0,368.97,0.00,368.97,0.00,,0,10.50,69.52,1,palm,relative
217211.2733,0,368.97,0.00,368.97,0.00,,0,18.24,76.76,1,palm,relative
217211.3066,0,368.97,0.00,368.97,0.00,,0,22.47,80.17,1,palm,relative
217211.3400,0,368.97,0.00,368.97,0.00,,0,18.78,75.23,1,palm,relative
217211.3733,0,368.97,0.00,368.97,0.00,,0,21.01,77.57,1,palm,relative
217211.4067,0,368.97,0.00,368.97,0.00,,0,32.97,86.48,1,palm,relative
217211.4400,0,368.97,0.00,368.97,0.00,,0,16.77,81.97,1,palm,relative
217211.4734,0,368.97,0.00,368.97,0.00,,0,11.48,83.47,1,palm,relative
217211.5067,0,368.97,0.00,368.97,0.00,,0,15.40,80.10,1,palm,relative
217211.5401,0,368.97,0.00,368.97,0.00,,0,15.58,81.74,1,palm,relative
217211.5734,0,368.97,0.00,368.97,0.00,,0,18.64,80.87,1,palm,relative
217211.6068,0,368.97,0.00,368.97,0.00,,0,22.39,84.07,1,palm,relative
217211.6401,0,368.97,0.00,368.97,0.00,,0,13.62,74.52,1,palm,relative
217211.6735,0,368.97,0.00,368.97,0.00,,0,24.67,87.56,1,palm,relative
217211.7068,0,368.97,0.00,368.97,0.00,,0,16.39,81.07,1,palm,relative
217211.7402,0,368.97,0.00,368.97,0.00,,0,15.71,80.43,1,palm,relative
217211.7735,0,368.97,0.00,368.97,0.00,,0,12.82,74.85,1,palm,relative
217211.8069,0,368.97,0.00,368.97,0.00,,0,17.83,79.02,1,palm,relative
217211.8402,0,368.97,0.00,368.97,0.00,,0,15.52,78.16,1,palm,relative
217211.8736,0,368.97,0.00,368.97,0.00,,0,13.15,71.97,1,palm,relative
217211.9069,0,368.97,0.00,368.97,0.00,,0,14.67,75.15,1,palm,relative
217211.9403,0,368.97,0.00,368.97,0.00,,0,27.58,84.94,1,palm,relative
217211.9736,0,368.97,0.00,368.97,0.00,,0,12.32,80.22,1,palm,relative
217212.0070,0,368.97,0.00,368.97,0.00,,0,14.84,87.23,1,palm,relative
217212.0403,0,368.97,0.00,368.97,0.00,,0,11.64,76.24,1,palm,relative
217212.0737,0,368.97,0.00,368.97,0.00,,0,12.18,78.73,1,palm,relative
217212.1070,0,368.97,0.00,368.97,0.00,,0,13.03,75.84,1,palm,relative
217212.1404,0,368.97,0.00,368.97,0.00,,0,28.21,90.22,1,palm,relative
217212.1737,0,368.97,0.00,368.97,0.00,,0,14.29,75.45,1,palm,relative
217212.2071,0,368.97,0.00,368.97,0.00,,0,28.38,93.24,1,palm,relative
217212.2404,0,368.97,0.00,368.97,0.00,,0,7.78,75.48,1,palm,relative
217212.2738,0,368.97,0.00,368.97,0.00,,0,10.81,79.43,1,palm,relative
217212.3071,0,368.97,0.00,368.97,0.00,,0,16.86,83.69,1,palm,relative
217212.3405,0,368.97,0.00,368.97,0.00,,0,16.40,84.85,1,palm,relative
217212.3738,0,368.97,0.00,368.97,0.00,,0,10.68,75.32,1,palm,relative
217212.4072,0,368.97,0.00,368.97,0.00,,0,14.17,83.30,1,palm,relative
217212.4405,0,368.97,0.00,368.97,0.00,,0,24.41,85.42,1,palm,relative
217212.4739,0,368.97,0.00,368.97,0.00,,0,15.13,74.66,1,palm,relative
217212.5072,0,368.97,0.00,368.97,0.00,,0,24.04,86.23,1,palm,relative
217212.5406,0,368.97,0.00,368.97,0.00,,0,15.67,76.57,1,palm,relative
217212.5739,0,368.97,0.00,368.97,0.00,,0,22.55,86.35,1,palm,relative
217212.6073,0,368.97,0.00,368.97,0.00,,0,14.97,78.88,1,palm,relative
217212.6406,0,368.97,0.00,368.97,0.00,,0,18.18,82.50,1,palm,relative
217212.6740,0,368.97,0.00,368.97,0.00,,0,19.19,81.39,1,palm,relative
217212.7073,0,368.97,0.00,368.97,0.00,,0,15.28,77.45,1,palm,relative
217212.7407,0,368.97,0.00,368.97,0.00,,0,13.33,75.32,1,palm,relative
217212.7740,0,368.97,0.00,368.97,0.00,,0,15.04,76.76,1,palm,relative
217212.8074,0,368.97,0.00,368.97,0.00,,0,10.98,72.75,1,palm,relative
217212.8407,0,368.97,0.00,368.97,0.00,,0,20.47,82.71,1,palm,relative
217212.8741,0,368.97,0.00,368.97,0.00,,0,14.87,74.88,1,palm,relative
217212.9074,0,368.97,0.00,368.97,0.00,,0,22.97,83.72,1,palm,relative
217212.9408,0,368.97,0.00,368.97,0.00,,0,14.96,71.42,1,palm,relative
217212.9741,0,368.97,0.00,368.97,0.00,,0,28.16,84.11,1,palm,relative
217213.0075,0,368.97,0.00,368.97,0.00,,0,13.58,70.74,1,palm,relative
217213.0408,0,368.97,0.00,368.97,0.00,,0,29.41,87.96,1,palm,relative
217213.0742,0,368.97,0.00,368.97,0.00,,0,15.14,77.16,1,palm,relative
217213.1075,0,368.97,0.00,368.97,0.00,,0,16.10,80.91,1,palm,relative
217213.1409,0,368.97,0.00,368.97,0.00,,0,13.72,72.07,1,palm,relative
217213.1742,0,368.97,0.00,368.97,0.00,,0,27.09,86.12,1,palm,relative
217213.2076,0,368.97,0.00,368.97,0.00,,0,9.95,72.00,1,palm,relative
217213.2409,0,368.97,0.00,368.97,0.00,,0,17.77,80.80,1,palm,relative
217213.2743,0,368.97,0.00,368.97,0.00,,0,17.10,77.40,1,palm,relative
217213.3076,0,368.97,0.00,368.97,0.00,,0,19.20,79.33,1,palm,relative
217213.3410,0,368.97,0.00,368.97,0.00,,0,16.81,76.75,1,palm,relative
217213.3743,0,368.97,0.00,368.97,0.00,,0,15.89,75.87,1,palm,relative
217213.4077,0,368.97,0.00,368.97,0.00,,0,21.02,80.86,1,palm,relative
217213.4410,0,368.97,0.00,368.97,0.00,,0,13.33,72.33,1,palm,relative
217213.4744,0,368.97,0.00,368.97,0.00,,0,17.26,75.10,1,palm,relative
217213.5077,0,368.97,0.00,368.97,0.00,,0,26.36,87.18,1,palm,relative
217213.5411,0,368.97,0.00,368.97,0.00,,0,17.29,78.50,1,palm,relative
217213.5744,0,368.97,0.00,368.97,0.00,,0,22.07,82.41,1,palm,relative
217213.6078,0,368.97,0.00,368.97,0.00,,0,15.15,75.43,1,palm,relative
217213.6411,0,368.97,0.00,368.97,0.00,,0,34.32,96.23,1,palm,relative
217213.6745,0,368.97,0.00,368.97,0.00,,0,9.58,78.37,1,palm,relative
217213.7078,0,368.97,0.00,368.97,0.00,,0,16.20,87.70,1,palm,relative
217213.7412,0,368.97,0.00,368.97,0.00,,0,12.79,82.74,1,palm,relative
217213.7745,0,368.97,0.00,368.97,0.00,,0,14.19,86.30,1,palm,relative
217213.8079,0,368.97,0.00,368.97,0.00,,0,15.20,85.30,1,palm,relative
217213.8412,0,368.97,0.00,368.97,0.00,,0,16.22,89.13,1,palm,relative
217213.8746,0,368.97,0.00,368.97,0.00,,0,12.17,80.85,1,palm,relative
217213.9079,0,368.97,0.00,368.97,0.00,,0,15.38,87.29,1,palm,relative
217213.9413,0,368.97,0.00,368.97,0.00,,0,15.73,82.62,1,palm,relative
217213.9746,0,368.97,0.00,368.97,0.00,,0,15.54,83.74,1,palm,relative
217214.0079,0,368.97,0.00,368.97,0.00,,0,12.37,77.69,1,palm,relative
217214.0413,0,368.97,0.00,368.97,0.00,,0,14.49,79.00,1,palm,relative
217214.0746,0,368.97,0.00,368.97,0.00,,0,12.10,76.20,1,palm,relative
217214.1080,0,368.97,0.00,368.97,0.00,,0,21.35,85.93,1,palm,relative
217214.1413,0,368.97,0.00,368.97,0.00,,0,14.00,74.94,1,palm,relative
217214.1747,0,368.97,0.00,368.97,0.00,,0,14.38,75.44,1,palm,relative
217214.2080,0,368.97,0.00,368.97,0.00,,0,32.54,91.86,1,palm,relative
217214.2414,0,368.97,0.00,368.97,0.00,,0,9.78,77.98,1,palm,relative
217214.2748,0,368.97,0.00,368.97,0.00,,0,15.98,88.00,1,palm,relative
217214.3081,0,368.97,0.00,368.97,0.00,,0,15.82,81.24,1,palm,relative
217214.3415,0,368.97,0.00,368.97,0.00,,0,13.95,82.53,1,palm,relative
217214.3748,0,368.97,0.00,368.97,0.00,,0,10.95,73.91,1,palm,relative
217214.4082,0,368.97,0.00,368.97,0.00,,0,21.48,86.34,1,palm,relative
217214.4415,0,368.97,0.00,368.97,0.00,,0,12.99,77.90,1,palm,relative
217214.4748,0,368.97,0.00,368.97,0.00,,0,10.19,81.54,1,palm,relative
217214.5082,0,368.97,0.00,368.97,0.00,,0,14.53,79.50,1,palm,relative
217214.5415,0,368.97,0.00,368.97,0.00,,0,11.68,79.26,1,palm,relative
217214.5749,0,368.97,0.00,368.97,0.00,,0,13.12,77.49,1,palm,relative
217214.6082,0,368.97,0.00,368.97,0.00,,0,11.52,75.85,1,palm,relative
217214.6416,0,368.97,0.00,368.97,0.00,,0,16.24,77.60,1,palm,relative
217214.6749,0,368.97,0.00,368.97,0.00,,0,25.95,87.62,1,palm,relative
217214.7083,0,368.97,0.00,368.97,0.00,,0,10.19,74.98,1,palm,relative
217214.7417,0,368.97,0.00,368.97,0.00,,0,17.23,83.63,1,palm,relative
217214.7750,0,368.97,0.00,368.97,0.00,,0,11.65,72.86,1,palm,relative
217214.8084,0,368.97,0.00,368.97,0.00,,0,15.62,76.89,1,palm,relative
217214.8417,0,368.97,0.00,368.97,0.00,,0,21.27,79.88,1,palm,relative
217214.8751,0,368.97,0.00,368.97,0.00,,0,19.15,77.74,1,palm,relative
217214.9084,0,368.97,0.00,368.97,0.00,,0,23.74,82.82,1,palm,relative
217214.9417,0,368.97,0.00,368.97,0.00,,0,21.07,81.49,1,palm,relative
217214.9751,0,368.97,0.00,368.97,0.00,,0,21.94,81.08,1,palm,relative
217215.0084,0,368.97,0.00,368.97,0.00,,0,24.72,85.40,1,palm,relative
217215.0418,0,368.97,0.00,368.97,0.00,,0,15.56,75.27,1,palm,relative
217215.0751,0,368.97,0.00,368.97,0.00,,0,18.34,78.33,1,palm,relative
217215.1085,0,368.97,0.00,368.97,0.00,,0,23.72,80.41,1,palm,relative
217215.1419,0,368.97,0.00,368.97,0.00,,0,22.50,77.49,1,palm,relative
217215.1752,0,368.97,0.00,368.97,0.00,,0,27.15,81.10,1,palm,relative
217215.2086,0,368.97,0.00,368.97,0.00,,0,19.01,83.16,1,palm,relative
217215.2419,0,368.97,0.00,368.97,0.00,,0,10.58,74.28,1,palm,relative
217215.2753,0,368.97,0.00,368.97,0.00,,0,17.41,83.31,1,palm,relative
217215.3086,0,368.97,0.00,368.97,0.00,,0,15.23,77.97,1,palm,relative
217215.3420,0,368.97,0.00,368.97,0.00,,0,17.43,80.89,1,palm,relative
217215.3753,0,368.97,0.00,368.97,0.00,,0,11.53,71.24,1,palm,relative
217215.4086,0,368.97,0.00,368.97,0.00,,0,20.29,81.21,1,palm,relative
217215.4420,0,368.97,0.00,368.97,0.00,,0,15.10,71.53,1,palm,relative
217215.4753,0,368.97,0.00,368.97,0.00,,0,29.78,87.01,1,palm,relative
217215.5087,0,368.97,0.00,368.97,0.00,,0,11.24,72.91,1,palm,relative
217215.5420,0,368.97,0.00,368.97,0.00,,0,22.70,86.78,1,palm,relative
217215.5754,0,368.97,0.00,368.97,0.00,,0,9.85,72.98,1,palm,relative
217215.6088,0,368.97,0.00,368.97,0.00,,0,17.56,82.12,1,palm,relative
217215.6421,0,368.97,0.00,368.97,0.00,,0,16.01,78.06,1,palm,relative
217215.6755,0,368.97,0.00,368.97,0.00,,0,14.56,75.36,1,palm,relative
217215.7088,0,368.97,0.00,368.97,0.00,,0,16.41,78.39,1,palm,relative
217215.7422,0,368.97,0.00,368.97,0.00,,0,14.72,76.20,1,palm,relative
217215.7755,0,368.97,0.00,368.97,0.00,,0,21.76,86.07,1,palm,relative
217215.8089,0,368.97,0.00,368.97,0.00,,0,12.24,72.20,1,palm,relative
217215.8422,0,368.97,0.00,368.97,0.00,,0,22.30,83.45,1,palm,relative
217215.8755,0,368.97,0.00,368.97,0.00,,0,14.92,71.96,1,palm,relative
217215.9089,0,368.97,0.00,368.97,0.00,,0,20.90,79.80,1,palm,relative
217215.9422,0,368.97,0.00,368.97,0.00,,0,33.16,88.91,1,palm,relative
217215.9756,0,368.97,0.00,368.97,0.00,,0,12.97,77.42,1,palm,relative
217216.0089,0,368.97,0.00,368.97,0.00,,0,14.35,81.64,1,palm,relative
217216.0423,0,368.97,0.00,368.97,0.00,,0,16.66,79.44,1,palm,relative
217216.0757,0,368.97,0.00,368.97,0.00,,0,14.86,78.59,1,palm,relative
217216.1090,0,368.97,0.00,368.97,0.00,,0,19.00,82.99,1,palm,relative
217216.1424,0,368.97,0.00,368.97,0.00,,0,16.87,75.10,1,palm,relative
217216.1757,0,368.97,0.00,368.97,0.00,,0,29.66,87.53,1,palm,relative
217216.2091,0,368.97,0.00,368.97,0.00,,0,11.12,69.72,1,palm,relative
217216.2424,0,368.97,0.00,368.97,0.00,,0,23.11,83.89,1,palm,relative
217216.2758,0,368.97,0.00,368.97,0.00,,0,22.68,84.20,1,palm,relative
217216.3091,0,368.97,0.00,368.97,0.00,,0,15.14,75.79,1,palm,relative
217216.3424,0,368.97,0.00,368.97,0.00,,0,23.86,85.94,1,palm,relative
217216.3758,0,368.97,0.00,368.97,0.00,,0,16.78,74.78,1,palm,relative
217216.4091,0,368.97,0.00,368.97,0.00,,0,27.43,87.42,1,palm,relative
217216.4425,0,368.97,0.00,368.97,0.00,,0,9.56,70.55,1,palm,relative
217216.4758,0,368.97,0.00,368.97,0.00,,0,21.76,84.28,1,palm,relative
217216.5092,0,368.97,0.00,368.97,0.00,,0,12.41,70.30,1,palm,relative
217216.5426,0,368.97,0.00,368.97,0.00,,0,21.51,79.26,1,palm,relative
217216.5759,0,368.97,0.00,368.97,0.00,,0,33.58,90.05,1,palm,relative
217216.6093,0,368.97,0.00,368.97,0.00,,0,16.77,80.45,1,palm,relative
217216.6426,0,368.97,0.00,368.97,0.00,,0,18.86,81.18,1,palm,relative
217216.6760,0,368.97,0.00,368.97,0.00,,0,11.80,74.33,1,palm,relative
217216.7093,0,368.97,0.00,368.97,0.00,,0,13.64,76.32,1,palm,relative
217216.7427,0,368.97,0.00,368.97,0.00,,0,26.74,85.42,1,palm,relative
217216.7760,0,368.97,0.00,368.97,0.00,,0,16.11,82.58,1,palm,relative
217216.8093,0,368.97,0.00,368.97,0.00,,0,15.27,84.56,1,palm,relative
217216.8427,0,368.97,0.00,368.97,0.00,,0,16.04,81.84,1,palm,relative
217216.8760,0,368.97,0.00,368.97,0.00,,0,11.26,82.43,1,palm,relative
217216.9094,0,368.97,0.00,368.97,0.00,,0,16.12,78.72,1,palm,relative
217216.9427,0,368.97,0.00,368.97,0.00,,0,14.06,75.58,1,palm,relative
217216.9761,0,368.97,0.00,368.97,0.00,,0,20.53,83.71,1,palm,relative
217217.0095,0,368.97,0.00,368.97,0.00,,0,11.82,76.09,1,palm,relative
217217.0428,0,368.97,0.00,368.97,0.00,,0,13.37,77.29,1,palm,relative
217217.0762,0,368.97,0.00,368.97,0.00,,0,16.58,80.37,1,palm,relative
217217.1095,0,368.97,0.00,368.97,0.00,,0,14.37,78.62,1,palm,relative
217217.1429,0,368.97,0.00,368.97,0.00,,0,17.68,78.28,1,palm,relative
217217.1762,0,368.97,0.00,368.97,0.00,,0,11.83,72.17,1,palm,relative
217217.2095,0,368.97,0.00,368.97,0.00,,0,14.89,76.84,1,palm,relative
217217.2429,0,368.97,0.00,368.97,0.00,,0,15.86,74.64,1,palm,relative
217217.2762,0,368.97,0.00,368.97,0.00,,0,16.18,77.97,1,palm,relative
217217.3096,0,368.97,0.00,368.97,0.00,,0,23.26,79.77,1,palm,relative
217217.3429,0,368.97,0.00,368.97,0.00,,0,22.77,84.22,1,palm,relative
217217.3763,0,368.97,0.00,368.97,0.00,,0,10.01,70.72,1,palm,relative
217217.4096,0,368.97,0.00,368.97,0.00,,0,17.28,81.41,1,palm,relative
217217.4430,0,368.97,0.00,368.97,0.00,,0,14.48,72.11,1,palm,relative
217217.4764,0,368.97,0.00,368.97,0.00,,0,33.24,103.46,1,palm,relative
217217.5097,0,368.97,0.00,368.97,0.00,,0,12.19,82.59,1,palm,relative
217217.5431,0,368.97,0.00,368.97,0.00,,0,9.88,75.89,1,palm,relative
217217.5764,0,368.97,0.00,368.97,0.00,,0,13.21,76.56,1,palm,relative
217217.6098,0,368.97,0.00,368.97,0.00,,0,16.01,80.41,1,palm,relative
217217.6431,0,368.97,0.00,368.97,0.00,,0,23.75,85.61,1,palm,relative
217217.6764,0,368.97,0.00,368.97,0.00,,0,19.15,79.98,1,palm,relative
217217.7098,0,368.97,0.00,368.97,0.00,,0,20.39,81.64,1,palm,relative
217217.7431,0,368.97,0.00,368.97,0.00,,0,14.76,72.21,1,palm,relative
217217.7765,0,368.97,0.00,368.97,0.00,,0,31.33,88.50,1,palm,relative
217217.8098,0,368.97,0.00,368.97,0.00,,0,14.40,76.22,1,palm,relative
217217.8432,0,368.97,0.00,368.97,0.00,,0,20.34,84.61,1,palm,relative
217217.8765,0,368.97,0.00,368.97,0.00,,0,14.95,73.79,1,palm,relative
217217.9099,0,368.97,0.00,368.97,0.00,,0,21.19,81.20,1,palm,relative
217217.9433,0,368.97,0.00,368.97,0.00,,0,21.01,81.58,1,palm,relative
217217.9766,0,368.97,0.00,368.97,0.00,,0,17.38,78.64,1,palm,relative
217218.0100,0,368.97,0.00,368.97,0.00,,0,21.63,84.04,1,palm,relative
217218.0433,0,368.97,0.00,368.97,0.00,,0,13.65,70.97,1,palm,relative
217218.0767,0,368.97,0.00,368.97,0.00,,0,19.72,76.96,1,palm,relative
217218.1100,0,368.97,0.00,368.97,0.00,,0,10.50,80.69,1,palm,relative
217218.1433,0,368.97,0.00,368.97,0.00,,0,15.75,87.30,1,palm,relative
217218.1767,0,368.97,0.00,368.97,0.00,,0,16.13,86.54,1,palm,relative
217218.2100,0,368.97,0.00,368.97,0.00,,0,18.39,90.15,1,palm,relative
217218.2434,0,368.97,0.00,368.97,0.00,,0,10.00,78.29,1,palm,relative
217218.2767,0,368.97,0.00,368.97,0.00,,0,12.73,83.34,1,palm,relative
217218.3101,0,368.97,0.00,368.97,0.00,,0,16.42,85.09,1,palm,relative
217218.3434,0,368.97,0.00,368.97,0.00,,0,18.01,87.00,1,palm,relative
217218.3768,0,368.97,0.00,368.97,0.00,,0,12.58,81.61,1,palm,relative
217218.4102,0,368.97,0.00,368.97,0.00,,0,7.97,74.93,1,palm,relative
217218.4435,0,368.97,0.00,368.97,0.00,,0,14.90,85.59,1,palm,relative
217218.4769,0,368.97,0.00,368.97,0.00,,0,16.12,81.62,1,palm,relative
217218.5102,0,368.97,0.00,368.97,0.00,,0,12.79,77.89,1,palm,relative
217218.5436,0,368.97,0.00,368.97,0.00,,0,15.64,82.11,1,palm,relative
217218.5769,0,368.97,0.00,368.97,0.00,,0,19.76,82.71,1,palm,relative
217218.6102,0,368.97,0.00,368.97,0.00,,0,16.46,79.51,1,palm,relative
217218.6436,0,368.97,0.00,368.97,0.00,,0,14.10,75.81,1,palm,relative
217218.6769,0,368.97,0.00,368.97,0.00,,0,17.10,79.10,1,palm,relative
217218.7103,0,368.97,0.00,368.97,0.00,,0,29.85,89.00,1,palm,relative
217218.7436,0,368.97,0.00,368.97,0.00,,0,13.81,76.48,1,palm,relative
217218.7770,0,368.97,0.00,368.97,0.00,,0,16.89,79.08,1,palm,relative
217218.8104,0,368.97,0.00,368.97,0.00,,0,14.04,76.85,1,palm,relative
217218.8437,0,368.97,0.00,368.97,0.00,,0,29.01,90.08,1,palm,relative
217218.8771,0,368.97,0.00,368.97,0.00,,0,14.89,82.25,1,palm,relative
217218.9104,0,368.97,0.00,368.97,0.00,,0,14.06,82.15,1,palm,relative
217218.9438,0,368.97,0.00,368.97,0.00,,0,16.09,81.74,1,palm,relative
217218.9771,0,368.97,0.00,368.97,0.00,,0,8.59,75.22,1,palm,relative
217219.0105,0,368.97,0.00,368.97,0.00,,0,13.93,80.26,1,palm,relative
217219.0438,0,368.97,0.00,368.97,0.00,,0,14.86,82.99,1,palm,relative
217219.0771,0,368.97,0.00,368.97,0.00,,0,22.05,88.16,1,palm,relative
217219.1105,0,368.97,0.00,368.97,0.00,,0,12.92,78.44,1,palm,relative
217219.1438,0,368.97,0.00,368.97,0.00,,0,15.14,82.99,1,palm,relative
217219.1772,0,368.97,0.00,368.97,0.00,,0,10.97,73.63,1,palm,relative
217219.2105,0,368.97,0.00,368.97,0.00,,0,16.36,79.33,1,palm,relative
217219.2439,0,368.97,0.00,368.97,0.00,,0,22.88,83.77,1,palm,relative
217219.2773,0,368.97,0.00,368.97,0.00,,0,13.83,85.27,1,palm,relative
217219.3106,0,368.97,0.00,368.97,0.00,,0,21.15,78.80,1,palm,relative
217219.3440,0,368.97,0.00,368.97,0.00,,0,25.95,84.17,1,palm,relative
217219.3773,0,368.97,0.00,368.97,0.00,,0,14.45,73.33,1,palm,relative
217219.4107,0,368.97,0.00,368.97,0.00,,0,27.06,84.75,1,palm,relative
217219.4440,0,368.97,0.00,368.97,0.00,,0,18.06,74.86,1,palm,relative
217219.4774,0,368.97,0.00,368.97,0.00,,0,28.42,87.13,1,palm,relative
217219.5107,0,368.97,0.00,368.97,0.00,,0,10.97,72.90,1,palm,relative
217219.5440,0,368.97,0.00,368.97,0.00,,0,21.49,85.64,1,palm,relative
217219.5774,0,368.97,0.00,368.97,0.00,,0,15.62,74.44,1,palm,relative
217219.6107,0,368.97,0.00,368.97,0.00,,0,22.80,80.39,1,palm,relative
217219.6441,0,368.97,0.00,368.97,0.00,,0,22.81,79.15,1,palm,relative
217219.6774,0,368.97,0.00,368.97,0.00,,0,24.95,80.94,1,palm,relative
217219.7108,0,368.97,0.00,368.97,0.00,,0,27.16,82.33,1,palm,relative
217219.7442,0,368.97,0.00,368.97,0.00,,0,27.63,83.11,1,palm,relative
217219.7775,0,368.97,0.00,368.97,0.00,,0,21.48,81.63,1,palm,relative
217219.8109,0,368.97,0.00,368.97,0.00,,0,14.11,74.39,1,palm,relative
217219.8442,0,368.97,0.00,368.97,0.00,,0,26.29,90.89,1,palm,relative
217219.8776,0,368.97,0.00,368.97,0.00,,0,12.14,76.09,1,palm,relative
217219.9109,0,368.97,0.00,368.97,0.00,,0,10.72,76.48,1,palm,relative
217219.9443,0,368.97,0.00,368.97,0.00,,0,15.56,79.16,1,palm,relative
217219.9776,0,368.97,0.00,368.97,0.00,,0,15.47,78.40,1,palm,relative
217220.0109,0,368.97,0.00,368.97,0.00,,0,18.38,83.32,1,palm,relative
217220.0443,0,368.97,0.00,368.97,0.00,,0,11.21,73.42,1,palm,relative
217220.0776,0,368.97,0.00,368.97,0.00,,0,20.75,84.00,1,palm,relative
217220.1110,0,368.97,0.00,368.97,0.00,,0,17.85,77.99,1,palm,relative
217220.1443,0,368.97,0.00,368.97,0.00,,0,26.68,86.96,1,palm,relative
217220.1777,0,368.97,0.00,368.97,0.00,,0,13.82,82.83,1,palm,relative
217220.2111,0,368.97,0.00,368.97,0.00,,0,14.53,85.33,1,palm,relative
217220.2444,0,368.97,0.00,368.97,0.00,,0,13.60,81.29,1,palm,relative
217220.2778,0,368.97,0.00,368.97,0.00,,0,14.78,84.23,1,palm,relative
217220.3111,0,368.97,0.00,368.97,0.00,,0,17.05,82.10,1,palm,relative
217220.3445,0,368.97,0.00,368.97,0.00,,0,11.96,76.69,1,palm,relative
217220.3778,0,368.97,0.00,368.97,0.00,,0,15.86,81.50,1,palm,relative
217220.4111,0,368.97,0.00,368.97,0.00,,0,23.12,85.61,1,palm,relative
217220.4445,0,368.97,0.00,368.97,0.00,,0,21.73,82.13,1,palm,relative
217220.4778,0,368.97,0.00,368.97,0.00,,0,13.55,73.80,1,palm,relative
217220.5112,0,368.97,0.00,368.97,0.00,,0,17.86,78.49,1,palm,relative
217220.5445,0,368.97,0.00,368.97,0.00,,0,17.72,75.41,1,palm,relative
217220.5779,0,368.97,0.00,368.97,0.00,,0,17.38,74.49,1,palm,relative
217220.6112,0,368.97,0.00,368.97,0.00,,0,30.86,88.74,1,palm,relative
217220.6446,0,368.97,0.00,368.97,0.00,,0,14.67,80.77,1,palm,relative
217220.6780,0,368.97,0.00,368.97,0.00,,0,15.93,81.56,1,palm,relative
217220.7113,0,368.97,0.00,368.97,0.00,,0,16.77,84.13,1,palm,relative
217220.7447,0,368.97,0.00,368.97,0.00,,0,16.90,80.07,1,palm,relative
217220.7780,0,368.97,0.00,368.97,0.00,,0,12.58,75.72,1,palm,relative
217220.8114,0,368.97,0.00,368.97,0.00,,0,14.03,78.33,1,palm,relative
217220.8447,0,368.97,0.00,368.97,0.00,,0,25.87,86.65,1,palm,relative
217220.8780,0,368.97,0.00,368.97,0.00,,0,15.15,76.65,1,palm,relative
217220.9114,0,368.97,0.00,368.97,0.00,,0,18.02,82.33,1,palm,relative
217220.9447,0,368.97,0.00,368.97,0.00,,0,15.28,82.09,1,palm,relative
217220.9781,0,368.97,0.00,368.97,0.00,,0,22.48,89.22,1,palm,relative
217221.0114,0,368.97,0.00,368.97,0.00,,0,14.02,78.93,1,palm,relative
217221.0448,0,368.97,0.00,368.97,0.00,,0,16.19,81.41,1,palm,relative
217221.0781,0,368.97,0.00,368.97,0.00,,0,18.59,82.89,1,palm,relative
217221.1115,0,368.97,0.00,368.97,0.00,,0,14.58,76.91,1,palm,relative
217221.1449,0,368.97,0.00,368.97,0.00,,0,10.57,74.77,1,palm,relative
217221.1782,0,368.97,0.00,368.97,0.00,,0,15.12,77.68,1,palm,relative
217221.2116,0,368.97,0.00,368.97,0.00,,0,12.89,74.29,1,palm,relative
217221.2449,0,368.97,0.00,368.97,0.00,,0,22.77,84.69,1,palm,relative
217221.2783,0,368.97,0.00,368.97,0.00,,0,16.73,74.56,1,palm,relative
217221.3116,0,368.97,0.00,368.97,0.00,,0,20.19,78.50,1,palm,relative
217221.3449,0,368.97,0.00,368.97,0.00,,0,20.47,75.32,1,palm,relative
217221.3783,0,368.97,0.00,368.97,0.00,,0,32.37,85.87,1,palm,relative
217221.4116,0,368.97,0.00,368.97,0.00,,0,12.35,71.21,1,palm,relative
217221.4450,0,368.97,0.00,368.97,0.00,,0,16.62,75.57,1,palm,relative
217221.4783,0,368.97,0.00,368.97,0.00,,0,23.14,79.97,1,palm,relative
217221.5117,0,368.97,0.00,368.97,0.00,,0,29.57,85.61,1,palm,relative
217221.5450,0,368.97,0.00,368.97,0.00,,0,14.58,80.45,1,palm,relative
217221.5784,0,368.97,0.00,368.97,0.00,,0,15.32,83.84,1,palm,relative
217221.6117,0,368.97,0.00,368.97,0.00,,0,14.69,78.66,1,palm,relative
217221.6451,0,368.97,0.00,368.97,0.00,,0,14.69,78.85,1,palm,relative
217221.6784,0,368.97,0.00,368.97,0.00,,0,15.45,77.83,1,palm,relative
217221.7118,0,368.97,0.00,368.97,0.00,,0,13.62,79.47,1,palm,relative
217221.7451,0,368.97,0.00,368.97,0.00,,0,14.56,76.49,1,palm,relative
217221.7785,0,368.97,0.00,368.97,0.00,,0,18.77,79.35,1,palm,relative
217221.8118,0,368.97,0.00,368.97,0.00,,0,14.89,75.91,1,palm,relative
217221.8452,0,368.97,0.00,368.97,0.00,,0,30.74,90.68,1,palm,relative
217221.8785,0,368.97,0.00,368.97,0.00,,0,14.20,78.62,1,palm,relative
217221.9119,0,368.97,0.00,368.97,0.00,,0,16.56,80.33,1,palm,relative
217221.9452,0,368.97,0.00,368.97,0.00,,0,13.75,77.52,1,palm,relative
217221.9786,0,368.97,0.00,368.97,0.00,,0,24.94,90.18,1,palm,relative
217222.0119,0,368.97,0.00,368.97,0.00,,0,14.37,79.17,1,palm,relative
217222.0453,0,368.97,0.00,368.97,0.00,,0,18.05,83.60,1,palm,relative
217222.0786,0,368.97,0.00,368.97,0.00,,0,10.51,70.72,1,palm,relative
217222.1120,0,368.97,0.00,368.97,0.00,,0,21.27,83.04,1,palm,relative
217222.1453,0,368.97,0.00,368.97,0.00,,0,26.98,86.90,1,palm,relative
217222.1787,0,368.97,0.00,368.97,0.00,,0,15.31,74.24,1,palm,relative
217222.2120,0,368.97,0.00,368.97,0.00,,0,24.49,85.60,1,palm,relative
217222.2454,0,368.97,0.00,368.97,0.00,,0,14.82,75.10,1,palm,relative
217222.2787,0,368.97,0.00,368.97,0.00,,0,26.76,94.29,1,palm,relative
217222.3121,0,368.97,0.00,368.97,0.00,,0,14.90,84.42,1,palm,relative
217222.3454,0,368.97,0.00,368.97,0.00,,0,14.06,86.01,1,palm,relative
217222.3788,0,368.97,0.00,368.97,0.00,,0,19.07,88.23,1,palm,relative
217222.4121,0,368.97,0.00,368.97,0.00,,0,16.39,88.84,1,palm,relative
217222.4455,0,368.97,0.00,368.97,0.00,,0,14.18,83.57,1,palm,relative
217222.4788,0,368.97,0.00,368.97,0.00,,0,14.37,84.14,1,palm,relative
217222.5122,0,368.97,0.00,368.97,0.00,,0,15.25,82.91,1,palm,relative
217222.5455,0,368.97,0.00,368.97,0.00,,0,14.43,84.22,1,palm,relative
217222.5789,0,368.97,0.00,368.97,0.00,,0,11.58,78.16,1,palm,relative
217222.6122,0,368.97,0.00,368.97,0.00,,0,11.65,80.62,1,palm,relative
217222.6456,0,368.97,0.00,368.97,0.00,,0,11.49,77.92,1,palm,relative
217222.6789,0,368.97,0.00,368.97,0.00,,0,13.99,81.55,1,palm,relative
217222.7123,0,368.97,0.00,368.97,0.00,,0,14.66,79.86,1,palm,relative
217222.7456,0,368.97,0.00,368.97,0.00,,0,14.71,79.98,1,palm,relative
217222.7790,0,368.97,0.00,368.97,0.00,,0,9.69,71.77,1,palm,relative
217222.8123,0,368.97,0.00,368.97,0.00,,0,21.78,85.00,1,palm,relative
217222.8457,0,368.97,0.00,368.97,0.00,,0,14.79,73.59,1,palm,relative
217222.8790,0,368.97,0.00,368.97,0.00,,0,22.69,88.84,1,palm,relative
217222.9124,0,368.97,0.00,368.97,0.00,,0,10.60,73.97,1,palm,relative
217222.9457,0,368.97,0.00,368.97,0.00,,0,17.42,81.75,1,palm,relative
217222.9791,0,368.97,0.00,368.97,0.00,,0,14.82,76.57,1,palm,relative
217223.0124,0,368.97,0.00,368.97,0.00,,0,20.12,80.90,1,palm,relative
217223.0458,0,368.97,0.00,368.97,0.00,,0,14.00,75.61,1,palm,relative
217223.0791,0,368.97,0.00,368.97,0.00,,0,19.67,78.85,1,palm,relative
217223.1125,0,368.97,0.00,368.97,0.00,,0,20.38,81.26,1,palm,relative
217223.1458,0,368.97,0.00,368.97,0.00,,0,20.63,79.07,1,palm,relative
217223.1792,0,368.97,0.00,368.97,0.00,,0,12.62,78.05,1,palm,relative
217223.2125,0,368.97,0.00,368.97,0.00,,0,18.61,76.16,1,palm,relative
217223.2459,0,368.97,0.00,368.97,0.00,,0,26.54,80.77,1,palm,relative
217223.2792,0,368.97,0.00,368.97,0.00,,0,17.41,71.36,1,palm,relative
217223.3126,0,368.97,0.00,368.97,0.00,,0,30.46,85.28,1,palm,relative
217223.3459,0,368.97,0.00,368.97,0.00,,0,13.42,71.60,1,palm,relative
217223.3793,0,368.97,0.00,368.97,0.00,,0,23.72,81.81,1,palm,relative
217223.4126,0,368.97,0.00,368.97,0.00,,0,21.64,84.79,1,palm,relative
217223.4460,0,368.97,0.00,368.97,0.00,,0,15.38,77.44,1,palm,relative
217223.4793,0,368.97,0.00,368.97,0.00,,0,23.30,88.94,1,palm,relative
217223.5127,0,368.97,0.00,368.97,0.00,,0,22.08,85.63,1,palm,relative
217223.5460,0,368.97,0.00,368.97,0.00,,0,14.56,78.16,1,palm,relative
217223.5794,0,368.97,0.00,368.97,0.00,,0,15.91,82.10,1,palm,relative
217223.6127,0,368.97,0.00,368.97,0.00,,0,23.87,85.49,1,palm,relative
217223.6461,0,368.97,0.00,368.97,0.00,,0,11.12,71.24,1,palm,relative
217223.6794,0,368.97,0.00,368.97,0.00,,0,19.57,80.57,1,palm,relative
217223.7128,0,368.97,0.00,368.97,0.00,,0,13.79,72.93,1,palm,relative
217223.7461,0,368.97,0.00,368.97,0.00,,0,24.59,85.50,1,palm,relative
217223.7795,0,368.97,0.00,368.97,0.00,,0,14.35,82.15,1,palm,relative
217223.8128,0,368.97,0.00,368.97,0.00,,0,15.87,86.22,1,palm,relative
217223.8462,0,368.97,0.00,368.97,0.00,,0,15.22,82.30,1,palm,relative
217223.8795,0,368.97,0.00,368.97,0.00,,0,14.84,82.89,1,palm,relative
217223.9129,0,368.97,0.00,368.97,0.00,,0,11.83,78.07,1,palm,relative
217223.9462,0,368.97,0.00,368.97,0.00,,0,15.30,82.94,1,palm,relative
217223.9796,0,368.97,0.00,368.97,0.00,,0,16.96,82.77,1,palm,relative
217224.0129,0,368.97,0.00,368.97,0.00,,0,18.14,83.96,1,palm,relative
217224.0463,0,368.97,0.00,368.97,0.00,,0,11.34,73.35,1,palm,relative
217224.0796,0,368.97,0.00,368.97,0.00,,0,13.45,77.39,1,palm,relative
217224.1130,0,368.97,0.00,368.97,0.00,,0,7.61,74.42,1,palm,relative
217224.1463,0,368.97,0.00,368.97,0.00,,0,29.80,86.51,1,palm,relative
217224.1797,0,368.97,0.00,368.97,0.00,,0,20.38,79.36,1,palm,relative
217224.2130,0,368.97,0.00,368.97,0.00,,0,29.76,88.31,1,palm,relative
217224.2464,0,368.97,0.00,368.97,0.00,,0,16.55,79.84,1,palm,relative
217224.2797,0,368.97,0.00,368.97,0.00,,0,15.61,80.89,1,palm,relative
217224.3131,0,368.97,0.00,368.97,0.00,,0,13.69,75.91,1,palm,relative
217224.3464,0,368.97,0.00,368.97,0.00,,0,15.79,80.85,1,palm,relative
217224.3798,0,368.97,0.00,368.97,0.00,,0,22.94,87.25,1,palm,relative
217224.4131,0,368.97,0.00,368.97,0.00,,0,11.17,82.03,1,palm,relative
217224.4465,0,368.97,0.00,368.97,0.00,,0,16.83,88.72,1,palm,relative
217224.4798,0,368.97,0.00,368.97,0.00,,0,16.82,88.66,1,palm,relative
217224.5132,0,368.97,0.00,368.97,0.00,,0,16.60,87.65,1,palm,relative
217224.5465,0,368.97,0.00,368.97,0.00,,0,14.35,87.86,1,palm,relative
217224.5799,0,368.97,0.00,368.97,0.00,,0,11.78,82.12,1,palm,relative
217224.6132,0,368.97,0.00,368.97,0.00,,0,17.88,91.62,1,palm,relative
217224.6466,0,368.97,0.00,368.97,0.00,,0,9.43,77.94,1,palm,relative
217224.6799,0,368.97,0.00,368.97,0.00,,0,17.67,86.86,1,palm,relative
217224.7133,0,368.97,0.00,368.97,0.00,,0,14.70,80.26,1,palm,relative
217224.7466,0,368.97,0.00,368.97,0.00,,0,15.38,82.37,1,palm,relative
217224.7800,0,368.97,0.00,368.97,0.00,,0,13.92,76.24,1,palm,relative
217224.8133,0,368.97,0.00,368.97,0.00,,0,18.47,83.05,1,palm,relative
217224.8467,0,368.97,0.00,368.97,0.00,,0,10.50,70.89,1,palm,relative
217224.8800,0,368.97,0.00,368.97,0.00,,0,14.38,76.78,1,palm,relative
217224.9134,0,368.97,0.00,368.97,0.00,,0,26.27,85.46,1,palm,relative
217224.9467,0,368.97,0.00,368.97,0.00,,0,15.72,75.25,1,palm,relative
217224.9801,0,368.97,0.00,368.97,0.00,,0,28.77,95.24,1,palm,relative
217225.0134,0,368.97,0.00,368.97,0.00,,0,10.53,76.29,1,palm,relative
217225.0468,0,368.97,0.00,368.97,0.00,,0,10.70,79.84,1,palm,relative
217225.0801,0,368.97,0.00,368.97,0.00,,0,12.31,75.61,1,palm,relative
217225.1135,0,368.97,0.00,368.97,0.00,,0,15.94,78.57,1,palm,relative
217225.1468,0,368.97,0.00,368.97,0.00,,0,11.54,73.49,1,palm,relative
217225.1802,0,368.97,0.00,368.97,0.00,,0,17.99,78.77,1,palm,relative
217225.2135,0,368.97,0.00,368.97,0.00,,0,23.28,82.43,1,palm,relative
217225.2469,0,368.97,0.00,368.97,0.00,,0,11.09,68.60,1,palm,relative
217225.2802,0,368.97,0.00,368.97,0.00,,0,19.52,76.63,1,palm,relative
217225.3136,0,368.97,0.00,368.97,0.00,,0,29.21,92.55,1,palm,relative
217225.3469,0,368.97,0.00,368.97,0.00,,0,14.10,79.76,1,palm,relative
217225.3803,0,368.97,0.00,368.97,0.00,,0,12.09,76.80,1,palm,relative
217225.4136,0,368.97,0.00,368.97,0.00,,0,10.13,74.49,1,palm,relative
217225.4470,0,368.97,0.00,368.97,0.00,,0,12.12,78.57,1,palm,relative
217225.4803,0,368.97,0.00,368.97,0.00,,0,18.42,79.80,1,palm,relative
217225.5137,0,368.97,0.00,368.97,0.00,,0,19.25,82.27,1,palm,relative
217225.5470,0,368.97,0.00,368.97,0.00,,0,20.35,78.43,1,palm,relative
217225.5804,0,368.97,0.00,368.97,0.00,,0,19.93,82.80,1,palm,relative
217225.6137,0,368.97,0.00,368.97,0.00,,0,12.01,70.21,1,palm,relative
217225.6471,0,368.97,0.00,368.97,0.00,,0,15.84,75.60,1,palm,relative
217225.6804,0,368.97,0.00,368.97,0.00,,0,27.88,84.63,1,palm,relative
217225.7138,0,368.97,0.00,368.97,0.00,,0,14.75,73.18,1,palm,relative
217225.7471,0,368.97,0.00,368.97,0.00,,0,21.13,81.18,1,palm,relative
217225.7805,0,368.97,0.00,368.97,0.00,,0,15.75,77.89,1,palm,relative
217225.8138,0,368.97,0.00,368.97,0.00,,0,23.93,85.95,1,palm,relative
217225.8472,0,368.97,0.00,368.97,0.00,,0,15.48,79.04,1,palm,relative
217225.8805,0,368.97,0.00,368.97,0.00,,0,11.37,74.70,1,palm,relative
217225.9139,0,368.97,0.00,368.97,0.00,,0,22.84,87.79,1,palm,relative
217225.9472,0,368.97,0.00,368.97,0.00,,0,12.67,72.97,1,palm,relative
217225.9806,0,368.97,0.00,368.97,0.00,,0,16.95,76.18,1,palm,relative
217226.0139,0,368.97,0.00,368.97,0.00,,0,18.14,79.60,1,palm,relative
217226.0473,0,368.97,0.00,368.97,0.00,,0,24.89,81.78,1,palm,relative
217226.0806,0,368.97,0.00,368.97,0.00,,0,14.39,78.20,1,palm,relative
217226.1140,0,368.97,0.00,368.97,0.00,,0,13.53,76.23,1,palm,relative
217226.1473,0,368.97,0.00,368.97,0.00,,0,13.28,77.00,1,palm,relative
217226.1807,0,368.97,0.00,368.97,0.00,,0,16.82,80.29,1,palm,relative
217226.2140,0,368.97,0.00,368.97,0.00,,0,8.59,72.06,1,palm,relative
217226.2474,0,368.97,0.00,368.97,0.00,,0,16.71,79.63,1,palm,relative
217226.2807,0,368.97,0.00,368.97,0.00,,0,14.36,76.90,1,palm,relative
217226.3141,0,368.97,0.00,368.97,0.00,,0,31.89,94.70,1,palm,relative
217226.3474,0,368.97,0.00,368.97,0.00,,0,10.84,78.98,1,palm,relative
217226.3808,0,368.97,0.00,368.97,0.00,,0,14.58,85.39,1,palm,relative
217226.4141,0,368.97,0.00,368.97,0.00,,0,11.18,79.81,1,palm,relative
217226.4475,0,368.97,0.00,368.97,0.00,,0,12.51,79.76,1,palm,relative
217226.4808,0,368.97,0.00,368.97,0.00,,0,23.34,92.76,1,palm,relative
217226.5142,0,368.97,0.00,368.97,0.00,,0,12.53,75.63,1,palm,relative
217226.5475,0,368.97,0.00,368.97,0.00,,0,19.27,81.70,1,palm,relative
217226.5809,0,368.97,0.00,368.97,0.00,,0,21.34,83.70,1,palm,relative
217226.6142,0,368.97,0.00,368.97,0.00,,0,17.72,82.01,1,palm,relative
217226.6476,0,368.97,0.00,368.97,0.00,,0,11.62,76.19,1,palm,relative
217226.6809,0,368.97,0.00,368.97,0.00,,0,16.56,79.47,1,palm,relative
217226.7143,0,368.97,0.00,368.97,0.00,,0,15.54,78.05,1,palm,relative
217226.7476,0,368.97,0.00,368.97,0.00,,0,18.26,82.27,1,palm,relative
217226.7810,0,368.97,0.00,368.97,0.00,,0,20.44,85.99,1,palm,relative
217226.8143,0,368.97,0.00,368.97,0.00,,0,12.24,77.86,1,palm,relative
217226.8477,0,368.97,0.00,368.97,0.00,,0,14.25,81.28,1,palm,relative
217226.8810,0,368.97,0.00,368.97,0.00,,0,16.49,78.70,1,palm,relative
217226.9144,0,368.97,0.00,368.97,0.00,,0,16.28,77.49,1,palm,relative
217226.9477,0,368.97,0.00,368.97,0.00,,0,14.43,76.68,1,palm,relative
217226.9811,0,368.97,0.00,368.97,0.00,,0,18.91,78.55,1,palm,relative
217227.0144,0,368.97,0.00,368.97,0.00,,0,17.69,76.68,1,palm,relative
217227.0478,0,368.97,0.00,368.97,0.00,,0,22.30,79.69,1,palm,relative
217227.0811,0,368.97,0.00,368.97,0.00,,0,15.30,76.63,1,palm,relative
217227.1145,0,368.97,0.00,368.97,0.00,,0,18.55,81.57,1,palm,relative
217227.1478,0,368.97,0.00,368.97,0.00,,0,15.17,74.15,1,palm,relative
217227.1812,0,368.97,0.00,368.97,0.00,,0,22.98,82.84,1,palm,relative
217227.2145,0,368.97,0.00,368.97,0.00,,0,13.83,74.04,1,palm,relative
217227.2479,0,368.97,0.00,368.97,0.00,,0,26.40,88.81,1,palm,relative
217227.2812,0,368.97,0.00,368.97,0.00,,0,14.34,79.04,1,palm,relative
217227.3146,0,368.97,0.00,368.97,0.00,,0,13.17,83.09,1,palm,relative
217227.3479,0,368.97,0.00,368.97,0.00,,0,17.89,82.96,1,palm,relative
217227.3813,0,368.97,0.00,368.97,0.00,,0,23.15,87.45,1,palm,relative
217227.4146,0,368.97,0.00,368.97,0.00,,0,13.47,80.19,1,palm,relative
217227.4480,0,368.97,0.00,368.97,0.00,,0,14.89,82.32,1,palm,relative
217227.4813,0,368.97,0.00,368.97,0.00,,0,15.35,81.71,1,palm,relative
217227.5147,0,368.97,0.00,368.97,0.00,,0,14.84,83.89,1,palm,relative
217227.5480,0,368.97,0.00,368.97,0.00,,0,16.41,81.69,1,palm,relative
217227.5814,0,368.97,0.00,368.97,0.00,,0,19.47,83.43,1,palm,relative
217227.6147,0,368.97,0.00,368.97,0.00,,0,12.86,77.21,1,palm,relative
217227.6481,0,368.97,0.00,368.97,0.00,,0,14.74,80.20,1,palm,relative
217227.6814,0,368.97,0.00,368.97,0.00,,0,20.10,83.73,1,palm,relative
217227.7148,0,368.97,0.00,368.97,0.00,,0,6.91,69.24,1,palm,relative
217227.7481,0,368.97,0.00,368.97,0.00,,0,15.76,77.60,1,palm,relative
217227.7815,0,368.97,0.00,368.97,0.00,,0,19.57,80.76,1,palm,relative
217227.8148,0,368.97,0.00,368.97,0.00,,0,16.59,78.63,1,palm,relative
217227.8482,0,368.97,0.00,368.97,0.00,,0,12.14,74.85,1,palm,relative
217227.8815,0,368.97,0.00,368.97,0.00,,0,23.82,83.84,1,palm,relative
217227.9149,0,368.97,0.00,368.97,0.00,,0,12.30,75.09,1,palm,relative
217227.9482,0,368.97,0.00,368.97,0.00,,0,20.00,83.70,1,palm,relative
217227.9816,0,368.97,0.00,368.97,0.00,,0,15.48,74.97,1,palm,relative
217228.0149,0,368.97,0.00,368.97,0.00,,0,36.54,97.84,1,palm,relative
217228.0483,0,368.97,0.00,368.97,0.00,,0,14.24,83.06,1,palm,relative
217228.0816,0,368.97,0.00,368.97,0.00,,0,14.42,84.73,1,palm,relative
217228.1150,0,368.97,0.00,368.97,0.00,,0,16.08,85.11,1,palm,relative
217228.1483,0,368.97,0.00,368.97,0.00,,0,12.23,82.93,1,palm,relative
217228.1817,0,368.97,0.00,368.97,0.00,,0,17.07,83.82,1,palm,relative
217228.2150,0,368.97,0.00,368.97,0.00,,0,15.28,84.30,1,palm,relative
217228.2484,0,368.97,0.00,368.97,0.00,,0,16.17,83.11,1,palm,relative
217228.2817,0,368.97,0.00,368.97,0.00,,0,18.70,85.65,1,palm,relative
217228.3151,0,368.97,0.00,368.97,0.00,,0,14.89,84.83,1,palm,relative
217228.3484,0,368.97,0.00,368.97,0.00,,0,14.57,81.61,1,palm,relative
217228.3818,0,368.97,0.00,368.97,0.00,,0,13.71,80.36,1,palm,relative
217228.4151,0,368.97,0.00,368.97,0.00,,0,15.82,83.45,1,palm,relative
217228.4485,0,368.97,0.00,368.97,0.00,,0,13.92,77.99,1,palm,relative
217228.4818,0,368.97,0.00,368.97,0.00,,0,18.24,85.17,1,palm,relative
217228.5152,0,368.97,0.00,368.97,0.00,,0,10.30,72.28,1,palm,relative
217228.5485,0,368.97,0.00,368.97,0.00,,0,20.01,83.68,1,palm,relative
217228.5819,0,368.97,0.00,368.97,0.00,,0,21.05,89.04,1,palm,relative
217228.6152,0,368.97,0.00,368.97,0.00,,0,11.94,80.81,1,palm,relative
217228.6486,0,368.97,0.00,368.97,0.00,,0,16.89,86.56,1,palm,relative
217228.6819,0,368.97,0.00,368.97,0.00,,0,14.12,81.34,1,palm,relative
217228.7153,0,368.97,0.00,368.97,0.00,,0,14.57,85.46,1,palm,relative
217228.7486,0,368.97,0.00,368.97,0.00,,0,17.57,82.10,1,palm,relative
217228.7820,0,368.97,0.00,368.97,0.00,,0,16.38,83.10,1,palm,relative
217228.8153,0,368.97,0.00,368.97,0.00,,0,10.95,72.14,1,palm,relative
217228.8487,0,368.97,0.00,368.97,0.00,,0,21.08,82.34,1,palm,relative
217228.8820,0,368.97,0.00,368.97,0.00,,0,20.55,79.04,1,palm,relative
217228.9154,0,368.97,0.00,368.97,0.00,,0,24.84,87.99,1,palm,relative
217228.9487,0,368.97,0.00,368.97,0.00,,0,14.19,78.19,1,palm,relative
217228.9821,0,368.97,0.00,368.97,0.00,,0,12.76,79.42,1,palm,relative
217229.0154,0,368.97,0.00,368.97,0.00,,0,8.95,71.28,1,palm,relative
217229.0488,0,368.97,0.00,368.97,0.00,,0,17.80,80.80,1,palm,relative
217229.0821,0,368.97,0.00,368.97,0.00,,0,15.72,75.47,1,palm,relative
217229.1155,0,368.97,0.00,368.97,0.00,,0,17.90,77.97,1,palm,relative
217229.1488,0,368.97,0.00,368.97,0.00,,0,23.57,79.57,1,palm,relative
217229.1822,0,368.97,0.00,368.97,0.00,,0,26.78,83.39,1,palm,relative
217229.2155,0,368.97,0.00,368.97,0.00,,0,15.96,72.57,1,palm,relative
217229.2489,0,368.97,0.00,368.97,0.00,,0,28.35,84.95,1,palm,relative
217229.2822,0,368.97,0.00,368.97,0.00,,0,15.85,74.38,1,palm,relative
217229.3156,0,368.97,0.00,368.97,0.00,,0,30.43,88.90,1,palm,relative
217229.3489,0,368.97,0.00,368.97,0.00,,0,15.12,80.02,1,palm,relative
217229.3823,0,368.97,0.00,368.97,0.00,,0,12.66,79.04,1,palm,relative
217229.4156,0,368.97,0.00,368.97,0.00,,0,22.33,83.26,1,palm,relative
217229.4490,0,368.97,0.00,368.97,0.00,,0,15.62,75.83,1,palm,relative
217229.4823,0,368.97,0.00,368.97,0.00,,0,22.31,88.24,1,palm,relative
217229.5157,0,368.97,0.00,368.97,0.00,,0,17.24,77.79,1,palm,relative
217229.5490,0,368.97,0.00,368.97,0.00,,0,19.94,83.51,1,palm,relative
217229.5824,0,368.97,0.00,368.97,0.00,,0,14.82,75.86,1,palm,relative
217229.6157,0,368.97,0.00,368.97,0.00,,0,16.20,76.76,1,palm,relative
217229.6491,0,368.97,0.00,368.97,0.00,,0,20.58,81.64,1,palm,relative
217229.6824,0,368.97,0.00,368.97,0.00,,0,19.29,78.33,1,palm,relative
217229.7158,0,368.97,0.00,368.97,0.00,,0,22.74,83.13,1,palm,relative
217229.7491,0,368.97,0.00,368.97,0.00,,0,12.34,72.57,1,palm,relative
217229.7825,0,368.97,0.00,368.97,0.00,,0,21.74,83.67,1,palm,relative
217229.8158,0,368.97,0.00,368.97,0.00,,0,26.45,88.83,1,palm,relative
217229.8492,0,368.97,0.00,368.97,0.00,,0,14.61,75.64,1,palm,relative
217229.8825,0,368.97,0.00,368.97,0.00,,0,19.65,80.99,1,palm,relative
217229.9159,0,368.97,0.00,368.97,0.00,,0,18.85,76.29,1,palm,relative
217229.9492,0,368.97,0.00,368.97,0.00,,0,30.47,88.98,1,palm,relative
217229.9826,0,368.97,0.00,368.97,0.00,,0,15.95,78.52,1,palm,relative
217230.0159,0,368.97,0.00,368.97,0.00,,0,17.30,81.83,1,palm,relative
217230.0493,0,368.97,0.00,368.97,0.00,,0,14.80,74.08,1,palm,relative
217230.0826,0,368.97,0.00,368.97,0.00,,0,26.05,86.19,1,palm,relative
217230.1160,0,368.97,0.00,368.97,0.00,,0,10.65,72.52,1,palm,relative
217230.1493,0,368.97,0.00,368.97,0.00,,0,15.30,81.62,1,palm,relative
217230.1827,0,368.97,0.00,368.97,0.00,,0,18.15,77.93,1,palm,relative
217230.2160,0,368.97,0.00,368.97,0.00,,0,15.44,73.86,1,palm,relative
217230.2494,0,368.97,0.00,368.97,0.00,,0,24.47,84.64,1,palm,relative
217230.2827,0,368.97,0.00,368.97,0.00,,0,12.38,69.10,1,palm,relative
217230.3161,0,368.97,0.00,368.97,0.00,,0,28.35,86.12,1,palm,relative
217230.3494,0,368.97,0.00,368.97,0.00,,0,13.34,78.83,1,palm,relative
217230.3828,0,368.97,0.00,368.97,0.00,,0,17.83,85.66,1,palm,relative
217230.4161,0,368.97,0.00,368.97,0.00,,0,12.64,77.52,1,palm,relative
217230.4495,0,368.97,0.00,368.97,0.00,,0,10.82,77.19,1,palm,relative
217230.4828,0,368.97,0.00,368.97,0.00,,0,11.77,75.41,1,palm,relative
217230.5162,0,368.97,0.00,368.97,0.00,,0,13.06,79.30,1,palm,relative
217230.5495,0,368.97,0.00,368.97,0.00,,0,27.24,88.67,1,palm,relative
217230.5829,0,368.97,0.00,368.97,0.00,,0,9.21,74.61,1,palm,relative
217230.6162,0,368.97,0.00,368.97,0.00,,0,10.23,76.72,1,palm,relative
217230.6496,0,368.97,0.00,368.97,0.00,,0,11.35,76.14,1,palm,relative
217230.6829,0,368.97,0.00,368.97,0.00,,0,24.05,89.07,1,palm,relative
217230.7163,0,368.97,0.00,368.97,0.00,,0,8.98,80.00,1,palm,relative
217230.7496,0,368.97,0.00,368.97,0.00,,0,17.01,88.05,1,palm,relative
217230.7830,0,368.97,0.00,368.97,0.00,,0,16.82,91.06,1,palm,relative
217230.8163,0,368.97,0.00,368.97,0.00,,0,18.72,87.39,1,palm,relative
217230.8497,0,368.97,0.00,368.97,0.00,,0,13.29,86.16,1,palm,relative
217230.8830,0,368.97,0.00,368.97,0.00,,0,16.52,83.45,1,palm,relative
217230.9164,0,368.97,0.00,368.97,0.00,,0,12.86,81.84,1,palm,relative
217230.9497,0,368.97,0.00,368.97,0.00,,0,17.93,86.83,1,palm,relative
217230.9831,0,368.97,0.00,368.97,0.00,,0,15.48,82.84,1,palm,relative
217231.0164,0,368.97,0.00,368.97,0.00,,0,16.26,85.92,1,palm,relative
217231.0498,0,368.97,0.00,368.97,0.00,,0,15.28,80.19,1,palm,relative
217231.0831,0,368.97,0.00,368.97,0.00,,0,20.36,86.75,1,palm,relative
217231.1165,0,368.97,0.00,368.97,0.00,,0,17.08,78.65,1,palm,relative
217231.1498,0,368.97,0.00,368.97,0.00,,0,19.88,80.04,1,palm,relative
217231.1832,0,368.97,0.00,368.97,0.00,,0,18.34,78.60,1,palm,relative
217231.2165,0,368.97,0.00,368.97,0.00,,0,27.69,88.55,1,palm,relative
217231.2499,0,368.97,0.00,368.97,0.00,,0,14.05,75.96,1,palm,relative
217231.2832,0,368.97,0.00,368.97,0.00,,0,22.85,87.60,1,palm,relative
217231.3166,0,368.97,0.00,368.97,0.00,,0,14.22,76.29,1,palm,relative
217231.3499,0,368.97,0.00,368.97,0.00,,0,13.50,73.57,1,palm,relative
217231.3833,0,368.97,0.00,368.97,0.00,,0,15.27,75.42,1,palm,relative
217231.4166,0,368.97,0.00,368.97,0.00,,0,21.12,78.34,1,palm,relative
217231.4500,0,368.97,0.00,368.97,0.00,,0,18.44,75.66,1,palm,relative
217231.4833,0,368.97,0.00,368.97,0.00,,0,21.49,78.64,1,palm,relative
217231.5167,0,368.97,0.00,368.97,0.00,,0,14.84,74.21,1,palm,relative
217231.5500,0,368.97,0.00,368.97,0.00,,0,25.00,85.85,1,palm,relative
217231.5834,0,368.97,0.00,368.97,0.00,,0,19.62,87.91,1,palm,relative
217231.6167,0,368.97,0.00,368.97,0.00,,0,12.24,78.99,1,palm,relative
217231.6501,0,368.97,0.00,368.97,0.00,,0,15.88,83.09,1,palm,relative
217231.6834,0,368.97,0.00,368.97,0.00,,0,12.92,78.31,1,palm,relative
217231.7168,0,368.97,0.00,368.97,0.00,,0,12.17,77.63,1,palm,relative
217231.7501,0,368.97,0.00,368.97,0.00,,0,15.09,83.13,1,palm,relative
217231.7835,0,368.97,0.00,368.97,0.00,,0,12.12,77.28,1,palm,relative
217231.8168,0,368.97,0.00,368.97,0.00,,0,14.85,80.26,1,palm,relative
217231.8502,0,368.97,0.00,368.97,0.00,,0,19.36,82.77,1,palm,relative
217231.8835,0,368.97,0.00,368.97,0.00,,0,14.61,77.50,1,palm,relative
217231.9169,0,368.97,0.00,368.97,0.00,,0,27.04,93.66,1,palm,relative
217231.9502,0,368.97,0.00,368.97,0.00,,0,13.34,81.73,1,palm,relative
217231.9836,0,368.97,0.00,368.97,0.00,,0,16.01,83.23,1,palm,relative
217232.0169,0,368.97,0.00,368.97,0.00,,0,13.96,81.61,1,palm,relative
217232.0503,0,368.97,0.00,368.97,0.00,,0,14.39,81.14,1,palm,relative
217232.0836,0,368.97,0.00,368.97,0.00,,0,19.02,89.14,1,palm,relative
217232.1170,0,368.97,0.00,368.97,0.00,,0,14.30,78.76,1,palm,relative
217232.1503,0,368.97,0.00,368.97,0.00,,0,12.61,78.37,1,palm,relative
217232.1837,0,368.97,0.00,368.97,0.00,,0,23.97,86.70,1,palm,relative
217232.2170,0,368.97,0.00,368.97,0.00,,0,15.51,76.47,1,palm,relative
217232.2504,0,368.97,0.00,368.97,0.00,,0,19.90,82.65,1,palm,relative
217232.2837,0,368.97,0.00,368.97,0.00,,0,11.05,68.97,1,palm,relative
217232.3171,0,368.97,0.00,368.97,0.00,,0,24.08,83.73,1,palm,relative
217232.3504,0,368.97,0.00,368.97,0.00,,0,16.45,76.62,1,palm,relative
217232.3838,0,368.97,0.00,368.97,0.00,,0,19.53,79.56,1,palm,relative
217232.4171,0,368.97,0.00,368.97,0.00,,0,16.48,75.73,1,palm,relative
217232.4505,0,368.97,0.00,368.97,0.00,,0,24.97,83.86,1,palm,relative
217232.4838,0,368.97,0.00,368.97,0.00,,0,10.51,70.09,1,palm,relative
217232.5172,0,368.97,0.00,368.97,0.00,,0,23.98,92.69,1,palm,relative
217232.5505,0,368.97,0.00,368.97,0.00,,0,14.09,76.71,1,palm,relative
217232.5839,0,368.97,0.00,368.97,0.00,,0,12.18,78.48,1,palm,relative
217232.6172,0,368.97,0.00,368.97,0.00,,0,25.70,87.17,1,palm,relative
217232.6506,0,368.97,0.00,368.97,0.00,,0,15.03,77.52,1,palm,relative
217232.6839,0,368.97,0.00,368.97,0.00,,0,19.40,82.10,1,palm,relative
217232.7173,0,368.97,0.00,368.97,0.00,,0,21.94,81.83,1,palm,relative
217232.7506,0,368.97,0.00,368.97,0.00,,0,11.09,69.39,1,palm,relative
217232.7840,0,368.97,0.00,368.97,0.00,,0,17.79,77.38,1,palm,relative
217232.8173,0,368.97,0.00,368.97,0.00,,0,29.25,87.64,1,palm,relative
217232.8507,0,368.97,0.00,368.97,0.00,,0,13.57,75.12,1,palm,relative
217232.8840,0,368.97,0.00,368.97,0.00,,0,15.97,78.46,1,palm,relative
217232.9174,0,368.97,0.00,368.97,0.00,,0,15.32,74.33,1,palm,relative
217232.9507,0,368.97,0.00,368.97,0.00,,0,21.31,78.73,1,palm,relative
217232.9841,0,368.97,0.00,368.97,0.00,,0,20.13,77.40,1,palm,relative
217233.0174,0,368.97,0.00,368.97,0.00,,0,20.71,79.64,1,palm,relative
217233.0508,0,368.97,0.00,368.97,0.00,,0,28.12,83.20,1,palm,relative
217233.0841,0,368.97,0.00,368.97,0.00,,0,22.92,82.01,1,palm,relative
217233.1175,0,368.97,0.00,368.97,0.00,,0,30.59,88.78,1,palm,relative
217233.1508,0,368.97,0.00,368.97,0.00,,0,11.76,78.04,1,palm,relative
217233.1842,0,368.97,0.00,368.97,0.00,,0,14.31,82.54,1,palm,relative
217233.2175,0,368.97,0.00,368.97,0.00,,0,10.35,74.83,1,palm,relative
217233.2509,0,368.97,0.00,368.97,0.00,,0,12.92,77.41,1,palm,relative
217233.2842,0,368.97,0.00,368.97,0.00,,0,14.84,79.99,1,palm,relative
217233.3176,0,368.97,0.00,368.97,0.00,,0,16.83,80.70,1,palm,relative
217233.3509,0,368.97,0.00,368.97,0.00,,0,14.45,78.69,1,palm,relative
217233.3843,0,368.97,0.00,368.97,0.00,,0,22.13,84.99,1,palm,relative
217233.4176,0,368.97,0.00,368.97,0.00,,0,11.31,75.69,1,palm,relative
217233.4510,0,368.97,0.00,368.97,0.00,,0,11.90,78.95,1,palm,relative
217233.4843,0,368.97,0.00,368.97,0.00,,0,14.92,78.11,1,palm,relative
217233.5177,0,368.97,0.00,368.97,0.00,,0,17.62,85.19,1,palm,relative
217233.5510,0,368.97,0.00,368.97,0.00,,0,12.06,73.42,1,palm,relative
217233.5844,0,368.97,0.00,368.97,0.00,,0,16.07,76.84,1,palm,relative
217233.6177,0,368.97,0.00,368.97,0.00,,0,15.20,77.75,1,palm,relative
217233.6511,0,368.97,0.00,368.97,0.00,,0,24.44,82.63,1,palm,relative
217233.6844,0,368.97,0.00,368.97,0.00,,0,15.79,72.64,1,palm,relative
217233.7178,0,368.97,0.00,368.97,0.00,,0,23.14,80.89,1,palm,relative
217233.7511,0,368.97,0.00,368.97,0.00,,0,15.89,72.41,1,palm,relative
217233.7845,0,368.97,0.00,368.97,0.00,,0,28.29,84.37,1,palm,relative
217233.8178,0,368.97,0.00,368.97,0.00,,0,15.76,72.52,1,palm,relative
217233.8512,0,368.97,0.00,368.97,0.00,,0,25.04,82.66,1,palm,relative
217233.8845,0,368.97,0.00,368.97,0.00,,0,29.49,85.35,1,palm,relative
217233.9179,0,368.97,0.00,368.97,0.00,,0,13.26,75.08,1,palm,relative
217233.9512,0,368.97,0.00,368.97,0.00,,0,18.21,82.08,1,palm,relative
217233.9846,0,368.97,0.00,368.97,0.00,,0,17.92,80.15,1,palm,relative
217234.0179,0,368.97,0.00,368.97,0.00,,0,19.70,83.53,1,palm,relative
217234.0513,0,368.97,0.00,368.97,0.00,,0,9.83,69.97,1,palm,relative
217234.0846,0,368.97,0.00,368.97,0.00,,0,18.38,81.18,1,palm,relative
217234.1180,0,368.97,0.00,368.97,0.00,,0,24.49,81.23,1,palm,relative
217234.1513,0,368.97,0.00,368.97,0.00,,0,15.93,75.04,1,palm,relative
217234.1847,0,368.97,0.00,368.97,0.00,,0,25.41,82.58,1,palm,relative
217234.2180,0,368.97,0.00,368.97,0.00,,0,16.22,80.12,1,palm,relative
217234.2514,0,368.97,0.00,368.97,0.00,,0,13.12,78.57,1,palm,relative
217234.2847,0,368.97,0.00,368.97,0.00,,0,15.50,77.66,1,palm,relative
217234.3181,0,368.97,0.00,368.97,0.00,,0,18.79,80.83,1,palm,relative
217234.3514,0,368.97,0.00,368.97,0.00,,0,20.34,82.34,1,palm,relative
217234.3848,0,368.97,0.00,368.97,0.00,,0,14.34,75.77,1,palm,relative
217234.4181,0,368.97,0.00,368.97,0.00,,0,20.13,81.70,1,palm,relative
217234.4515,0,368.97,0.00,368.97,0.00,,0,11.16,73.69,1,palm,relative
217234.4848,0,368.97,0.00,368.97,0.00,,0,22.34,87.14,1,palm,relative
217234.5182,0,368.97,0.00,368.97,0.00,,0,14.95,77.63,1,palm,relative
217234.5515,0,368.97,0.00,368.97,0.00,,0,14.72,78.77,1,palm,relative
217234.5849,0,368.97,0.00,368.97,0.00,,0,20.91,81.44,1,palm,relative
217234.6182,0,368.97,0.00,368.97,0.00,,0,26.45,86.67,1,palm,relative
217234.6516,0,368.97,0.00,368.97,0.00,,0,16.18,76.15,1,palm,relative
217234.6849,0,368.97,0.00,368.97,0.00,,0,20.68,83.65,1,palm,relative
217234.7183,0,368.97,0.00,368.97,0.00,,0,17.71,74.21,1,palm,relative
217234.7516,0,368.97,0.00,368.97,0.00,,0,30.48,87.18,1,palm,relative
217234.7850,0,368.97,0.00,368.97,0.00,,0,11.63,73.14,1,palm,relative
217234.8183,0,368.97,0.00,368.97,0.00,,0,13.78,77.40,1,palm,relative
217234.8517,0,368.97,0.00,368.97,0.00,,0,15.83,75.79,1,palm,relative
217234.8850,0,368.97,0.00,368.97,0.00,,0,16.11,77.79,1,palm,relative
217234.9184,0,368.97,0.00,368.97,0.00,,0,21.20,80.82,1,palm,relative
217234.9517,0,368.97,0.00,368.97,0.00,,0,19.22,77.42,1,palm,relative
217234.9851,0,368.97,0.00,368.97,0.00,,0,18.25,76.44,1,palm,relative
217235.0184,0,368.97,0.00,368.97,0.00,,0,21.72,81.70,1,palm,relative
217235.0518,0,368.97,0.00,368.97,0.00,,0,19.16,77.95,1,palm,relative
217235.0851,0,368.97,0.00,368.97,0.00,,0,16.83,74.26,1,palm,relative
217235.1185,0,368.97,0.00,368.97,0.00,,0,24.75,82.85,1,palm,relative
217235.1518,0,368.97,0.00,368.97,0.00,,0,11.34,69.90,1,palm,relative
217235.1852,0,368.97,0.00,368.97,0.00,,0,26.40,88.74,1,palm,relative
217235.2185,0,368.97,0.00,368.97,0.00,,0,13.92,76.95,1,palm,relative
217235.2519,0,368.97,0.00,368.97,0.00,,0,11.31,75.92,1,palm,relative
217235.2852,0,368.97,0.00,368.97,0.00,,0,17.14,79.25,1,palm,relative
217235.3186,0,368.97,0.00,368.97,0.00,,0,16.30,77.50,1,palm,relative
217235.3519,0,368.97,0.00,368.97,0.00,,0,27.07,86.91,1,palm,relative
217235.3853,0,368.97,0.00,368.97,0.00,,0,15.64,77.70,1,palm,relative
217235.4186,0,368.97,0.00,368.97,0.00,,0,21.49,83.31,1,palm,relative
217235.4520,0,368.97,0.00,368.97,0.00,,0,12.37,73.73,1,palm,relative
217235.4853,0,368.97,0.00,368.97,0.00,,0,20.47,84.69,1,palm,relative
217235.5187,0,368.97,0.00,368.97,0.00,,0,22.82,86.09,1,palm,relative
217235.5520,0,368.97,0.00,368.97,0.00,,0,16.25,78.02,1,palm,relative
217235.5854,0,368.97,0.00,368.97,0.00,,0,18.95,81.06,1,palm,relative
217235.6187,0,368.97,0.00,368.97,0.00,,0,12.79,72.06,1,palm,relative
217235.6521,0,368.97,0.00,368.97,0.00,,0,18.85,79.87,1,palm,relative
217235.6854,0,368.97,0.00,368.97,0.00,,0,23.39,79.70,1,palm,relative
217235.7188,0,368.97,0.00,368.97,0.00,,0,22.12,77.02,1,palm,relative
217235.7521,0,368.97,0.00,368.97,0.00,,0,29.97,85.59,1,palm,relative
217235.7855,0,368.97,0.00,368.97,0.00,,0,11.24,71.17,1,palm,relative
217235.8188,0,368.97,0.00,368.97,0.00,,0,24.31,85.05,1,palm,relative
217235.8522,0,368.97,0.00,368.97,0.00,,0,12.82,76.86,1,palm,relative
217235.8855,0,368.97,0.00,368.97,0.00,,0,10.24,72.85,1,palm,relative
217235.9189,0,368.97,0.00,368.97,0.00,,0,19.22,81.59,1,palm,relative
217235.9522,0,368.97,0.00,368.97,0.00,,0,15.07,76.15,1,palm,relative
217235.9856,0,368.97,0.00,368.97,0.00,,0,19.20,81.03,1,palm,relative
217236.0189,0,368.97,0.00,368.97,0.00,,0,13.13,73.35,1,palm,relative
217236.0523,0,368.97,0.00,368.97,0.00,,0,22.75,85.24,1,palm,relative
217236.0856,0,368.97,0.00,368.97,0.00,,0,8.37,69.61,1,palm,relative
217236.1190,0,368.97,0.00,368.97,0.00,,0,29.08,96.74,1,palm,relative
217236.1523,0,368.97,0.00,368.97,0.00,,0,13.57,82.03,1,palm,relative
217236.1857,0,368.97,0.00,368.97,0.00,,0,12.75,80.88,1,palm,relative
217236.2190,0,368.97,0.00,368.97,0.00,,0,14.88,85.98,1,palm,relative
217236.2524,0,368.97,0.00,368.97,0.00,,0,15.22,83.78,1,palm,relative
217236.2857,0,368.97,0.00,368.97,0.00,,0,14.72,85.46,1,palm,relative
217236.3191,0,368.97,0.00,368.97,0.00,,0,16.49,85.10,1,palm,relative
217236.3524,0,368.97,0.00,368.97,0.00,,0,12.95,84.65,1,palm,relative
217236.3858,0,368.97,0.00,368.97,0.00,,0,14.94,81.71,1,palm,relative
217236.4191,0,368.97,0.00,368.97,0.00,,0,12.25,81.07,1,palm,relative
217236.4525,0,368.97,0.00,368.97,0.00,,0,14.69,80.45,1,palm,relative
217236.4858,0,368.97,0.00,368.97,0.00,,0,16.00,85.03,1,palm,relative
217236.5192,0,368.97,0.00,368.97,0.00,,0,12.99,76.46,1,palm,relative
217236.5525,0,368.97,0.00,368.97,0.00,,0,14.41,78.92,1,palm,relative
217236.5859,0,368.97,0.00,368.97,0.00,,0,13.62,74.18,1,palm,relative
217236.6192,0,368.97,0.00,368.97,0.00,,0,14.99,74.67,1,palm,relative
217236.6526,0,368.97,0.00,368.97,0.00,,0,22.13,83.56,1,palm,relative
217236.6859,0,368.97,0.00,368.97,0.00,,0,12.06,70.83,1,palm,relative
217236.7193,0,368.97,0.00,368.97,0.00,,0,20.73,80.84,1,palm,relative
217236.7526,0,368.97,0.00,368.97,0.00,,0,14.81,75.06,1,palm,relative
217236.7860,0,368.97,0.00,368.97,0.00,,0,17.34,78.40,1,palm,relative
217236.8193,0,368.97,0.00,368.97,0.00,,0,16.94,75.41,1,palm,relative
217236.8527,0,368.97,0.00,368.97,0.00,,0,27.48,85.10,1,palm,relative
217236.8860,0,368.97,0.00,368.97,0.00,,0,10.56,67.84,1,palm,relative
217236.9194,0,368.97,0.00,368.97,0.00,,0,25.41,83.95,1,palm,relative
217236.9527,0,368.97,0.00,368.97,0.00,,0,20.71,76.88,1,palm,relative
217236.9861,0,368.97,0.00,368.97,0.00,,0,23.68,79.43,1,palm,relative
217237.0194,0,368.97,0.00,368.97,0.00,,0,30.24,88.70,1,palm,relative
217237.0528,0,368.97,0.00,368.97,0.00,,0,11.53,74.58,1,palm,relative
217237.0861,0,368.97,0.00,368.97,0.00,,0,14.42,76.97,1,palm,relative
217237.1195,0,368.97,0.00,368.97,0.00,,0,11.58,74.36,1,palm,relative
217237.1528,0,368.97,0.00,368.97,0.00,,0,15.96,78.34,1,palm,relative
217237.1862,0,368.97,0.00,368.97,0.00,,0,19.16,81.26,1,palm,relative
217237.2195,0,368.97,0.00,368.97,0.00,,0,17.50,79.23,1,palm,relative
217237.2529,0,368.97,0.00,368.97,0.00,,0,20.93,83.42,1,palm,relative
217237.2862,0,368.97,0.00,368.97,0.00,,0,14.61,73.45,1,palm,relative
217237.3196,0,368.97,0.00,368.97,0.00,,0,22.17,83.56,1,palm,relative
217237.3529,0,368.97,0.00,368.97,0.00,,0,15.74,73.61,1,palm,relative
217237.3863,0,368.97,0.00,368.97,0.00,,0,16.21,73.86,1,palm,relative
217237.4196,0,368.97,0.00,368.97,0.00,,0,20.62,78.59,1,palm,relative
217237.4530,0,368.97,0.00,368.97,0.00,,0,10.60,69.16,1,palm,relative
217237.4863,0,368.97,0.00,368.97,0.00,,0,20.39,78.10,1,palm,relative
217237.5197,0,368.97,0.00,368.97,0.00,,0,15.07,72.08,1,palm,relative
217237.5530,0,368.97,0.00,368.97,0.00,,0,13.92,83.73,1,palm,relative
217237.5864,0,368.97,0.00,368.97,0.00,,0,14.83,87.84,1,palm,relative
217237.6197,0,368.97,0.00,368.97,0.00,,0,31.33,98.81,1,palm,relative
217237.6531,0,368.97,0.00,368.97,0.00,,0,12.34,80.19,1,palm,relative
217237.6864,0,368.97,0.00,368.97,0.00,,0,10.83,79.15,1,palm,relative
217237.7198,0,368.97,0.00,368.97,0.00,,0,13.10,75.62,1,palm,relative
217237.7531,0,368.97,0.00,368.97,0.00,,0,11.69,75.03,1,palm,relative
217237.7865,0,368.97,0.00,368.97,0.00,,0,16.87,78.28,1,palm,relative
217237.8198,0,368.97,0.00,368.97,0.00,,0,15.45,77.86,1,palm,relative
217237.8532,0,368.97,0.00,368.97,0.00,,0,21.37,80.14,1,palm,relative
217237.8865,0,368.97,0.00,368.97,0.00,,0,16.05,75.69,1,palm,relative
217237.9199,0,368.97,0.00,368.97,0.00,,0,19.18,75.27,1,palm,relative
217237.9532,0,368.97,0.00,368.97,0.00,,0,18.02,72.82,1,palm,relative
217237.9866,0,368.97,0.00,368.97,0.00,,0,30.77,86.04,1,palm,relative
217238.0199,0,368.97,0.00,368.97,0.00,,0,15.77,77.48,1,palm,relative
217238.0533,0,368.97,0.00,368.97,0.00,,0,11.07,72.60,1,palm,relative
217238.0866,0,368.97,0.00,368.97,0.00,,0,13.16,74.35,1,palm,relative
217238.1200,0,368.97,0.00,368.97,0.00,,0,13.50,75.46,1,palm,relative
217238.1533,0,368.97,0.00,368.97,0.00,,0,14.16,74.35,1,palm,relative
217238.1867,0,368.97,0.00,368.97,0.00,,0,23.94,82.57,1,palm,relative
217238.2200,0,368.97,0.00,368.97,0.00,,0,14.69,75.45,1,palm,relative
217238.2534,0,368.97,0.00,368.97,0.00,,0,11.26,75.51,1,palm,relative
217238.2867,0,368.97,0.00,368.97,0.00,,0,15.63,74.32,1,palm,relative
217238.3201,0,368.97,0.00,368.97,0.00,,0,22.38,82.10,1,palm,relative
217238.3534,0,368.97,0.00,368.97,0.00,,0,19.92,79.63,1,palm,relative
217238.3868,0,368.97,0.00,368.97,0.00,,0,12.80,71.36,1,palm,relative
217238.4201,0,368.97,0.00,368.97,0.00,,0,12.96,74.33,1,palm,relative
217238.4535,0,368.97,0.00,368.97,0.00,,0,21.10,76.37,1,palm,relative
217238.4868,0,368.97,0.00,368.97,0.00,,0,18.87,73.13,1,palm,relative
217238.5202,0,368.97,0.00,368.97,0.00,,0,24.32,81.63,1,palm,relative
217238.5535,0,368.97,0.00,368.97,0.00,,0,19.65,75.94,1,palm,relative
217238.5869,0,368.97,0.00,368.97,0.00,,0,22.93,79.96,1,palm,relative
217238.6202,0,368.97,0.00,368.97,0.00,,0,17.05,78.50,1,palm,relative
217238.6536,0,368.97,0.00,368.97,0.00,,0,14.99,76.88,1,palm,relative
217238.6869,0,368.97,0.00,368.97,0.00,,0,19.10,77.89,1,palm,relative
217238.7203,0,368.97,0.00,368.97,0.00,,0,11.90,70.77,1,palm,relative
217238.7536,0,368.97,0.00,368.97,0.00,,0,17.11,73.40,1,palm,relative
217238.7870,0,368.97,0.00,368.97,0.00,,0,19.52,76.33,1,palm,relative
217238.8203,0,368.97,0.00,368.97,0.00,,0,20.73,79.59,1,palm,relative
217238.8537,0,368.97,0.00,368.97,0.00,,0,27.96,81.29,1,palm,relative
217238.8870,0,368.97,0.00,368.97,0.00,,0,20.10,74.08,1,palm,relative
217238.9204,0,368.97,0.00,368.97,0.00,,0,25.56,79.61,1,palm,relative
217238.9537,0,368.97,0.00,368.97,0.00,,0,29.08,82.45,1,palm,relative
217238.9871,0,368.97,0.00,368.97,0.00,,0,12.92,72.16,1,palm,relative
217239.0204,0,368.97,0.00,368.97,0.00,,0,16.95,76.39,1,palm,relative
217239.0538,0,368.97,0.00,368.97,0.00,,0,29.10,85.28,1,palm,relative
217239.0871,0,368.97,0.00,368.97,0.00,,0,12.68,76.21,1,palm,relative
217239.1205,0,368.97,0.00,368.97,0.00,,0,12.96,77.37,1,palm,relative
217239.1538,0,368.97,0.00,368.97,0.00,,0,12.15,74.25,1,palm,relative
217239.1872,0,368.97,0.00,368.97,0.00,,0,20.40,84.37,1,palm,relative
217239.2205,0,368.97,0.00,368.97,0.00,,0,15.53,76.23,1,palm,relative
217239.2539,0,368.97,0.00,368.97,0.00,,0,21.32,81.49,1,palm,relative
217239.2872,0,368.97,0.00,368.97,0.00,,0,12.09,71.96,1,palm,relative
217239.3206,0,368.97,0.00,368.97,0.00,,0,18.01,79.81,1,palm,relative
217239.3539,0,368.97,0.00,368.97,0.00,,0,26.20,84.23,1,palm,relative
217239.3873,0,368.97,0.00,368.97,0.00,,0,17.81,82.97,1,palm,relative
217239.4206,0,368.97,0.00,368.97,0.00,,0,15.56,83.78,1,palm,relative
217239.4540,0,368.97,0.00,368.97,0.00,,0,13.58,77.58,1,palm,relative
217239.4873,0,368.97,0.00,368.97,0.00,,0,13.11,77.61,1,palm,relative
217239.5207,0,368.97,0.00,368.97,0.00,,0,14.49,75.90,1,palm,relative
217239.5540,0,368.97,0.00,368.97,0.00,,0,17.08,77.82,1,palm,relative
217239.5874,0,368.97,0.00,368.97,0.00,,0,17.53,79.04,1,palm,relative
217239.6207,0,368.97,0.00,368.97,0.00,,0,18.52,82.04,1,palm,relative
217239.6541,0,368.97,0.00,368.97,0.00,,0,17.05,80.22,1,palm,relative
217239.6874,0,368.97,0.00,368.97,0.00,,0,17.37,80.83,1,palm,relative
217239.7208,0,368.97,0.00,368.97,0.00,,0,24.46,86.74,1,palm,relative
217239.7541,0,368.97,0.00,368.97,0.00,,0,10.44,70.93,1,palm,relative
217239.7875,0,368.97,0.00,368.97,0.00,,0,21.04,83.17,1,palm,relative
217239.8208,0,368.97,0.00,368.97,0.00,,0,11.74,73.55,1,palm,relative
217239.8542,0,368.97,0.00,368.97,0.00,,0,13.83,77.61,1,palm,relative
217239.8875,0,368.97,0.00,368.97,0.00,,0,20.86,80.31,1,palm,relative
217239.9209,0,368.97,0.00,368.97,0.00,,0,17.45,75.67,1,palm,relative
217239.9542,0,368.97,0.00,368.97,0.00,,0,28.66,89.49,1,palm,relative
217239.9876,0,368.97,0.00,368.97,0.00,,0,15.67,80.06,1,palm,relative
217240.0209,0,368.97,0.00,368.97,0.00,,0,12.83,79.84,1,palm,relative
217240.0543,0,368.97,0.00,368.97,0.00,,0,14.56,76.88,1,palm,relative
217240.0876,0,368.97,0.00,368.97,0.00,,0,11.28,75.05,1,palm,relative
217240.1210,0,368.97,0.00,368.97,0.00,,0,17.97,78.59,1,palm,relative
217240.1543,0,368.97,0.00,368.97,0.00,,0,14.49,75.50,1,palm,relative
217240.1877,0,368.97,0.00,368.97,0.00,,0,26.05,85.23,1,palm,relative
217240.2210,0,368.97,0.00,368.97,0.00,,0,9.87,68.13,1,palm,relative
217240.2544,0,368.97,0.00,368.97,0.00,,0,22.91,85.66,1,palm,relative
217240.2877,0,368.97,0.00,368.97,0.00,,0,10.72,71.71,1,palm,relative
217240.3211,0,368.97,0.00,368.97,0.00,,0,18.26,78.88,1,palm,relative
217240.3544,0,368.97,0.00,368.97,0.00,,0,15.67,76.97,1,palm,relative
217240.3878,0,368.97,0.00,368.97,0.00,,0,14.20,72.31,1,palm,relative
217240.4211,0,368.97,0.00,368.97,0.00,,0,28.84,87.55,1,palm,relative
217240.4545,0,368.97,0.00,368.97,0.00,,0,12.39,73.69,1,palm,relative
217240.4878,0,368.97,0.00,368.97,0.00,,0,21.68,84.50,1,palm,relative
217240.5212,0,368.97,0.00,368.97,0.00,,0,18.20,80.29,1,palm,relative
217240.5545,0,368.97,0.00,368.97,0.00,,0,15.86,80.33,1,palm,relative
217240.5879,0,368.97,0.00,368.97,0.00,,0,15.85,75.21,1,palm,relative
217240.6212,0,368.97,0.00,368.97,0.00,,0,27.28,85.38,1,palm,relative
217240.6546,0,368.97,0.00,368.97,0.00,,0,10.20,75.28,1,palm,relative
217240.6879,0,368.97,0.00,368.97,0.00,,0,13.91,83.05,1,palm,relative
217240.7213,0,368.97,0.00,368.97,0.00,,0,23.16,102.57,1,palm,relative
217240.7546,0,368.97,0.00,368.97,0.00,,0,29.48,109.62,1,palm,relative
217240.7880,0,368.97,0.00,368.97,0.00,,0,11.02,90.25,1,palm,relative
217240.8213,0,368.97,0.00,368.97,0.00,,0,28.72,110.50,1,palm,relative
217240.8547,0,368.97,0.00,368.97,0.00,,0,25.93,106.43,1,palm,relative
217240.8880,0,368.97,0.00,368.97,0.00,,0,12.62,93.07,1,palm,relative
217240.9214,0,368.97,0.00,368.97,0.00,,0,33.89,116.37,1,palm,relative
217240.9547,0,368.97,0.00,368.97,0.00,,0,24.22,107.65,1,palm,relative
217240.9881,0,368.97,0.00,368.97,0.00,,0,29.16,110.53,1,palm,relative
217241.0214,0,368.97,0.00,368.97,0.00,,0,21.88,106.14,1,palm,relative
217241.0548,0,368.97,0.00,368.97,0.00,,0,17.20,97.38,1,palm,relative
217241.0881,0,368.97,0.00,368.97,0.00,,0,14.34,96.82,1,palm,relative
217241.1215,0,368.97,0.00,368.97,0.00,,0,18.06,109.02,1,palm,relative
217241.1548,0,368.97,0.00,368.97,0.00,,0,15.06,108.88,1,palm,relative
217241.1882,0,368.97,0.00,368.97,0.00,,0,22.24,111.22,1,palm,relative
217241.2215,0,368.97,0.00,368.97,0.00,,0,24.71,119.75,1,palm,relative
217241.2549,0,368.97,0.00,368.97,0.00,,0,24.25,111.61,1,palm,relative
217241.2882,0,368.97,0.00,368.97,0.00,,0,15.43,106.18,1,palm,relative
217241.3216,0,368.97,0.00,368.97,0.00,,0,27.98,115.68,1,palm,relative
217241.3549,0,368.97,0.00,368.97,0.00,,0,24.69,113.78,1,palm,relative
217241.3883,0,368.97,0.00,368.97,0.00,,0,22.50,113.98,1,palm,relative
217241.4216,0,368.97,0.00,368.97,0.00,,0,32.38,117.49,1,palm,relative
217241.4550,0,368.97,0.00,368.97,0.00,,0,21.85,110.47,1,palm,relative
217241.4883,0,368.97,0.00,368.97,0.00,,0,27.83,124.50,1,palm,relative
217241.5217,0,368.97,0.00,368.97,0.00,,0,12.16,103.45,1,palm,relative
217241.5550,0,368.97,0.00,368.97,0.00,,0,31.59,113.61,1,palm,relative
217241.5884,0,368.97,0.00,368.97,0.00,,0,22.38,104.45,1,palm,relative
217241.6217,0,368.97,0.00,368.97,0.00,,0,27.39,106.20,1,palm,relative
217241.6551,0,368.97,0.00,368.97,0.00,,0,31.37,113.29,1,palm,relative
217241.6884,0,368.97,0.00,368.97,0.00,,0,34.51,114.78,1,palm,relative
217241.7218,0,368.97,0.00,368.97,0.00,,0,12.27,94.75,1,palm,relative
217241.7551,0,368.97,0.00,368.97,0.00,,0,24.83,118.50,1,palm,relative
217241.7885,0,368.97,0.00,368.97,0.00,,0,15.68,100.97,1,palm,relative
217241.8218,0,368.97,0.00,368.97,0.00,,0,30.59,108.37,1,palm,relative
217241.8552,0,368.97,0.00,368.97,0.00,,0,16.59,91.87,1,palm,relative
217241.8885,0,368.97,0.00,368.97,0.00,,0,10.75,82.41,1,palm,relative
217241.9219,0,368.97,0.00,368.97,0.00,,0,14.91,86.23,1,palm,relative
217241.9552,0,368.97,0.00,368.97,0.00,,0,15.05,86.46,1,palm,relative
217241.9886,0,368.97,0.00,368.97,0.00,,0,16.15,86.32,1,palm,relative
217242.0219,0,368.97,0.00,368.97,0.00,,0,16.10,88.23,1,palm,relative
217242.0553,0,368.97,0.00,368.97,0.00,,0,10.68,78.43,1,palm,relative
217242.0886,0,368.97,0.00,368.97,0.00,,0,13.45,81.70,1,palm,relative
217242.1220,0,368.97,0.00,368.97,0.00,,0,13.36,85.86,1,palm,relative
217242.1553,0,368.97,0.00,368.97,0.00,,0,27.83,109.08,1,palm,relative
217242.1887,0,368.97,0.00,368.97,0.00,,0,7.49,83.34,1,palm,relative
217242.2220,0,368.97,0.00,368.97,0.00,,0,13.93,79.70,1,palm,relative
217242.2554,0,368.97,0.00,368.97,0.00,,0,13.19,76.36,1,palm,relative
217242.2887,0,368.97,0.00,368.97,0.00,,0,15.23,77.97,1,palm,relative
217242.3221,0,368.97,0.00,368.97,0.00,,0,11.26,74.74,1,palm,relative
217242.3554,0,368.97,0.00,368.97,0.00,,0,25.41,90.58,1,palm,relative
217242.3888,0,368.97,0.00,368.97,0.00,,0,14.64,75.32,1,palm,relative
217242.4221,0,368.97,0.00,368.97,0.00,,0,12.07,76.23,1,palm,relative
217242.4555,0,368.97,0.00,368.97,0.00,,0,20.84,80.80,1,palm,relative
217242.4888,0,368.97,0.00,368.97,0.00,,0,12.22,71.84,1,palm,relative
217242.5222,0,368.97,0.00,368.97,0.00,,0,26.64,85.80,1,palm,relative
217242.5555,0,368.97,0.00,368.97,0.00,,0,14.21,74.91,1,palm,relative
217242.5889,0,368.97,0.00,368.97,0.00,,0,22.90,85.53,1,palm,relative
217242.6222,0,368.97,0.00,368.97,0.00,,0,11.17,67.81,1,palm,relative
217242.6556,0,368.97,0.00,368.97,0.00,,0,24.00,82.51,1,palm,relative
217242.6889,0,368.97,0.00,368.97,0.00,,0,12.31,68.81,1,palm,relative
217242.7223,0,368.97,0.00,368.97,0.00,,0,18.74,77.31,1,palm,relative
217242.7556,0,368.97,0.00,368.97,0.00,,0,13.47,83.76,1,palm,relative
217242.7890,0,368.97,0.00,368.97,0.00,,0,16.92,88.71,1,palm,relative
217242.8223,0,368.97,0.00,368.97,0.00,,0,14.91,84.65,1,palm,relative
217242.8557,0,368.97,0.00,368.97,0.00,,0,21.22,92.70,1,palm,relative
217242.8890,0,368.97,0.00,368.97,0.00,,0,14.31,83.27,1,palm,relative
217242.9224,0,368.97,0.00,368.97,0.00,,0,15.99,87.13,1,palm,relative
217242.9557,0,368.97,0.00,368.97,0.00,,0,15.66,85.79,1,palm,relative
217242.9891,0,368.97,0.00,368.97,0.00,,0,16.70,89.47,1,palm,relative
217243.0224,0,368.97,0.00,368.97,0.00,,0,17.83,88.67,1,palm,relative
217243.0558,0,368.97,0.00,368.97,0.00,,0,15.06,87.45,1,palm,relative
217243.0891,0,368.97,0.00,368.97,0.00,,0,16.71,87.63,1,palm,relative
217243.1225,0,368.97,0.00,368.97,0.00,,0,14.19,86.68,1,palm,relative
217243.1558,0,368.97,0.00,368.97,0.00,,0,11.85,80.09,1,palm,relative
217243.1892,0,368.97,0.00,368.97,0.00,,0,15.71,84.31,1,palm,relative
217243.2225,0,368.97,0.00,368.97,0.00,,0,34.30,99.77,1,palm,relative
217243.2559,0,368.97,0.00,368.97,0.00,,0,10.38,77.01,1,palm,relative
217243.2892,0,368.97,0.00,368.97,0.00,,0,11.15,78.98,1,palm,relative
217243.3226,0,368.97,0.00,368.97,0.00,,0,16.03,78.53,1,palm,relative
217243.3559,0,368.97,0.00,368.97,0.00,,0,16.71,79.22,1,palm,relative
217243.3893,0,368.97,0.00,368.97,0.00,,0,12.17,74.11,1,palm,relative
217243.4226,0,368.97,0.00,368.97,0.00,,0,18.18,80.38,1,palm,relative
217243.4560,0,368.97,0.00,368.97,0.00,,0,26.28,85.37,1,palm,relative
217243.4893,0,368.97,0.00,368.97,0.00,,0,10.20,67.98,1,palm,relative
217243.5227,0,368.97,0.00,368.97,0.00,,0,17.49,75.78,1,palm,relative
217243.5560,0,368.97,0.00,368.97,0.00,,0,16.56,73.28,1,palm,relative
217243.5894,0,368.97,0.00,368.97,0.00,,0,16.97,75.36,1,palm,relative
217243.6227,0,368.97,0.00,368.97,0.00,,0,17.07,73.37,1,palm,relative
217243.6561,0,368.97,0.00,368.97,0.00,,0,18.79,75.44,1,palm,relative
217243.6894,0,368.97,0.00,368.97,0.00,,0,25.19,78.33,1,palm,relative
217243.7228,0,368.97,0.00,368.97,0.00,,0,28.35,80.01,1,palm,relative
217243.7561,0,368.97,0.00,368.97,0.00,,0,18.90,72.32,1,palm,relative
217243.7895,0,368.97,0.00,368.97,0.00,,0,26.87,79.94,1,palm,relative
217243.8228,0,368.97,0.00,368.97,0.00,,0,26.66,78.31,1,palm,relative
217243.8562,0,368.97,0.00,368.97,0.00,,0,34.63,87.80,1,palm,relative
217243.8895,0,368.97,0.00,368.97,0.00,,0,9.17,74.20,1,palm,relative
217243.9229,0,368.97,0.00,368.97,0.00,,0,16.51,83.99,1,palm,relative
217243.9562,0,368.97,0.00,368.97,0.00,,0,15.64,76.61,1,palm,relative
217243.9896,0,368.97,0.00,368.97,0.00,,0,19.66,80.46,1,palm,relative
217244.0229,0,368.97,0.00,368.97,0.00,,0,16.63,77.63,1,palm,relative
217244.0563,0,368.97,0.00,368.97,0.00,,0,25.59,92.76,1,palm,relative
217244.0896,0,368.97,0.00,368.97,0.00,,0,15.20,81.25,1,palm,relative
217244.1230,0,368.97,0.00,368.97,0.00,,0,15.39,83.65,1,palm,relative
217244.1563,0,368.97,0.00,368.97,0.00,,0,12.14,77.24,1,palm,relative
217244.1897,0,368.97,0.00,368.97,0.00,,0,15.28,81.54,1,palm,relative
217244.2230,0,368.97,0.00,368.97,0.00,,0,23.59,88.24,1,palm,relative
217244.2564,0,368.97,0.00,368.97,0.00,,0,14.73,78.90,1,palm,relative
217244.2897,0,368.97,0.00,368.97,0.00,,0,16.88,82.35,1,palm,relative
217244.3231,0,368.97,0.00,368.97,0.00,,0,14.34,76.18,1,palm,relative
217244.3564,0,368.97,0.00,368.97,0.00,,0,11.06,73.20,1,palm,relative
217244.3898,0,368.97,0.00,368.97,0.00,,0,25.01,86.62,1,palm,relative
217244.4231,0,368.97,0.00,368.97,0.00,,0,13.86,74.16,1,palm,relative
217244.4565,0,368.97,0.00,368.97,0.00,,0,29.11,88.15,1,palm,relative
217244.4898,0,368.97,0.00,368.97,0.00,,0,12.89,74.51,1,palm,relative
217244.5232,0,368.97,0.00,368.97,0.00,,0,17.07,79.96,1,palm,relative
217244.5565,0,368.97,0.00,368.97,0.00,,0,17.01,75.50,1,palm,relative
217244.5899,0,368.97,0.00,368.97,0.00,,0,25.37,83.73,1,palm,relative
217244.6232,0,368.97,0.00,368.97,0.00,,0,14.12,71.15,1,palm,relative
217244.6566,0,368.97,0.00,368.97,0.00,,0,26.97,84.59,1,palm,relative
217244.6899,0,368.97,0.00,368.97,0.00,,0,12.01,69.52,1,palm,relative
217244.7233,0,368.97,0.00,368.97,0.00,,0,26.66,84.78,1,palm,relative
217244.7566,0,368.97,0.00,368.97,0.00,,0,15.14,73.25,1,palm,relative
217244.7900,0,368.97,0.00,368.97,0.00,,0,21.68,81.58,1,palm,relative
217244.8233,0,368.97,0.00,368.97,0.00,,0,18.22,79.96,1,palm,relative
217244.8567,0,368.97,0.00,368.97,0.00,,0,18.68,81.34,1,palm,relative
217244.8900,0,368.97,0.00,368.97,0.00,,0,19.49,77.48,1,palm,relative
217244.9234,0,368.97,0.00,368.97,0.00,,0,17.48,75.94,1,palm,relative
217244.9567,0,368.97,0.00,368.97,0.00,,0,27.55,84.69,1,palm,relative
217244.9901,0,368.97,0.00,368.97,0.00,,0,12.35,69.96,1,palm,relative
217245.0234,0,368.97,0.00,368.97,0.00,,0,25.96,85.17,1,palm,relative
217245.0568,0,368.97,0.00,368.97,0.00,,0,14.22,76.01,1,palm,relative
217245.0901,0,368.97,0.00,368.97,0.00,,0,17.15,78.04,1,palm,relative
217245.1235,0,368.97,0.00,368.97,0.00,,0,14.24,75.31,1,palm,relative
217245.1568,0,368.97,0.00,368.97,0.00,,0,26.39,85.81,1,palm,relative
217245.1902,0,368.97,0.00,368.97,0.00,,0,14.40,75.42,1,palm,relative
217245.2235,0,368.97,0.00,368.97,0.00,,0,22.49,85.67,1,palm,relative
217245.2569,0,368.97,0.00,368.97,0.00,,0,9.23,67.39,1,palm,relative
217245.2902,0,368.97,0.00,368.97,0.00,,0,25.66,89.65,1,palm,relative
217245.3236,0,368.97,0.00,368.97,0.00,,0,15.23,77.63,1,palm,relative
217245.3569,0,368.97,0.00,368.97,0.00,,0,13.89,78.16,1,palm,relative
217245.3903,0,368.97,0.00,368.97,0.00,,0,12.31,76.22,1,palm,relative
217245.4236,0,368.97,0.00,368.97,0.00,,0,11.96,77.53,1,palm,relative
217245.4570,0,368.97,0.00,368.97,0.00,,0,22.89,84.72,1,palm,relative
217245.4903,0,368.97,0.00,368.97,0.00,,0,13.53,74.83,1,palm,relative
217245.5237,0,368.97,0.00,368.97,0.00,,0,18.17,81.76,1,palm,relative
217245.5570,0,368.97,0.00,368.97,0.00,,0,12.93,71.98,1,palm,relative
217245.5904,0,368.97,0.00,368.97,0.00,,0,27.40,85.27,1,palm,relative
217245.6237,0,368.97,0.00,368.97,0.00,,0,15.34,78.02,1,palm,relative
217245.6571,0,368.97,0.00,368.97,0.00,,0,18.73,81.72,1,palm,relative
217245.6904,0,368.97,0.00,368.97,0.00,,0,12.54,72.29,1,palm,relative
217245.7238,0,368.97,0.00,368.97,0.00,,0,23.28,83.71,1,palm,relative
217245.7571,0,368.97,0.00,368.97,0.00,,0,24.40,87.48,1,palm,relative
217245.7905,0,368.97,0.00,368.97,0.00,,0,14.74,76.55,1,palm,relative
217245.8238,0,368.97,0.00,368.97,0.00,,0,15.96,80.75,1,palm,relative
217245.8572,0,368.97,0.00,368.97,0.00,,0,21.75,80.44,1,palm,relative
217245.8905,0,368.97,0.00,368.97,0.00,,0,15.73,74.44,1,palm,relative
217245.9239,0,368.97,0.00,368.97,0.00,,0,24.76,83.00,1,palm,relative
217245.9572,0,368.97,0.00,368.97,0.00,,0,25.02,81.00,1,palm,relative
217245.9906,0,368.97,0.00,368.97,0.00,,0,13.18,74.30,1,palm,relative
217246.0239,0,368.97,0.00,368.97,0.00,,0,21.53,82.49,1,palm,relative
217246.0573,0,368.97,0.00,368.97,0.00,,0,12.15,72.07,1,palm,relative
217246.0906,0,368.97,0.00,368.97,0.00,,0,20.21,82.12,1,palm,relative
217246.1240,0,368.97,0.00,368.97,0.00,,0,18.92,77.61,1,palm,relative
217246.1573,0,368.97,0.00,368.97,0.00,,0,28.24,86.39,1,palm,relative
217246.1907,0,368.97,0.00,368.97,0.00,,0,16.95,75.69,1,palm,relative
217246.2240,0,368.97,0.00,368.97,0.00,,0,21.67,83.39,1,palm,relative
217246.2574,0,368.97,0.00,368.97,0.00,,0,17.65,76.16,1,palm,relative
217246.2907,0,368.97,0.00,368.97,0.00,,0,19.39,75.90,1,palm,relative
217246.3241,0,368.97,0.00,368.97,0.00,,0,21.50,78.24,1,palm,relative
217246.3574,0,368.97,0.00,368.97,0.00,,0,30.50,88.28,1,palm,relative
217246.3908,0,368.97,0.00,368.97,0.00,,0,15.76,82.68,1,palm,relative
217246.4241,0,368.97,0.00,368.97,0.00,,0,17.00,85.47,1,palm,relative
217246.4575,0,368.97,0.00,368.97,0.00,,0,19.65,87.00,1,palm,relative
217246.4908,0,368.97,0.00,368.97,0.00,,0,14.80,83.27,1,palm,relative
217246.5242,0,368.97,0.00,368.97,0.00,,0,17.52,84.03,1,palm,relative
217246.5575,0,368.97,0.00,368.97,0.00,,0,15.78,84.14,1,palm,relative
217246.5909,0,368.97,0.00,368.97,0.00,,0,14.87,77.52,1,palm,relative
217246.6242,0,368.97,0.00,368.97,0.00,,0,19.56,81.56,1,palm,relative
217246.6576,0,368.97,0.00,368.97,0.00,,0,13.13,75.18,1,palm,relative
217246.6909,0,368.97,0.00,368.97,0.00,,0,18.83,79.72,1,palm,relative
217246.7243,0,368.97,0.00,368.97,0.00,,0,17.04,77.86,1,palm,relative
217246.7576,0,368.97,0.00,368.97,0.00,,0,23.34,85.24,1,palm,relative
217246.7910,0,368.97,0.00,368.97,0.00,,0,12.36,71.02,1,palm,relative
217246.8243,0,368.97,0.00,368.97,0.00,,0,20.78,79.27,1,palm,relative
217246.8577,0,368.97,0.00,368.97,0.00,,0,18.79,77.50,1,palm,relative
217246.8910,0,368.97,0.00,368.97,0.00,,0,17.80,79.57,1,palm,relative
217246.9244,0,368.97,0.00,368.97,0.00,,0,17.26,78.07,1,palm,relative
217246.9577,0,368.97,0.00,368.97,0.00,,0,15.19,76.36,1,palm,relative
217246.9911,0,368.97,0.00,368.97,0.00,,0,20.73,80.96,1,palm,relative
217247.0244,0,368.97,0.00,368.97,0.00,,0,13.04,72.29,1,palm,relative
217247.0578,0,368.97,0.00,368.97,0.00,,0,27.59,89.00,1,palm,relative
217247.0911,0,368.97,0.00,368.97,0.00,,0,16.05,82.42,1,palm,relative
217247.1245,0,368.97,0.00,368.97,0.00,,0,14.72,82.54,1,palm,relative
217247.1578,0,368.97,0.00,368.97,0.00,,0,21.19,87.01,1,palm,relative
217247.1912,0,368.97,0.00,368.97,0.00,,0,14.51,80.91,1,palm,relative
217247.2245,0,368.97,0.00,368.97,0.00,,0,15.28,83.03,1,palm,relative
217247.2579,0,368.97,0.00,368.97,0.00,,0,13.78,78.70,1,palm,relative
217247.2912,0,368.97,0.00,368.97,0.00,,0,11.47,77.20,1,palm,relative
217247.3246,0,368.97,0.00,368.97,0.00,,0,13.12,78.26,1,palm,relative
217247.3579,0,368.97,0.00,368.97,0.00,,0,15.97,81.74,1,palm,relative
217247.3913,0,368.97,0.00,368.97,0.00,,0,12.82,75.46,1,palm,relative
217247.4246,0,368.97,0.00,368.97,0.00,,0,16.57,81.01,1,palm,relative
217247.4580,0,368.97,0.00,368.97,0.00,,0,21.89,81.01,1,palm,relative
217247.4913,0,368.97,0.00,368.97,0.00,,0,14.54,72.68,1,palm,relative
217247.5247,0,368.97,0.00,368.97,0.00,,0,26.58,87.35,1,palm,relative
217247.5580,0,368.97,0.00,368.97,0.00,,0,14.11,75.29,1,palm,relative
217247.5914,0,368.97,0.00,368.97,0.00,,0,22.56,83.08,1,palm,relative
217247.6247,0,368.97,0.00,368.97,0.00,,0,11.25,70.05,1,palm,relative
217247.6581,0,368.97,0.00,368.97,0.00,,0,25.36,84.20,1,palm,relative
217247.6914,0,368.97,0.00,368.97,0.00,,0,10.83,70.26,1,palm,relative
217247.7248,0,368.97,0.00,368.97,0.00,,0,17.45,77.29,1,palm,relative
217247.7581,0,368.97,0.00,368.97,0.00,,0,24.33,83.17,1,palm,relative
217247.7915,0,368.97,0.00,368.97,0.00,,0,11.43,69.87,1,palm,relative
217247.8248,0,368.97,0.00,368.97,0.00,,0,25.73,86.35,1,palm,relative
217247.8582,0,368.97,0.00,368.97,0.00,,0,11.20,70.10,1,palm,relative
217247.8915,0,368.97,0.00,368.97,0.00,,0,22.93,83.18,1,palm,relative
217247.9249,0,368.97,0.00,368.97,0.00,,0,20.53,76.49,1,palm,relative
217247.9582,0,368.97,0.00,368.97,0.00,,0,31.25,86.56,1,palm,relative
217247.9916,0,368.97,0.00,368.97,0.00,,0,15.41,79.21,1,palm,relative
217248.0249,0,368.97,0.00,368.97,0.00,,0,13.93,76.77,1,palm,relative
217248.0583,0,368.97,0.00,368.97,0.00,,0,22.20,85.27,1,palm,relative
217248.0916,0,368.97,0.00,368.97,0.00,,0,13.94,75.01,1,palm,relative
217248.1250,0,368.97,0.00,368.97,0.00,,0,18.49,81.61,1,palm,relative
217248.1583,0,368.97,0.00,368.97,0.00,,0,14.33,76.52,1,palm,relative
217248.1917,0,368.97,0.00,368.97,0.00,,0,18.05,83.72,1,palm,relative
217248.2250,0,368.97,0.00,368.97,0.00,,0,13.59,72.15,1,palm,relative
217248.2584,0,368.97,0.00,368.97,0.00,,0,26.72,86.48,1,palm,relative
217248.2917,0,368.97,0.00,368.97,0.00,,0,16.62,80.73,1,palm,relative
217248.3251,0,368.97,0.00,368.97,0.00,,0,13.11,78.36,1,palm,relative
217248.3584,0,368.97,0.00,368.97,0.00,,0,11.99,75.00,1,palm,relative
217248.3918,0,368.97,0.00,368.97,0.00,,0,13.84,76.22,1,palm,relative
217248.4251,0,368.97,0.00,368.97,0.00,,0,11.55,73.36,1,palm,relative
217248.4585,0,368.97,0.00,368.97,0.00,,0,14.72,76.54,1,palm,relative
217248.4918,0,368.97,0.00,368.97,0.00,,0,14.51,73.48,1,palm,relative
217248.5252,0,368.97,0.00,368.97,0.00,,0,26.67,88.48,1,palm,relative
217248.5585,0,368.97,0.00,368.97,0.00,,0,15.34,78.86,1,palm,relative
217248.5919,0,368.97,0.00,368.97,0.00,,0,17.84,81.88,1,palm,relative
217248.6252,0,368.97,0.00,368.97,0.00,,0,15.99,76.69,1,palm,relative
217248.6586,0,368.97,0.00,368.97,0.00,,0,24.85,85.47,1,palm,relative
217248.6919,0,368.97,0.00,368.97,0.00,,0,12.21,71.77,1,palm,relative
217248.7253,0,368.97,0.00,368.97,0.00,,0,21.60,81.84,1,palm,relative
217248.7586,0,368.97,0.00,368.97,0.00,,0,16.63,73.83,1,palm,relative
217248.7920,0,368.97,0.00,368.97,0.00,,0,24.14,81.79,1,palm,relative
217248.8253,0,368.97,0.00,368.97,0.00,,0,27.96,92.53,1,palm,relative
217248.8587,0,368.97,0.00,368.97,0.00,,0,14.65,80.49,1,palm,relative
217248.8920,0,368.97,0.00,368.97,0.00,,0,15.81,84.46,1,palm,relative
217248.9254,0,368.97,0.00,368.97,0.00,,0,14.79,80.72,1,palm,relative
217248.9587,0,368.97,0.00,368.97,0.00,,0,15.24,83.99,1,palm,relative
217248.9921,0,368.97,0.00,368.97,0.00,,0,13.66,78.78,1,palm,relative
217249.0254,0,368.97,0.00,368.97,0.00,,0,16.34,83.20,1,palm,relative
217249.0588,0,368.97,0.00,368.97,0.00,,0,14.63,77.23,1,palm,relative
217249.0921,0,368.97,0.00,368.97,0.00,,0,13.07,75.29,1,palm,relative
217249.1255,0,368.97,0.00,368.97,0.00,,0,21.23,83.13,1,palm,relative
217249.1588,0,368.97,0.00,368.97,0.00,,0,14.62,74.93,1,palm,relative
217249.1922,0,368.97,0.00,368.97,0.00,,0,17.70,81.77,1,palm,relative
217249.2255,0,368.97,0.00,368.97,0.00,,0,19.91,78.26,1,palm,relative
217249.2589,0,368.97,0.00,368.97,0.00,,0,20.04,77.77,1,palm,relative
217249.2922,0,368.97,0.00,368.97,0.00,,0,26.24,83.36,1,palm,relative
217249.3256,0,368.97,0.00,368.97,0.00,,0,12.35,74.96,1,palm,relative
217249.3589,0,368.97,0.00,368.97,0.00,,0,21.06,84.58,1,palm,relative
217249.3923,0,368.97,0.00,368.97,0.00,,0,14.94,74.22,1,palm,relative
217249.4256,0,368.97,0.00,368.97,0.00,,0,24.98,88.47,1,palm,relative
217249.4590,0,368.97,0.00,368.97,0.00,,0,10.25,76.68,1,palm,relative
217249.4923,0,368.97,0.00,368.97,0.00,,0,16.89,82.50,1,palm,relative
217249.5257,0,368.97,0.00,368.97,0.00,,0,10.02,76.17,1,palm,relative
217249.5590,0,368.97,0.00,368.97,0.00,,0,19.52,84.68,1,palm,relative
217249.5924,0,368.97,0.00,368.97,0.00,,0,15.22,78.67,1,palm,relative
217249.6257,0,368.97,0.00,368.97,0.00,,0,13.46,75.28,1,palm,relative
217249.6591,0,368.97,0.00,368.97,0.00,,0,21.88,84.17,1,palm,relative
217249.6924,0,368.97,0.00,368.97,0.00,,0,11.46,71.15,1,palm,relative
217249.7258,0,368.97,0.00,368.97,0.00,,0,19.19,80.10,1,palm,relative
217249.7591,0,368.97,0.00,368.97,0.00,,0,23.18,81.71,1,palm,relative
217249.7925,0,368.97,0.00,368.97,0.00,,0,14.06,71.87,1,palm,relative
217249.8258,0,368.97,0.00,368.97,0.00,,0,17.23,76.74,1,palm,relative
217249.8592,0,368.97,0.00,368.97,0.00,,0,32.65,88.78,1,palm,relative
217249.8925,0,368.97,0.00,368.97,0.00,,0,12.27,75.28,1,palm,relative
217249.9259,0,368.97,0.00,368.97,0.00,,0,14.76,78.19,1,palm,relative
217249.9592,0,368.97,0.00,368.97,0.00,,0,15.17,79.81,1,palm,relative
217249.9926,0,368.97,0.00,368.97,0.00,,0,16.97,76.89,1,palm,relative
217250.0259,0,368.97,0.00,368.97,0.00,,0,20.69,79.88,1,palm,relative
217250.0593,0,368.97,0.00,368.97,0.00,,0,17.33,77.17,1,palm,relative
217250.0926,0,368.97,0.00,368.97,0.00,,0,21.47,80.65,1,palm,relative
217250.1260,0,368.97,0.00,368.97,0.00,,0,23.20,81.19,1,palm,relative
217250.1593,0,368.97,0.00,368.97,0.00,,0,23.02,85.12,1,palm,relative
217250.1927,0,368.97,0.00,368.97,0.00,,0,11.03,68.37,1,palm,relative
217250.2260,0,368.97,0.00,368.97,0.00,,0,28.33,88.90,1,palm,relative
217250.2594,0,368.97,0.00,368.97,0.00,,0,13.27,85.44,1,palm,relative
217250.2927,0,368.97,0.00,368.97,0.00,,0,33.49,109.33,1,palm,relative
217250.3261,0,368.97,0.00,368.97,0.00,,0,9.19,86.34,1,palm,relative
217250.3594,0,368.97,0.00,368.97,0.00,,0,15.50,85.79,1,palm,relative
217250.3928,0,368.97,0.00,368.97,0.00,,0,30.69,107.77,1,palm,relative
217250.4261,0,368.97,0.00,368.97,0.00,,0,15.76,90.40,1,palm,relative
217250.4595,0,368.97,0.00,368.97,0.00,,0,9.12,82.62,1,palm,relative
217250.4928,0,368.97,0.00,368.97,0.00,,0,11.61,82.36,1,palm,relative
217250.5262,0,368.97,0.00,368.97,0.00,,0,14.01,88.37,1,palm,relative
217250.5595,0,368.97,0.00,368.97,0.00,,0,15.10,84.50,1,palm,relative
217250.5929,0,368.97,0.00,368.97,0.00,,0,10.32,78.13,1,palm,relative
217250.6262,0,368.97,0.00,368.97,0.00,,0,14.62,82.89,1,palm,relative
217250.6596,0,368.97,0.00,368.97,0.00,,0,17.73,84.74,1,palm,relative
217250.6929,0,368.97,0.00,368.97,0.00,,0,14.79,80.55,1,palm,relative
217250.7263,0,368.97,0.00,368.97,0.00,,0,11.80,77.93,1,palm,relative
217250.7596,0,368.97,0.00,368.97,0.00,,0,19.56,83.14,1,palm,relative
217250.7930,0,368.97,0.00,368.97,0.00,,0,9.76,72.41,1,palm,relative
217250.8263,0,368.97,0.00,368.97,0.00,,0,12.99,78.44,1,palm,relative
217250.8597,0,368.97,0.00,368.97,0.00,,0,12.60,73.43,1,palm,relative
217250.8930,0,368.97,0.00,368.97,0.00,,0,21.35,83.09,1,palm,relative
217250.9264,0,368.97,0.00,368.97,0.00,,0,17.45,74.74,1,palm,relative
217250.9597,0,368.97,0.00,368.97,0.00,,0,28.94,87.94,1,palm,relative
217250.9931,0,368.97,0.00,368.97,0.00,,0,16.15,82.20,1,palm,relative
217251.0264,0,368.97,0.00,368.97,0.00,,0,13.62,79.70,1,palm,relative
217251.0598,0,368.97,0.00,368.97,0.00,,0,15.82,81.87,1,palm,relative
217251.0931,0,368.97,0.00,368.97,0.00,,0,14.25,82.80,1,palm,relative
217251.1265,0,368.97,0.00,368.97,0.00,,0,11.02,76.04,1,palm,relative
217251.1598,0,368.97,0.00,368.97,0.00,,0,20.68,84.96,1,palm,relative
217251.1932,0,368.97,0.00,368.97,0.00,,0,15.49,79.31,1,palm,relative
217251.2265,0,368.97,0.00,368.97,0.00,,0,16.12,81.40,1,palm,relative
217251.2599,0,368.97,0.00,368.97,0.00,,0,16.98,80.66,1,palm,relative
217251.2932,0,368.97,0.00,368.97,0.00,,0,14.56,79.01,1,palm,relative
217251.3266,0,368.97,0.00,368.97,0.00,,0,15.45,76.99,1,palm,relative
217251.3599,0,368.97,0.00,368.97,0.00,,0,28.04,89.76,1,palm,relative
217251.3933,0,368.97,0.00,368.97,0.00,,0,15.29,75.74,1,palm,relative
217251.4266,0,368.97,0.00,368.97,0.00,,0,21.39,82.97,1,palm,relative
217251.4600,0,368.97,0.00,368.97,0.00,,0,14.26,72.42,1,palm,relative
217251.4933,0,368.97,0.00,368.97,0.00,,0,26.90,90.24,1,palm,relative
217251.5267,0,368.97,0.00,368.97,0.00,,0,18.69,82.04,1,palm,relative
217251.5600,0,368.97,0.00,368.97,0.00,,0,9.90,72.06,1,palm,relative
217251.5934,0,368.97,0.00,368.97,0.00,,0,20.28,81.37,1,palm,relative
217251.6267,0,368.97,0.00,368.97,0.00,,0,12.34,71.88,1,palm,relative
217251.6601,0,368.97,0.00,368.97,0.00,,0,27.03,89.33,1,palm,relative
217251.6934,0,368.97,0.00,368.97,0.00,,0,15.68,79.55,1,palm,relative
217251.7268,0,368.97,0.00,368.97,0.00,,0,13.30,78.33,1,palm,relative
217251.7601,0,368.97,0.00,368.97,0.00,,0,15.98,77.19,1,palm,relative
217251.7934,0,368.97,0.00,368.97,0.00,,0,15.68,79.20,1,palm,relative
217251.8268,0,368.97,0.00,368.97,0.00,,0,15.95,76.32,1,palm,relative
217251.8601,0,368.97,0.00,368.97,0.00,,0,22.58,80.29,1,palm,relative
217251.8935,0,368.97,0.00,368.97,0.00,,0,21.89,79.35,1,palm,relative
217251.9268,0,368.97,0.00,368.97,0.00,,0,26.63,83.68,1,palm,relative
217251.9602,0,368.97,0.00,368.97,0.00,,0,23.31,82.55,1,palm,relative
217251.9936,0,368.97,0.00,368.97,0.00,,0,14.64,72.77,1,palm,relative
217252.0269,0,368.97,0.00,368.97,0.00,,0,25.97,83.94,1,palm,relative
217252.0603,0,368.97,0.00,368.97,0.00,,0,13.30,71.27,1,palm,relative
217252.0936,0,368.97,0.00,368.97,0.00,,0,23.86,81.45,1,palm,relative
217252.1270,0,368.97,0.00,368.97,0.00,,0,21.54,78.49,1,palm,relative
217252.1603,0,368.97,0.00,368.97,0.00,,0,22.18,79.65,1,palm,relative
217252.1937,0,368.97,0.00,368.97,0.00,,0,25.43,88.00,1,palm,relative
217252.2270,0,368.97,0.00,368.97,0.00,,0,15.95,76.96,1,palm,relative
217252.2603,0,368.97,0.00,368.97,0.00,,0,23.96,85.03,1,palm,relative
217252.2937,0,368.97,0.00,368.97,0.00,,0,11.05,74.63,1,palm,relative
217252.3270,0,368.97,0.00,368.97,0.00,,0,20.07,85.60,1,palm,relative
217252.3604,0,368.97,0.00,368.97,0.00,,0,13.64,75.95,1,palm,relative
217252.3937,0,368.97,0.00,368.97,0.00,,0,18.60,83.25,1,palm,relative
217252.4271,0,368.97,0.00,368.97,0.00,,0,17.27,76.52,1,palm,relative
217252.4605,0,368.97,0.00,368.97,0.00,,0,25.84,85.67,1,palm,relative
217252.4938,0,368.97,0.00,368.97,0.00,,0,13.43,73.37,1,palm,relative
217252.5272,0,368.97,0.00,368.97,0.00,,0,19.76,81.83,1,palm,relative
217252.5605,0,368.97,0.00,368.97,0.00,,0,28.52,85.61,1,palm,relative
217252.5939,0,368.97,0.00,368.97,0.00,,0,14.81,74.45,1,palm,relative
217252.6272,0,368.97,0.00,368.97,0.00,,0,22.17,83.10,1,palm,relative
217252.6606,0,368.97,0.00,368.97,0.00,,0,15.83,74.66,1,palm,relative
217252.6939,0,368.97,0.00,368.97,0.00,,0,25.35,83.97,1,palm,relative
217252.7272,0,368.97,0.00,368.97,0.00,,0,11.46,75.02,1,palm,relative
217252.7606,0,368.97,0.00,368.97,0.00,,0,13.98,77.31,1,palm,relative
217252.7939,0,368.97,0.00,368.97,0.00,,0,15.51,79.16,1,palm,relative
217252.8273,0,368.97,0.00,368.97,0.00,,0,14.96,75.49,1,palm,relative
217252.8606,0,368.97,0.00,368.97,0.00,,0,17.90,79.20,1,palm,relative
217252.8940,0,368.97,0.00,368.97,0.00,,0,11.13,70.62,1,palm,relative
217252.9274,0,368.97,0.00,368.97,0.00,,0,17.63,78.84,1,palm,relative
217252.9607,0,368.97,0.00,368.97,0.00,,0,21.26,77.82,1,palm,relative
217252.9941,0,368.97,0.00,368.97,0.00,,0,21.30,77.58,1,palm,relative
217253.0274,0,368.97,0.00,368.97,0.00,,0,31.76,86.84,1,palm,relative
217253.0608,0,368.97,0.00,368.97,0.00,,0,10.76,73.82,1,palm,relative
217253.0941,0,368.97,0.00,368.97,0.00,,0,10.07,75.86,1,palm,relative
217253.1274,0,368.97,0.00,368.97,0.00,,0,16.33,78.32,1,palm,relative
217253.1608,0,368.97,0.00,368.97,0.00,,0,17.94,80.78,1,palm,relative
217253.1941,0,368.97,0.00,368.97,0.00,,0,15.40,76.34,1,palm,relative
217253.2275,0,368.97,0.00,368.97,0.00,,0,19.17,79.69,1,palm,relative
217253.2608,0,368.97,0.00,368.97,0.00,,0,20.92,82.10,1,palm,relative
217253.2942,0,368.97,0.00,368.97,0.00,,0,13.26,70.01,1,palm,relative
217253.3275,0,368.97,0.00,368.97,0.00,,0,17.80,75.35,1,palm,relative
217253.3609,0,368.97,0.00,368.97,0.00,,0,24.81,81.02,1,palm,relative
217253.3943,0,368.97,0.00,368.97,0.00,,0,24.01,79.18,1,palm,relative
217253.4276,0,368.97,0.00,368.97,0.00,,0,26.29,84.22,1,palm,relative
217253.4610,0,368.97,0.00,368.97,0.00,,0,11.54,69.88,1,palm,relative
217253.4943,0,368.97,0.00,368.97,0.00,,0,26.38,84.37,1,palm,relative
217253.5277,0,368.97,0.00,368.97,0.00,,0,11.21,68.36,1,palm,relative
217253.5610,0,368.97,0.00,368.97,0.00,,0,30.23,92.30,1,palm,relative
217253.5943,0,368.97,0.00,368.97,0.00,,0,15.91,82.71,1,palm,relative
217253.6277,0,368.97,0.00,368.97,0.00,,0,16.32,85.01,1,palm,relative
217253.6610,0,368.97,0.00,368.97,0.00,,0,14.03,78.67,1,palm,relative
217253.6944,0,368.97,0.00,368.97,0.00,,0,15.61,81.20,1,palm,relative
217253.7277,0,368.97,0.00,368.97,0.00,,0,12.69,77.20,1,palm,relative
217253.7611,0,368.97,0.00,368.97,0.00,,0,13.02,78.66,1,palm,relative
217253.7944,0,368.97,0.00,368.97,0.00,,0,19.09,80.88,1,palm,relative
217253.8278,0,368.97,0.00,368.97,0.00,,0,14.80,75.42,1,palm,relative
217253.8612,0,368.97,0.00,368.97,0.00,,0,22.13,84.68,1,palm,relative
217253.8945,0,368.97,0.00,368.97,0.00,,0,14.02,73.38,1,palm,relative
217253.9279,0,368.97,0.00,368.97,0.00,,0,24.05,84.98,1,palm,relative
217253.9612,0,368.97,0.00,368.97,0.00,,0,11.86,75.78,1,palm,relative
217253.9946,0,368.97,0.00,368.97,0.00,,0,12.99,77.12,1,palm,relative
217254.0279,0,368.97,0.00,368.97,0.00,,0,14.77,76.64,1,palm,relative
217254.0612,0,368.97,0.00,368.97,0.00,,0,17.93,78.71,1,palm,relative
217254.0946,0,368.97,0.00,368.97,0.00,,0,17.21,76.35,1,palm,relative
217254.1279,0,368.97,0.00,368.97,0.00,,0,17.40,76.24,1,palm,relative
217254.1613,0,368.97,0.00,368.97,0.00,,0,23.01,82.53,1,palm,relative
217254.1946,0,368.97,0.00,368.97,0.00,,0,21.43,77.17,1,palm,relative
217254.2280,0,368.97,0.00,368.97,0.00,,0,20.53,77.45,1,palm,relative
217254.2613,0,368.97,0.00,368.97,0.00,,0,25.14,84.66,1,palm,relative
217254.2947,0,368.97,0.00,368.97,0.00,,0,22.34,77.67,1,palm,relative
217254.3281,0,368.97,0.00,368.97,0.00,,0,26.49,80.61,1,palm,relative
217254.3614,0,368.97,0.00,368.97,0.00,,0,17.15,74.88,1,palm,relative
217254.3948,0,368.97,0.00,368.97,0.00,,0,18.52,79.34,1,palm,relative
217254.4281,0,368.97,0.00,368.97,0.00,,0,17.25,82.47,1,palm,relative
217254.4615,0,368.97,0.00,368.97,0.00,,0,13.61,80.56,1,palm,relative
217254.4948,0,368.97,0.00,368.97,0.00,,0,10.72,75.89,1,palm,relative
217254.5281,0,368.97,0.00,368.97,0.00,,0,16.13,81.25,1,palm,relative
217254.5615,0,368.97,0.00,368.97,0.00,,0,15.17,77.28,1,palm,relative
217254.5948,0,368.97,0.00,368.97,0.00,,0,12.34,76.51,1,palm,relative
217254.6282,0,368.97,0.00,368.97,0.00,,0,27.57,101.89,1,palm,relative
217254.6615,0,368.97,0.00,368.97,0.00,,0,11.58,88.86,1,palm,relative
217254.6949,0,368.97,0.00,368.97,0.00,,0,30.73,106.85,1,palm,relative
217254.7282,0,368.97,0.00,368.97,0.00,,0,30.73,109.99,1,palm,relative
217254.7616,0,368.97,0.00,368.97,0.00,,0,15.87,93.83,1,palm,relative
217254.7950,0,368.97,0.00,368.97,0.00,,0,25.46,104.90,1,palm,relative
217254.8283,0,368.97,0.00,368.97,0.00,,0,36.09,119.17,1,palm,relative
217254.8617,0,368.97,0.00,368.97,0.00,,0,28.92,115.09,1,palm,relative
217254.8950,0,368.97,0.00,368.97,0.00,,0,15.80,97.93,1,palm,relative
217254.9284,0,368.97,0.00,368.97,0.00,,0,20.40,93.83,1,palm,relative
217254.9617,0,368.97,0.00,368.97,0.00,,0,15.63,88.47,1,palm,relative
217254.9950,0,368.97,0.00,368.97,0.00,,0,15.98,91.39,1,palm,relative
217255.0284,0,368.97,0.00,368.97,0.00,,0,15.97,85.08,1,palm,relative
217255.0617,0,368.97,0.00,368.97,0.00,,0,16.43,85.30,1,palm,relative
217255.0951,0,368.97,0.00,368.97,0.00,,0,16.15,87.83,1,palm,relative
217255.1284,0,368.97,0.00,368.97,0.00,,0,18.50,85.45,1,palm,relative
217255.1618,0,368.97,0.00,368.97,0.00,,0,8.78,76.58,1,palm,relative
217255.1952,0,368.97,0.00,368.97,0.00,,0,16.42,83.19,1,palm,relative
217255.2285,0,368.97,0.00,368.97,0.00,,0,16.55,83.89,1,palm,relative
217255.2619,0,368.97,0.00,368.97,0.00,,0,17.83,83.81,1,palm,relative
217255.2952,0,368.97,0.00,368.97,0.00,,0,12.74,79.47,1,palm,relative
217255.3286,0,368.97,0.00,368.97,0.00,,0,13.50,77.25,1,palm,relative
217255.3619,0,368.97,0.00,368.97,0.00,,0,19.52,82.12,1,palm,relative
217255.3953,0,368.97,0.00,368.97,0.00,,0,15.14,76.80,1,palm,relative
217255.4286,0,368.97,0.00,368.97,0.00,,0,20.72,82.83,1,palm,relative
217255.4619,0,368.97,0.00,368.97,0.00,,0,13.40,73.16,1,palm,relative
217255.4953,0,368.97,0.00,368.97,0.00,,0,16.84,76.47,1,palm,relative
217255.5286,0,368.97,0.00,368.97,0.00,,0,20.67,78.78,1,palm,relative
217255.5620,0,368.97,0.00,368.97,0.00,,0,28.00,86.74,1,palm,relative
217255.5953,0,368.97,0.00,368.97,0.00,,0,10.52,72.81,1,palm,relative
217255.6287,0,368.97,0.00,368.97,0.00,,0,13.23,76.97,1,palm,relative
217255.6621,0,368.97,0.00,368.97,0.00,,0,18.29,77.80,1,palm,relative
217255.6954,0,368.97,0.00,368.97,0.00,,0,19.04,77.82,1,palm,relative
217255.7288,0,368.97,0.00,368.97,0.00,,0,23.58,82.05,1,palm,relative
217255.7621,0,368.97,0.00,368.97,0.00,,0,15.64,84.98,1,palm,relative
217255.7955,0,368.97,0.00,368.97,0.00,,0,17.20,88.34,1,palm,relative
217255.8288,0,368.97,0.00,368.97,0.00,,0,10.99,81.21,1,palm,relative
217255.8622,0,368.97,0.00,368.97,0.00,,0,14.72,83.39,1,palm,relative
217255.8955,0,368.97,0.00,368.97,0.00,,0,18.92,86.13,1,palm,relative
217255.9288,0,368.97,0.00,368.97,0.00,,0,14.65,84.34,1,palm,relative
217255.9622,0,368.97,0.00,368.97,0.00,,0,14.03,82.10,1,palm,relative
217255.9955,0,368.97,0.00,368.97,0.00,,0,17.85,87.56,1,palm,relative
217256.0289,0,368.97,0.00,368.97,0.00,,0,15.53,82.65,1,palm,relative
217256.0622,0,368.97,0.00,368.97,0.00,,0,17.32,89.97,1,palm,relative
217256.0956,0,368.97,0.00,368.97,0.00,,0,16.18,80.41,1,palm,relative
217256.1290,0,368.97,0.00,368.97,0.00,,0,20.02,83.40,1,palm,relative
217256.1623,0,368.97,0.00,368.97,0.00,,0,11.76,73.77,1,palm,relative
217256.1957,0,368.97,0.00,368.97,0.00,,0,15.11,77.47,1,palm,relative
217256.2290,0,368.97,0.00,368.97,0.00,,0,26.95,86.32,1,palm,relative
217256.2624,0,368.97,0.00,368.97,0.00,,0,15.53,77.66,1,palm,relative
217256.2957,0,368.97,0.00,368.97,0.00,,0,16.17,78.95,1,palm,relative
217256.3291,0,368.97,0.00,368.97,0.00,,0,17.05,76.76,1,palm,relative
217256.3624,0,368.97,0.00,368.97,0.00,,0,20.60,79.60,1,palm,relative
217256.3957,0,368.97,0.00,368.97,0.00,,0,22.98,85.23,1,palm,relative
217256.4291,0,368.97,0.00,368.97,0.00,,0,10.76,67.28,1,palm,relative
217256.4624,0,368.97,0.00,368.97,0.00,,0,26.73,85.33,1,palm,relative
217256.4958,0,368.97,0.00,368.97,0.00,,0,9.36,68.41,1,palm,relative
217256.5291,0,368.97,0.00,368.97,0.00,,0,20.69,82.73,1,palm,relative
217256.5625,0,368.97,0.00,368.97,0.00,,0,12.08,72.62,1,palm,relative
217256.5959,0,368.97,0.00,368.97,0.00,,0,18.59,79.75,1,palm,relative
217256.6292,0,368.97,0.00,368.97,0.00,,0,26.00,83.63,1,palm,relative
217256.6626,0,368.97,0.00,368.97,0.00,,0,13.70,69.99,1,palm,relative
217256.6959,0,368.97,0.00,368.97,0.00,,0,30.82,88.57,1,palm,relative
217256.7293,0,368.97,0.00,368.97,0.00,,0,15.08,84.40,1,palm,relative
217256.7626,0,368.97,0.00,368.97,0.00,,0,13.81,85.56,1,palm,relative
217256.7959,0,368.97,0.00,368.97,0.00,,0,14.48,83.32,1,palm,relative
217256.8293,0,368.97,0.00,368.97,0.00,,0,15.49,89.97,1,palm,relative
217256.8626,0,368.97,0.00,368.97,0.00,,0,12.17,79.02,1,palm,relative
217256.8960,0,368.97,0.00,368.97,0.00,,0,11.98,80.12,1,palm,relative
217256.9293,0,368.97,0.00,368.97,0.00,,0,8.87,77.49,1,palm,relative
217256.9627,0,368.97,0.00,368.97,0.00,,0,17.01,79.13,1,palm,relative
217256.9960,0,368.97,0.00,368.97,0.00,,0,12.10,75.03,1,palm,relative
217257.0294,0,368.97,0.00,368.97,0.00,,0,18.82,79.92,1,palm,relative
217257.0628,0,368.97,0.00,368.97,0.00,,0,16.39,77.22,1,palm,relative
217257.0961,0,368.97,0.00,368.97,0.00,,0,17.25,76.90,1,palm,relative
217257.1295,0,368.97,0.00,368.97,0.00,,0,21.44,80.75,1,palm,relative
217257.1628,0,368.97,0.00,368.97,0.00,,0,21.12,79.74,1,palm,relative
217257.1962,0,368.97,0.00,368.97,0.00,,0,15.14,74.18,1,palm,relative
217257.2295,0,368.97,0.00,368.97,0.00,,0,25.85,86.90,1,palm,relative
217257.2628,0,368.97,0.00,368.97,0.00,,0,10.47,70.21,1,palm,relative
217257.2962,0,368.97,0.00,368.97,0.00,,0,19.21,84.23,1,palm,relative
217257.3295,0,368.97,0.00,368.97,0.00,,0,11.19,69.04,1,palm,relative
217257.3629,0,368.97,0.00,368.97,0.00,,0,26.04,84.60,1,palm,relative
217257.3962,0,368.97,0.00,368.97,0.00,,0,15.49,75.30,1,palm,relative
217257.4296,0,368.97,0.00,368.97,0.00,,0,17.22,76.89,1,palm,relative
217257.4629,0,368.97,0.00,368.97,0.00,,0,18.01,79.46,1,palm,relative
217257.4963,0,368.97,0.00,368.97,0.00,,0,19.54,76.57,1,palm,relative
217257.5297,0,368.97,0.00,368.97,0.00,,0,30.62,88.14,1,palm,relative
217257.5630,0,368.97,0.00,368.97,0.00,,0,13.90,75.19,1,palm,relative
217257.5964,0,368.97,0.00,368.97,0.00,,0,19.39,83.03,1,palm,relative
217257.6297,0,368.97,0.00,368.97,0.00,,0,10.73,69.33,1,palm,relative
217257.6631,0,368.97,0.00,368.97,0.00,,0,22.14,81.81,1,palm,relative
217257.6964,0,368.97,0.00,368.97,0.00,,0,20.64,86.21,1,palm,relative
217257.7297,0,368.97,0.00,368.97,0.00,,0,15.01,80.87,1,palm,relative
217257.7631,0,368.97,0.00,368.97,0.00,,0,16.29,83.17,1,palm,relative
217257.7964,0,368.97,0.00,368.97,0.00,,0,12.64,74.86,1,palm,relative
217257.8298,0,368.97,0.00,368.97,0.00,,0,20.48,86.21,1,palm,relative
217257.8631,0,368.97,0.00,368.97,0.00,,0,9.37,69.19,1,palm,relative
217257.8965,0,368.97,0.00,368.97,0.00,,0,22.97,83.46,1,palm,relative
217257.9298,0,368.97,0.00,368.97,0.00,,0,15.50,73.45,1,palm,relative
217257.9632,0,368.97,0.00,368.97,0.00,,0,27.58,85.77,1,palm,relative
217257.9966,0,368.97,0.00,368.97,0.00,,0,20.90,75.86,1,palm,relative
217258.0299,0,368.97,0.00,368.97,0.00,,0,27.37,84.81,1,palm,relative
217258.0633,0,368.97,0.00,368.97,0.00,,0,13.77,70.68,1,palm,relative
217258.0966,0,368.97,0.00,368.97,0.00,,0,25.67,83.81,1,palm,relative
217258.1300,0,368.97,0.00,368.97,0.00,,0,13.97,71.81,1,palm,relative
217258.1633,0,368.97,0.00,368.97,0.00,,0,29.46,88.37,1,palm,relative
217258.1966,0,368.97,0.00,368.97,0.00,,0,9.27,71.39,1,palm,relative
217258.2300,0,368.97,0.00,368.97,0.00,,0,20.79,85.09,1,palm,relative
217258.2633,0,368.97,0.00,368.97,0.00,,0,12.90,73.60,1,palm,relative
217258.2967,0,368.97,0.00,368.97,0.00,,0,19.63,80.75,1,palm,relative
217258.3300,0,368.97,0.00,368.97,0.00,,0,18.58,76.22,1,palm,relative
217258.3634,0,368.97,0.00,368.97,0.00,,0,22.88,80.78,1,palm,relative
217258.3968,0,368.97,0.00,368.97,0.00,,0,23.24,77.58,1,palm,relative
217258.4301,0,368.97,0.00,368.97,0.00,,0,20.55,76.91,1,palm,relative
217258.4635,0,368.97,0.00,368.97,0.00,,0,24.35,80.90,1,palm,relative
217258.4968,0,368.97,0.00,368.97,0.00,,0,13.18,71.14,1,palm,relative
217258.5302,0,368.97,0.00,368.97,0.00,,0,25.21,85.90,1,palm,relative
217258.5635,0,368.97,0.00,368.97,0.00,,0,15.64,76.16,1,palm,relative
217258.5969,0,368.97,0.00,368.97,0.00,,0,14.17,73.88,1,palm,relative
217258.6302,0,368.97,0.00,368.97,0.00,,0,22.33,83.44,1,palm,relative
217258.6635,0,368.97,0.00,368.97,0.00,,0,12.13,74.08,1,palm,relative
217258.6969,0,368.97,0.00,368.97,0.00,,0,22.14,85.74,1,palm,relative
217258.7302,0,368.97,0.00,368.97,0.00,,0,16.87,74.69,1,palm,relative
217258.7636,0,368.97,0.00,368.97,0.00,,0,24.10,84.22,1,palm,relative
217258.7969,0,368.97,0.00,368.97,0.00,,0,14.87,72.00,1,palm,relative
217258.8303,0,368.97,0.00,368.97,0.00,,0,29.21,84.55,1,palm,relative
217258.8637,0,368.97,0.00,368.97,0.00,,0,11.10,70.19,1,palm,relative
217258.8970,0,368.97,0.00,368.97,0.00,,0,21.35,80.92,1,palm,relative
217258.9304,0,368.97,0.00,368.97,0.00,,0,20.22,76.28,1,palm,relative
217258.9637,0,368.97,0.00,368.97,0.00,,0,22.95,79.09,1,palm,relative
217258.9970,0,368.97,0.00,368.97,0.00,,0,28.40,81.66,1,palm,relative
217259.0304,0,368.97,0.00,368.97,0.00,,0,25.84,79.77,1,palm,relative
217259.0637,0,368.97,0.00,368.97,0.00,,0,24.41,77.63,1,palm,relative
217259.0971,0,368.97,0.00,368.97,0.00,,0,28.01,81.88,1,palm,relative
217259.1304,0,368.97,0.00,368.97,0.00,,0,14.29,68.13,1,palm,relative
217259.1638,0,368.97,0.00,368.97,0.00,,0,31.14,86.52,1,palm,relative
217259.1971,0,368.97,0.00,368.97,0.00,,0,16.30,77.60,1,palm,relative
217259.2305,0,368.97,0.00,368.97,0.00,,0,14.22,76.42,1,palm,relative
217259.2638,0,368.97,0.00,368.97,0.00,,0,13.85,72.18,1,palm,relative
217259.2972,0,368.97,0.00,368.97,0.00,,0,33.88,94.04,1,palm,relative
217259.3305,0,368.97,0.00,368.97,0.00,,0,9.64,78.04,1,palm,relative
217259.3639,0,368.97,0.00,368.97,0.00,,0,13.46,84.23,1,palm,relative
217259.3972,0,368.97,0.00,368.97,0.00,,0,13.57,83.53,1,palm,relative
217259.4306,0,368.97,0.00,368.97,0.00,,0,15.49,90.12,1,palm,relative
217259.4639,0,368.97,0.00,368.97,0.00,,0,13.87,80.08,1,palm,relative
217259.4973,0,368.97,0.00,368.97,0.00,,0,12.51,79.22,1,palm,relative
217259.5306,0,368.97,0.00,368.97,0.00,,0,21.23,84.65,1,palm,relative
217259.5640,0,368.97,0.00,368.97,0.00,,0,23.01,87.60,1,palm,relative
217259.5973,0,368.97,0.00,368.97,0.00,,0,15.36,79.52,1,palm,relative
217259.6307,0,368.97,0.00,368.97,0.00,,0,19.70,86.70,1,palm,relative
217259.6640,1,0.00,0.00,368.97,0.00,0.319,0,20.03,82.27,1,palm,relative
217259.6974,1,0.00,0.00,380.98,95.97,0.180,0,47.16,110.62,1,palm,relative
217259.7307,1,0.00,0.00,396.34,133.96,0.311,0,38.91,116.53,1,palm,relative
217259.7641,1,0.00,0.00,409.37,135.67,0.559,0,27.97,111.28,1,palm,relative
217259.7974,1,0.00,0.00,431.21,141.89,,0,39.59,117.73,1,palm,relative
217259.8308,1,0.00,0.00,449.03,157.43,,0,31.65,116.37,1,palm,relative
217259.8641,1,0.00,0.00,469.17,177.25,,0,38.96,122.21,1,palm,relative
217259.8975,1,0.00,0.00,490.98,268.51,0.124,0,24.85,114.03,1,palm,relative
217259.9308,1,0.00,0.00,500.33,341.84,0.125,1,37.01,117.92,1,palm,relative
217259.9642,1,0.00,0.00,500.85,364.53,0.100,1,34.89,119.68,1,palm,relative
217259.9975,1,0.00,0.00,503.03,375.39,0.183,1,26.54,113.08,1,palm,relative
217260.0309,1,0.00,0.00,503.38,379.59,0.145,1,40.30,120.25,1,palm,relative
217260.0642,1,0.00,0.00,502.68,383.92,0.228,1,26.81,113.96,1,palm,relative
217260.0976,1,0.00,0.00,502.29,380.94,,1,32.61,113.42,1,palm,relative
217260.1309,1,0.00,0.00,502.39,377.84,,1,37.23,117.48,1,palm,relative
217260.1643,1,0.00,0.00,502.06,376.57,0.244,1,37.20,121.61,1,palm,relative
217260.1976,1,0.00,0.00,501.94,374.80,0.244,1,23.92,112.63,1,palm,relative
217260.2310,0,501.94,374.80,501.94,374.80,,1,35.65,115.13,1,palm,relative
217260.2643,0,501.94,374.80,501.94,374.80,,1,41.55,123.61,1,palm,relative
217260.2977,1,0.00,0.00,504.81,351.93,,1,37.49,128.43,1,palm,relative
217260.3310,1,0.00,0.00,503.16,350.35,,1,21.21,116.77,1,palm,relative
217260.3644,1,0.00,0.00,501.00,349.33,0.113,1,35.18,118.81,1,palm,relative
217260.3977,1,0.00,0.00,499.37,348.08,0.098,1,32.26,117.92,1,palm,relative
217260.4311,1,0.00,0.00,500.45,333.29,0.262,1,31.05,115.85,1,palm,relative
217260.4644,1,0.00,0.00,504.84,306.35,,1,34.36,117.07,1,palm,relative
217260.4978,1,0.00,0.00,505.53,304.25,0.207,1,35.66,119.60,1,palm,relative
217260.5311,1,0.00,0.00,505.95,302.23,,1,42.22,128.66,1,palm,relative
217260.5645,0,505.95,302.23,505.95,302.23,,1,31.83,127.40,1,palm,relative
217260.5978,0,505.95,302.23,505.95,302.23,,1,19.18,113.58,1,palm,relative
217260.6312,1,0.00,0.00,510.45,272.16,0.469,0,39.78,120.24,1,palm,relative
217260.6645,0,510.45,272.16,510.45,272.16,,0,29.88,117.06,1,palm,relative
217260.6979,0,510.45,272.16,510.45,272.16,,0,37.36,121.31,1,palm,relative
217260.7312,0,510.45,272.16,510.45,272.16,,0,36.73,125.09,1,palm,relative
217260.7646,0,510.45,272.16,510.45,272.16,,0,38.56,130.68,1,palm,relative
217260.7979,1,0.00,0.00,516.77,201.19,,0,23.27,120.76,1,palm,relative
217260.8646,1,0.00,0.00,516.43,197.98,0.131,0,22.92,86.93,1,palm,relative
217260.8980,1,0.00,0.00,515.80,199.84,0.065,1,21.18,83.08,1,palm,relative
217260.9313,1,0.00,0.00,515.20,200.77,0.072,1,23.64,85.61,1,palm,relative
217260.9647,0,515.20,200.77,515.20,200.77,,1,35.84,100.48,1,palm,relative
217260.9980,1,0.00,0.00,515.67,206.13,,1,21.70,89.07,1,palm,relative
217261.0314,1,0.00,0.00,515.31,208.35,0.683,0,27.41,86.57,1,palm,relative
217261.0647,1,0.00,0.00,453.86,179.35,,0,21.75,82.50,1,palm,relative
217261.0981,1,0.00,0.00,423.32,161.83,0.639,0,27.27,84.08,1,palm,relative
217261.1314,1,0.00,0.00,418.44,158.13,,0,23.98,80.68,1,palm,relative
217261.1648,1,0.00,0.00,415.75,156.33,,0,36.41,95.76,1,palm,relative
217261.1981,0,415.75,156.33,415.75,156.33,,0,20.97,90.53,1,palm,relative
217261.2315,1,0.00,0.00,408.04,144.11,,0,44.51,114.24,1,palm,relative
217261.2648,1,0.00,0.00,394.12,120.35,0.785,0,37.01,118.12,1,palm,relative
217261.2982,1,0.00,0.00,394.71,121.88,,0,32.20,117.16,1,palm,relative
217261.3315,1,0.00,0.00,394.70,121.87,,0,38.09,122.23,1,palm,relative
217261.3649,1,0.00,0.00,494.17,184.72,,0,37.05,126.34,1,palm,relative
217261.3982,0,494.17,184.72,494.17,184.72,,0,22.81,116.10,1,palm,relative
217261.4316,1,0.00,0.00,690.80,208.91,0.303,0,40.44,123.46,1,palm,relative
217261.4649,1,0.00,0.00,727.02,212.15,0.152,0,30.07,120.38,1,palm,relative
217261.4983,0,727.02,212.15,727.02,212.15,,0,35.53,122.97,1,palm,relative
217261.5316,1,0.00,0.00,743.82,211.51,,0,34.95,124.87,1,palm,relative
217261.5650,1,0.00,0.00,749.50,212.77,0.276,0,28.30,120.22,1,palm,relative
217261.5983,1,0.00,0.00,751.66,213.01,0.249,0,28.09,115.19,1,palm,relative
217261.6317,1,0.00,0.00,740.17,219.28,,0,35.29,117.33,1,palm,relative
217261.6650,0,740.17,219.28,740.17,219.28,,0,31.02,115.19,1,palm,relative
217261.6984,0,740.17,219.28,740.17,219.28,,0,39.67,121.78,1,palm,relative
217261.7317,0,740.17,219.28,740.17,219.28,,0,30.04,118.59,1,palm,relative
217261.7651,1,0.00,0.00,735.80,206.86,0.114,0,39.08,124.61,1,palm,relative
217261.7984,0,735.80,206.86,735.80,206.86,,0,24.82,116.33,1,palm,relative
217261.8318,0,735.80,206.86,735.80,206.86,,0,30.29,113.49,1,palm,relative
217261.8651,0,735.80,206.86,735.80,206.86,,0,36.05,116.45,1,palm,relative
217261.8985,0,735.80,206.86,735.80,206.86,,0,36.63,119.93,1,palm,relative
217261.9318,0,735.80,206.86,735.80,206.86,,0,21.35,108.07,1,palm,relative
217261.9652,0,735.80,206.86,735.80,206.86,,0,15.11,90.22,1,palm,relative
217261.9985,0,735.80,206.86,735.80,206.86,,0,20.77,79.16,1,palm,relative
217262.0319,0,735.80,206.86,735.80,206.86,,0,21.81,80.23,1,palm,relative
217262.0652,0,735.80,206.86,735.80,206.86,,0,12.90,70.66,1,palm,relative
217262.0986,0,735.80,206.86,735.80,206.86,,0,33.15,91.43,1,palm,relative
217262.1319,0,735.80,206.86,735.80,206.86,,0,8.85,74.60,1,palm,relative
217262.1653,0,735.80,206.86,735.80,206.86,,0,15.50,85.82,1,palm,relative
217262.1986,0,735.80,206.86,735.80,206.86,,0,12.95,79.43,1,palm,relative
217262.2320,0,735.80,206.86,735.80,206.86,,0,13.97,78.33,1,palm,relative
217262.2653,0,735.80,206.86,735.80,206.86,,0,18.07,82.46,1,palm,relative
217262.2987,0,735.80,206.86,735.80,206.86,,0,7.30,68.63,1,palm,relative
217262.3320,0,735.80,206.86,735.80,206.86,,0,16.31,77.42,1,palm,relative
217262.3654,0,735.80,206.86,735.80,206.86,,0,17.58,77.79,1,palm,relative
217262.3987,0,735.80,206.86,735.80,206.86,,0,17.03,76.87,1,palm,relative
217262.4321,0,735.80,206.86,735.80,206.86,,0,27.45,85.71,1,palm,relative
217262.4654,0,735.80,206.86,735.80,206.86,,0,15.87,76.87,1,palm,relative
217262.4988,0,735.80,206.86,735.80,206.86,,0,15.01,77.63,1,palm,relative
217262.5321,0,735.80,206.86,735.80,206.86,,0,22.68,81.33,1,palm,relative
217262.5655,0,735.80,206.86,735.80,206.86,,0,13.85,71.20,1,palm,relative
217262.5988,0,735.80,206.86,735.80,206.86,,0,23.80,81.98,1,palm,relative
217262.6322,0,735.80,206.86,735.80,206.86,,0,18.43,76.44,1,palm,relative
217262.6655,0,735.80,206.86,735.80,206.86,,0,26.61,85.48,1,palm,relative
217262.6989,0,735.80,206.86,735.80,206.86,,0,11.61,70.77,1,palm,relative
217262.7322,0,735.80,206.86,735.80,206.86,,0,21.63,81.87,1,palm,relative
217262.7656,0,735.80,206.86,735.80,206.86,,0,28.82,84.34,1,palm,relative
217262.7989,0,735.80,206.86,735.80,206.86,,0,13.77,70.43,1,palm,relative
217262.8323,0,735.80,206.86,735.80,206.86,,0,24.37,84.03,1,palm,relative
217262.8656,0,735.80,206.86,735.80,206.86,,0,15.62,71.96,1,palm,relative
217262.8990,0,735.80,206.86,735.80,206.86,,0,20.25,75.91,1,palm,relative
217262.9323,0,735.80,206.86,735.80,206.86,,0,12.86,68.66,1,palm,relative
217262.9657,0,735.80,206.86,735.80,206.86,,0,26.62,80.86,1,palm,relative
217262.9990,0,735.80,206.86,735.80,206.86,,0,17.68,73.28,1,palm,relative
217263.0324,0,735.80,206.86,735.80,206.86,,0,21.20,75.55,1,palm,relative
217263.0657,0,735.80,206.86,735.80,206.86,,0,28.54,83.52,1,palm,relative
217263.0991,0,735.80,206.86,735.80,206.86,,0,16.20,75.18,1,palm,relative
217263.1324,0,735.80,206.86,735.80,206.86,,0,24.73,82.64,1,palm,relative
217263.1658,0,735.80,206.86,735.80,206.86,,0,16.96,76.84,1,palm,relative
217263.1991,0,735.80,206.86,735.80,206.86,,0,18.60,80.23,1,palm,relative
217263.2325,0,735.80,206.86,735.80,206.86,,0,24.60,81.67,1,palm,relative
217263.2658,0,735.80,206.86,735.80,206.86,,0,22.88,80.70,1,palm,relative
217263.2992,0,735.80,206.86,735.80,206.86,,0,18.39,75.64,1,palm,relative
217263.3325,0,735.80,206.86,735.80,206.86,,0,23.37,80.49,1,palm,relative
217263.3659,0,735.80,206.86,735.80,206.86,,0,17.47,76.10,1,palm,relative
217263.3992,0,735.80,206.86,735.80,206.86,,0,15.96,73.26,1,palm,relative
217263.4326,0,735.80,206.86,735.80,206.86,,0,19.73,76.56,1,palm,relative
217263.4659,0,735.80,206.86,735.80,206.86,,0,22.30,77.65,1,palm,relative
217263.4993,0,735.80,206.86,735.80,206.86,,0,25.34,82.04,1,palm,relative
217263.5326,0,735.80,206.86,735.80,206.86,,0,16.74,71.63,1,palm,relative
217263.5660,0,735.80,206.86,735.80,206.86,,0,20.63,76.11,1,palm,relative
217263.5993,0,735.80,206.86,735.80,206.86,,0,25.14,78.39,1,palm,relative
217263.6327,0,735.80,206.86,735.80,206.86,,0,22.62,74.69,1,palm,relative
217263.6660,0,735.80,206.86,735.80,206.86,,0,26.70,78.21,1,palm,relative
217263.6994,0,735.80,206.86,735.80,206.86,,0,29.90,80.42,1,palm,relative
217263.7327,0,735.80,206.86,735.80,206.86,,0,20.00,82.74,1,palm,relative
217263.7661,0,735.80,206.86,735.80,206.86,,0,11.47,73.54,1,palm,relative
217263.7994,0,735.80,206.86,735.80,206.86,,0,25.29,87.44,1,palm,relative
217263.8328,0,735.80,206.86,735.80,206.86,,0,11.59,72.32,1,palm,relative
217263.8661,0,735.80,206.86,735.80,206.86,,0,30.59,90.27,1,palm,relative
217263.8995,0,735.80,206.86,735.80,206.86,,0,15.28,83.51,1,palm,relative
217263.9328,0,735.80,206.86,735.80,206.86,,0,16.13,87.45,1,palm,relative
217263.9662,0,735.80,206.86,735.80,206.86,,0,12.70,81.34,1,palm,relative
217263.9995,0,735.80,206.86,735.80,206.86,,0,12.00,79.76,1,palm,relative
217264.0329,0,735.80,206.86,735.80,206.86,,0,14.16,83.45,1,palm,relative
217264.0662,0,735.80,206.86,735.80,206.86,,0,13.32,79.40,1,palm,relative
217264.0996,0,735.80,206.86,735.80,206.86,,0,13.94,84.42,1,palm,relative
217264.1329,0,735.80,206.86,735.80,206.86,,0,10.51,76.21,1,palm,relative
217264.1663,0,735.80,206.86,735.80,206.86,,0,12.59,83.99,1,palm,relative
217264.1996,0,735.80,206.86,735.80,206.86,,0,11.22,76.93,1,palm,relative
217264.2330,0,735.80,206.86,735.80,206.86,,0,14.88,79.60,1,palm,relative
217264.2663,0,735.80,206.86,735.80,206.86,,0,10.60,79.75,1,palm,relative
217264.2997,0,735.80,206.86,735.80,206.86,,0,13.25,77.37,1,palm,relative
217264.3330,0,735.80,206.86,735.80,206.86,,0,16.44,80.63,1,palm,relative
217264.3664,0,735.80,206.86,735.80,206.86,,0,15.44,76.30,1,palm,relative
217264.3997,0,735.80,206.86,735.80,206.86,,0,14.96,74.50,1,palm,relative
217264.4331,0,735.80,206.86,735.80,206.86,,0,14.88,74.81,1,palm,relative
217264.4664,0,735.80,206.86,735.80,206.86,,0,21.30,77.93,1,palm,relative
217264.4998,0,735.80,206.86,735.80,206.86,,0,26.05,82.18,1,palm,relative
217264.5331,0,735.80,206.86,735.80,206.86,,0,22.50,79.68,1,palm,relative
217264.5665,0,735.80,206.86,735.80,206.86,,0,22.33,79.98,1,palm,relative
217264.5998,0,735.80,206.86,735.80,206.86,,0,21.85,77.54,1,palm,relative
217264.6332,0,735.80,206.86,735.80,206.86,,0,15.69,74.00,1,palm,relative
217264.6665,0,735.80,206.86,735.80,206.86,,0,17.01,76.16,1,palm,relative
217264.6999,0,735.80,206.86,735.80,206.86,,0,18.39,73.12,1,palm,relative
217264.7332,0,735.80,206.86,735.80,206.86,,0,23.50,81.14,1,palm,relative
217264.7666,0,735.80,206.86,735.80,206.86,,0,16.57,74.79,1,palm,relative
217264.7999,0,735.80,206.86,735.80,206.86,,0,23.29,82.01,1,palm,relative
217264.8333,0,735.80,206.86,735.80,206.86,,0,12.20,72.11,1,palm,relative
217264.8666,0,735.80,206.86,735.80,206.86,,0,29.76,90.28,1,palm,relative
217264.9000,0,735.80,206.86,735.80,206.86,,0,16.70,83.71,1,palm,relative
217264.9333,0,735.80,206.86,735.80,206.86,,0,15.91,85.55,1,palm,relative
217264.9667,0,735.80,206.86,735.80,206.86,,0,14.03,79.23,1,palm,relative
217265.0000,0,735.80,206.86,735.80,206.86,,0,10.93,79.10,1,palm,relative
217265.0334,0,735.80,206.86,735.80,206.86,,0,13.88,76.81,1,palm,relative
217265.0667,0,735.80,206.86,735.80,206.86,,0,12.68,76.14,1,palm,relative
217265.1001,0,735.80,206.86,735.80,206.86,,0,18.66,81.36,1,palm,relative
217265.1334,0,735.80,206.86,735.80,206.86,,0,18.51,79.99,1,palm,relative
217265.1668,0,735.80,206.86,735.80,206.86,,0,13.35,76.91,1,palm,relative
217265.2001,0,735.80,206.86,735.80,206.86,,0,18.21,77.75,1,palm,relative
217265.2335,0,735.80,206.86,735.80,206.86,,0,21.67,80.75,1,palm,relative
217265.2668,0,735.80,206.86,735.80,206.86,,0,22.86,81.36,1,palm,relative
217265.3002,0,735.80,206.86,735.80,206.86,,0,16.83,79.33,1,palm,relative
217265.3335,0,735.80,206.86,735.80,206.86,,0,14.39,76.46,1,palm,relative
217265.3669,0,735.80,206.86,735.80,206.86,,0,15.95,79.33,1,palm,relative
217265.4002,0,735.80,206.86,735.80,206.86,,0,11.87,73.97,1,palm,relative
217265.4336,0,735.80,206.86,735.80,206.86,,0,15.00,78.20,1,palm,relative
217265.4669,0,735.80,206.86,735.80,206.86,,0,18.24,78.27,1,palm,relative
217265.5003,0,735.80,206.86,735.80,206.86,,0,16.78,76.25,1,palm,relative
217265.5336,0,735.80,206.86,735.80,206.86,,0,14.15,73.32,1,palm,relative
217265.5670,0,735.80,206.86,735.80,206.86,,0,27.33,87.19,1,palm,relative
217265.6003,0,735.80,206.86,735.80,206.86,,0,13.40,76.64,1,palm,relative
217265.6337,0,735.80,206.86,735.80,206.86,,0,11.27,83.94,1,palm,relative
217265.6670,0,735.80,206.86,735.80,206.86,,0,13.96,74.34,1,palm,relative
217265.7004,0,735.80,206.86,735.80,206.86,,0,23.59,88.27,1,palm,relative
217265.7337,0,735.80,206.86,735.80,206.86,,0,13.56,76.46,1,palm,relative
217265.7671,0,735.80,206.86,735.80,206.86,,0,14.34,79.39,1,palm,relative
217265.8004,0,735.80,206.86,735.80,206.86,,0,22.49,82.53,1,palm,relative
217265.8338,0,735.80,206.86,735.80,206.86,,0,10.47,69.96,1,palm,relative
217265.8671,0,735.80,206.86,735.80,206.86,,0,14.05,78.08,1,palm,relative
