t,hand,raw_x,raw_y,x,y,pinch_ratio,pinched,vision_ms,latency_ms,filter,anchor,mode
217829.2194,1,0.00,701.54,1117.26,982.00,0.157,0,24.08,164.87,1,palm,relative
217829.2528,1,0.00,790.16,1117.26,982.00,0.162,0,49.14,183.34,1,palm,relative
217829.2861,1,0.00,871.20,1117.26,982.00,0.144,0,27.87,178.25,1,palm,relative
217829.3195,1,0.00,944.96,1117.26,982.00,0.122,0,15.63,160.65,1,palm,relative
217829.3528,1,0.00,973.27,1117.26,982.00,0.140,0,21.95,155.91,1,palm,relative
217829.3862,1,0.00,982.00,1117.26,982.00,0.108,0,25.89,158.27,1,palm,relative
217829.4195,1,0.00,982.00,1117.26,982.00,0.135,0,22.20,157.18,1,palm,relative
217829.4529,1,0.00,982.00,1117.26,982.00,0.137,0,19.06,152.57,1,palm,relative
217829.4862,1,0.00,982.00,1117.26,982.00,0.147,0,25.94,163.82,1,palm,relative
217829.5196,1,0.00,982.00,1117.26,982.00,0.138,0,25.83,156.76,1,palm,relative
217829.5529,1,0.00,982.00,1117.26,982.00,0.160,0,53.27,184.81,1,palm,relative
217829.5863,1,0.00,982.00,1117.26,982.00,0.150,0,42.12,193.87,1,palm,relative
217829.6196,1,0.00,982.00,1117.26,982.00,0.132,0,55.30,216.31,1,palm,relative
217829.6530,1,0.00,982.00,1117.26,982.00,0.142,0,33.62,216.70,1,palm,relative
217829.7197,1,0.00,982.00,1117.26,982.00,0.119,0,32.35,182.47,1,palm,relative
217829.7530,1,0.00,982.00,1117.26,982.00,0.176,0,91.84,241.08,1,palm,relative
217829.7864,1,0.00,982.00,1117.26,982.00,0.150,0,26.61,234.57,1,palm,relative
217829.8864,1,0.00,982.00,1117.26,982.00,0.086,0,26.42,163.92,1,palm,relative
217829.9198,1,0.00,982.00,1117.26,982.00,0.154,0,23.30,154.01,1,palm,relative
217829.9531,1,0.00,982.00,1117.26,982.00,0.133,0,31.26,157.27,1,palm,relative
217829.9865,1,0.00,982.00,1117.26,982.00,0.174,0,32.68,157.33,1,palm,relative
217830.0198,1,0.00,982.00,1117.26,982.00,0.212,0,21.51,149.91,1,palm,relative
217830.0532,1,0.00,982.00,1117.26,982.00,0.120,0,30.54,160.69,1,palm,relative
217830.0865,1,0.00,982.00,1117.26,982.00,0.114,1,26.20,154.91,1,palm,relative
217830.1199,1,0.00,982.00,1117.26,982.00,0.103,1,20.46,150.94,1,palm,relative
217830.1532,1,0.00,982.00,1117.26,982.00,0.088,1,29.85,156.80,1,palm,relative
217830.1866,1,0.00,982.00,1117.26,982.00,0.112,1,30.63,161.91,1,palm,relative
217830.2199,1,0.00,982.00,1117.26,982.00,0.145,1,48.94,179.34,1,palm,relative
217830.2533,1,0.00,982.00,1117.26,982.00,0.215,0,35.06,181.29,1,palm,relative
217830.2866,1,0.00,982.00,1117.26,982.00,0.233,0,27.47,175.63,1,palm,relative
217830.3200,1,0.00,982.00,1117.26,982.00,0.161,0,34.76,177.26,1,palm,relative
217830.3533,1,0.00,982.00,1117.26,982.00,0.128,0,44.25,188.44,1,palm,relative
217830.3867,1,0.00,982.00,1117.26,982.00,0.106,0,29.55,185.22,1,palm,relative
217830.4200,1,0.00,982.00,1117.26,982.00,0.103,1,37.92,190.13,1,palm,relative
217830.4534,1,0.00,982.00,1117.26,982.00,0.128,1,33.51,190.62,1,palm,relative
217830.4867,1,0.00,982.00,1117.26,982.00,0.149,1,28.99,186.56,1,palm,relative
217830.5201,1,0.00,982.00,1117.26,982.00,0.148,1,30.97,184.40,1,palm,relative
217830.5534,1,0.00,982.00,1117.26,982.00,0.113,1,38.54,189.86,1,palm,relative
217830.5868,1,0.00,982.00,1117.26,982.00,0.097,1,32.70,189.43,1,palm,relative
217830.6201,1,0.00,982.00,1117.26,982.00,0.130,1,33.35,189.67,1,palm,relative
217830.6535,1,0.00,982.00,1117.26,982.00,0.230,0,28.64,185.07,1,palm,relative
217830.6868,1,0.00,982.00,1117.26,982.00,0.225,0,36.51,188.40,1,palm,relative
217830.7202,1,0.00,982.00,1117.26,982.00,0.248,0,35.36,190.86,1,palm,relative
217830.7535,1,0.00,982.00,1117.26,982.00,0.183,0,28.77,186.42,1,palm,relative
217830.7869,1,0.00,982.00,1117.26,982.00,0.158,0,34.94,188.17,1,palm,relative
217830.8202,1,0.00,982.00,1117.26,982.00,0.071,0,44.94,199.89,1,palm,relative
217830.8536,1,0.00,982.00,1117.26,982.00,0.092,1,51.96,218.74,1,palm,relative
217830.8869,1,0.00,982.00,1117.26,982.00,0.079,1,41.79,227.58,1,palm,relative
217830.9536,1,0.00,982.00,1117.26,982.00,0.121,1,44.33,205.40,1,palm,relative
217830.9870,1,0.00,982.00,1117.26,982.00,0.096,1,16.12,188.48,1,palm,relative
217831.0203,1,0.00,982.00,1117.26,982.00,0.112,1,36.15,191.41,1,palm,relative
217831.0537,1,0.00,982.00,1117.26,982.00,0.117,1,57.41,216.17,1,palm,relative
217831.0870,1,0.00,982.00,1117.26,982.00,0.143,1,51.60,234.68,1,palm,relative
217831.1537,1,0.00,982.00,1117.26,982.00,0.175,1,40.93,209.15,1,palm,relative
217831.1871,1,0.00,982.00,1117.26,982.00,0.196,0,39.40,215.45,1,palm,relative
217831.2204,1,0.00,982.00,1117.26,982.00,0.209,0,65.36,247.61,1,palm,relative
217831.2871,1,0.00,982.00,1117.26,982.00,0.173,0,28.06,209.17,1,palm,relative
217831.3205,1,0.00,982.00,1117.26,982.00,0.174,0,16.25,192.18,1,palm,relative
217831.3538,1,0.00,982.00,1117.26,982.00,0.155,0,34.98,193.91,1,palm,relative
217831.3872,1,0.00,982.00,1117.26,982.00,0.129,0,17.62,178.38,1,palm,relative
217831.4205,1,0.00,982.00,1117.26,982.00,0.119,0,62.27,208.56,1,palm,relative
217831.4539,1,0.00,982.00,1117.26,982.00,0.100,1,34.71,210.14,1,palm,relative
217831.4872,1,0.00,982.00,1117.26,982.00,0.139,1,16.05,193.06,1,palm,relative
217831.5206,1,0.00,982.00,1117.26,982.00,0.131,1,47.86,213.26,1,palm,relative
217831.5539,1,0.00,982.00,1117.26,982.00,0.160,1,27.03,207.19,1,palm,relative
217831.5873,1,0.00,982.00,1117.26,982.00,0.173,1,45.18,219.35,1,palm,relative
217831.6206,1,0.00,982.00,1117.26,982.00,0.156,1,44.97,231.18,1,palm,relative
217831.6873,1,0.00,982.00,1117.26,982.00,0.218,0,32.05,196.65,1,palm,relative
217831.7207,1,0.00,982.00,1117.26,982.00,0.242,0,59.28,222.70,1,palm,relative
217831.7540,1,0.00,982.00,1117.26,982.00,0.191,0,57.16,246.92,1,palm,relative
217831.8207,1,0.00,982.00,1117.26,982.00,0.155,0,62.43,243.09,1,palm,relative
217831.8874,1,0.00,982.00,1117.26,982.00,0.128,0,38.87,215.55,1,palm,relative
217831.9541,1,0.00,982.00,1117.26,982.00,0.087,0,53.04,203.17,1,palm,relative
217831.9875,1,0.00,982.00,1117.26,982.00,0.159,0,20.17,190.10,1,palm,relative
217832.0542,1,0.00,982.00,1117.26,982.00,0.129,0,20.78,158.72,1,palm,relative
217832.0875,1,0.00,982.00,1117.26,982.00,0.122,0,31.51,166.98,1,palm,relative
217832.1209,1,0.00,982.00,1117.26,982.00,0.136,0,59.19,194.22,1,palm,relative
217832.1542,1,0.00,982.00,1117.26,982.00,0.151,0,29.11,190.52,1,palm,relative
217832.1876,1,0.00,982.00,1117.26,982.00,0.191,0,57.95,215.22,1,palm,relative
217832.2209,1,0.00,982.00,1117.26,982.00,0.189,0,44.65,226.96,1,palm,relative
217832.2876,1,0.00,982.00,1117.26,982.00,0.143,0,50.45,211.37,1,palm,relative
217832.3210,1,0.00,982.00,1117.26,982.00,0.188,0,48.34,226.83,1,palm,relative
217832.3877,1,0.00,982.00,1117.26,982.00,0.130,0,50.26,210.51,1,palm,relative
217832.4210,1,0.00,982.00,1117.26,982.00,0.093,0,51.82,229.35,1,palm,relative
217832.4877,1,0.00,982.00,1117.26,982.00,0.137,0,48.67,211.89,1,palm,relative
217832.5211,1,0.00,982.00,1117.26,982.00,0.116,0,46.29,225.16,1,palm,relative
217832.5878,1,0.00,982.00,1117.26,982.00,0.105,1,35.52,194.22,1,palm,relative
217832.6211,1,0.00,982.00,1117.26,982.00,0.143,1,43.64,204.79,1,palm,relative
217832.6545,1,0.00,982.00,1117.26,982.00,0.169,1,38.43,210.13,1,palm,relative
217832.6878,1,0.00,982.00,1117.26,982.00,0.200,0,36.89,213.93,1,palm,relative
217832.7545,1,0.00,982.00,1117.26,982.00,0.225,0,19.17,166.52,1,palm,relative
217832.7879,1,0.00,982.00,1117.26,982.00,0.247,0,28.06,163.95,1,palm,relative
217832.8212,1,0.00,982.00,1117.26,982.00,0.259,0,24.00,156.33,1,palm,relative
217832.8546,1,0.00,982.00,1117.26,982.00,0.245,0,16.96,148.14,1,palm,relative
217832.8879,1,0.00,931.65,1117.26,982.00,0.299,0,30.09,165.06,1,palm,relative
217832.9213,1,0.00,884.63,1094.10,916.69,0.304,0,52.47,184.28,1,palm,relative
217832.9546,1,0.00,763.68,1034.96,686.28,0.302,0,36.06,188.68,1,palm,relative
217832.9880,1,0.00,580.56,946.81,238.47,0.346,0,37.77,193.67,1,palm,relative
217833.0213,1,0.00,373.15,790.55,0.00,0.470,0,36.22,196.66,1,palm,relative
217833.0547,1,0.00,0.00,428.41,0.00,,0,30.08,193.53,1,palm,relative
217833.0880,1,0.00,0.00,666.26,0.00,,0,65.33,225.85,1,palm,relative
217833.1214,0,666.26,0.00,666.26,0.00,,0,45.88,238.87,1,palm,relative
217833.1881,0,666.26,0.00,666.26,0.00,,0,10.16,182.43,1,palm,relative
217833.2548,0,666.26,0.00,666.26,0.00,,0,11.28,144.14,1,palm,relative
217833.2881,0,666.26,0.00,666.26,0.00,,0,22.06,158.34,1,palm,relative
217833.3215,0,666.26,0.00,666.26,0.00,,0,16.12,150.22,1,palm,relative
217833.3548,0,666.26,0.00,666.26,0.00,,0,10.53,146.03,1,palm,relative
217833.3882,0,666.26,0.00,666.26,0.00,,0,14.28,149.07,1,palm,relative
217833.4215,0,666.26,0.00,666.26,0.00,,0,12.45,149.22,1,palm,relative
217833.4549,0,666.26,0.00,666.26,0.00,,0,15.49,154.21,1,palm,relative
217833.4882,0,666.26,0.00,666.26,0.00,,0,13.52,147.53,1,palm,relative
217833.5216,0,666.26,0.00,666.26,0.00,,0,16.77,152.91,1,palm,relative
217833.5549,0,666.26,0.00,666.26,0.00,,0,12.56,143.51,1,palm,relative
217833.5883,0,666.26,0.00,666.26,0.00,,0,10.26,144.67,1,palm,relative
217833.6216,0,666.26,0.00,666.26,0.00,,0,17.19,146.68,1,palm,relative
217833.6550,0,666.26,0.00,666.26,0.00,,0,17.18,150.35,1,palm,relative
217833.6883,0,666.26,0.00,666.26,0.00,,0,16.67,146.70,1,palm,relative
217833.7217,0,666.26,0.00,666.26,0.00,,0,19.02,150.26,1,palm,relative
217833.7550,0,666.26,0.00,666.26,0.00,,0,14.40,145.98,1,palm,relative
217833.7884,0,666.26,0.00,666.26,0.00,,0,14.30,145.17,1,palm,relative
217833.8217,0,666.26,0.00,666.26,0.00,,0,14.17,148.48,1,palm,relative
217833.8551,0,666.26,0.00,666.26,0.00,,0,19.27,151.57,1,palm,relative
217833.8884,0,666.26,0.00,666.26,0.00,,0,15.83,147.16,1,palm,relative
217833.9218,0,666.26,0.00,666.26,0.00,,0,17.15,152.25,1,palm,relative
217833.9551,0,666.26,0.00,666.26,0.00,,0,12.38,143.84,1,palm,relative
217833.9885,0,666.26,0.00,666.26,0.00,,0,14.92,149.47,1,palm,relative
217834.0218,0,666.26,0.00,666.26,0.00,,0,12.47,142.32,1,palm,relative
217834.0552,0,666.26,0.00,666.26,0.00,,0,12.04,144.47,1,palm,relative
217834.0885,0,666.26,0.00,666.26,0.00,,0,21.47,153.59,1,palm,relative
217834.1219,0,666.26,0.00,666.26,0.00,,0,38.73,170.56,1,palm,relative
217834.1552,0,666.26,0.00,666.26,0.00,,0,7.32,144.64,1,palm,relative
217834.1886,0,666.26,0.00,666.26,0.00,,0,20.30,150.65,1,palm,relative
217834.2219,0,666.26,0.00,666.26,0.00,,0,16.97,149.48,1,palm,relative
217834.2553,0,666.26,0.00,666.26,0.00,,0,19.89,150.97,1,palm,relative
217834.2886,0,666.26,0.00,666.26,0.00,,0,44.90,189.37,1,palm,relative
217834.3220,0,666.26,0.00,666.26,0.00,,0,27.15,183.37,1,palm,relative
217834.3553,0,666.26,0.00,666.26,0.00,,0,30.57,180.80,1,palm,relative
217834.3887,0,666.26,0.00,666.26,0.00,,0,28.00,175.55,1,palm,relative
217834.4220,0,666.26,0.00,666.26,0.00,,0,12.05,154.46,1,palm,relative
217834.4554,0,666.26,0.00,666.26,0.00,,0,14.51,146.89,1,palm,relative
217834.4887,0,666.26,0.00,666.26,0.00,,0,16.81,148.26,1,palm,relative
217834.5221,0,666.26,0.00,666.26,0.00,,0,22.18,153.12,1,palm,relative
217834.5554,0,666.26,0.00,666.26,0.00,,0,13.52,146.56,1,palm,relative
217834.5888,0,666.26,0.00,666.26,0.00,,0,15.64,146.69,1,palm,relative
217834.6221,0,666.26,0.00,666.26,0.00,,0,15.52,145.43,1,palm,relative
217834.6555,0,666.26,0.00,666.26,0.00,,0,23.89,154.29,1,palm,relative
217834.6888,0,666.26,0.00,666.26,0.00,,0,19.26,147.86,1,palm,relative
217834.7222,0,666.26,0.00,666.26,0.00,,0,26.04,155.74,1,palm,relative
217834.7555,0,666.26,0.00,666.26,0.00,,0,17.89,149.68,1,palm,relative
217834.7889,0,666.26,0.00,666.26,0.00,,0,24.33,153.15,1,palm,relative
217834.8222,0,666.26,0.00,666.26,0.00,,0,23.67,156.01,1,palm,relative
217834.8556,0,666.26,0.00,666.26,0.00,,0,17.98,145.83,1,palm,relative
217834.8889,0,666.26,0.00,666.26,0.00,,0,18.24,146.67,1,palm,relative
217834.9223,0,666.26,0.00,666.26,0.00,,0,14.72,145.68,1,palm,relative
217834.9556,0,666.26,0.00,666.26,0.00,,0,21.86,149.88,1,palm,relative
217834.9890,0,666.26,0.00,666.26,0.00,,0,25.89,153.54,1,palm,relative
217835.0223,0,666.26,0.00,666.26,0.00,,0,21.64,152.99,1,palm,relative
217835.0557,0,666.26,0.00,666.26,0.00,,0,15.19,142.10,1,palm,relative
217835.0890,0,666.26,0.00,666.26,0.00,,0,19.56,151.29,1,palm,relative
217835.1224,0,666.26,0.00,666.26,0.00,,0,14.31,142.43,1,palm,relative
217835.1557,0,666.26,0.00,666.26,0.00,,0,15.61,144.85,1,palm,relative
217835.1891,0,666.26,0.00,666.26,0.00,,0,16.57,148.33,1,palm,relative
217835.2224,0,666.26,0.00,666.26,0.00,,0,20.69,148.74,1,palm,relative
217835.2558,0,666.26,0.00,666.26,0.00,,0,19.95,151.69,1,palm,relative
217835.2891,0,666.26,0.00,666.26,0.00,,0,33.28,162.77,1,palm,relative
217835.3225,0,666.26,0.00,666.26,0.00,,0,21.08,152.49,1,palm,relative
217835.3558,0,666.26,0.00,666.26,0.00,,0,14.93,146.15,1,palm,relative
217835.3892,0,666.26,0.00,666.26,0.00,,0,20.55,155.32,1,palm,relative
217835.4225,0,666.26,0.00,666.26,0.00,,0,23.75,153.66,1,palm,relative
217835.4559,0,666.26,0.00,666.26,0.00,,0,21.51,151.99,1,palm,relative
217835.4892,0,666.26,0.00,666.26,0.00,,0,23.61,151.14,1,palm,relative
217835.5226,0,666.26,0.00,666.26,0.00,,0,23.17,151.30,1,palm,relative
217835.5559,0,666.26,0.00,666.26,0.00,,0,29.36,157.01,1,palm,relative
217835.5893,0,666.26,0.00,666.26,0.00,,0,19.11,151.49,1,palm,relative
217835.6226,0,666.26,0.00,666.26,0.00,,0,18.74,147.88,1,palm,relative
217835.6560,0,666.26,0.00,666.26,0.00,,0,18.54,148.81,1,palm,relative
217835.6893,0,666.26,0.00,666.26,0.00,,0,18.16,149.13,1,palm,relative
217835.7227,0,666.26,0.00,666.26,0.00,,0,18.67,147.35,1,palm,relative
217835.7560,0,666.26,0.00,666.26,0.00,,0,18.74,149.58,1,palm,relative
217835.7894,0,666.26,0.00,666.26,0.00,,0,21.92,152.22,1,palm,relative
217835.8227,0,666.26,0.00,666.26,0.00,,0,14.31,144.43,1,palm,relative
217835.8561,0,666.26,0.00,666.26,0.00,,0,19.55,153.14,1,palm,relative
217835.8894,0,666.26,0.00,666.26,0.00,,0,10.83,139.95,1,palm,relative
217835.9228,0,666.26,0.00,666.26,0.00,,0,11.27,143.38,1,palm,relative
217835.9561,0,666.26,0.00,666.26,0.00,,0,18.28,147.88,1,palm,relative
217835.9895,0,666.26,0.00,666.26,0.00,,0,22.78,153.70,1,palm,relative
217836.0228,0,666.26,0.00,666.26,0.00,,0,13.26,144.06,1,palm,relative
217836.0562,0,666.26,0.00,666.26,0.00,,0,10.64,144.56,1,palm,relative
217836.0895,0,666.26,0.00,666.26,0.00,,0,18.52,150.63,1,palm,relative
217836.1229,0,666.26,0.00,666.26,0.00,,0,12.51,148.07,1,palm,relative
217836.1562,0,666.26,0.00,666.26,0.00,,0,22.83,153.70,1,palm,relative
217836.1896,0,666.26,0.00,666.26,0.00,,0,11.07,141.58,1,palm,relative
217836.2229,0,666.26,0.00,666.26,0.00,,0,14.64,149.01,1,palm,relative
217836.2563,0,666.26,0.00,666.26,0.00,,0,15.54,147.98,1,palm,relative
217836.2896,0,666.26,0.00,666.26,0.00,,0,23.88,158.30,1,palm,relative
217836.3230,0,666.26,0.00,666.26,0.00,,0,17.30,147.75,1,palm,relative
217836.3563,0,666.26,0.00,666.26,0.00,,0,11.78,143.08,1,palm,relative
217836.3897,0,666.26,0.00,666.26,0.00,,0,20.67,152.52,1,palm,relative
217836.4230,0,666.26,0.00,666.26,0.00,,0,18.92,147.41,1,palm,relative
217836.4564,0,666.26,0.00,666.26,0.00,,0,19.47,150.65,1,palm,relative
217836.4897,0,666.26,0.00,666.26,0.00,,0,15.39,144.30,1,palm,relative
217836.5231,0,666.26,0.00,666.26,0.00,,0,22.51,154.38,1,palm,relative
217836.5564,0,666.26,0.00,666.26,0.00,,0,17.96,147.70,1,palm,relative
217836.5898,0,666.26,0.00,666.26,0.00,,0,7.83,140.42,1,palm,relative
217836.6231,0,666.26,0.00,666.26,0.00,,0,31.44,159.85,1,palm,relative
217836.6565,0,666.26,0.00,666.26,0.00,,0,19.34,150.84,1,palm,relative
217836.6898,0,666.26,0.00,666.26,0.00,,0,10.66,139.59,1,palm,relative
217836.7232,0,666.26,0.00,666.26,0.00,,0,17.21,146.79,1,palm,relative
217836.7565,0,666.26,0.00,666.26,0.00,,0,22.86,155.31,1,palm,relative
217836.7899,0,666.26,0.00,666.26,0.00,,0,17.10,146.60,1,palm,relative
217836.8232,0,666.26,0.00,666.26,0.00,,0,7.47,140.59,1,palm,relative
217836.8566,0,666.26,0.00,666.26,0.00,,0,17.07,148.75,1,palm,relative
217836.8899,0,666.26,0.00,666.26,0.00,,0,17.66,149.30,1,palm,relative
217836.9233,0,666.26,0.00,666.26,0.00,,0,11.36,144.51,1,palm,relative
217836.9566,0,666.26,0.00,666.26,0.00,,0,12.72,143.26,1,palm,relative
217836.9900,0,666.26,0.00,666.26,0.00,,0,15.79,148.87,1,palm,relative
217837.0233,0,666.26,0.00,666.26,0.00,,0,15.78,148.57,1,palm,relative
217837.0567,0,666.26,0.00,666.26,0.00,,0,12.79,146.08,1,palm,relative
217837.0900,0,666.26,0.00,666.26,0.00,,0,13.90,149.76,1,palm,relative
217837.1234,0,666.26,0.00,666.26,0.00,,0,19.68,152.94,1,palm,relative
217837.1567,0,666.26,0.00,666.26,0.00,,0,11.30,143.39,1,palm,relative
217837.1901,0,666.26,0.00,666.26,0.00,,0,11.55,147.45,1,palm,relative
217837.2234,0,666.26,0.00,666.26,0.00,,0,22.62,153.19,1,palm,relative
217837.2568,0,666.26,0.00,666.26,0.00,,0,12.93,147.28,1,palm,relative
217837.2901,0,666.26,0.00,666.26,0.00,,0,13.30,141.60,1,palm,relative
217837.3235,0,666.26,0.00,666.26,0.00,,0,10.57,140.13,1,palm,relative
217837.3568,0,666.26,0.00,666.26,0.00,,0,16.18,143.38,1,palm,relative
217837.3902,0,666.26,0.00,666.26,0.00,,0,14.32,145.32,1,palm,relative
217837.4235,0,666.26,0.00,666.26,0.00,,0,43.38,171.99,1,palm,relative
217837.4569,0,666.26,0.00,666.26,0.00,,0,9.43,148.18,1,palm,relative
217837.4902,0,666.26,0.00,666.26,0.00,,0,21.73,148.35,1,palm,relative
217837.5236,0,666.26,0.00,666.26,0.00,,0,28.91,155.59,1,palm,relative
217837.5569,0,666.26,0.00,666.26,0.00,,0,14.57,144.95,1,palm,relative
217837.5903,0,666.26,0.00,666.26,0.00,,0,16.70,144.38,1,palm,relative
217837.6236,0,666.26,0.00,666.26,0.00,,0,16.16,147.65,1,palm,relative
217837.6570,0,666.26,0.00,666.26,0.00,,0,22.41,149.07,1,palm,relative
217837.6903,0,666.26,0.00,666.26,0.00,,0,12.75,139.80,1,palm,relative
217837.7237,0,666.26,0.00,666.26,0.00,,0,25.53,152.09,1,palm,relative
217837.7570,0,666.26,0.00,666.26,0.00,,0,59.97,188.39,1,palm,relative
217837.7904,0,666.26,0.00,666.26,0.00,,0,21.77,177.03,1,palm,relative
217837.8237,0,666.26,0.00,666.26,0.00,,0,11.88,155.92,1,palm,relative
217837.8571,0,666.26,0.00,666.26,0.00,,0,17.74,144.05,1,palm,relative
217837.8904,0,666.26,0.00,666.26,0.00,,0,21.30,147.95,1,palm,relative
217837.9238,0,666.26,0.00,666.26,0.00,,0,24.45,152.79,1,palm,relative
217837.9571,0,666.26,0.00,666.26,0.00,,0,17.98,143.81,1,palm,relative
217837.9905,0,666.26,0.00,666.26,0.00,,0,12.84,137.85,1,palm,relative
217838.0238,0,666.26,0.00,666.26,0.00,,0,9.94,146.08,1,palm,relative
217838.0572,0,666.26,0.00,666.26,0.00,,0,19.69,143.34,1,palm,relative
217838.0905,0,666.26,0.00,666.26,0.00,,0,52.82,178.72,1,palm,relative
217838.1239,0,666.26,0.00,666.26,0.00,,0,16.06,161.62,1,palm,relative
217838.1572,0,666.26,0.00,666.26,0.00,,0,25.47,155.63,1,palm,relative
217838.1906,0,666.26,0.00,666.26,0.00,,0,31.52,153.98,1,palm,relative
217838.2239,0,666.26,0.00,666.26,0.00,,0,22.42,147.00,1,palm,relative
217838.2573,0,666.26,0.00,666.26,0.00,,0,32.59,151.27,1,palm,relative
217838.2906,0,666.26,0.00,666.26,0.00,,0,31.96,151.41,1,palm,relative
217838.3240,0,666.26,0.00,666.26,0.00,,0,21.34,139.49,1,palm,relative
217838.3573,0,666.26,0.00,666.26,0.00,,0,27.34,145.08,1,palm,relative
217838.3907,0,666.26,0.00,666.26,0.00,,0,26.56,140.94,1,palm,relative
217838.4240,0,666.26,0.00,666.26,0.00,,0,24.55,140.07,1,palm,relative
217838.4574,0,666.26,0.00,666.26,0.00,,0,28.50,146.32,1,palm,relative
217838.4907,0,666.26,0.00,666.26,0.00,,0,39.62,153.08,1,palm,relative
217838.5241,0,666.26,0.00,666.26,0.00,,0,27.42,147.35,1,palm,relative
217838.5574,0,666.26,0.00,666.26,0.00,,0,8.82,122.91,1,palm,relative
217838.5908,0,666.26,0.00,666.26,0.00,,0,22.76,137.84,1,palm,relative
217838.6241,0,666.26,0.00,666.26,0.00,,0,24.39,137.15,1,palm,relative
217838.6575,0,666.26,0.00,666.26,0.00,,0,20.19,136.43,1,palm,relative
217838.6908,0,666.26,0.00,666.26,0.00,,0,8.93,122.90,1,palm,relative
217838.7242,0,666.26,0.00,666.26,0.00,,0,28.88,143.56,1,palm,relative
217838.7575,0,666.26,0.00,666.26,0.00,,0,9.96,121.91,1,palm,relative
217838.7909,0,666.26,0.00,666.26,0.00,,0,9.56,126.97,1,palm,relative
217838.8242,0,666.26,0.00,666.26,0.00,,0,38.98,153.47,1,palm,relative
217838.8576,0,666.26,0.00,666.26,0.00,,0,26.62,146.84,1,palm,relative
217838.8909,0,666.26,0.00,666.26,0.00,,0,20.07,136.71,1,palm,relative
217838.9243,0,666.26,0.00,666.26,0.00,,0,29.90,147.45,1,palm,relative
217838.9576,0,666.26,0.00,666.26,0.00,,0,30.17,150.89,1,palm,relative
217838.9910,0,666.26,0.00,666.26,0.00,,0,23.48,141.22,1,palm,relative
217839.0243,0,666.26,0.00,666.26,0.00,,0,17.86,139.04,1,palm,relative
217839.0577,0,666.26,0.00,666.26,0.00,,0,22.32,135.82,1,palm,relative
217839.0910,0,666.26,0.00,666.26,0.00,,0,20.74,136.09,1,palm,relative
217839.1244,0,666.26,0.00,666.26,0.00,,0,22.93,135.12,1,palm,relative
217839.1577,0,666.26,0.00,666.26,0.00,,0,26.97,142.17,1,palm,relative
217839.1911,0,666.26,0.00,666.26,0.00,,0,22.44,136.52,1,palm,relative
217839.2244,0,666.26,0.00,666.26,0.00,,0,35.18,152.63,1,palm,relative
217839.2578,0,666.26,0.00,666.26,0.00,,0,23.58,143.07,1,palm,relative
217839.2911,0,666.26,0.00,666.26,0.00,,0,21.26,137.23,1,palm,relative
217839.3245,0,666.26,0.00,666.26,0.00,,0,26.52,146.42,1,palm,relative
217839.3578,0,666.26,0.00,666.26,0.00,,0,34.64,151.12,1,palm,relative
217839.3912,0,666.26,0.00,666.26,0.00,,0,23.23,148.21,1,palm,relative
217839.4245,0,666.26,0.00,666.26,0.00,,0,22.29,138.52,1,palm,relative
217839.4579,0,666.26,0.00,666.26,0.00,,0,21.75,149.47,1,palm,relative
217839.4912,0,666.26,0.00,666.26,0.00,,0,37.12,155.30,1,palm,relative
217839.5246,0,666.26,0.00,666.26,0.00,,0,19.92,144.31,1,palm,relative
217839.5579,0,666.26,0.00,666.26,0.00,,0,20.13,135.52,1,palm,relative
217839.5913,0,666.26,0.00,666.26,0.00,,0,30.20,151.14,1,palm,relative
217839.6246,0,666.26,0.00,666.26,0.00,,0,21.22,145.48,1,palm,relative
217839.6580,0,666.26,0.00,666.26,0.00,,0,21.85,139.49,1,palm,relative
217839.6913,0,666.26,0.00,666.26,0.00,,0,28.20,144.38,1,palm,relative
217839.7247,0,666.26,0.00,666.26,0.00,,0,33.06,152.20,1,palm,relative
217839.7580,0,666.26,0.00,666.26,0.00,,0,54.97,173.96,1,palm,relative
217839.7914,0,666.26,0.00,666.26,0.00,,0,40.91,181.84,1,palm,relative
217839.8247,1,1512.00,0.00,666.26,0.00,,0,61.51,210.29,1,palm,relative
217839.8581,0,666.26,0.00,666.26,0.00,,0,39.60,216.77,1,palm,relative
217839.9248,1,1512.00,0.00,658.46,982.00,0.497,0,45.07,195.62,1,palm,relative
217839.9915,1,1512.00,0.00,620.32,982.00,0.498,0,61.09,190.14,1,palm,relative
217840.0248,1,1512.00,0.00,588.68,982.00,0.502,0,54.54,211.67,1,palm,relative
217840.0915,1,1371.30,0.00,430.77,982.00,0.631,0,42.38,187.83,1,palm,relative
217840.1582,1,1302.12,0.00,342.78,982.00,0.708,0,38.86,160.50,1,palm,relative
217840.1916,1,1247.66,0.00,279.16,982.00,0.711,0,38.05,165.50,1,palm,relative
217840.2249,1,1223.40,0.00,247.32,982.00,0.697,0,52.31,184.68,1,palm,relative
217840.2583,1,1206.42,0.00,226.98,982.00,0.679,0,59.18,210.82,1,palm,relative
217840.3250,1,1185.31,0.00,218.72,982.00,0.635,0,68.28,212.71,1,palm,relative
217840.3917,1,1232.78,0.00,218.72,982.00,0.599,0,29.44,175.83,1,palm,relative
217840.4584,1,1289.86,0.00,223.16,972.78,0.564,0,47.13,156.56,1,palm,relative
217840.4917,1,1315.45,0.00,224.99,970.15,0.559,0,36.33,159.69,1,palm,relative
217840.5251,1,1338.90,0.00,226.36,968.57,0.543,0,30.17,156.83,1,palm,relative
217840.5584,1,1341.99,0.00,229.49,961.65,0.549,0,46.84,170.46,1,palm,relative
217840.5918,1,1340.63,0.00,232.87,951.17,0.525,0,38.39,175.79,1,palm,relative
217840.6585,1,1359.61,0.00,236.93,941.36,0.517,0,41.69,151.01,1,palm,relative
217840.6918,1,1366.18,0.00,236.93,941.36,0.517,0,38.94,156.74,1,palm,relative
217840.7252,1,1389.32,0.00,236.98,941.37,0.494,0,31.70,155.27,1,palm,relative
217840.7585,1,1353.71,0.00,236.98,941.37,0.515,0,29.35,151.63,1,palm,relative
217840.7919,1,1361.44,0.00,236.98,941.37,0.506,0,38.02,156.78,1,palm,relative
217840.8252,1,1359.78,0.00,236.98,941.37,0.501,0,61.07,184.73,1,palm,relative
217840.8586,1,1348.61,0.00,236.98,941.37,0.509,0,52.97,204.69,1,palm,relative
217840.9253,1,1347.89,0.00,236.98,941.37,0.493,0,22.20,160.48,1,palm,relative
217840.9920,1,1332.06,0.00,236.98,941.37,0.476,0,31.68,127.44,1,palm,relative
217841.0253,1,1321.28,0.00,236.98,941.37,0.475,0,22.98,122.46,1,palm,relative
217841.0587,1,1319.57,0.00,236.98,941.37,0.458,0,24.87,120.54,1,palm,relative
217841.0920,1,1278.05,0.00,231.41,958.83,0.450,0,26.03,125.86,1,palm,relative
217841.1254,1,1212.59,0.00,184.25,982.00,0.428,0,25.15,120.05,1,palm,relative
217841.1587,1,1126.65,0.00,87.40,982.00,0.428,0,23.23,120.21,1,palm,relative
217841.1921,1,1030.27,18.43,0.00,982.00,0.418,0,49.99,146.81,1,palm,relative
217841.2254,1,953.48,89.11,0.00,982.00,0.431,0,55.88,169.63,1,palm,relative
217841.2588,1,872.70,178.91,0.00,982.00,0.453,0,39.18,175.64,1,palm,relative
217841.3255,1,788.27,328.87,0.00,982.00,0.415,0,38.16,147.35,1,palm,relative
217841.3588,1,746.91,380.91,0.00,982.00,0.406,0,31.22,145.39,1,palm,relative
217841.3922,1,722.76,403.32,0.00,982.00,0.395,0,30.27,142.60,1,palm,relative
217841.4255,1,730.01,431.14,0.00,982.00,0.384,0,41.75,151.24,1,palm,relative
217841.4589,1,736.84,448.96,0.00,982.00,0.390,0,33.33,151.45,1,palm,relative
217841.4922,1,751.16,439.86,0.00,982.00,0.387,0,31.75,150.10,1,palm,relative
217841.5256,1,750.15,440.89,0.00,982.00,0.388,0,41.88,158.89,1,palm,relative
217841.5589,1,747.89,429.54,0.00,982.00,0.385,0,30.55,156.38,1,palm,relative
217841.5923,1,750.46,429.48,0.00,982.00,0.379,0,33.12,156.35,1,palm,relative
217841.6256,1,762.47,419.88,0.00,982.00,0.385,0,36.54,159.75,1,palm,relative
217841.6590,1,768.37,424.29,0.00,982.00,0.376,0,23.93,150.82,1,palm,relative
217841.6923,1,780.89,410.34,0.00,982.00,0.375,0,39.75,157.42,1,palm,relative
217841.7257,1,779.71,392.64,0.00,982.00,0.376,0,24.99,149.47,1,palm,relative
217841.7590,1,790.24,401.23,0.00,982.00,0.362,0,28.71,145.04,1,palm,relative
217841.7924,1,793.79,400.52,0.00,982.00,0.352,0,32.34,144.22,1,palm,relative
217841.8257,1,803.45,404.24,0.00,982.00,0.273,0,31.88,143.05,1,palm,relative
217841.8591,1,806.52,425.52,0.00,982.00,0.150,0,38.71,148.59,1,palm,relative
217841.8924,1,805.83,426.34,0.00,982.00,0.108,0,36.11,151.67,1,palm,relative
217841.9258,1,826.25,404.13,0.00,982.00,0.110,1,35.76,154.31,1,palm,relative
217841.9591,1,813.00,400.08,0.00,982.00,0.106,1,36.73,157.89,1,palm,relative
217841.9925,1,820.67,395.56,0.00,982.00,0.113,1,23.26,148.04,1,palm,relative
217842.0258,1,838.66,385.54,0.00,982.00,0.147,1,29.58,144.48,1,palm,relative
217842.0592,1,837.72,377.19,0.00,982.00,0.252,0,17.85,129.33,1,palm,relative
217842.0925,1,839.28,358.08,0.00,982.00,0.340,0,24.45,121.55,1,palm,relative
217842.1259,1,855.70,345.86,0.00,982.00,0.388,0,65.12,162.01,1,palm,relative
217842.1592,1,849.37,373.14,0.00,982.00,0.387,0,27.51,156.40,1,palm,relative
217842.1926,1,854.88,365.39,0.00,982.00,0.391,0,31.38,154.65,1,palm,relative
217842.2259,1,848.61,361.34,0.00,982.00,0.396,0,33.21,155.01,1,palm,relative
217842.2593,1,849.40,348.50,0.00,982.00,0.399,0,31.36,153.34,1,palm,relative
217842.2926,1,849.11,354.11,0.00,982.00,0.394,0,36.38,156.72,1,palm,relative
217842.3260,1,848.34,354.69,0.00,982.00,0.380,0,24.83,148.32,1,palm,relative
217842.3593,1,852.41,337.68,0.00,982.00,0.392,0,28.19,143.40,1,palm,relative
217842.3927,1,858.95,345.03,0.00,982.00,0.378,0,13.99,124.23,1,palm,relative
217842.4260,1,853.27,348.47,0.00,982.00,0.391,0,25.01,124.30,1,palm,relative
217842.4594,1,856.50,349.91,0.00,982.00,0.384,0,23.08,125.44,1,palm,relative
217842.4927,1,868.31,350.75,0.00,982.00,0.384,0,29.50,128.51,1,palm,relative
217842.5261,1,863.16,344.39,0.00,982.00,0.382,0,34.10,132.60,1,palm,relative
217842.5594,1,867.77,337.12,0.00,982.00,0.379,0,26.35,125.74,1,palm,relative
217842.5928,1,875.40,341.00,0.00,982.00,0.381,0,33.44,134.21,1,palm,relative
217842.6261,1,893.88,336.01,0.00,982.00,0.379,0,40.94,141.99,1,palm,relative
217842.6595,1,911.13,327.70,0.00,982.00,0.381,0,16.80,125.66,1,palm,relative
217842.6928,1,902.30,327.10,0.00,982.00,0.379,0,22.85,122.76,1,palm,relative
217842.7262,1,914.71,311.37,0.00,982.00,0.384,0,20.03,119.06,1,palm,relative
217842.7595,1,933.80,312.31,0.00,982.00,0.388,0,19.49,118.42,1,palm,relative
217842.7929,1,946.24,280.03,0.00,982.00,0.391,0,35.69,137.71,1,palm,relative
217842.8262,1,979.39,273.33,0.00,982.00,0.395,0,43.17,147.78,1,palm,relative
217842.8596,1,1028.48,270.26,12.40,970.03,0.384,0,20.03,134.93,1,palm,relative
217842.8929,1,1053.14,213.19,38.56,932.35,0.398,0,40.26,144.01,1,palm,relative
217842.9263,1,1080.17,211.44,55.15,914.99,0.394,0,30.65,141.49,1,palm,relative
217842.9596,1,1126.00,163.75,107.40,843.34,0.410,0,12.57,120.81,1,palm,relative
217842.9930,1,1164.96,117.55,179.02,725.68,0.437,0,41.01,145.53,1,palm,relative
217843.0263,1,1230.45,128.08,249.30,678.91,0.400,0,43.43,155.88,1,palm,relative
217843.0597,1,1279.61,80.47,344.52,583.90,0.436,0,31.47,154.20,1,palm,relative
217843.0930,1,1353.20,135.70,438.20,587.48,0.399,0,36.85,158.26,1,palm,relative
217843.1264,1,1416.54,146.14,542.67,598.57,0.392,0,29.32,154.45,1,palm,relative
217843.1597,1,1482.72,96.69,662.10,560.69,0.396,0,28.22,149.46,1,palm,relative
217843.1931,1,1512.00,117.84,813.02,554.58,0.365,0,35.29,151.71,1,palm,relative
217843.2264,1,1512.00,78.63,967.96,512.38,0.414,0,32.16,150.75,1,palm,relative
217843.2598,1,1512.00,67.53,1107.25,472.24,0.437,0,36.46,154.02,1,palm,relative
217843.2931,1,1512.00,44.33,1231.27,422.28,0.450,0,36.89,157.96,1,palm,relative
217843.3265,1,1512.00,71.36,1357.24,414.88,0.410,0,18.13,142.94,1,palm,relative
217843.3598,1,1512.00,79.97,1389.86,415.81,0.428,0,19.05,128.74,1,palm,relative
217843.3932,1,1512.00,80.15,1403.22,416.15,0.436,0,39.69,152.60,1,palm,relative
217843.4265,1,1512.00,54.73,1409.73,413.83,0.443,0,31.31,150.97,1,palm,relative
217843.4599,1,1512.00,87.13,1414.38,414.93,0.436,0,36.13,153.98,1,palm,relative
217843.4932,1,1512.00,90.32,1417.66,415.72,0.485,0,34.75,155.63,1,palm,relative
217843.5266,1,1512.00,160.04,1432.70,428.51,0.418,0,29.43,151.94,1,palm,relative
217843.5599,1,1512.00,147.69,1436.28,432.36,0.428,0,55.82,174.70,1,palm,relative
217843.5933,1,1512.00,143.81,1445.19,436.68,0.438,0,37.19,178.78,1,palm,relative
217843.6266,1,1512.00,172.94,1469.18,453.32,0.461,0,37.83,183.45,1,palm,relative
217843.6600,1,1512.00,202.48,1493.86,480.42,0.388,0,28.91,179.23,1,palm,relative
217843.6933,1,1512.00,193.03,1503.41,487.03,0.357,0,23.73,169.85,1,palm,relative
217843.7267,1,1512.00,198.24,1507.88,490.31,0.402,0,19.66,156.44,1,palm,relative
217843.7600,1,1512.00,216.95,1511.81,494.61,0.364,0,27.83,151.18,1,palm,relative
217843.7934,1,1512.00,203.79,1511.81,494.61,0.373,0,43.79,161.83,1,palm,relative
217843.8267,1,1512.00,159.74,1511.79,494.54,0.382,0,27.55,156.33,1,palm,relative
217843.8601,1,1512.00,209.13,1511.79,494.54,0.338,0,31.18,154.36,1,palm,relative
217843.8934,1,1512.00,244.77,1511.26,499.20,0.366,0,33.66,154.79,1,palm,relative
217843.9268,1,1512.00,239.71,1511.03,499.82,0.346,0,34.00,155.57,1,palm,relative
217843.9601,1,1512.00,285.74,1507.92,512.73,0.387,0,37.39,159.91,1,palm,relative
217843.9935,1,1512.00,274.78,1506.99,514.99,0.364,0,24.93,151.84,1,palm,relative
217844.0268,1,1512.00,251.35,1506.99,514.99,0.353,0,40.40,160.60,1,palm,relative
217844.0602,1,1512.00,282.59,1505.86,516.53,0.374,0,29.03,156.52,1,palm,relative
217844.0935,1,1512.00,275.43,1505.85,516.53,0.397,0,32.56,155.93,1,palm,relative
217844.1269,1,1512.00,278.24,1505.73,516.59,0.337,0,34.07,157.77,1,palm,relative
217844.1602,1,1512.00,313.40,1503.82,520.41,0.314,0,27.21,151.73,1,palm,relative
217844.1936,1,1512.00,301.38,1503.73,520.48,0.344,0,28.79,153.90,1,palm,relative
217844.2269,1,1512.00,312.53,1503.73,520.49,0.333,0,32.31,156.68,1,palm,relative
217844.2603,1,1512.00,322.45,1503.73,520.49,0.345,0,35.81,161.89,1,palm,relative
217844.2936,1,1512.00,380.47,1504.40,539.84,0.314,0,51.68,180.34,1,palm,relative
217844.3270,1,1512.00,373.25,1504.28,544.25,0.334,0,32.83,180.07,1,palm,relative
217844.3603,1,1512.00,397.33,1505.32,550.91,0.381,0,31.98,178.95,1,palm,relative
217844.3937,1,1512.00,414.42,1506.84,557.75,0.362,0,34.93,180.85,1,palm,relative
217844.4270,1,1512.00,415.60,1507.27,560.22,0.332,0,43.83,191.64,1,palm,relative
217844.4604,1,1512.00,459.98,1510.97,579.29,0.374,0,34.72,193.40,1,palm,relative
217844.5271,1,1512.00,495.20,1512.00,601.55,0.379,0,57.62,184.43,1,palm,relative
217844.5604,1,1512.00,497.54,1512.00,606.04,0.372,0,42.05,193.58,1,palm,relative
217844.5938,1,1512.00,518.26,1512.00,611.62,0.371,0,25.38,186.40,1,palm,relative
217844.6605,1,1512.00,542.50,1512.00,620.27,0.410,0,25.89,150.05,1,palm,relative
217844.6938,1,1512.00,550.96,1512.00,623.53,0.380,0,38.64,159.47,1,palm,relative
217844.7272,1,1512.00,529.16,1512.00,623.53,0.400,0,47.60,174.57,1,palm,relative
217844.7605,1,1512.00,547.65,1512.00,623.53,0.420,0,124.04,265.63,1,palm,relative
217844.7939,1,1512.00,529.03,1512.00,623.53,0.390,0,19.29,251.91,1,palm,relative
217844.9273,1,1512.00,521.76,1512.00,623.53,0.401,0,20.12,138.73,1,palm,relative
217844.9606,1,1512.00,524.44,1512.00,623.53,0.421,0,41.10,157.90,1,palm,relative
217844.9940,1,1512.00,526.05,1512.00,623.53,0.368,0,34.53,159.49,1,palm,relative
217845.0273,1,1512.00,536.66,1512.00,623.53,0.399,0,29.98,156.56,1,palm,relative
217845.0607,1,1512.00,537.34,1512.00,623.53,0.373,0,51.62,175.10,1,palm,relative
217845.0940,1,1512.00,536.51,1512.00,623.53,0.398,0,37.75,179.73,1,palm,relative
217845.1274,1,1512.00,569.78,1512.00,623.94,0.415,0,30.08,176.71,1,palm,relative
217845.1607,1,1512.00,564.96,1512.00,623.94,0.410,0,41.36,185.00,1,palm,relative
217845.1941,1,1512.00,537.12,1512.00,623.94,0.400,0,38.40,190.36,1,palm,relative
217845.2274,1,1512.00,579.28,1512.00,623.97,0.376,0,23.41,180.57,1,palm,relative
217845.2941,1,1512.00,570.24,1512.00,623.97,0.381,0,30.66,157.47,1,palm,relative
217845.3275,1,1512.00,542.67,1512.00,623.97,0.410,0,33.11,157.36,1,palm,relative
217845.3608,1,1512.00,557.20,1512.00,623.97,0.400,0,25.24,149.81,1,palm,relative
217845.3942,1,1512.00,582.21,1512.00,623.97,0.367,0,35.94,156.35,1,palm,relative
217845.4275,1,1512.00,587.99,1512.00,623.97,0.373,0,28.33,153.14,1,palm,relative
217845.4609,1,1512.00,558.70,1512.00,623.97,0.381,0,32.94,153.00,1,palm,relative
217845.4942,1,1512.00,586.71,1512.00,623.97,0.369,0,67.45,192.24,1,palm,relative
217845.5276,1,1512.00,562.05,1512.00,623.97,0.390,0,22.57,181.77,1,palm,relative
217845.5609,1,1512.00,603.63,1512.00,623.97,0.368,0,37.45,186.08,1,palm,relative
217845.5943,1,1512.00,618.60,1512.00,623.97,0.359,0,40.13,193.00,1,palm,relative
217845.6276,1,1512.00,624.58,1512.00,623.97,0.371,0,30.83,190.68,1,palm,relative
217845.6610,1,1512.00,623.82,1512.00,623.97,0.370,0,25.68,183.89,1,palm,relative
217845.6943,1,1512.00,663.72,1512.00,623.97,0.357,0,39.64,190.39,1,palm,relative
217845.7277,1,1512.00,712.28,1505.24,671.92,0.348,0,52.00,209.90,1,palm,relative
217845.7610,1,1512.00,785.51,1488.84,828.37,0.368,0,19.53,196.19,1,palm,relative
217845.8277,1,1512.00,860.94,1445.92,982.00,0.379,0,42.46,175.50,1,palm,relative
217845.8611,1,1512.00,926.76,1412.31,982.00,0.406,0,48.75,191.13,1,palm,relative
217845.8944,1,1512.00,942.95,1367.28,982.00,0.409,0,31.75,189.70,1,palm,relative
217845.9278,1,1512.00,979.33,1320.03,982.00,0.397,0,58.71,215.18,1,palm,relative
217845.9611,1,1512.00,980.60,1288.90,982.00,0.348,0,35.20,217.31,1,palm,relative
217846.0278,1,1512.00,982.00,1223.68,982.00,0.347,0,27.55,178.30,1,palm,relative
217846.0612,1,1512.00,982.00,1183.35,982.00,0.338,0,20.98,166.31,1,palm,relative
217846.0945,1,1512.00,982.00,1139.03,982.00,0.301,0,28.87,161.94,1,palm,relative
217846.1279,1,1512.00,982.00,1128.59,982.00,0.308,0,47.94,177.76,1,palm,relative
217846.1612,1,1512.00,982.00,1127.13,982.00,0.312,0,37.85,182.49,1,palm,relative
217846.1946,1,1512.00,982.00,1123.58,982.00,0.302,0,32.93,182.19,1,palm,relative
217846.2279,1,1512.00,982.00,1123.40,982.00,0.337,0,41.89,190.99,1,palm,relative
217846.2613,1,1512.00,982.00,1123.40,982.00,0.310,0,29.73,187.49,1,palm,relative
217846.2946,1,1512.00,982.00,1123.40,982.00,0.307,0,35.57,190.04,1,palm,relative
217846.3280,1,1512.00,982.00,1123.40,982.00,0.317,0,43.72,200.87,1,palm,relative
217846.3613,1,1512.00,982.00,1123.40,982.00,0.312,0,39.61,207.35,1,palm,relative
217846.3947,1,1512.00,982.00,1123.40,982.00,0.297,0,40.03,214.19,1,palm,relative
217846.4614,1,1512.00,982.00,1123.40,982.00,0.335,0,35.68,183.37,1,palm,relative
217846.4947,1,1512.00,982.00,1123.40,982.00,0.325,0,46.87,197.35,1,palm,relative
217846.5281,1,1512.00,982.00,1123.40,982.00,0.363,0,49.27,213.44,1,palm,relative
217846.5948,1,1512.00,982.00,1123.40,982.00,0.444,0,44.28,191.33,1,palm,relative
217846.6281,1,1512.00,982.00,1123.40,982.00,0.442,0,31.06,189.66,1,palm,relative
217846.6615,1,1512.00,982.00,1123.40,982.00,0.430,0,32.64,189.29,1,palm,relative
217846.6948,1,1512.00,982.00,1123.40,982.00,0.424,0,25.46,181.62,1,palm,relative
217846.7282,1,1512.00,982.00,1123.40,982.00,0.418,0,24.34,172.84,1,palm,relative
217846.7615,1,1512.00,982.00,1123.40,982.00,0.422,0,47.07,186.79,1,palm,relative
217846.7949,1,1512.00,982.00,1123.40,982.00,0.463,0,34.03,187.67,1,palm,relative
217846.8282,1,1512.00,982.00,1123.40,982.00,0.464,0,23.45,177.89,1,palm,relative
217846.8616,1,1512.00,982.00,1123.40,982.00,0.471,0,32.71,177.41,1,palm,relative
217846.8949,1,1512.00,982.00,1123.40,982.00,0.482,0,20.71,164.86,1,palm,relative
217846.9283,1,1512.00,967.73,1123.40,982.00,0.499,0,43.38,178.49,1,palm,relative
217846.9616,1,1512.00,982.00,1123.40,982.00,0.476,0,28.45,173.82,1,palm,relative
217846.9950,1,1512.00,968.23,1123.40,982.00,0.497,0,19.00,159.65,1,palm,relative
217847.0283,1,1512.00,982.00,1123.40,982.00,0.490,0,32.22,160.85,1,palm,relative
217847.0617,1,1512.00,982.00,1123.40,982.00,0.467,0,19.07,151.46,1,palm,relative
217847.0950,1,1512.00,965.71,1123.40,982.00,0.396,0,23.86,152.53,1,palm,relative
217847.1284,1,1512.00,982.00,1123.40,982.00,0.312,0,47.55,179.72,1,palm,relative
217847.1617,1,1512.00,934.29,1123.40,982.00,0.308,0,29.70,176.28,1,palm,relative
217847.1951,1,1512.00,919.13,1123.40,982.00,0.313,0,15.31,158.47,1,palm,relative
217847.2284,1,1512.00,884.37,1124.81,959.71,0.358,0,21.71,152.43,1,palm,relative
217847.2618,1,1512.00,888.46,1124.76,955.52,0.361,0,20.10,153.48,1,palm,relative
217847.2951,1,1512.00,886.59,1124.62,954.59,0.333,0,21.33,151.33,1,palm,relative
217847.3285,1,1512.00,862.65,1123.95,949.98,0.362,0,23.03,155.60,1,palm,relative
217847.3618,1,1512.00,864.03,1123.61,949.18,0.365,0,24.96,155.25,1,palm,relative
217847.3952,1,1512.00,835.96,1122.25,944.18,0.373,0,20.45,153.14,1,palm,relative
217847.4285,1,1512.00,831.20,1119.70,940.48,0.361,0,40.72,172.28,1,palm,relative
217847.4619,1,1512.00,822.56,1117.66,937.68,0.357,0,38.83,177.96,1,palm,relative
217847.4952,1,1512.00,839.97,1115.61,937.34,0.332,0,32.56,177.41,1,palm,relative
217847.5286,1,1512.00,795.41,1109.98,930.79,0.375,0,18.01,162.31,1,palm,relative
217847.5619,1,1512.00,801.56,1104.84,927.96,0.345,0,48.06,177.89,1,palm,relative
217847.5953,1,1512.00,769.08,1097.49,919.37,0.324,0,37.02,181.79,1,palm,relative
217847.6286,1,1512.00,709.13,1061.61,844.20,0.358,0,27.43,176.79,1,palm,relative
217847.6620,1,1512.00,695.63,1044.05,804.80,0.330,0,20.13,163.78,1,palm,relative
217847.6953,1,1512.00,686.48,1034.32,788.25,0.337,0,26.18,157.48,1,palm,relative
217847.7287,1,1512.00,668.42,1026.06,774.47,0.322,0,18.53,153.52,1,palm,relative
217847.7620,1,1512.00,612.06,990.81,689.86,0.338,0,47.39,179.91,1,palm,relative
217847.7954,1,1512.00,660.75,990.81,689.86,0.318,0,38.36,185.16,1,palm,relative
217847.8287,1,1512.00,649.33,989.49,689.11,0.303,0,31.20,183.21,1,palm,relative
217847.8621,1,1512.00,601.81,982.00,675.61,0.318,0,28.64,178.71,1,palm,relative
217847.8954,1,1512.00,607.86,980.15,673.01,0.308,0,20.49,166.06,1,palm,relative
217847.9288,1,1512.00,564.11,968.82,651.90,0.328,0,49.52,182.38,1,palm,relative
217847.9621,1,1512.00,586.52,967.61,651.02,0.313,0,27.30,176.92,1,palm,relative
217847.9955,1,1512.00,575.17,967.51,650.85,0.321,0,18.34,162.05,1,palm,relative
217848.0288,1,1512.00,610.77,967.51,650.85,0.305,0,22.63,155.86,1,palm,relative
217848.0622,1,1512.00,619.99,967.51,650.85,0.294,0,21.26,150.97,1,palm,relative
217848.0955,1,1512.00,583.03,967.75,650.70,0.301,0,24.76,158.26,1,palm,relative
217848.1289,1,1512.00,561.33,970.92,647.83,0.339,0,24.97,155.01,1,palm,relative
217848.1622,1,1512.00,607.10,975.66,649.26,0.232,0,27.95,160.44,1,palm,relative
217848.1956,1,1512.00,628.08,1042.18,663.74,0.221,0,20.58,151.83,1,palm,relative
217848.2289,1,1512.00,627.80,1122.56,674.96,0.299,0,22.82,157.87,1,palm,relative
217848.2623,1,1512.00,637.63,1176.06,685.77,0.298,0,21.66,151.33,1,palm,relative
217848.2956,1,1512.00,666.83,1196.39,697.47,0.319,0,18.21,153.35,1,palm,relative
217848.3290,1,1512.00,681.87,1214.06,710.54,0.298,0,25.12,154.72,1,palm,relative
217848.3623,1,1512.00,686.65,1216.19,714.45,0.302,0,53.73,185.80,1,palm,relative
217848.3957,1,1512.00,675.14,1216.45,714.67,0.323,0,37.81,190.49,1,palm,relative
217848.4290,1,1512.00,683.94,1216.45,714.67,0.329,0,25.94,183.31,1,palm,relative
217848.4624,1,1512.00,660.23,1216.45,714.67,0.314,0,62.08,212.25,1,palm,relative
217848.4957,1,1512.00,662.95,1216.45,714.67,0.313,0,29.41,208.51,1,palm,relative
217848.5624,1,1512.00,663.92,1216.45,714.67,0.334,0,38.58,180.75,1,palm,relative
217848.5958,1,1512.00,642.78,1216.45,714.67,0.355,0,39.15,186.76,1,palm,relative
217848.6291,1,1512.00,679.23,1216.45,714.67,0.314,0,57.33,210.98,1,palm,relative
217848.6625,1,1512.00,671.44,1216.45,714.67,0.337,0,47.20,225.10,1,palm,relative
217848.7292,1,1512.00,677.33,1216.45,714.67,0.343,0,25.89,184.56,1,palm,relative
217848.7625,1,1512.00,702.89,1216.45,714.67,0.319,0,33.90,185.33,1,palm,relative
217848.7959,1,1512.00,706.62,1216.45,714.67,0.309,0,31.70,183.88,1,palm,relative
217848.8292,1,1512.00,728.83,1216.45,714.67,0.284,0,36.24,186.97,1,palm,relative
217848.8626,1,1512.00,755.57,1216.45,714.67,0.284,0,59.59,213.46,1,palm,relative
217848.8959,1,1512.00,750.49,1216.45,714.67,0.259,0,35.29,215.60,1,palm,relative
217848.9626,1,1512.00,797.73,1221.67,734.55,0.284,0,28.68,177.75,1,palm,relative
217848.9960,1,1512.00,754.71,1221.67,734.55,0.280,0,31.48,176.15,1,palm,relative
217849.0293,1,1512.00,765.75,1221.99,734.64,0.293,0,37.11,180.12,1,palm,relative
217849.0627,1,1512.00,802.27,1226.47,738.73,0.244,0,74.89,221.88,1,palm,relative
217849.0960,1,1512.00,826.24,1232.68,746.58,0.226,0,50.97,239.72,1,palm,relative
217849.1627,1,1512.00,814.57,1235.06,748.04,0.260,0,35.28,208.50,1,palm,relative
217849.2294,1,1512.00,813.80,1235.06,748.04,0.254,0,34.83,176.84,1,palm,relative
217849.2628,1,1512.00,786.52,1235.06,748.04,0.246,0,15.79,160.30,1,palm,relative
217849.2961,1,1512.00,766.68,1235.06,748.04,0.258,0,28.29,157.25,1,palm,relative
217849.3295,1,1512.00,725.28,1234.84,744.23,0.558,0,46.91,175.79,1,palm,relative
217849.3628,1,1512.00,660.19,1235.27,680.67,0.456,0,40.35,183.15,1,palm,relative
217849.3962,1,1512.00,628.14,1231.17,579.27,0.313,0,30.01,180.06,1,palm,relative
217849.4295,1,1512.00,665.39,1230.41,575.47,0.399,0,29.15,176.54,1,palm,relative
217849.4629,1,1512.00,782.01,1227.18,590.20,0.216,0,43.82,187.24,1,palm,relative
217849.4962,1,1512.00,772.52,1224.64,593.44,0.223,0,30.87,185.25,1,palm,relative
217849.5296,1,1512.00,742.52,1223.77,593.68,0.232,0,32.19,184.19,1,palm,relative
217849.5629,1,1512.00,749.11,1221.32,594.34,0.245,0,41.42,192.50,1,palm,relative
217849.5963,1,1512.00,726.82,1219.49,594.15,0.238,0,27.39,186.73,1,palm,relative
217849.6296,1,1512.00,725.75,1217.66,593.96,0.219,0,32.93,186.55,1,palm,relative
217849.6630,1,1512.00,724.23,1215.41,593.73,0.215,0,52.91,206.36,1,palm,relative
217849.6963,1,1512.00,743.82,1214.33,593.97,0.202,0,44.45,217.66,1,palm,relative
217849.7630,1,1512.00,724.48,1214.33,593.97,0.218,0,34.63,185.80,1,palm,relative
217849.7964,1,1512.00,734.33,1214.33,593.97,0.184,0,32.89,185.64,1,palm,relative
217849.8297,1,1512.00,706.78,1214.33,593.97,0.210,0,64.27,216.85,1,palm,relative
217849.8631,1,1512.00,709.97,1214.33,593.97,0.207,0,41.93,225.85,1,palm,relative
217849.9298,1,1512.00,694.40,1214.33,593.97,0.160,0,21.72,181.19,1,palm,relative
217849.9631,1,1512.00,701.54,1214.33,593.97,0.184,0,28.30,176.36,1,palm,relative
217849.9965,1,1512.00,686.02,1214.33,593.97,0.190,0,41.54,184.78,1,palm,relative
217850.0298,1,1512.00,681.71,1214.33,593.97,0.193,0,35.20,186.90,1,palm,relative
217850.0632,1,1512.00,685.60,1214.33,593.97,0.165,0,33.04,186.80,1,palm,relative
217850.0965,1,1512.00,682.62,1214.33,593.97,0.144,0,106.86,260.58,1,palm,relative
217850.1299,1,1512.00,651.43,1214.33,593.97,0.131,0,22.60,250.30,1,palm,relative
217850.2299,1,1458.66,391.34,785.27,29.55,0.232,0,28.73,179.15,1,palm,relative
217850.2633,1,1401.03,234.50,638.95,0.00,0.235,0,34.69,180.69,1,palm,relative
217850.2966,1,1384.88,132.43,638.95,0.00,0.198,0,66.50,214.13,1,palm,relative
217850.3300,1,1319.43,16.12,521.83,0.00,0.219,0,31.74,212.74,1,palm,relative
217850.3967,1,1353.26,0.00,521.83,0.00,0.198,0,35.54,181.86,1,palm,relative
217850.4300,1,1360.91,0.00,508.80,0.00,0.207,0,61.65,210.50,1,palm,relative
217850.4634,1,1383.64,0.00,508.80,0.00,0.210,0,51.07,228.69,1,palm,relative
217850.5301,1,1384.00,27.71,508.80,0.00,0.197,0,28.46,190.79,1,palm,relative
217850.5634,1,1399.47,0.00,508.80,0.00,0.200,0,33.51,191.51,1,palm,relative
217850.5968,1,1376.02,18.98,508.80,0.00,0.195,0,36.80,195.24,1,palm,relative
217850.6301,1,1369.54,22.09,508.80,0.00,0.202,0,29.52,191.70,1,palm,relative
217850.6635,1,1336.22,5.68,508.80,0.00,0.191,0,30.31,188.87,1,palm,relative
217850.6968,1,1329.24,0.00,508.80,0.00,0.190,0,32.49,188.21,1,palm,relative
217850.7302,1,1349.48,8.54,508.80,0.00,0.198,0,35.78,190.77,1,palm,relative
217850.7635,1,1386.91,0.00,508.80,0.00,0.209,0,27.77,185.33,1,palm,relative
217850.7969,1,1429.70,0.00,508.80,0.00,0.208,0,32.95,185.25,1,palm,relative
217850.8302,1,1432.49,0.00,508.80,0.00,0.209,0,33.24,185.38,1,palm,relative
217850.8636,1,1448.85,0.00,508.80,0.00,0.228,0,59.23,212.03,1,palm,relative
217850.8969,1,1432.66,0.00,508.80,0.00,0.275,0,101.55,280.73,1,palm,relative
217850.9636,1,1376.30,0.00,508.80,0.00,0.292,0,59.75,274.24,1,palm,relative
217851.0637,1,1314.28,0.00,508.80,0.00,0.195,0,33.81,208.31,1,palm,relative
217851.1304,1,1262.33,0.00,486.83,0.00,0.205,0,47.54,189.51,1,palm,relative
217851.1637,1,1317.33,0.00,486.83,0.00,0.193,0,31.98,188.39,1,palm,relative
217851.1971,1,1349.63,0.00,486.83,0.00,0.176,0,34.93,190.30,1,palm,relative
217851.2304,1,1395.62,0.00,486.83,0.00,0.116,0,39.40,196.58,1,palm,relative
217851.2638,1,1416.20,0.00,486.83,0.00,0.154,0,56.58,220.00,1,palm,relative
217851.2971,1,1412.88,0.00,486.83,0.00,0.147,0,29.16,215.93,1,palm,relative
217851.3638,1,1391.10,0.00,486.83,0.00,0.142,0,35.56,184.93,1,palm,relative
217851.3972,1,1386.14,0.00,486.83,0.00,0.134,0,40.94,193.03,1,palm,relative
217851.4305,1,1372.63,0.00,486.83,0.00,0.140,0,33.53,193.42,1,palm,relative
217851.4639,1,1373.73,0.00,486.83,0.00,0.132,0,49.33,209.63,1,palm,relative
217851.4972,1,1373.39,0.00,486.83,0.00,0.144,0,43.56,220.17,1,palm,relative
217851.5639,1,1391.54,0.00,486.83,0.00,0.185,0,31.50,185.25,1,palm,relative
217851.5973,1,1404.17,0.00,486.83,0.00,0.206,0,33.23,185.35,1,palm,relative
217851.6306,1,1420.97,0.00,487.83,2.79,0.216,0,34.90,187.03,1,palm,relative
217851.6640,1,1451.46,0.00,490.86,9.20,0.236,0,35.44,189.39,1,palm,relative
217851.6973,1,1471.47,0.00,498.54,27.09,0.222,0,42.83,199.08,1,palm,relative
217851.7307,1,1493.73,0.00,509.82,50.86,0.220,0,43.17,209.05,1,palm,relative
217851.7640,1,1512.00,0.00,524.51,70.62,0.220,0,40.33,216.25,1,palm,relative
217851.8307,1,1512.00,0.00,575.43,130.51,0.207,0,38.04,187.87,1,palm,relative
217851.8641,1,1512.00,0.00,625.29,172.29,0.211,0,30.80,185.76,1,palm,relative
217851.8974,1,1512.00,0.00,625.29,172.29,0.194,0,44.44,197.02,1,palm,relative
217851.9308,1,1512.00,0.00,625.29,172.29,0.178,0,63.17,227.05,1,palm,relative
217851.9641,1,1512.00,0.00,717.26,102.87,0.303,0,56.25,250.21,1,palm,relative
217852.0308,1,1512.00,0.00,818.35,0.46,0.372,0,33.91,217.78,1,palm,relative
217852.0975,1,1512.00,0.00,834.97,0.00,0.362,0,59.67,211.04,1,palm,relative
217852.1309,1,1512.00,0.00,836.16,0.00,0.362,0,33.52,211.51,1,palm,relative
217852.1976,1,1512.00,0.00,836.16,0.00,0.347,0,31.56,176.50,1,palm,relative
217852.2309,1,1512.00,0.00,836.16,0.00,0.340,0,37.61,186.09,1,palm,relative
217852.2643,1,1512.00,0.00,836.61,0.05,0.354,0,55.00,208.02,1,palm,relative
217852.2976,1,1512.00,0.00,837.65,0.38,0.345,0,39.61,214.59,1,palm,relative
217852.3310,1,1512.00,0.00,837.65,0.38,0.350,0,99.25,281.01,1,palm,relative
217852.3977,1,1512.00,0.00,837.65,0.38,0.363,0,36.06,250.74,1,palm,relative
217852.4977,1,1512.00,0.00,837.65,0.38,0.343,0,28.63,179.55,1,palm,relative
217852.5311,1,1512.00,0.00,837.65,0.38,0.369,0,34.36,180.78,1,palm,relative
217852.5644,1,1512.00,0.00,837.65,0.38,0.372,0,48.89,196.64,1,palm,relative
217852.5978,1,1512.00,0.00,837.65,0.38,0.353,0,27.42,191.02,1,palm,relative
217852.6311,1,1512.00,0.00,837.65,0.38,0.364,0,34.96,192.91,1,palm,relative
217852.6645,1,1512.00,0.00,837.65,0.38,0.357,0,25.38,185.33,1,palm,relative
217852.6978,1,1512.00,0.00,837.65,0.38,0.367,0,31.60,183.80,1,palm,relative
217852.7312,1,1512.00,0.00,837.65,0.38,0.359,0,38.13,188.75,1,palm,relative
217852.7645,1,1512.00,0.00,837.65,0.38,0.356,0,31.82,187.46,1,palm,relative
217852.7979,1,1512.00,0.00,837.65,0.38,0.340,0,39.34,194.64,1,palm,relative
217852.8312,1,1512.00,0.00,837.65,0.38,0.348,0,35.80,197.33,1,palm,relative
217852.8646,1,1512.00,0.00,837.65,0.38,0.296,0,22.25,186.54,1,palm,relative
217852.8979,1,1512.00,0.00,837.65,0.38,0.250,0,34.05,187.54,1,palm,relative
217852.9313,1,1512.00,8.95,837.65,0.38,0.169,0,35.03,189.43,1,palm,relative
217852.9646,1,1512.00,14.59,846.44,97.07,,0,30.42,186.70,1,palm,relative
217852.9980,0,846.44,97.07,846.44,97.07,,0,33.25,186.71,1,palm,relative
217853.0313,1,1512.00,0.00,851.15,104.93,,0,36.09,189.69,1,palm,relative
217853.0647,1,1512.00,0.00,851.15,104.93,,0,34.31,190.85,1,palm,relative
217853.0980,1,1512.00,0.00,851.15,104.93,0.198,0,31.95,190.02,1,palm,relative
217853.1314,1,1512.00,0.00,851.15,104.93,0.218,0,28.80,185.67,1,palm,relative
217853.1647,1,1512.00,0.00,851.15,104.93,0.223,0,35.99,188.62,1,palm,relative
217853.1981,1,1512.00,0.00,851.15,104.93,0.210,0,31.27,186.74,1,palm,relative
217853.2314,1,1512.00,0.00,851.15,104.93,0.192,0,65.34,219.03,1,palm,relative
217853.2648,1,1512.00,0.00,851.15,104.93,0.203,0,26.13,212.02,1,palm,relative
217853.3315,1,1512.00,0.00,851.15,104.93,0.232,0,30.43,175.99,1,palm,relative
217853.3648,1,1512.00,0.00,851.15,104.93,0.215,0,42.40,185.23,1,palm,relative
217853.3982,1,1512.00,0.00,851.15,104.93,,0,35.40,187.49,1,palm,relative
217853.4315,0,851.15,104.93,851.15,104.93,,0,31.56,185.95,1,palm,relative
217853.4649,1,1512.00,0.00,603.05,0.00,0.639,0,32.35,185.22,1,palm,relative
217853.4982,1,1512.00,23.60,516.56,99.73,0.407,0,30.95,183.04,1,palm,relative
217853.5316,1,1512.00,17.69,417.07,211.54,0.394,0,39.98,189.99,1,palm,relative
217853.5649,1,1512.00,55.38,306.54,348.23,0.348,0,28.32,186.53,1,palm,relative
217853.5983,1,1512.00,82.56,170.34,479.63,0.324,0,29.54,182.92,1,palm,relative
217853.6316,1,1512.00,71.63,94.54,535.45,0.290,0,38.05,187.85,1,palm,relative
217853.6650,1,1512.00,63.18,85.05,540.98,0.288,0,32.97,187.59,1,palm,relative
217853.6983,1,1512.00,64.71,83.34,542.19,0.263,0,26.47,180.80,1,palm,relative
217853.7317,1,1512.00,64.17,83.34,542.19,0.264,0,13.91,161.47,1,palm,relative
217853.7650,1,1512.00,55.61,83.34,542.19,0.255,0,27.55,156.20,1,palm,relative
217853.7984,1,1512.00,59.34,83.34,542.19,0.249,0,94.08,221.43,1,palm,relative
217853.8317,1,1512.00,46.29,83.34,542.19,0.253,0,29.68,218.12,1,palm,relative
217853.8984,1,1512.00,58.91,83.34,542.19,0.244,0,28.97,180.64,1,palm,relative
217853.9318,1,1512.00,52.65,83.34,542.19,0.243,0,33.82,181.32,1,palm,relative
217853.9651,1,1512.00,55.73,83.34,542.19,0.243,0,75.80,223.99,1,palm,relative
217853.9985,1,1512.00,59.44,83.34,542.19,0.240,0,32.97,224.14,1,palm,relative
217854.0652,1,1512.00,56.46,83.34,542.19,0.244,0,36.11,193.85,1,palm,relative
217854.0985,1,1512.00,74.22,83.34,542.19,0.228,0,52.26,212.98,1,palm,relative
217854.1319,1,1512.00,63.92,83.34,542.19,0.230,0,15.70,195.74,1,palm,relative
217854.1986,1,1512.00,60.22,83.34,542.19,0.223,0,26.24,155.50,1,palm,relative
217854.2319,1,1512.00,58.79,83.34,542.19,0.237,0,30.21,152.58,1,palm,relative
217854.2653,1,1512.00,47.57,83.34,542.19,0.238,0,35.67,161.29,1,palm,relative
217854.2986,1,1512.00,66.16,83.34,542.19,0.239,0,28.14,156.33,1,palm,relative
217854.3320,1,1512.00,52.08,83.34,542.19,0.257,0,30.81,155.09,1,palm,relative
217854.3653,1,1512.00,53.43,83.34,542.19,0.242,0,47.51,170.10,1,palm,relative
217854.3987,1,1512.00,66.69,83.34,542.19,0.214,0,42.35,179.97,1,palm,relative
217854.4320,1,1512.00,75.77,83.34,542.19,0.288,0,90.83,237.70,1,palm,relative
217854.4654,1,1512.00,83.63,83.34,542.19,0.382,0,38.08,242.68,1,palm,relative
217854.5654,0,83.34,542.19,83.34,542.19,,0,36.68,179.64,1,palm,relative
217854.5988,0,83.34,542.19,83.34,542.19,,0,45.96,192.59,1,palm,relative
217854.6321,1,1512.00,0.00,661.65,0.00,0.206,0,33.63,193.44,1,palm,relative
217854.6988,0,661.65,0.00,661.65,0.00,,0,28.76,155.82,1,palm,relative
217854.7322,1,1512.00,0.00,742.73,0.00,0.857,0,28.36,150.93,1,palm,relative
217854.7655,1,1512.00,0.00,747.53,0.00,0.857,0,28.81,153.24,1,palm,relative
217854.7989,1,1512.00,0.00,752.78,2.80,0.890,0,60.25,180.26,1,palm,relative
217854.8322,1,1512.00,0.00,752.88,2.83,0.891,0,47.43,194.59,1,palm,relative
217854.8656,1,1512.00,0.00,753.72,4.13,0.918,0,51.22,212.61,1,palm,relative
217854.9323,1,1512.00,0.00,753.72,4.13,0.931,0,38.70,184.82,1,palm,relative
217854.9656,1,1512.00,0.00,754.15,4.53,0.897,0,28.10,179.81,1,palm,relative
217854.9990,1,1512.00,0.00,754.15,4.53,0.942,0,34.41,181.10,1,palm,relative
217855.0323,1,1512.00,0.00,754.15,4.51,0.959,0,60.51,208.56,1,palm,relative
217855.0657,1,1512.00,0.00,754.15,4.51,0.897,0,21.37,196.75,1,palm,relative
217855.1324,1,1512.00,0.00,754.15,4.51,0.871,0,29.09,159.36,1,palm,relative
217855.1657,1,1512.00,0.00,754.24,5.71,0.856,0,33.68,160.66,1,palm,relative
217855.1991,1,1512.00,0.00,761.91,68.40,0.845,0,23.97,151.72,1,palm,relative
217855.2324,1,1512.00,0.00,762.57,73.53,0.877,0,36.95,163.03,1,palm,relative
217855.2658,1,1512.00,0.00,762.56,73.59,0.838,0,56.56,186.39,1,palm,relative
217855.2991,1,1512.00,0.00,762.56,73.59,0.880,0,61.07,214.35,1,palm,relative
217855.3325,1,1512.00,0.00,762.56,73.59,0.876,0,47.39,228.74,1,palm,relative
217855.3992,1,1512.00,0.00,762.56,73.59,0.840,0,51.88,214.23,1,palm,relative
217855.4325,1,1512.00,0.00,762.45,71.82,0.852,0,25.25,206.69,1,palm,relative
217855.4992,1,1512.00,0.00,762.45,71.82,0.837,0,19.78,159.98,1,palm,relative
217855.5326,1,1512.00,0.00,762.26,75.84,0.854,0,23.82,150.90,1,palm,relative
217855.5659,1,1512.00,0.00,762.26,75.84,0.842,0,61.40,186.59,1,palm,relative
217855.5993,1,1512.00,0.00,761.79,74.82,0.872,0,38.53,192.00,1,palm,relative
217855.6326,1,1512.00,0.00,761.79,74.82,0.861,0,47.40,206.29,1,palm,relative
217855.6993,1,1512.00,0.00,761.79,74.82,0.848,0,37.98,177.78,1,palm,relative
217855.7327,1,1512.00,0.00,761.79,74.82,0.837,0,37.87,182.59,1,palm,relative
217855.7660,1,1512.00,0.00,761.79,74.82,0.849,0,64.52,214.10,1,palm,relative
217855.7994,1,1512.00,0.00,761.79,74.82,0.859,0,23.79,204.65,1,palm,relative
217855.8661,1,1512.00,0.00,761.79,74.82,0.845,0,37.69,175.76,1,palm,relative
217855.8994,1,1512.00,0.00,761.79,74.82,0.855,0,52.77,195.84,1,palm,relative
217855.9328,1,1512.00,0.00,761.79,74.82,0.839,0,53.25,215.99,1,palm,relative
217855.9661,1,1512.00,0.00,761.79,74.82,0.884,0,41.06,224.03,1,palm,relative
217856.0328,1,1512.00,0.00,761.79,74.82,0.885,0,34.13,191.69,1,palm,relative
217856.0662,1,1512.00,0.00,761.79,74.82,0.844,0,31.30,189.81,1,palm,relative
217856.0995,1,1512.00,0.00,761.79,74.82,0.857,0,28.74,185.41,1,palm,relative
217856.1329,1,1512.00,0.00,761.79,74.82,0.836,0,34.73,186.88,1,palm,relative
217856.1662,1,1512.00,0.00,761.79,74.82,0.842,0,35.26,189.09,1,palm,relative
217856.1996,1,1512.00,0.00,761.79,74.82,0.801,0,35.89,191.86,1,palm,relative
217856.2329,1,1512.00,0.00,761.79,74.82,0.828,0,28.68,187.34,1,palm,relative
217856.2663,1,1512.00,0.00,761.79,74.82,0.789,0,30.72,184.92,1,palm,relative
217856.2996,1,1512.00,0.00,761.79,74.82,0.766,0,32.59,184.48,1,palm,relative
217856.3330,1,1512.00,0.00,761.79,74.82,0.766,0,33.52,185.13,1,palm,relative
217856.3663,1,1512.00,0.00,761.79,74.82,0.730,0,30.72,182.80,1,palm,relative
217856.3997,1,1512.00,0.00,761.79,74.82,0.675,0,40.02,189.79,1,palm,relative
217856.4330,1,1512.00,0.00,763.30,90.13,0.666,0,28.57,185.13,1,palm,relative
217856.4664,1,1512.00,0.00,762.58,96.21,0.676,0,32.08,184.10,1,palm,relative
217856.4997,1,1512.00,0.00,761.89,101.97,0.690,0,26.02,177.00,1,palm,relative
217856.5331,1,1512.00,0.00,761.89,101.97,0.683,0,34.66,178.50,1,palm,relative
217856.5664,1,1512.00,0.00,761.89,101.97,0.673,0,36.19,181.58,1,palm,relative
217856.5998,1,1512.00,0.00,759.73,99.48,0.686,0,24.59,172.93,1,palm,relative
217856.6331,1,1512.00,0.00,759.05,98.55,0.674,0,38.91,178.78,1,palm,relative
217856.6665,1,1512.00,0.00,758.77,98.37,0.689,0,11.80,157.43,1,palm,relative
217856.6998,1,1512.00,0.00,758.77,98.37,0.709,0,17.14,152.69,1,palm,relative
217856.7332,1,1512.00,0.00,758.77,98.37,0.701,0,23.45,157.07,1,palm,relative
217856.7665,1,1512.00,0.00,758.77,98.37,0.703,0,28.27,162.03,1,palm,relative
217856.7999,1,1512.00,0.00,758.77,98.37,0.684,0,24.85,158.01,1,palm,relative
217856.8332,1,1512.00,0.00,758.49,95.49,0.674,0,24.26,159.76,1,palm,relative
217856.8666,1,1512.00,0.00,758.25,90.40,0.672,0,37.58,172.78,1,palm,relative
217856.8999,1,1512.00,0.00,758.25,90.40,0.619,0,45.87,185.50,1,palm,relative
217856.9333,1,1512.00,0.00,758.25,90.40,0.598,0,35.11,187.47,1,palm,relative
217856.9666,1,1512.00,0.00,757.57,83.83,0.638,0,33.84,188.32,1,palm,relative
217857.0000,1,1512.00,0.00,757.57,83.83,0.615,0,28.88,184.12,1,palm,relative
217857.0333,1,1512.00,0.00,757.56,83.80,0.583,0,63.77,214.76,1,palm,relative
217857.0667,1,1512.00,0.00,757.56,83.80,0.566,0,37.69,219.45,1,palm,relative
217857.1334,1,1512.00,0.00,757.56,83.80,0.510,0,30.11,183.10,1,palm,relative
217857.1667,1,1512.00,0.00,757.56,83.80,0.487,0,39.82,189.92,1,palm,relative
217857.2001,1,1512.00,0.00,757.61,85.65,0.481,0,36.16,192.87,1,palm,relative
217857.2334,1,1512.00,0.00,758.99,94.31,0.382,0,51.42,211.14,1,palm,relative
217857.2668,1,1512.00,0.00,765.09,142.67,0.361,0,31.54,209.57,1,palm,relative
217857.3335,1,1512.00,0.00,793.06,263.47,0.390,0,15.26,158.43,1,palm,relative
217857.3668,1,1512.00,0.00,804.36,291.15,0.349,0,74.22,213.44,1,palm,relative
217857.4002,1,1512.00,0.00,808.19,304.63,0.345,0,71.70,252.09,1,palm,relative
217857.4669,1,1512.00,0.00,808.56,304.80,0.350,0,43.09,228.88,1,palm,relative
217857.5336,1,1512.00,0.00,810.10,305.52,0.298,0,28.58,190.99,1,palm,relative
217857.5669,1,1512.00,0.00,810.10,305.52,0.321,0,23.62,181.73,1,palm,relative
217857.6003,1,1512.00,0.00,810.10,305.52,0.251,0,27.75,176.35,1,palm,relative
217857.6336,1,1512.00,0.00,810.10,305.52,0.247,0,36.29,179.53,1,palm,relative
217857.6670,1,1512.00,0.00,810.10,305.52,0.217,0,26.23,172.64,1,palm,relative
217857.7003,1,1512.00,0.00,810.10,305.52,0.204,0,17.15,156.72,1,palm,relative
217857.7337,1,1512.00,0.00,810.10,305.52,0.236,0,21.13,152.51,1,palm,relative
217857.7670,1,1512.00,0.00,810.10,305.52,0.207,0,24.13,159.60,1,palm,relative
217857.8004,1,1512.00,0.00,810.10,305.52,0.175,0,48.73,181.60,1,palm,relative
217857.8337,1,1512.00,0.00,810.10,305.52,0.194,0,43.32,191.85,1,palm,relative
217857.8671,1,1512.00,0.00,810.10,305.52,0.200,0,26.58,185.27,1,palm,relative
217857.9004,1,1512.00,0.00,810.10,305.52,0.162,0,39.12,191.15,1,palm,relative
217857.9338,1,1512.00,0.00,810.10,305.52,0.142,0,37.64,195.64,1,palm,relative
217857.9671,1,1512.00,0.00,810.10,305.52,0.190,0,28.86,191.42,1,palm,relative
217858.0005,1,1512.00,0.00,810.10,305.52,0.214,0,35.44,193.83,1,palm,relative
217858.0338,1,1512.00,0.00,810.10,305.52,0.189,0,31.17,191.86,1,palm,relative
217858.0672,1,1512.00,0.00,810.10,305.52,0.186,0,20.66,179.54,1,palm,relative
217858.1005,1,1512.00,0.00,810.10,305.52,0.190,0,34.33,180.83,1,palm,relative
217858.1339,1,1512.00,0.00,810.10,305.52,0.194,0,26.53,174.32,1,palm,relative
217858.1672,1,1512.00,0.00,810.10,305.52,0.215,0,16.54,157.71,1,palm,relative
217858.2006,1,1512.00,0.00,810.10,305.52,0.224,0,60.06,193.48,1,palm,relative
217858.2339,1,1512.00,0.00,810.10,305.52,0.195,0,57.00,217.40,1,palm,relative
217858.2673,1,1512.00,0.00,810.10,305.52,0.196,0,43.76,228.14,1,palm,relative
217858.3340,1,1512.00,0.00,810.10,305.52,0.210,0,34.58,196.28,1,palm,relative
217858.3673,1,1512.00,17.82,817.16,321.44,0.290,0,19.85,182.99,1,palm,relative
217858.4007,1,1512.00,91.63,862.48,443.59,0.376,0,26.19,175.93,1,palm,relative
217858.4340,1,1512.00,196.35,940.59,681.18,0.356,0,16.12,158.84,1,palm,relative
217858.4674,1,1512.00,246.35,1040.24,910.06,0.535,0,29.99,161.65,1,palm,relative
217858.5007,1,1512.00,359.02,1178.26,982.00,0.597,0,25.14,155.59,1,palm,relative
217858.5341,1,1512.00,416.72,1352.36,982.00,0.704,0,23.88,156.60,1,palm,relative
217858.5674,1,1512.00,540.45,1512.00,982.00,0.664,0,28.56,157.43,1,palm,relative
217858.6008,1,1512.00,610.55,1512.00,982.00,0.718,0,40.97,173.63,1,palm,relative
217858.6341,1,1512.00,657.59,1512.00,982.00,0.740,0,41.58,182.13,1,palm,relative
217858.6675,1,1512.00,731.74,1512.00,982.00,0.765,0,34.93,183.92,1,palm,relative
217858.7008,1,1512.00,843.89,1512.00,982.00,0.707,0,59.22,209.93,1,palm,relative
217858.7342,1,1512.00,949.50,1512.00,982.00,0.715,0,46.13,223.00,1,palm,relative
217858.8009,1,1512.00,982.00,1512.00,982.00,0.603,0,30.52,187.07,1,palm,relative
217858.8342,1,1512.00,982.00,1512.00,982.00,0.578,0,69.35,223.19,1,palm,relative
217858.8676,1,1512.00,982.00,1512.00,982.00,0.580,0,29.60,219.76,1,palm,relative
217858.9343,1,1512.00,931.36,1505.43,958.14,0.518,0,27.92,181.12,1,palm,relative
217858.9676,1,1512.00,872.01,1476.93,907.65,0.501,0,35.28,183.25,1,palm,relative
217859.0010,1,1512.00,845.99,1460.91,887.55,0.485,0,62.30,212.42,1,palm,relative
217859.0343,1,1512.00,774.14,1426.42,806.46,0.457,0,71.36,251.29,1,palm,relative
217859.1010,1,1512.00,739.56,1361.36,658.24,0.507,0,34.12,219.24,1,palm,relative
217859.1677,1,1512.00,713.01,1325.66,593.17,0.493,0,28.81,181.56,1,palm,relative
217859.2011,1,1512.00,690.11,1300.51,552.79,0.477,0,27.37,175.78,1,palm,relative
217859.2344,1,1512.00,684.74,1289.16,537.58,0.477,0,36.75,179.36,1,palm,relative
217859.2678,1,1512.00,697.39,1282.17,534.30,0.460,0,32.83,179.15,1,palm,relative
217859.3011,1,1512.00,659.41,1271.66,521.21,0.465,0,37.37,183.35,1,palm,relative
217859.3345,1,1512.00,682.83,1270.89,520.89,0.447,0,36.04,186.36,1,palm,relative
217859.3678,1,1512.00,662.00,1266.76,517.96,0.426,0,31.43,184.64,1,palm,relative
217859.4012,1,1512.00,654.11,1262.69,515.23,0.419,0,30.86,182.35,1,palm,relative
217859.4345,1,1512.00,674.34,1262.69,515.23,0.417,0,26.78,176.00,1,palm,relative
217859.4679,1,1512.00,654.97,1262.07,514.86,0.463,0,49.38,192.24,1,palm,relative
217859.5012,1,1512.00,689.88,1262.07,514.86,0.426,0,32.56,191.59,1,palm,relative
217859.5346,1,1512.00,678.84,1262.07,514.86,0.480,0,24.52,183.11,1,palm,relative
217859.5679,1,1512.00,722.81,1262.03,515.08,0.429,0,37.90,187.87,1,palm,relative
217859.6013,1,1512.00,723.36,1262.03,515.08,0.419,0,34.26,189.15,1,palm,relative
217859.6346,1,1512.00,761.97,1262.99,520.38,0.496,0,34.75,190.76,1,palm,relative
217859.6680,1,1512.00,786.27,1264.69,532.29,0.498,0,54.25,211.93,1,palm,relative
217859.7013,1,1512.00,806.16,1266.27,548.56,0.464,0,35.93,214.79,1,palm,relative
217859.7680,1,1512.00,846.34,1269.90,576.64,0.449,0,44.77,193.10,1,palm,relative
217859.8014,1,1512.00,842.61,1270.21,580.68,0.516,0,50.69,210.91,1,palm,relative
217859.8347,1,1512.00,878.94,1272.35,594.60,0.512,0,39.77,217.68,1,palm,relative
217859.9014,1,1512.00,919.26,1274.89,616.74,0.469,0,29.46,180.68,1,palm,relative
217859.9348,1,1512.00,947.73,1277.34,637.24,0.427,0,30.81,178.50,1,palm,relative
217859.9681,1,1512.00,981.91,1282.42,677.61,0.387,0,16.34,161.97,1,palm,relative
217860.0015,1,1512.00,982.00,1284.97,767.95,0.464,0,22.39,156.08,1,palm,relative
217860.0348,1,1512.00,982.00,1288.48,803.00,0.418,0,25.96,153.59,1,palm,relative
217860.0682,1,1512.00,982.00,1290.32,865.30,0.410,0,18.67,150.03,1,palm,relative
217860.1015,1,1512.00,982.00,1289.57,879.39,0.366,0,25.07,155.40,1,palm,relative
217860.1349,1,1512.00,982.00,1289.47,935.40,0.467,0,26.40,155.23,1,palm,relative
217860.1682,1,1512.00,982.00,1291.25,969.08,0.354,0,24.94,158.85,1,palm,relative
217860.2016,1,1512.00,982.00,1291.56,972.71,0.389,0,25.94,153.08,1,palm,relative
217860.2349,1,1512.00,982.00,1294.16,982.00,0.369,0,22.63,153.10,1,palm,relative
217860.2683,1,1512.00,982.00,1295.26,982.00,0.392,0,27.56,156.65,1,palm,relative
217860.3016,1,1512.00,982.00,1295.90,982.00,0.362,0,29.40,161.34,1,palm,relative
217860.3350,1,1512.00,982.00,1296.22,982.00,0.406,0,38.64,170.59,1,palm,relative
217860.3683,1,1512.00,982.00,1298.81,982.00,0.362,0,15.51,152.98,1,palm,relative
217860.4017,1,1512.00,982.00,1298.89,982.00,0.389,0,26.72,156.28,1,palm,relative
217860.4350,1,1512.00,982.00,1298.89,982.00,0.356,0,24.86,152.90,1,palm,relative
217860.4684,1,1512.00,982.00,1298.89,982.00,0.356,0,46.62,177.34,1,palm,relative
217860.5017,1,1512.00,982.00,1298.89,982.00,0.347,0,68.23,212.55,1,palm,relative
217860.5351,1,1512.00,982.00,1298.89,982.00,0.394,0,50.83,230.29,1,palm,relative
217860.6018,1,1512.00,982.00,1298.89,982.00,0.357,0,45.97,209.84,1,palm,relative
217860.6351,1,1512.00,982.00,1298.89,982.00,0.351,0,29.12,205.86,1,palm,relative
217860.7018,1,1512.00,982.00,1298.89,982.00,0.368,0,36.07,175.45,1,palm,relative
217860.7352,1,1512.00,982.00,1298.89,982.00,0.418,0,14.39,156.73,1,palm,relative
217860.7685,1,1512.00,982.00,1298.89,982.00,0.399,0,57.74,189.37,1,palm,relative
217860.8019,1,1512.00,982.00,1298.89,982.00,0.386,0,34.15,190.44,1,palm,relative
217860.8352,1,1512.00,982.00,1298.89,982.00,0.415,0,29.08,186.39,1,palm,relative
217860.8686,1,1512.00,982.00,1298.89,982.00,0.410,0,29.34,182.61,1,palm,relative
217860.9019,1,1512.00,982.00,1298.89,982.00,0.415,0,34.80,184.19,1,palm,relative
217860.9353,1,1512.00,982.00,1298.89,982.00,0.380,0,57.03,208.07,1,palm,relative
217860.9686,1,1512.00,982.00,1298.89,982.00,0.401,0,36.29,211.27,1,palm,relative
217861.0353,1,1512.00,982.00,1298.89,982.00,0.406,0,13.56,158.29,1,palm,relative
217861.0687,1,1512.00,982.00,1298.89,982.00,0.417,0,23.16,154.98,1,palm,relative
217861.1020,1,1512.00,982.00,1298.89,982.00,0.370,0,53.90,185.76,1,palm,relative
217861.1354,1,1512.00,982.00,1298.89,982.00,0.373,0,33.63,186.30,1,palm,relative
217861.1687,1,1512.00,982.00,1298.89,982.00,0.372,0,43.27,196.46,1,palm,relative
217861.2021,1,1512.00,982.00,1298.89,982.00,0.361,0,51.93,215.27,1,palm,relative
217861.2354,1,1512.00,982.00,1298.89,982.00,0.377,0,38.05,220.17,1,palm,relative
217861.3021,1,1512.00,982.00,1318.87,982.00,0.371,0,28.14,181.85,1,palm,relative
217861.3355,1,1512.00,982.00,1321.85,982.00,0.343,0,28.10,176.78,1,palm,relative
217861.3688,1,1512.00,982.00,1324.29,981.24,0.370,0,21.00,164.74,1,palm,relative
217861.4022,1,1512.00,982.00,1324.38,981.21,0.374,0,28.58,165.59,1,palm,relative
217861.4355,1,1512.00,982.00,1324.53,981.08,0.385,0,72.21,227.25,1,palm,relative
217861.5022,1,1512.00,982.00,1324.53,981.08,0.373,0,36.01,196.84,1,palm,relative
217861.5356,1,1512.00,982.00,1324.86,979.82,0.391,0,54.21,217.89,1,palm,relative
217861.6023,1,1512.00,982.00,1322.92,943.98,0.355,0,40.16,191.80,1,palm,relative
217861.6356,1,1512.00,982.00,1316.16,906.82,0.349,0,26.08,184.72,1,palm,relative
217861.6690,1,1512.00,982.00,1305.31,823.35,0.317,0,16.04,167.51,1,palm,relative
217861.7023,1,1512.00,982.00,1300.14,808.69,0.311,0,27.53,162.06,1,palm,relative
217861.7357,1,1512.00,982.00,1295.38,790.83,0.365,0,30.62,162.95,1,palm,relative
217861.7690,1,1512.00,982.00,1295.38,790.83,0.326,0,46.39,179.39,1,palm,relative
217861.8024,1,1512.00,982.00,1293.95,788.98,0.422,0,46.38,192.69,1,palm,relative
217861.8357,1,1512.00,978.98,1291.34,782.87,0.352,0,25.69,185.29,1,palm,relative
217861.8691,1,1512.00,982.00,1290.80,782.41,0.369,0,32.25,184.42,1,palm,relative
217861.9024,1,1512.00,982.00,1290.79,782.40,0.338,0,37.80,189.08,1,palm,relative
217861.9358,1,1512.00,982.00,1290.79,782.40,0.355,0,39.64,195.59,1,palm,relative
217861.9691,1,1512.00,982.00,1290.79,782.40,0.334,0,28.08,190.69,1,palm,relative
217862.0025,1,1512.00,982.00,1290.79,782.40,0.308,0,21.79,179.34,1,palm,relative
217862.0358,1,1512.00,982.00,1290.79,782.40,0.331,0,35.41,181.62,1,palm,relative
217862.0692,1,1512.00,982.00,1290.79,782.40,0.290,0,40.42,188.99,1,palm,relative
217862.1025,1,1512.00,982.00,1290.79,782.40,0.316,0,25.72,182.84,1,palm,relative
217862.1359,1,1512.00,982.00,1290.79,782.40,0.309,0,55.61,205.32,1,palm,relative
217862.1692,1,1512.00,982.00,1290.79,782.40,0.311,0,76.77,249.00,1,palm,relative
217862.2359,1,1512.00,982.00,1290.79,782.40,0.327,0,45.32,227.86,1,palm,relative
217862.3026,1,1512.00,982.00,1290.79,782.40,0.309,0,49.86,211.22,1,palm,relative
217862.3360,1,1512.00,982.00,1302.75,802.19,0.306,0,49.43,227.57,1,palm,relative
217862.4027,1,1512.00,982.00,1308.37,811.95,0.285,0,34.58,195.58,1,palm,relative
217862.4360,1,1512.00,982.00,1310.73,814.63,0.300,0,23.32,185.78,1,palm,relative
217862.4694,1,1512.00,982.00,1320.08,829.68,0.288,0,42.44,195.10,1,palm,relative
217862.5027,1,1512.00,982.00,1329.47,842.04,0.308,0,52.74,214.72,1,palm,relative
217862.5361,1,1512.00,982.00,1332.33,845.50,0.316,0,41.12,222.72,1,palm,relative
217862.6028,1,1512.00,982.00,1337.32,852.73,0.292,0,37.79,194.47,1,palm,relative
217862.6361,1,1512.00,982.00,1337.91,853.86,0.295,0,56.43,217.84,1,palm,relative
217862.6695,1,1512.00,982.00,1337.99,853.92,0.281,0,56.55,241.43,1,palm,relative
217862.7362,1,1512.00,982.00,1338.11,854.11,0.303,0,32.40,207.35,1,palm,relative
217862.8029,1,1512.00,982.00,1338.11,854.11,0.294,0,53.10,194.19,1,palm,relative
217862.8362,1,1512.00,982.00,1338.61,854.82,0.276,0,33.82,194.85,1,palm,relative
217862.8696,1,1512.00,982.00,1338.61,854.82,0.275,0,21.98,184.47,1,palm,relative
217862.9029,1,1512.00,982.00,1339.82,858.08,0.289,0,32.59,183.93,1,palm,relative
217862.9363,1,1512.00,982.00,1339.85,858.23,0.295,0,35.65,186.65,1,palm,relative
217862.9696,1,1512.00,982.00,1339.85,858.23,0.285,0,60.71,214.24,1,palm,relative
217863.0030,1,1512.00,982.00,1341.48,863.91,0.269,0,42.50,223.72,1,palm,relative
217863.0697,1,1512.00,982.00,1345.51,872.37,0.290,0,36.27,193.50,1,palm,relative
217863.1030,1,1512.00,982.00,1346.99,876.21,0.264,0,30.22,190.72,1,palm,relative
217863.1364,1,1512.00,982.00,1347.84,877.56,0.263,0,23.35,181.04,1,palm,relative
217863.1697,1,1512.00,982.00,1349.99,880.43,0.296,0,30.49,178.45,1,palm,relative
217863.2031,1,1512.00,982.00,1352.01,882.07,0.277,0,37.31,182.63,1,palm,relative
217863.2364,1,1512.00,982.00,1352.74,882.08,0.260,0,35.17,184.65,1,palm,relative
217863.2698,1,1512.00,982.00,1353.06,882.24,0.267,0,29.16,180.56,1,palm,relative
217863.3031,1,1512.00,982.00,1355.25,884.27,0.244,0,30.20,177.63,1,palm,relative
217863.3365,1,1512.00,982.00,1356.35,885.76,0.230,0,13.82,158.21,1,palm,relative
217863.3698,1,1512.00,982.00,1356.35,885.76,0.215,0,18.82,151.17,1,palm,relative
217863.4032,1,1512.00,982.00,1356.35,885.76,0.197,0,24.30,152.30,1,palm,relative
217863.4365,1,1512.00,982.00,1356.35,885.76,0.188,0,55.87,187.31,1,palm,relative
217863.4699,1,1512.00,982.00,1356.35,885.76,0.169,0,36.80,190.88,1,palm,relative
217863.5032,1,1512.00,982.00,1356.35,885.76,0.176,0,33.10,190.91,1,palm,relative
217863.5366,1,1512.00,982.00,1356.35,885.76,0.141,0,28.56,186.44,1,palm,relative
217863.5699,1,1512.00,982.00,1356.35,885.76,0.169,0,32.35,185.66,1,palm,relative
217863.6033,1,1512.00,982.00,1356.35,885.76,0.129,0,30.61,183.13,1,palm,relative
217863.6366,1,1512.00,982.00,1356.35,885.76,0.167,0,66.24,216.19,1,palm,relative
217863.6700,1,1512.00,982.00,1356.35,885.76,0.191,0,46.36,229.43,1,palm,relative
217863.7367,1,1512.00,982.00,1356.35,885.76,0.168,0,52.73,215.59,1,palm,relative
217863.8034,1,1512.00,982.00,1356.35,885.76,0.144,0,67.30,216.46,1,palm,relative
217863.8367,1,1512.00,982.00,1356.35,885.76,0.114,0,45.79,229.16,1,palm,relative
217863.9034,1,1512.00,982.00,1356.35,885.76,0.118,1,28.31,191.11,1,palm,relative
217863.9368,1,1512.00,982.00,1356.35,885.76,0.107,1,46.40,204.27,1,palm,relative
217863.9701,1,1512.00,982.00,1356.35,885.76,0.087,1,17.31,188.44,1,palm,relative
217864.0368,1,1512.00,982.00,1356.35,885.76,0.103,1,46.20,180.97,1,palm,relative
217864.0702,1,1512.00,982.00,1356.35,885.76,0.126,1,55.59,203.51,1,palm,relative
217864.1035,1,1512.00,982.00,1356.35,885.76,0.143,1,19.34,189.76,1,palm,relative
217864.1702,1,1512.00,982.00,1356.35,885.76,0.234,0,20.61,153.49,1,palm,relative
217864.2036,1,1512.00,982.00,1356.35,885.76,0.327,0,29.24,161.00,1,palm,relative
217864.2369,1,1512.00,982.00,1356.35,885.76,0.361,0,82.61,216.05,1,palm,relative
217864.2703,1,1512.00,982.00,1356.35,885.76,0.386,0,30.73,213.65,1,palm,relative
217864.3370,1,1512.00,982.00,1356.35,885.76,0.384,0,40.36,187.56,1,palm,relative
217864.3703,1,1512.00,982.00,1356.35,885.76,0.342,0,32.45,187.01,1,palm,relative
217864.4037,1,1512.00,982.00,1356.35,885.76,0.343,0,35.79,190.16,1,palm,relative
217864.4370,1,1512.00,982.00,1356.35,885.76,0.159,0,27.64,184.71,1,palm,relative
217864.4704,1,1512.00,982.00,1356.35,885.76,0.082,0,34.09,185.65,1,palm,relative
217864.5037,1,1512.00,982.00,1356.35,885.76,0.084,1,35.85,188.40,1,palm,relative
217864.5371,1,1512.00,982.00,1356.35,885.76,0.045,1,38.08,193.66,1,palm,relative
217864.5704,1,1512.00,982.00,1356.35,885.76,0.038,1,23.24,183.80,1,palm,relative
217864.6038,1,1512.00,982.00,1356.35,885.76,0.053,1,40.13,190.93,1,palm,relative
217864.6371,1,1512.00,982.00,1356.35,885.76,0.053,1,32.74,190.67,1,palm,relative
217864.6705,1,1512.00,982.00,1356.35,885.76,0.070,1,56.13,213.76,1,palm,relative
217864.7038,1,1512.00,982.00,1356.35,885.76,0.059,1,69.77,250.55,1,palm,relative
217864.7705,1,1512.00,982.00,1356.35,885.76,0.054,1,45.84,229.96,1,palm,relative
217864.8372,1,1512.00,982.00,1356.35,885.76,0.307,0,31.40,194.94,1,palm,relative
217864.9039,1,1512.00,982.00,1211.26,713.17,0.869,0,45.81,174.86,1,palm,relative
217864.9373,1,1512.00,982.00,1047.06,472.61,0.777,0,42.04,183.78,1,palm,relative
217864.9706,1,1512.00,982.00,837.69,179.11,0.574,0,65.37,216.00,1,palm,relative
217865.0040,1,1512.00,957.80,562.46,0.00,0.620,0,63.25,246.23,1,palm,relative
217865.0707,1,1512.00,616.32,12.82,0.00,0.786,0,28.70,208.64,1,palm,relative
217865.1374,1,1512.00,331.84,0.00,0.00,0.692,0,38.05,180.19,1,palm,relative
217865.1707,1,1512.00,236.55,0.00,0.00,0.684,0,44.73,191.83,1,palm,relative
217865.2041,1,1512.00,127.79,0.00,0.00,0.642,0,48.23,207.12,1,palm,relative
217865.2374,1,1512.00,59.62,0.00,0.00,0.621,0,20.18,194.26,1,palm,relative
217865.3041,1,1512.00,0.00,0.00,0.00,0.560,0,47.51,176.69,1,palm,relative
217865.3375,1,1512.00,0.00,0.00,0.00,0.504,0,44.93,188.56,1,palm,relative
217865.3708,1,1512.00,0.00,0.00,0.00,0.499,0,58.38,213.74,1,palm,relative
217865.4042,1,1512.00,0.00,0.00,0.00,0.523,0,66.60,247.26,1,palm,relative
217865.4709,1,1512.00,0.00,0.00,2.60,0.544,0,39.03,219.85,1,palm,relative
217865.5376,1,1512.00,4.33,0.00,11.01,0.562,0,31.57,184.95,1,palm,relative
217865.5709,1,1512.00,2.41,0.29,11.41,0.574,0,37.69,189.99,1,palm,relative
217865.6043,1,1512.00,133.37,17.17,50.84,0.539,0,33.01,189.94,1,palm,relative
217865.6376,1,1512.00,197.10,69.51,229.04,0.667,0,28.18,185.01,1,palm,relative
217865.6710,1,1512.00,328.45,215.28,566.87,0.564,0,28.68,180.57,1,palm,relative
217865.7043,1,1512.00,441.02,492.41,969.22,0.526,0,32.46,179.81,1,palm,relative
217865.7377,1,1512.00,595.03,790.14,982.00,0.605,0,47.05,193.75,1,palm,relative
217865.7710,1,1512.00,746.51,1107.83,982.00,,0,29.08,189.70,1,palm,relative
217865.8044,1,1512.00,854.64,1407.77,982.00,0.642,0,24.35,180.81,1,palm,relative
217865.8377,1,1512.00,959.29,1512.00,982.00,0.436,0,32.83,180.72,1,palm,relative
217865.8711,1,1512.00,982.00,1512.00,982.00,0.435,0,64.30,211.90,1,palm,relative
217865.9044,1,1512.00,982.00,1512.00,982.00,0.403,0,42.68,221.49,1,palm,relative
217865.9711,1,1512.00,982.00,1512.00,982.00,0.313,0,57.81,212.92,1,palm,relative
217866.0045,1,1512.00,982.00,1512.00,979.99,0.245,0,44.26,224.04,1,palm,relative
217866.0712,1,1512.00,982.00,1512.00,979.99,0.149,0,33.91,191.53,1,palm,relative
217866.1045,1,1512.00,982.00,1512.00,979.99,0.133,0,29.51,187.93,1,palm,relative
217866.1379,1,1512.00,982.00,1512.00,979.99,0.122,0,30.89,186.05,1,palm,relative
217866.1712,1,1512.00,982.00,1512.00,979.99,0.124,1,29.51,182.37,1,palm,relative
217866.2046,1,1512.00,982.00,1512.00,982.00,0.130,1,27.65,176.79,1,palm,relative
217866.2379,1,1512.00,982.00,1512.00,982.00,0.115,1,37.66,181.30,1,palm,relative
217866.2713,1,1512.00,982.00,1512.00,982.00,0.261,0,50.76,199.01,1,palm,relative
217866.3046,1,1512.00,982.00,1512.00,982.00,0.380,0,47.35,213.58,1,palm,relative
217866.3380,1,1512.00,982.00,1512.00,982.00,0.448,0,39.78,220.51,1,palm,relative
217866.4047,1,1512.00,982.00,1512.00,982.00,0.489,0,35.84,189.77,1,palm,relative
217866.4380,1,1512.00,982.00,1512.00,982.00,0.481,0,92.17,248.90,1,palm,relative
217866.4714,1,1512.00,982.00,1512.00,982.00,0.445,0,29.78,245.46,1,palm,relative
217866.5714,1,1512.00,982.00,1512.00,982.00,0.177,0,37.65,183.39,1,palm,relative
217866.6048,1,1512.00,982.00,1512.00,982.00,0.142,0,36.03,186.29,1,palm,relative
217866.6381,1,1512.00,982.00,1512.00,982.00,0.130,0,56.53,209.68,1,palm,relative
217866.6715,1,1512.00,982.00,1512.00,982.00,0.151,0,37.24,213.80,1,palm,relative
217866.7382,1,1512.00,982.00,1512.00,982.00,0.140,0,26.86,174.21,1,palm,relative
217866.7715,1,1512.00,982.00,1512.00,982.00,0.145,0,17.95,159.04,1,palm,relative
217866.8049,1,1512.00,982.00,1512.00,982.00,0.146,0,26.56,162.99,1,palm,relative
217866.8382,1,1512.00,982.00,1512.00,982.00,0.253,0,20.83,158.13,1,palm,relative
217866.8716,1,1512.00,982.00,1512.00,982.00,0.397,0,16.35,153.29,1,palm,relative
217866.9049,1,1512.00,982.00,1512.00,982.00,0.430,0,35.47,175.86,1,palm,relative
217866.9383,1,1512.00,982.00,1512.00,982.00,0.468,0,57.42,200.13,1,palm,relative
217866.9716,1,1512.00,982.00,1511.96,981.92,0.472,0,49.37,216.48,1,palm,relative
217867.0050,1,1512.00,982.00,1509.23,977.17,0.495,0,70.71,254.23,1,palm,relative
217867.0717,1,1512.00,982.00,1479.04,940.26,0.517,0,31.79,220.08,1,palm,relative
217867.1384,1,1512.00,940.48,1364.80,740.10,0.439,0,35.25,188.86,1,palm,relative
217867.1717,1,1512.00,944.04,1276.86,674.25,0.477,0,29.77,185.50,1,palm,relative
217867.2051,1,1512.00,856.07,1114.21,512.46,0.502,0,62.43,215.02,1,palm,relative
217867.2384,1,1512.00,790.60,957.51,316.71,0.535,0,28.00,209.89,1,palm,relative
217867.3051,1,1512.00,667.97,568.84,0.00,0.531,0,15.97,159.48,1,palm,relative
217867.3385,1,1512.00,662.78,411.92,0.00,0.549,0,18.11,156.86,1,palm,relative
217867.3718,1,1512.00,648.26,274.54,0.00,0.516,0,18.26,157.71,1,palm,relative
217867.4052,1,1512.00,632.16,177.00,0.00,0.506,0,22.55,162.13,1,palm,relative
217867.4385,1,1512.00,633.86,153.72,0.00,0.451,0,24.63,159.50,1,palm,relative
217867.4719,1,1512.00,653.35,150.41,0.17,0.327,0,44.18,184.93,1,palm,relative
217867.5052,1,1512.00,633.01,150.41,0.17,0.057,0,31.76,183.67,1,palm,relative
217867.5386,1,1512.00,613.44,150.41,0.17,0.104,1,37.78,188.21,1,palm,relative
217867.5719,1,1512.00,653.16,150.40,0.18,0.134,1,34.33,189.54,1,palm,relative
217867.6053,1,1512.00,642.30,150.40,0.18,0.118,1,29.68,186.08,1,palm,relative
217867.6386,1,1512.00,655.36,150.40,0.18,0.164,1,66.53,219.49,1,palm,relative
217867.6720,1,1512.00,654.98,150.40,0.18,0.222,0,34.47,221.05,1,palm,relative
217867.7387,1,1512.00,682.52,150.40,0.18,0.233,0,34.52,189.12,1,palm,relative
217867.7720,1,1512.00,700.27,150.40,0.18,0.349,0,55.56,211.57,1,palm,relative
217867.8054,1,1512.00,704.95,150.26,0.41,0.438,0,31.96,210.55,1,palm,relative
217867.8721,1,1512.00,736.73,148.86,4.81,0.450,0,39.62,183.79,1,palm,relative
217867.9054,1,1512.00,746.01,147.63,7.69,0.451,0,45.75,196.54,1,palm,relative
217867.9388,1,1512.00,745.15,147.07,8.57,0.457,0,31.73,195.11,1,palm,relative
217867.9721,1,1512.00,791.19,146.74,19.14,0.468,0,32.60,195.19,1,palm,relative
217868.0055,1,1512.00,775.41,146.39,20.12,0.450,0,45.17,207.24,1,palm,relative
217868.0388,1,1512.00,796.33,145.96,23.68,0.451,0,56.58,230.75,1,palm,relative
217868.0722,1,1512.00,808.86,144.84,27.42,0.430,0,43.42,241.12,1,palm,relative
217868.1389,1,1512.00,810.43,144.76,27.53,0.421,0,43.78,218.39,1,palm,relative
217868.2056,1,1512.00,773.10,144.63,27.46,0.394,0,30.55,182.50,1,palm,relative
217868.2389,1,1512.00,755.73,144.63,27.46,0.115,0,37.14,186.52,1,palm,relative
217868.2723,1,1512.00,739.88,144.63,27.46,0.164,0,30.42,183.92,1,palm,relative
217868.3056,1,1512.00,754.23,144.63,27.46,0.071,0,34.36,185.17,1,palm,relative
217868.3390,1,1512.00,756.39,144.63,27.46,0.152,0,32.66,184.71,1,palm,relative
217868.3723,1,1512.00,723.13,144.63,27.46,0.169,0,44.57,209.00,1,palm,relative
217868.4390,1,1512.00,728.48,144.63,27.46,0.218,0,37.20,179.74,1,palm,relative
217868.4724,1,1512.00,736.75,144.63,27.46,0.378,0,52.76,199.37,1,palm,relative
217868.5057,1,1512.00,731.17,144.63,27.46,0.360,0,53.13,219.25,1,palm,relative
217868.5391,1,1512.00,731.98,144.63,27.46,0.338,0,25.28,211.59,1,palm,relative
217868.6058,1,1512.00,730.80,144.63,27.46,0.146,0,37.76,182.76,1,palm,relative
217868.6391,1,1512.00,727.72,144.63,27.46,0.170,0,50.17,199.89,1,palm,relative
217868.6725,1,1512.00,715.52,144.63,27.46,0.149,0,52.36,219.06,1,palm,relative
217868.7058,1,1512.00,727.71,144.63,27.46,0.165,0,33.09,219.09,1,palm,relative
217868.7725,1,1512.00,692.79,144.24,27.06,0.275,0,36.06,188.90,1,palm,relative
217868.8059,1,1512.00,721.24,144.24,27.06,0.336,0,34.44,190.65,1,palm,relative
217868.8392,1,1512.00,707.62,144.24,27.06,0.426,0,29.47,186.98,1,palm,relative
217868.8726,1,1512.00,746.25,144.24,27.06,0.467,0,32.22,186.13,1,palm,relative
217868.9059,1,1512.00,716.25,144.24,27.06,0.551,0,34.36,187.45,1,palm,relative
217868.9393,1,1512.00,748.35,144.24,27.06,0.529,0,32.58,186.94,1,palm,relative
217868.9726,1,1512.00,769.65,144.06,27.59,0.538,0,38.63,192.41,1,palm,relative
217869.0060,1,1512.00,779.53,143.33,29.13,0.534,0,32.76,192.04,1,palm,relative
217869.0393,1,1512.00,741.69,143.33,29.13,0.508,0,52.02,210.98,1,palm,relative
217869.0727,1,1512.00,716.11,143.33,29.13,0.289,0,36.76,214.64,1,palm,relative
217869.1394,1,1512.00,675.37,143.33,29.13,0.138,0,24.55,172.70,1,palm,relative
217869.1727,1,1512.00,692.68,143.33,29.13,0.161,0,14.44,154.00,1,palm,relative
217869.2061,1,1512.00,695.80,142.93,28.97,0.234,0,23.36,152.77,1,palm,relative
217869.2394,1,1512.00,731.87,142.82,29.04,0.270,0,49.42,176.69,1,palm,relative
217869.2728,1,1512.00,707.97,141.77,28.93,0.362,0,49.33,192.90,1,palm,relative
217869.3061,1,1512.00,727.16,141.77,28.93,0.393,0,53.37,213.21,1,palm,relative
217869.3395,1,1512.00,714.92,141.77,28.93,0.193,0,39.33,219.40,1,palm,relative
217869.4062,1,1512.00,715.57,141.77,28.93,0.174,0,43.71,196.64,1,palm,relative
217869.4395,1,1512.00,703.07,138.47,28.38,0.212,0,57.05,220.61,1,palm,relative
217869.4729,1,1512.00,725.44,138.21,28.44,0.244,0,30.21,217.68,1,palm,relative
217869.5396,1,1512.00,711.38,138.21,28.44,0.170,0,32.79,183.95,1,palm,relative
217869.5729,1,1512.00,680.44,138.21,28.44,0.150,0,34.79,185.58,1,palm,relative
217869.6063,1,1512.00,712.64,138.21,28.44,0.119,0,38.15,190.69,1,palm,relative
217869.6396,1,1512.00,673.80,138.21,28.44,0.143,0,23.32,180.94,1,palm,relative
217869.6730,1,1512.00,652.67,134.07,24.66,0.226,0,29.33,177.11,1,palm,relative
217869.7063,1,1512.00,644.76,126.23,19.32,0.252,0,35.68,179.63,1,palm,relative
217869.7397,1,1512.00,657.50,126.23,19.32,0.100,0,70.12,216.71,1,palm,relative
217869.7730,1,1512.00,666.39,126.23,19.32,0.102,1,36.70,220.32,1,palm,relative
217869.8397,1,1512.00,653.70,126.15,19.28,0.109,1,36.09,189.82,1,palm,relative
217869.8731,1,1512.00,609.99,122.90,14.58,0.216,0,59.33,216.28,1,palm,relative
217869.9064,1,1512.00,592.31,119.98,8.71,0.302,0,66.71,249.95,1,palm,relative
217869.9731,1,1512.00,617.91,119.98,8.71,0.110,0,24.15,207.51,1,palm,relative
217870.0398,1,1512.00,616.52,119.98,8.71,0.103,1,19.33,160.36,1,palm,relative
217870.0732,1,1512.00,580.45,118.50,6.31,0.145,1,23.37,155.97,1,palm,relative
217870.1065,1,1512.00,572.59,116.18,3.54,0.233,0,31.62,158.38,1,palm,relative
217870.1399,1,1512.00,544.02,111.18,0.00,0.263,0,61.81,192.29,1,palm,relative
217870.1732,1,1512.00,549.99,111.18,0.00,0.092,0,21.26,180.31,1,palm,relative
217870.2066,1,1512.00,506.00,111.18,0.00,0.088,1,31.38,179.02,1,palm,relative
217870.2399,1,1512.00,501.59,106.69,0.00,0.103,1,32.75,178.63,1,palm,relative
217870.2733,1,1512.00,496.64,100.68,0.00,0.102,1,38.76,184.31,1,palm,relative
217870.3066,1,1512.00,512.08,97.99,0.00,0.191,0,40.64,191.94,1,palm,relative
217870.3400,1,1512.00,495.43,97.19,0.00,0.291,0,32.13,190.93,1,palm,relative
217870.4067,1,1512.00,498.08,97.19,0.00,0.154,0,30.95,162.13,1,palm,relative
217870.4400,1,1512.00,497.93,97.19,0.00,0.123,0,29.20,158.22,1,palm,relative
217870.4734,1,1512.00,463.21,97.19,0.00,0.105,1,38.29,166.86,1,palm,relative
217870.5067,1,1512.00,451.63,94.99,0.00,0.138,1,33.86,171.26,1,palm,relative
217870.5401,1,1512.00,461.02,94.79,0.00,0.149,1,24.01,162.03,1,palm,relative
217870.5734,1,1512.00,465.57,94.45,0.00,0.213,0,26.26,158.44,1,palm,relative
217870.6068,1,1512.00,452.74,91.92,0.00,0.273,0,26.69,157.56,1,palm,relative
217870.6401,1,1512.00,462.00,88.38,0.00,0.303,0,26.34,160.70,1,palm,relative
217870.6735,1,1512.00,496.12,86.28,1.30,0.285,0,23.99,152.89,1,palm,relative
217870.7068,1,1512.00,477.23,86.24,1.31,0.311,0,19.14,151.88,1,palm,relative
217870.7402,1,1512.00,499.81,84.56,2.05,0.296,0,22.48,152.30,1,palm,relative
217870.7735,1,1495.56,484.08,83.43,2.15,0.304,0,30.06,163.30,1,palm,relative
217870.8069,1,1490.39,484.26,83.39,2.16,0.240,0,46.88,176.98,1,palm,relative
217870.8402,1,1480.85,507.05,83.39,2.16,0.133,0,44.19,187.96,1,palm,relative
217870.8736,1,1442.66,493.64,83.39,2.16,0.151,0,38.95,193.83,1,palm,relative
217870.9069,1,1420.55,527.14,83.39,2.16,0.145,0,50.17,210.98,1,palm,relative
217870.9403,1,1408.99,568.78,76.97,13.13,0.201,0,46.48,224.39,1,palm,relative
217871.0070,1,1381.09,609.98,76.97,13.13,0.197,0,33.69,191.50,1,palm,relative
217871.0403,1,1347.92,681.37,76.97,13.13,0.152,0,36.14,194.51,1,palm,relative
217871.0737,1,1349.41,706.52,76.97,13.13,0.175,0,51.21,212.57,1,palm,relative
217871.1070,1,1323.97,779.50,76.97,13.13,0.197,0,42.97,222.48,1,palm,relative
217871.1737,1,1348.44,863.78,62.92,323.01,0.326,0,34.77,190.85,1,palm,relative
217871.2071,1,1317.75,890.20,44.18,437.38,0.203,0,33.17,190.91,1,palm,relative
217871.2404,1,1334.37,944.76,44.18,437.38,0.191,0,27.89,185.62,1,palm,relative
217871.2738,1,1344.22,959.55,44.26,501.10,0.205,0,28.04,180.44,1,palm,relative
217871.3071,1,1389.83,982.00,58.91,592.06,0.267,0,51.34,198.65,1,palm,relative
217871.3405,1,1414.27,982.00,65.10,615.11,0.344,0,24.51,190.09,1,palm,relative
217871.3738,1,1443.04,982.00,74.46,639.06,0.245,0,30.49,187.49,1,palm,relative
217871.4072,1,1455.38,982.00,74.46,639.06,0.146,0,33.55,187.83,1,palm,relative
217871.4405,1,1489.88,982.00,74.46,639.06,0.115,0,94.78,249.71,1,palm,relative
217871.4739,1,1512.00,982.00,90.70,650.85,0.230,0,35.04,251.61,1,palm,relative
217871.5739,1,1512.00,982.00,148.52,661.43,0.247,0,26.45,178.19,1,palm,relative
217871.6073,1,1512.00,982.00,181.41,662.84,0.257,0,39.65,184.76,1,palm,relative
217871.6406,1,1512.00,982.00,247.10,668.76,0.269,0,44.11,195.78,1,palm,relative
217871.6740,1,1512.00,982.00,337.35,669.96,0.474,0,44.80,207.51,1,palm,relative
217871.7073,1,1512.00,982.00,421.31,658.28,0.417,0,49.53,223.93,1,palm,relative
217871.7740,1,1512.00,972.27,546.70,612.15,0.347,0,37.15,194.59,1,palm,relative
217871.8074,1,1512.00,975.25,631.44,585.57,0.203,0,28.72,190.18,1,palm,relative
217871.8407,1,1512.00,928.38,760.82,512.34,0.265,0,23.96,180.95,1,palm,relative
217871.8741,1,1512.00,862.55,876.31,378.56,0.241,0,27.38,175.20,1,palm,relative
217871.9074,1,1512.00,847.03,969.89,262.50,0.520,0,17.89,159.94,1,palm,relative
217871.9408,1,1512.00,847.62,1021.02,213.09,0.470,0,21.71,152.62,1,palm,relative
217871.9741,1,1512.00,802.64,1068.14,131.40,0.418,0,17.66,150.19,1,palm,relative
217872.0075,1,1512.00,718.15,1136.23,0.00,0.355,0,46.82,181.12,1,palm,relative
217872.0408,1,1512.00,725.40,1136.23,0.00,0.171,0,66.55,214.43,1,palm,relative
217872.0742,1,1512.00,701.18,1136.23,0.00,0.188,0,37.55,218.87,1,palm,relative
217872.1409,1,1512.00,659.03,1136.75,0.00,0.287,0,51.09,203.48,1,palm,relative
217872.1742,1,1512.00,637.69,1134.57,0.00,0.446,0,15.67,186.24,1,palm,relative
217872.2409,1,1512.00,629.62,1129.04,0.00,0.404,0,24.26,154.11,1,palm,relative
217872.2743,1,1512.00,650.64,1128.35,0.00,0.211,0,19.73,152.22,1,palm,relative
217872.3076,1,1512.00,652.06,1128.35,0.00,0.056,0,32.76,159.54,1,palm,relative
217872.3410,1,1512.00,658.94,1103.75,2.09,0.208,0,44.55,175.10,1,palm,relative
217872.3743,1,1512.00,682.81,1103.75,2.09,0.121,0,46.75,188.80,1,palm,relative
217872.4077,1,1512.00,714.68,1033.45,24.39,0.282,0,31.81,187.49,1,palm,relative
217872.4410,1,1512.00,767.53,960.98,76.93,0.351,0,41.96,196.41,1,palm,relative
217872.4744,1,1512.00,793.56,868.81,159.94,0.424,0,27.01,190.47,1,palm,relative
217872.5077,1,1512.00,775.06,755.37,206.34,0.442,0,30.13,187.49,1,palm,relative
217872.5411,1,1512.00,827.32,651.31,297.22,0.365,0,32.40,186.77,1,palm,relative
217872.5744,1,1512.00,794.50,534.86,322.66,0.319,0,28.96,182.78,1,palm,relative
217872.6078,1,1512.00,742.92,534.86,322.66,0.103,0,39.69,189.51,1,palm,relative
217872.6411,1,1470.54,803.80,534.86,322.66,0.107,1,28.73,185.18,1,palm,relative
217872.6745,1,1390.22,773.68,369.79,319.76,0.169,1,31.25,183.33,1,palm,relative
217872.7078,1,1318.12,785.38,215.90,327.20,0.182,0,36.72,187.35,1,palm,relative
217872.7412,1,1246.62,802.22,70.14,346.45,0.212,0,35.37,189.68,1,palm,relative
217872.7745,1,1193.99,835.28,0.00,386.73,0.297,0,32.65,189.33,1,palm,relative
217872.8079,1,1145.17,864.00,0.00,438.81,0.325,0,88.71,244.83,1,palm,relative
217872.8412,1,1115.33,905.23,0.00,512.73,0.351,0,30.95,242.69,1,palm,relative
217872.9413,1,1049.02,960.65,0.00,589.97,0.339,0,44.64,187.51,1,palm,relative
217872.9746,1,1037.09,968.84,0.00,600.34,0.338,0,23.56,179.10,1,palm,relative
217873.0080,1,1016.26,979.36,0.00,607.05,0.331,0,33.09,179.04,1,palm,relative
217873.0413,1,1009.91,982.00,0.00,612.55,0.311,0,32.28,178.25,1,palm,relative
217873.0747,1,1012.74,972.73,0.00,612.55,0.311,0,63.08,208.23,1,palm,relative
217873.1080,1,998.36,982.00,0.00,613.02,0.300,0,37.65,212.94,1,palm,relative
217873.1747,1,1008.56,982.00,0.00,613.02,0.273,0,29.01,175.52,1,palm,relative
217873.2081,1,997.62,982.00,0.00,613.32,0.261,0,17.82,160.30,1,palm,relative
217873.2414,1,991.81,964.14,0.00,613.21,0.291,0,18.98,154.69,1,palm,relative
217873.2748,1,995.54,976.62,0.00,613.21,0.273,0,20.89,160.79,1,palm,relative
217873.3081,1,995.17,971.98,0.00,613.21,0.275,0,48.70,184.32,1,palm,relative
217873.3415,1,1012.69,982.00,0.00,613.21,0.249,0,54.50,205.78,1,palm,relative
217873.3748,1,1016.01,982.00,0.10,613.87,0.238,0,25.39,198.06,1,palm,relative
217873.4415,1,1025.14,982.00,0.10,613.87,0.264,0,24.73,161.19,1,palm,relative
217873.4749,1,1012.20,982.00,0.10,613.87,0.266,0,48.03,181.43,1,palm,relative
217873.5082,1,1033.64,982.00,0.10,613.87,0.217,0,37.79,186.15,1,palm,relative
217873.5416,1,1021.00,982.00,0.10,613.87,0.281,0,36.30,189.34,1,palm,relative
217873.5749,1,1026.74,982.00,0.10,613.87,0.269,0,33.35,189.60,1,palm,relative
217873.6083,1,1035.52,970.92,0.10,613.87,0.449,0,35.14,191.60,1,palm,relative
217873.6416,1,1037.26,982.00,0.10,613.87,0.380,0,39.57,198.26,1,palm,relative
217873.6750,1,1042.43,982.00,0.10,613.87,0.495,0,49.65,214.70,1,palm,relative
217873.7417,1,1029.93,959.51,0.10,613.87,0.307,0,69.59,217.93,1,palm,relative
217873.7750,1,1026.04,941.42,0.10,613.87,0.325,0,30.51,215.42,1,palm,relative
217873.8417,1,1052.25,952.13,0.10,613.87,0.752,0,56.69,205.65,1,palm,relative
217873.8751,1,1064.04,972.63,0.10,613.87,0.212,0,21.28,193.86,1,palm,relative
217873.9418,1,1054.50,951.08,0.10,613.87,0.104,0,31.53,159.63,1,palm,relative
217873.9751,1,1073.20,948.80,0.10,613.87,0.149,0,22.09,150.18,1,palm,relative
217874.0085,1,1075.49,936.51,0.10,613.87,0.234,0,44.69,176.56,1,palm,relative
217874.0418,1,1079.77,964.53,0.10,613.87,0.311,0,35.07,178.73,1,palm,relative
217874.0752,1,1060.48,973.04,0.10,613.87,0.228,0,29.90,175.57,1,palm,relative
217874.1085,1,1085.65,970.87,0.10,613.87,0.110,0,14.09,156.70,1,palm,relative
217874.1419,1,1073.75,982.00,0.10,613.87,0.238,0,20.10,150.54,1,palm,relative
217874.1752,1,1086.27,982.00,0.10,613.87,0.274,0,22.38,152.58,1,palm,relative
217874.2086,1,1115.06,982.00,0.10,613.87,0.265,0,53.42,185.31,1,palm,relative
217874.2419,1,1117.35,982.00,4.61,630.20,0.267,0,65.46,217.75,1,palm,relative
217874.2753,1,1130.95,982.00,7.73,641.04,0.264,0,46.40,231.04,1,palm,relative
217874.3420,1,1136.81,982.00,20.75,733.42,0.240,0,44.88,209.43,1,palm,relative
217874.4087,1,1164.66,982.00,20.75,733.42,0.174,0,47.74,190.78,1,palm,relative
217874.4420,1,1159.12,982.00,20.75,733.42,0.177,0,52.05,209.85,1,palm,relative
217874.4754,1,1142.39,982.00,20.75,733.42,0.176,0,41.75,218.57,1,palm,relative
217874.5421,1,1127.76,982.00,20.75,733.42,0.231,0,30.59,182.58,1,palm,relative
217874.5754,1,1115.72,982.00,20.75,733.42,0.262,0,40.62,190.16,1,palm,relative
217874.6088,1,1084.72,982.00,17.78,745.91,0.255,0,84.84,241.88,1,palm,relative
217874.6421,1,1038.50,982.00,12.24,754.86,0.265,0,54.92,263.69,1,palm,relative
217874.7422,1,965.96,982.00,0.00,763.53,0.237,0,25.14,189.12,1,palm,relative
217874.7755,1,945.83,982.00,0.00,763.56,0.247,0,28.74,184.98,1,palm,relative
217874.8089,1,918.91,982.00,0.00,765.71,0.225,0,32.22,184.09,1,palm,relative
217874.8422,1,924.61,982.00,0.00,766.62,0.216,0,32.88,183.73,1,palm,relative
217874.8756,1,889.76,982.00,0.00,768.38,0.222,0,29.83,180.45,1,palm,relative
217874.9089,1,881.30,982.00,0.00,768.23,0.225,0,30.09,177.52,1,palm,relative
217874.9423,1,880.62,982.00,0.00,768.23,0.212,0,16.77,161.16,1,palm,relative
217874.9756,1,858.77,982.00,0.00,768.14,0.218,0,23.04,157.80,1,palm,relative
217875.0090,1,855.47,982.00,0.00,768.14,0.233,0,21.31,153.70,1,palm,relative
217875.0423,1,836.08,982.00,0.00,768.13,0.230,0,26.54,162.81,1,palm,relative
217875.0757,1,825.96,982.00,0.00,768.13,0.222,0,44.94,179.91,1,palm,relative
217875.1090,1,825.03,982.00,0.00,768.13,0.221,0,66.28,213.21,1,palm,relative
217875.1424,1,811.99,982.00,0.00,768.13,0.216,0,28.30,208.35,1,palm,relative
217875.2091,1,822.64,982.00,0.00,768.13,0.218,0,48.10,190.08,1,palm,relative
217875.2424,1,813.17,982.00,0.00,768.13,0.153,0,29.89,186.89,1,palm,relative
217875.2758,1,825.05,982.00,0.00,768.13,0.057,0,33.39,187.45,1,palm,relative
217875.3091,1,811.39,982.00,0.00,768.13,0.191,0,31.85,186.19,1,palm,relative
217875.3425,1,811.20,982.00,0.00,768.13,0.117,0,30.01,183.42,1,palm,relative
217875.3758,1,796.45,982.00,0.00,768.13,0.086,1,33.22,183.52,1,palm,relative
217875.4092,1,816.57,982.00,0.00,768.13,0.186,0,36.18,186.60,1,palm,relative
217875.4425,1,802.65,982.00,0.00,768.13,0.095,0,30.55,184.02,1,palm,relative
217875.4759,1,800.86,982.00,0.00,768.13,0.186,0,33.61,184.52,1,palm,relative
217875.5092,1,795.58,982.00,0.00,768.13,0.416,0,31.07,182.53,1,palm,relative
217875.5426,1,785.78,982.00,0.00,768.13,0.319,0,49.86,199.33,1,palm,relative
217875.5759,1,805.34,982.00,0.00,768.13,0.381,0,46.67,212.85,1,palm,relative
217875.6093,1,808.00,982.00,0.00,768.13,0.296,0,30.52,210.14,1,palm,relative
217875.6760,1,843.03,982.00,0.00,768.13,0.258,0,15.80,159.75,1,palm,relative
217875.7093,1,819.45,982.00,0.00,768.13,0.246,0,38.64,175.98,1,palm,relative
217875.7427,1,861.11,982.00,0.00,768.13,0.124,0,74.03,216.95,1,palm,relative
217875.7760,1,844.59,982.00,0.00,768.13,0.180,0,40.52,224.44,1,palm,relative
217875.8427,1,857.44,982.00,0.00,768.13,0.285,0,20.61,178.72,1,palm,relative
217875.8761,1,845.61,982.00,0.00,768.13,,0,30.53,176.12,1,palm,relative
217875.9094,1,858.88,982.00,0.00,768.13,0.234,0,31.58,174.58,1,palm,relative
217875.9428,1,853.42,982.00,0.00,768.13,0.319,0,43.36,184.92,1,palm,relative
217875.9761,1,863.45,982.00,0.00,768.13,0.307,0,32.01,183.82,1,palm,relative
217876.0095,1,858.27,982.00,0.00,768.13,0.709,0,40.13,190.73,1,palm,relative
217876.0428,1,879.60,982.00,0.00,768.13,0.338,0,33.22,190.87,1,palm,relative
217876.0762,1,865.73,982.00,0.00,768.13,0.682,0,34.13,191.98,1,palm,relative
217876.1095,1,854.58,982.00,0.00,768.13,0.543,0,22.54,181.78,1,palm,relative
217876.1429,1,849.63,982.00,0.00,768.13,0.470,0,25.87,174.86,1,palm,relative
217876.1762,1,895.47,982.00,0.00,768.13,0.054,0,22.29,163.99,1,palm,relative
217876.2096,1,876.77,982.00,0.00,768.13,0.525,0,25.70,158.40,1,palm,relative
217876.2429,1,905.05,982.00,0.00,768.13,0.394,0,20.28,157.44,1,palm,relative
217876.2763,1,922.15,982.00,0.00,768.13,0.056,0,23.63,156.64,1,palm,relative
217876.3096,1,974.34,982.00,42.92,469.52,0.223,0,17.68,149.95,1,palm,relative
217876.3430,1,1003.55,893.32,93.17,0.00,,0,18.42,153.34,1,palm,relative
217876.3763,0,93.17,0.00,93.17,0.00,,0,18.24,151.85,1,palm,relative
217876.4097,0,93.17,0.00,93.17,0.00,,0,19.32,153.26,1,palm,relative
217876.4430,0,93.17,0.00,93.17,0.00,,0,12.63,144.43,1,palm,relative
217876.4764,0,93.17,0.00,93.17,0.00,,0,10.07,144.02,1,palm,relative
217876.5097,0,93.17,0.00,93.17,0.00,,0,14.19,147.61,1,palm,relative
217876.5431,0,93.17,0.00,93.17,0.00,,0,40.57,174.94,1,palm,relative
217876.5764,0,93.17,0.00,93.17,0.00,,0,15.68,157.67,1,palm,relative
217876.6098,0,93.17,0.00,93.17,0.00,,0,19.58,151.15,1,palm,relative
217876.6431,0,93.17,0.00,93.17,0.00,,0,14.26,146.84,1,palm,relative
217876.6765,0,93.17,0.00,93.17,0.00,,0,22.43,151.80,1,palm,relative
217876.7098,0,93.17,0.00,93.17,0.00,,0,16.54,148.78,1,palm,relative
217876.7432,0,93.17,0.00,93.17,0.00,,0,15.33,146.25,1,palm,relative
217876.7765,0,93.17,0.00,93.17,0.00,,0,15.34,150.00,1,palm,relative
217876.8099,0,93.17,0.00,93.17,0.00,,0,12.08,145.19,1,palm,relative
217876.8432,0,93.17,0.00,93.17,0.00,,0,17.90,152.72,1,palm,relative
217876.8766,0,93.17,0.00,93.17,0.00,,0,17.57,154.87,1,palm,relative
217876.9099,0,93.17,0.00,93.17,0.00,,0,17.97,150.41,1,palm,relative
217876.9433,0,93.17,0.00,93.17,0.00,,0,38.24,182.60,1,palm,relative
217876.9766,0,93.17,0.00,93.17,0.00,,0,38.59,188.07,1,palm,relative
217877.0100,0,93.17,0.00,93.17,0.00,,0,23.67,178.52,1,palm,relative
217877.0433,0,93.17,0.00,93.17,0.00,,0,11.50,156.99,1,palm,relative
217877.0767,0,93.17,0.00,93.17,0.00,,0,15.24,154.20,1,palm,relative
217877.1100,0,93.17,0.00,93.17,0.00,,0,7.68,146.53,1,palm,relative
217877.1434,0,93.17,0.00,93.17,0.00,,0,6.47,140.05,1,palm,relative
217877.1767,0,93.17,0.00,93.17,0.00,,0,16.47,150.05,1,palm,relative
217877.2101,0,93.17,0.00,93.17,0.00,,0,15.91,152.57,1,palm,relative
217877.2434,0,93.17,0.00,93.17,0.00,,0,10.05,143.77,1,palm,relative
217877.2768,0,93.17,0.00,93.17,0.00,,0,8.94,143.99,1,palm,relative
217877.3101,0,93.17,0.00,93.17,0.00,,0,15.34,146.61,1,palm,relative
217877.3435,0,93.17,0.00,93.17,0.00,,0,27.83,161.34,1,palm,relative
217877.3768,0,93.17,0.00,93.17,0.00,,0,18.68,151.90,1,palm,relative
217877.4102,0,93.17,0.00,93.17,0.00,,0,23.13,160.05,1,palm,relative
217877.4435,0,93.17,0.00,93.17,0.00,,0,13.85,147.60,1,palm,relative
217877.4769,0,93.17,0.00,93.17,0.00,,0,14.85,149.49,1,palm,relative
217877.5102,0,93.17,0.00,93.17,0.00,,0,18.42,152.75,1,palm,relative
217877.5436,0,93.17,0.00,93.17,0.00,,0,12.79,156.03,1,palm,relative
217877.5769,0,93.17,0.00,93.17,0.00,,0,18.31,149.71,1,palm,relative
217877.6103,0,93.17,0.00,93.17,0.00,,0,14.05,149.36,1,palm,relative
217877.6436,0,93.17,0.00,93.17,0.00,,0,14.43,145.57,1,palm,relative
217877.6770,0,93.17,0.00,93.17,0.00,,0,9.60,140.95,1,palm,relative
217877.7103,0,93.17,0.00,93.17,0.00,,0,25.95,169.11,1,palm,relative
217877.7437,0,93.17,0.00,93.17,0.00,,0,9.06,144.92,1,palm,relative
217877.7770,0,93.17,0.00,93.17,0.00,,0,12.70,146.55,1,palm,relative
217877.8104,0,93.17,0.00,93.17,0.00,,0,18.88,149.73,1,palm,relative
217877.8437,0,93.17,0.00,93.17,0.00,,0,18.53,149.36,1,palm,relative
217877.8771,0,93.17,0.00,93.17,0.00,,0,14.95,149.38,1,palm,relative
217877.9104,0,93.17,0.00,93.17,0.00,,0,24.57,154.07,1,palm,relative
217877.9438,0,93.17,0.00,93.17,0.00,,0,21.53,151.76,1,palm,relative
217877.9771,0,93.17,0.00,93.17,0.00,,0,11.99,144.54,1,palm,relative
217878.0105,0,93.17,0.00,93.17,0.00,,0,47.56,182.07,1,palm,relative
217878.0438,0,93.17,0.00,93.17,0.00,,0,22.02,170.99,1,palm,relative
217878.0771,0,93.17,0.00,93.17,0.00,,0,11.62,149.51,1,palm,relative
217878.1105,0,93.17,0.00,93.17,0.00,,0,32.77,159.56,1,palm,relative
217878.1438,0,93.17,0.00,93.17,0.00,,0,30.72,158.47,1,palm,relative
217878.1772,0,93.17,0.00,93.17,0.00,,0,21.39,146.65,1,palm,relative
217878.2105,0,93.17,0.00,93.17,0.00,,0,10.52,139.35,1,palm,relative
217878.2439,0,93.17,0.00,93.17,0.00,,0,23.33,146.48,1,palm,relative
217878.2773,0,93.17,0.00,93.17,0.00,,0,11.60,139.22,1,palm,relative
217878.3106,0,93.17,0.00,93.17,0.00,,0,30.12,152.81,1,palm,relative
217878.3440,0,93.17,0.00,93.17,0.00,,0,21.48,158.78,1,palm,relative
217878.3773,0,93.17,0.00,93.17,0.00,,0,20.11,146.22,1,palm,relative
217878.4107,0,93.17,0.00,93.17,0.00,,0,23.76,151.66,1,palm,relative
217878.4440,0,93.17,0.00,93.17,0.00,,0,17.69,144.14,1,palm,relative
217878.4774,0,93.17,0.00,93.17,0.00,,0,14.90,143.95,1,palm,relative
217878.5107,0,93.17,0.00,93.17,0.00,,0,18.49,147.59,1,palm,relative
217878.5440,0,93.17,0.00,93.17,0.00,,0,23.86,148.47,1,palm,relative
217878.5774,0,93.17,0.00,93.17,0.00,,0,16.69,148.34,1,palm,relative
217878.6107,0,93.17,0.00,93.17,0.00,,0,23.47,152.10,1,palm,relative
217878.6441,0,93.17,0.00,93.17,0.00,,0,43.21,174.04,1,palm,relative
217878.6774,0,93.17,0.00,93.17,0.00,,0,27.92,169.03,1,palm,relative
217878.7108,0,93.17,0.00,93.17,0.00,,0,7.51,143.31,1,palm,relative
217878.7442,0,93.17,0.00,93.17,0.00,,0,18.67,149.08,1,palm,relative
217878.7775,0,93.17,0.00,93.17,0.00,,0,13.17,146.88,1,palm,relative
217878.8109,0,93.17,0.00,93.17,0.00,,0,17.31,149.18,1,palm,relative
217878.8442,0,93.17,0.00,93.17,0.00,,0,18.10,151.79,1,palm,relative
217878.8776,0,93.17,0.00,93.17,0.00,,0,14.00,149.11,1,palm,relative
217878.9109,0,93.17,0.00,93.17,0.00,,0,14.32,146.97,1,palm,relative
217878.9443,0,93.17,0.00,93.17,0.00,,0,8.59,146.61,1,palm,relative
217878.9776,0,93.17,0.00,93.17,0.00,,0,9.84,145.04,1,palm,relative
217879.0109,0,93.17,0.00,93.17,0.00,,0,32.90,170.32,1,palm,relative
217879.0443,0,93.17,0.00,93.17,0.00,,0,11.72,148.87,1,palm,relative
217879.0776,0,93.17,0.00,93.17,0.00,,0,34.95,176.97,1,palm,relative
217879.1110,0,93.17,0.00,93.17,0.00,,0,12.46,156.35,1,palm,relative
217879.1443,0,93.17,0.00,93.17,0.00,,0,28.56,172.13,1,palm,relative
217879.1777,0,93.17,0.00,93.17,0.00,,0,17.77,162.10,1,palm,relative
217879.2111,0,93.17,0.00,93.17,0.00,,0,15.26,151.81,1,palm,relative
217879.2444,0,93.17,0.00,93.17,0.00,,0,21.13,155.92,1,palm,relative
217879.2778,0,93.17,0.00,93.17,0.00,,0,43.02,181.52,1,palm,relative
217879.3111,0,93.17,0.00,93.17,0.00,,0,37.71,186.28,1,palm,relative
217879.3445,0,93.17,0.00,93.17,0.00,,0,23.80,177.17,1,palm,relative
217879.3778,0,93.17,0.00,93.17,0.00,,0,14.25,159.11,1,palm,relative
217879.4111,0,93.17,0.00,93.17,0.00,,0,11.26,147.49,1,palm,relative
217879.4445,0,93.17,0.00,93.17,0.00,,0,17.21,150.33,1,palm,relative
217879.4778,0,93.17,0.00,93.17,0.00,,0,12.37,147.43,1,palm,relative
217879.5112,0,93.17,0.00,93.17,0.00,,0,23.36,155.78,1,palm,relative
217879.5445,0,93.17,0.00,93.17,0.00,,0,13.27,152.70,1,palm,relative
217879.5779,0,93.17,0.00,93.17,0.00,,0,27.47,159.81,1,palm,relative
217879.6112,0,93.17,0.00,93.17,0.00,,0,20.36,156.44,1,palm,relative
217879.6446,0,93.17,0.00,93.17,0.00,,0,24.22,155.72,1,palm,relative
217879.6780,0,93.17,0.00,93.17,0.00,,0,11.84,147.68,1,palm,relative
217879.7113,0,93.17,0.00,93.17,0.00,,0,15.09,146.05,1,palm,relative
217879.7447,0,93.17,0.00,93.17,0.00,,0,14.83,149.41,1,palm,relative
217879.7780,0,93.17,0.00,93.17,0.00,,0,11.84,145.30,1,palm,relative
217879.8114,0,93.17,0.00,93.17,0.00,,0,13.20,150.40,1,palm,relative
217879.8447,0,93.17,0.00,93.17,0.00,,0,16.51,148.99,1,palm,relative
217879.8780,0,93.17,0.00,93.17,0.00,,0,17.96,154.32,1,palm,relative
217879.9114,0,93.17,0.00,93.17,0.00,,0,11.69,145.68,1,palm,relative
217879.9447,0,93.17,0.00,93.17,0.00,,0,11.86,146.88,1,palm,relative
217879.9781,0,93.17,0.00,93.17,0.00,,0,18.65,149.99,1,palm,relative
217880.0114,0,93.17,0.00,93.17,0.00,,0,19.51,150.91,1,palm,relative
217880.0448,0,93.17,0.00,93.17,0.00,,0,19.27,149.41,1,palm,relative
217880.0781,0,93.17,0.00,93.17,0.00,,0,9.86,143.96,1,palm,relative
217880.1115,0,93.17,0.00,93.17,0.00,,0,20.42,153.75,1,palm,relative
217880.1449,0,93.17,0.00,93.17,0.00,,0,17.24,154.86,1,palm,relative
217880.1782,0,93.17,0.00,93.17,0.00,,0,14.87,147.90,1,palm,relative
217880.2116,0,93.17,0.00,93.17,0.00,,0,17.06,151.81,1,palm,relative
217880.2449,0,93.17,0.00,93.17,0.00,,0,14.49,148.90,1,palm,relative
217880.2783,0,93.17,0.00,93.17,0.00,,0,13.66,148.60,1,palm,relative
217880.3116,0,93.17,0.00,93.17,0.00,,0,16.97,149.01,1,palm,relative
217880.3449,0,93.17,0.00,93.17,0.00,,0,13.73,151.61,1,palm,relative
217880.3783,0,93.17,0.00,93.17,0.00,,0,14.44,143.53,1,palm,relative
217880.4116,0,93.17,0.00,93.17,0.00,,0,15.83,149.36,1,palm,relative
217880.4450,0,93.17,0.00,93.17,0.00,,0,15.76,143.79,1,palm,relative
217880.4783,0,93.17,0.00,93.17,0.00,,0,13.18,144.70,1,palm,relative
217880.5117,0,93.17,0.00,93.17,0.00,,0,18.36,148.07,1,palm,relative
217880.5450,0,93.17,0.00,93.17,0.00,,0,8.31,141.62,1,palm,relative
217880.5784,0,93.17,0.00,93.17,0.00,,0,11.96,141.78,1,palm,relative
217880.6118,0,93.17,0.00,93.17,0.00,,0,23.29,157.09,1,palm,relative
217880.6451,0,93.17,0.00,93.17,0.00,,0,22.61,154.97,1,palm,relative
217880.6785,0,93.17,0.00,93.17,0.00,,0,11.44,144.47,1,palm,relative
217880.7118,0,93.17,0.00,93.17,0.00,,0,10.03,143.35,1,palm,relative
217880.7452,0,93.17,0.00,93.17,0.00,,0,11.91,138.55,1,palm,relative
217880.7785,0,93.17,0.00,93.17,0.00,,0,20.45,147.14,1,palm,relative
217880.8118,0,93.17,0.00,93.17,0.00,,0,22.38,150.47,1,palm,relative
217880.8452,0,93.17,0.00,93.17,0.00,,0,22.83,147.42,1,palm,relative
217880.8785,0,93.17,0.00,93.17,0.00,,0,23.02,153.49,1,palm,relative
217880.9119,0,93.17,0.00,93.17,0.00,,0,13.95,140.00,1,palm,relative
217880.9452,0,93.17,0.00,93.17,0.00,,0,11.48,141.92,1,palm,relative
217880.9786,0,93.17,0.00,93.17,0.00,,0,21.15,147.42,1,palm,relative
217881.0119,0,93.17,0.00,93.17,0.00,,0,10.92,138.93,1,palm,relative
217881.0453,0,93.17,0.00,93.17,0.00,,0,21.54,147.07,1,palm,relative
217881.0787,0,93.17,0.00,93.17,0.00,,0,19.55,143.48,1,palm,relative
217881.1120,0,93.17,0.00,93.17,0.00,,0,12.41,140.04,1,palm,relative
217881.1454,0,93.17,0.00,93.17,0.00,,0,21.75,147.25,1,palm,relative
217881.1787,0,93.17,0.00,93.17,0.00,,0,24.48,152.26,1,palm,relative
217881.2121,0,93.17,0.00,93.17,0.00,,0,26.07,155.80,1,palm,relative
217881.2454,0,93.17,0.00,93.17,0.00,,0,23.96,150.50,1,palm,relative
217881.2787,0,93.17,0.00,93.17,0.00,,0,28.17,156.99,1,palm,relative
217881.3121,0,93.17,0.00,93.17,0.00,,0,20.89,155.06,1,palm,relative
217881.3454,0,93.17,0.00,93.17,0.00,,0,8.04,134.16,1,palm,relative
217881.3788,0,93.17,0.00,93.17,0.00,,0,11.79,143.33,1,palm,relative
217881.4121,0,93.17,0.00,93.17,0.00,,0,16.19,142.86,1,palm,relative
217881.4455,0,93.17,0.00,93.17,0.00,,0,15.07,147.31,1,palm,relative
217881.4789,0,93.17,0.00,93.17,0.00,,0,17.07,141.14,1,palm,relative
217881.5122,0,93.17,0.00,93.17,0.00,,0,25.33,154.01,1,palm,relative
217881.5456,0,93.17,0.00,93.17,0.00,,0,20.75,147.14,1,palm,relative
217881.5789,0,93.17,0.00,93.17,0.00,,0,43.41,173.00,1,palm,relative
217881.6123,0,93.17,0.00,93.17,0.00,,0,14.23,154.18,1,palm,relative
217881.6456,0,93.17,0.00,93.17,0.00,,0,15.90,141.18,1,palm,relative
217881.6790,0,93.17,0.00,93.17,0.00,,0,11.41,142.64,1,palm,relative
217881.7123,0,93.17,0.00,93.17,0.00,,0,16.02,140.43,1,palm,relative
217881.7456,0,93.17,0.00,93.17,0.00,,0,12.86,142.95,1,palm,relative
217881.7790,0,93.17,0.00,93.17,0.00,,0,22.68,147.46,1,palm,relative
217881.8123,0,93.17,0.00,93.17,0.00,,0,21.77,147.89,1,palm,relative
217881.8457,0,93.17,0.00,93.17,0.00,,0,22.55,148.20,1,palm,relative
217881.8790,0,93.17,0.00,93.17,0.00,,0,26.83,156.68,1,palm,relative
217881.9124,0,93.17,0.00,93.17,0.00,,0,19.32,149.93,1,palm,relative
217881.9458,0,93.17,0.00,93.17,0.00,,0,27.57,153.06,1,palm,relative
217881.9791,0,93.17,0.00,93.17,0.00,,0,17.01,144.50,1,palm,relative
217882.0125,0,93.17,0.00,93.17,0.00,,0,11.06,140.02,1,palm,relative
217882.0458,0,93.17,0.00,93.17,0.00,,0,16.80,141.48,1,palm,relative
217882.0792,0,93.17,0.00,93.17,0.00,,0,22.36,149.99,1,palm,relative
217882.1125,0,93.17,0.00,93.17,0.00,,0,22.92,148.28,1,palm,relative
217882.1459,0,93.17,0.00,93.17,0.00,,0,17.95,145.20,1,palm,relative
217882.1792,0,93.17,0.00,93.17,0.00,,0,16.16,143.46,1,palm,relative
217882.2125,0,93.17,0.00,93.17,0.00,,0,34.73,168.89,1,palm,relative
217882.2459,0,93.17,0.00,93.17,0.00,,0,11.84,147.54,1,palm,relative
217882.2792,0,93.17,0.00,93.17,0.00,,0,23.19,150.34,1,palm,relative
217882.3126,0,93.17,0.00,93.17,0.00,,0,45.31,173.35,1,palm,relative
217882.3459,0,93.17,0.00,93.17,0.00,,0,28.57,168.93,1,palm,relative
217882.3793,0,93.17,0.00,93.17,0.00,,0,7.37,143.06,1,palm,relative
217882.4127,0,93.17,0.00,93.17,0.00,,0,20.01,147.25,1,palm,relative
217882.4460,0,93.17,0.00,93.17,0.00,,0,28.40,149.40,1,palm,relative
217882.4794,0,93.17,0.00,93.17,0.00,,0,30.55,160.37,1,palm,relative
217882.5127,0,93.17,0.00,93.17,0.00,,0,51.77,179.40,1,palm,relative
217882.5461,0,93.17,0.00,93.17,0.00,,0,11.61,157.94,1,palm,relative
217882.5794,0,93.17,0.00,93.17,0.00,,0,16.57,141.27,1,palm,relative
217882.6128,0,93.17,0.00,93.17,0.00,,0,21.54,145.71,1,palm,relative
217882.6461,0,93.17,0.00,93.17,0.00,,0,20.99,142.17,1,palm,relative
217882.6794,0,93.17,0.00,93.17,0.00,,0,19.90,142.39,1,palm,relative
217882.7128,0,93.17,0.00,93.17,0.00,,0,21.23,146.68,1,palm,relative
217882.7461,0,93.17,0.00,93.17,0.00,,0,17.87,142.75,1,palm,relative
217882.7795,0,93.17,0.00,93.17,0.00,,0,16.38,142.29,1,palm,relative
217882.8128,0,93.17,0.00,93.17,0.00,,0,18.38,147.84,1,palm,relative
217882.8462,0,93.17,0.00,93.17,0.00,,0,25.12,150.68,1,palm,relative
217882.8796,0,93.17,0.00,93.17,0.00,,0,14.32,142.69,1,palm,relative
217882.9129,0,93.17,0.00,93.17,0.00,,0,16.64,139.86,1,palm,relative
217882.9463,0,93.17,0.00,93.17,0.00,,0,17.01,143.43,1,palm,relative
217882.9796,0,93.17,0.00,93.17,0.00,,0,16.19,140.23,1,palm,relative
217883.0130,0,93.17,0.00,93.17,0.00,,0,14.64,141.78,1,palm,relative
217883.0463,0,93.17,0.00,93.17,0.00,,0,13.33,139.59,1,palm,relative
217883.0796,0,93.17,0.00,93.17,0.00,,0,12.80,139.51,1,palm,relative
217883.1130,0,93.17,0.00,93.17,0.00,,0,35.17,170.33,1,palm,relative
217883.1463,0,93.17,0.00,93.17,0.00,,0,15.18,152.48,1,palm,relative
217883.1797,0,93.17,0.00,93.17,0.00,,0,13.41,141.95,1,palm,relative
217883.2130,0,93.17,0.00,93.17,0.00,,0,21.80,146.97,1,palm,relative
217883.2464,0,93.17,0.00,93.17,0.00,,0,20.13,148.89,1,palm,relative
217883.2797,0,93.17,0.00,93.17,0.00,,0,25.18,149.35,1,palm,relative
217883.3131,0,93.17,0.00,93.17,0.00,,0,22.22,148.57,1,palm,relative
217883.3465,0,93.17,0.00,93.17,0.00,,0,19.32,143.30,1,palm,relative
217883.3798,0,93.17,0.00,93.17,0.00,,0,22.42,150.16,1,palm,relative
217883.4132,0,93.17,0.00,93.17,0.00,,0,24.89,155.30,1,palm,relative
217883.4465,0,93.17,0.00,93.17,0.00,,0,16.54,147.27,1,palm,relative
217883.4799,0,93.17,0.00,93.17,0.00,,0,18.32,143.54,1,palm,relative
217883.5132,0,93.17,0.00,93.17,0.00,,0,22.52,148.81,1,palm,relative
217883.5465,0,93.17,0.00,93.17,0.00,,0,20.78,148.81,1,palm,relative
217883.5799,0,93.17,0.00,93.17,0.00,,0,33.32,155.96,1,palm,relative
217883.6132,0,93.17,0.00,93.17,0.00,,0,30.15,155.87,1,palm,relative
217883.6466,0,93.17,0.00,93.17,0.00,,0,26.89,153.18,1,palm,relative
217883.6799,0,93.17,0.00,93.17,0.00,,0,22.58,145.20,1,palm,relative
217883.7133,0,93.17,0.00,93.17,0.00,,0,22.60,151.12,1,palm,relative
217883.7466,0,93.17,0.00,93.17,0.00,,0,13.21,147.28,1,palm,relative
217883.7800,0,93.17,0.00,93.17,0.00,,0,24.99,143.71,1,palm,relative
217883.8134,0,93.17,0.00,93.17,0.00,,0,27.19,149.67,1,palm,relative
217883.8467,0,93.17,0.00,93.17,0.00,,0,21.83,142.12,1,palm,relative
217883.8801,0,93.17,0.00,93.17,0.00,,0,19.87,146.43,1,palm,relative
217883.9134,0,93.17,0.00,93.17,0.00,,0,19.39,135.96,1,palm,relative
217883.9468,0,93.17,0.00,93.17,0.00,,0,25.97,146.74,1,palm,relative
217883.9801,0,93.17,0.00,93.17,0.00,,0,41.39,158.88,1,palm,relative
217884.0134,0,93.17,0.00,93.17,0.00,,0,16.46,145.35,1,palm,relative
217884.0468,0,93.17,0.00,93.17,0.00,,0,20.28,141.29,1,palm,relative
217884.0801,0,93.17,0.00,93.17,0.00,,0,21.67,138.88,1,palm,relative
217884.1135,0,93.17,0.00,93.17,0.00,,0,22.68,142.91,1,palm,relative
217884.1468,0,93.17,0.00,93.17,0.00,,0,99.61,216.50,1,palm,relative
217884.1802,0,93.17,0.00,93.17,0.00,,0,9.98,193.26,1,palm,relative
217884.2469,0,93.17,0.00,93.17,0.00,,0,24.30,152.33,1,palm,relative
217884.2803,0,93.17,0.00,93.17,0.00,,0,23.12,151.62,1,palm,relative
217884.3136,0,93.17,0.00,93.17,0.00,,0,28.67,147.07,1,palm,relative
217884.3470,0,93.17,0.00,93.17,0.00,,0,24.49,144.86,1,palm,relative
217884.3803,0,93.17,0.00,93.17,0.00,,0,26.72,140.88,1,palm,relative
217884.4137,0,93.17,0.00,93.17,0.00,,0,30.89,148.82,1,palm,relative
217884.4470,0,93.17,0.00,93.17,0.00,,0,32.54,149.42,1,palm,relative
217884.4803,0,93.17,0.00,93.17,0.00,,0,24.30,144.87,1,palm,relative
217884.5137,0,93.17,0.00,93.17,0.00,,0,27.68,147.14,1,palm,relative
217884.5470,0,93.17,0.00,93.17,0.00,,0,25.61,148.94,1,palm,relative
217884.5804,0,93.17,0.00,93.17,0.00,,0,34.59,153.16,1,palm,relative
217884.6137,0,93.17,0.00,93.17,0.00,,0,15.11,135.70,1,palm,relative
217884.6471,0,93.17,0.00,93.17,0.00,,0,24.61,142.52,1,palm,relative
217884.6805,0,93.17,0.00,93.17,0.00,,0,29.27,151.05,1,palm,relative
217884.7138,0,93.17,0.00,93.17,0.00,,0,22.68,143.48,1,palm,relative
217884.7472,0,93.17,0.00,93.17,0.00,,0,22.68,144.53,1,palm,relative
217884.7805,0,93.17,0.00,93.17,0.00,,0,21.97,143.53,1,palm,relative
217884.8139,0,93.17,0.00,93.17,0.00,,0,26.34,148.79,1,palm,relative
217884.8472,0,93.17,0.00,93.17,0.00,,0,18.86,141.92,1,palm,relative
217884.8806,0,93.17,0.00,93.17,0.00,,0,21.25,145.89,1,palm,relative
217884.9139,0,93.17,0.00,93.17,0.00,,0,24.32,145.45,1,palm,relative
217884.9472,0,93.17,0.00,93.17,0.00,,0,23.75,154.45,1,palm,relative
217884.9806,0,93.17,0.00,93.17,0.00,,0,18.30,149.54,1,palm,relative
217885.0139,0,93.17,0.00,93.17,0.00,,0,17.79,137.10,1,palm,relative
217885.0473,0,93.17,0.00,93.17,0.00,,0,21.26,144.31,1,palm,relative
217885.0806,0,93.17,0.00,93.17,0.00,,0,30.16,147.63,1,palm,relative
217885.1140,0,93.17,0.00,93.17,0.00,,0,28.52,153.73,1,palm,relative
217885.1474,0,93.17,0.00,93.17,0.00,,0,28.25,155.08,1,palm,relative
217885.1807,0,93.17,0.00,93.17,0.00,,0,24.28,146.60,1,palm,relative
217885.2141,0,93.17,0.00,93.17,0.00,,0,22.74,143.90,1,palm,relative
217885.2474,0,93.17,0.00,93.17,0.00,,0,29.52,148.78,1,palm,relative
217885.2808,0,93.17,0.00,93.17,0.00,,0,20.55,145.27,1,palm,relative
217885.3141,0,93.17,0.00,93.17,0.00,,0,26.44,142.65,1,palm,relative
217885.3475,0,93.17,0.00,93.17,0.00,,0,21.32,140.08,1,palm,relative
217885.3808,0,93.17,0.00,93.17,0.00,,0,10.51,124.63,1,palm,relative
217885.4141,0,93.17,0.00,93.17,0.00,,0,29.24,144.42,1,palm,relative
217885.4475,0,93.17,0.00,93.17,0.00,,0,19.81,142.15,1,palm,relative
217885.4808,0,93.17,0.00,93.17,0.00,,0,31.14,140.66,1,palm,relative
217885.5142,0,93.17,0.00,93.17,0.00,,0,28.20,144.33,1,palm,relative
217885.5475,0,93.17,0.00,93.17,0.00,,0,27.43,139.90,1,palm,relative
217885.5809,0,93.17,0.00,93.17,0.00,,0,19.80,135.70,1,palm,relative
217885.6143,0,93.17,0.00,93.17,0.00,,0,24.38,135.23,1,palm,relative
217885.6476,0,93.17,0.00,93.17,0.00,,0,30.67,147.62,1,palm,relative
217885.6810,0,93.17,0.00,93.17,0.00,,0,35.83,150.40,1,palm,relative
217885.7143,0,93.17,0.00,93.17,0.00,,0,24.70,148.45,1,palm,relative
217885.7477,0,93.17,0.00,93.17,0.00,,0,34.58,150.92,1,palm,relative
217885.7810,0,93.17,0.00,93.17,0.00,,0,26.74,148.31,1,palm,relative
217885.8144,0,93.17,0.00,93.17,0.00,,0,53.16,172.09,1,palm,relative
217885.8477,0,93.17,0.00,93.17,0.00,,0,13.92,152.87,1,palm,relative
217885.8810,0,93.17,0.00,93.17,0.00,,0,23.40,143.07,1,palm,relative
217885.9144,0,93.17,0.00,93.17,0.00,,0,27.22,144.96,1,palm,relative
217885.9477,0,93.17,0.00,93.17,0.00,,0,25.55,147.41,1,palm,relative
217885.9811,0,93.17,0.00,93.17,0.00,,0,76.54,196.13,1,palm,relative
217886.0144,0,93.17,0.00,93.17,0.00,,0,15.07,178.11,1,palm,relative
217886.0812,0,93.17,0.00,93.17,0.00,,0,23.08,143.86,1,palm,relative
217886.1145,0,93.17,0.00,93.17,0.00,,0,10.14,127.10,1,palm,relative
217886.1479,0,93.17,0.00,93.17,0.00,,0,24.88,145.62,1,palm,relative
217886.1812,0,93.17,0.00,93.17,0.00,,0,24.90,148.07,1,palm,relative
217886.2146,0,93.17,0.00,93.17,0.00,,0,40.90,155.96,1,palm,relative
217886.2479,0,93.17,0.00,93.17,0.00,,0,22.85,145.68,1,palm,relative
217886.2812,0,93.17,0.00,93.17,0.00,,0,25.20,139.15,1,palm,relative
217886.3146,0,93.17,0.00,93.17,0.00,,0,22.24,139.75,1,palm,relative
217886.3479,0,93.17,0.00,93.17,0.00,,0,24.79,141.53,1,palm,relative
217886.3813,0,93.17,0.00,93.17,0.00,,0,21.43,141.89,1,palm,relative
217886.4146,0,93.17,0.00,93.17,0.00,,0,34.87,151.81,1,palm,relative
217886.4480,0,93.17,0.00,93.17,0.00,,0,25.29,145.99,1,palm,relative
217886.4813,0,93.17,0.00,93.17,0.00,,0,27.01,145.04,1,palm,relative
217886.5147,0,93.17,0.00,93.17,0.00,,0,26.21,147.86,1,palm,relative
217886.5481,0,93.17,0.00,93.17,0.00,,0,33.93,153.85,1,palm,relative
217886.5814,0,93.17,0.00,93.17,0.00,,0,24.10,145.53,1,palm,relative
217886.6148,0,93.17,0.00,93.17,0.00,,0,26.01,144.22,1,palm,relative
217886.6481,0,93.17,0.00,93.17,0.00,,0,46.56,171.24,1,palm,relative
217886.6815,0,93.17,0.00,93.17,0.00,,0,20.88,159.21,1,palm,relative
217886.7148,0,93.17,0.00,93.17,0.00,,0,23.58,150.45,1,palm,relative
217886.7481,0,93.17,0.00,93.17,0.00,,0,28.05,146.85,1,palm,relative
217886.7815,0,93.17,0.00,93.17,0.00,,0,19.32,145.86,1,palm,relative
217886.8148,0,93.17,0.00,93.17,0.00,,0,57.55,173.37,1,palm,relative
217886.8482,0,93.17,0.00,93.17,0.00,,0,16.23,156.56,1,palm,relative
217886.8815,0,93.17,0.00,93.17,0.00,,0,18.24,141.56,1,palm,relative
217886.9149,0,93.17,0.00,93.17,0.00,,0,21.33,136.07,1,palm,relative
217886.9482,0,93.17,0.00,93.17,0.00,,0,22.46,148.70,1,palm,relative
217886.9816,0,93.17,0.00,93.17,0.00,,0,43.09,158.78,1,palm,relative
217887.0150,0,93.17,0.00,93.17,0.00,,0,22.79,148.46,1,palm,relative
217887.0483,0,93.17,0.00,93.17,0.00,,0,27.50,150.59,1,palm,relative
217887.0817,0,93.17,0.00,93.17,0.00,,0,29.51,147.02,1,palm,relative
217887.1150,0,93.17,0.00,93.17,0.00,,0,39.16,155.67,1,palm,relative
217887.1484,0,93.17,0.00,93.17,0.00,,0,25.74,148.49,1,palm,relative
217887.1817,0,93.17,0.00,93.17,0.00,,0,30.15,150.84,1,palm,relative
217887.2150,0,93.17,0.00,93.17,0.00,,0,32.54,150.63,1,palm,relative
217887.2484,0,93.17,0.00,93.17,0.00,,0,18.76,142.27,1,palm,relative
217887.2817,0,93.17,0.00,93.17,0.00,,0,17.34,141.80,1,palm,relative
217887.3151,0,93.17,0.00,93.17,0.00,,0,36.64,152.16,1,palm,relative
217887.3484,0,93.17,0.00,93.17,0.00,,0,20.78,139.98,1,palm,relative
217887.3818,0,93.17,0.00,93.17,0.00,,0,9.43,123.33,1,palm,relative
217887.4151,0,93.17,0.00,93.17,0.00,,0,34.93,152.53,1,palm,relative
217887.4485,0,93.17,0.00,93.17,0.00,,0,25.88,145.44,1,palm,relative
217887.4819,0,93.17,0.00,93.17,0.00,,0,10.44,123.48,1,palm,relative
217887.5152,0,93.17,0.00,93.17,0.00,,0,35.82,149.68,1,palm,relative
217887.5486,0,93.17,0.00,93.17,0.00,,0,27.43,143.90,1,palm,relative
217887.5819,0,93.17,0.00,93.17,0.00,,0,30.82,141.89,1,palm,relative
217887.6153,0,93.17,0.00,93.17,0.00,,0,13.14,124.32,1,palm,relative
217887.6486,0,93.17,0.00,93.17,0.00,,0,28.11,137.47,1,palm,relative
217887.6819,0,93.17,0.00,93.17,0.00,,0,8.61,118.33,1,palm,relative
217887.7153,0,93.17,0.00,93.17,0.00,,0,34.64,143.53,1,palm,relative
217887.7486,0,93.17,0.00,93.17,0.00,,0,40.15,170.06,1,palm,relative
217887.7820,0,93.17,0.00,93.17,0.00,,0,12.91,149.79,1,palm,relative
217887.8153,0,93.17,0.00,93.17,0.00,,0,29.77,146.49,1,palm,relative
217887.8487,0,93.17,0.00,93.17,0.00,,0,36.72,150.63,1,palm,relative
217887.8820,0,93.17,0.00,93.17,0.00,,0,26.82,144.37,1,palm,relative
217887.9154,0,93.17,0.00,93.17,0.00,,0,11.60,122.90,1,palm,relative
217887.9488,0,93.17,0.00,93.17,0.00,,0,27.42,134.62,1,palm,relative
217887.9821,0,93.17,0.00,93.17,0.00,,0,40.43,143.96,1,palm,relative
217888.0155,0,93.17,0.00,93.17,0.00,,0,34.60,145.43,1,palm,relative
217888.0488,0,93.17,0.00,93.17,0.00,,0,31.82,144.11,1,palm,relative
217888.0822,0,93.17,0.00,93.17,0.00,,0,11.50,122.39,1,palm,relative
217888.1155,0,93.17,0.00,93.17,0.00,,0,14.57,113.69,1,palm,relative
217888.1488,0,93.17,0.00,93.17,0.00,,0,11.17,112.90,1,palm,relative
217888.1822,0,93.17,0.00,93.17,0.00,,0,12.71,112.29,1,palm,relative
217888.2155,0,93.17,0.00,93.17,0.00,,0,37.55,149.95,1,palm,relative
217888.2489,0,93.17,0.00,93.17,0.00,,0,31.64,148.48,1,palm,relative
217888.2822,0,93.17,0.00,93.17,0.00,,0,29.03,144.53,1,palm,relative
217888.3156,0,93.17,0.00,93.17,0.00,,0,9.46,120.99,1,palm,relative
217888.3490,0,93.17,0.00,93.17,0.00,,0,17.19,121.28,1,palm,relative
217888.3823,0,93.17,0.00,93.17,0.00,,0,18.25,119.17,1,palm,relative
217888.4157,0,93.17,0.00,93.17,0.00,,0,15.34,119.62,1,palm,relative
217888.4490,0,93.17,0.00,93.17,0.00,,0,14.68,114.96,1,palm,relative
217888.4824,0,93.17,0.00,93.17,0.00,,0,26.88,130.67,1,palm,relative
217888.5157,0,93.17,0.00,93.17,0.00,,0,11.56,122.91,1,palm,relative
217888.5491,0,93.17,0.00,93.17,0.00,,0,24.32,122.14,1,palm,relative
217888.5824,0,93.17,0.00,93.17,0.00,,0,15.58,114.92,1,palm,relative
217888.6157,0,93.17,0.00,93.17,0.00,,0,10.85,105.43,1,palm,relative
217888.6491,0,93.17,0.00,93.17,0.00,,0,8.79,108.04,1,palm,relative
217888.6824,0,93.17,0.00,93.17,0.00,,0,10.54,106.64,1,palm,relative
217888.7158,0,93.17,0.00,93.17,0.00,,0,13.58,109.12,1,palm,relative
217888.7491,0,93.17,0.00,93.17,0.00,,0,15.80,114.39,1,palm,relative
217888.7825,0,93.17,0.00,93.17,0.00,,0,13.40,108.90,1,palm,relative
217888.8158,0,93.17,0.00,93.17,0.00,,0,19.72,118.93,1,palm,relative
217888.8492,0,93.17,0.00,93.17,0.00,,0,15.76,110.29,1,palm,relative
217888.8825,0,93.17,0.00,93.17,0.00,,0,15.86,115.66,1,palm,relative
217888.9159,0,93.17,0.00,93.17,0.00,,0,13.90,109.29,1,palm,relative
217888.9492,0,93.17,0.00,93.17,0.00,,0,15.87,114.82,1,palm,relative
217888.9826,0,93.17,0.00,93.17,0.00,,0,9.82,106.85,1,palm,relative
217889.0159,0,93.17,0.00,93.17,0.00,,0,13.80,114.66,1,palm,relative
217889.0493,0,93.17,0.00,93.17,0.00,,0,12.32,110.95,1,palm,relative
217889.0826,0,93.17,0.00,93.17,0.00,,0,10.94,109.49,1,palm,relative
217889.1160,0,93.17,0.00,93.17,0.00,,0,12.55,110.73,1,palm,relative
217889.1493,0,93.17,0.00,93.17,0.00,,0,28.87,130.10,1,palm,relative
217889.1827,0,93.17,0.00,93.17,0.00,,0,17.29,114.36,1,palm,relative
217889.2160,0,93.17,0.00,93.17,0.00,,0,12.92,109.29,1,palm,relative
217889.2494,0,93.17,0.00,93.17,0.00,,0,13.49,110.84,1,palm,relative
217889.2827,0,93.17,0.00,93.17,0.00,,0,20.51,114.67,1,palm,relative
217889.3161,0,93.17,0.00,93.17,0.00,,0,10.42,109.73,1,palm,relative
217889.3494,0,93.17,0.00,93.17,0.00,,0,20.80,116.16,1,palm,relative
217889.3828,0,93.17,0.00,93.17,0.00,,0,23.00,121.43,1,palm,relative
217889.4161,0,93.17,0.00,93.17,0.00,,0,11.91,107.16,1,palm,relative
217889.4495,0,93.17,0.00,93.17,0.00,,0,18.04,116.25,1,palm,relative
217889.4828,0,93.17,0.00,93.17,0.00,,0,12.39,107.63,1,palm,relative
217889.5162,0,93.17,0.00,93.17,0.00,,0,13.58,109.63,1,palm,relative
217889.5495,0,93.17,0.00,93.17,0.00,,0,16.41,112.02,1,palm,relative
217889.5829,0,93.17,0.00,93.17,0.00,,0,22.40,117.28,1,palm,relative
217889.6162,0,93.17,0.00,93.17,0.00,,0,14.70,110.53,1,palm,relative
217889.6496,0,93.17,0.00,93.17,0.00,,0,10.60,105.48,1,palm,relative
217889.6829,0,93.17,0.00,93.17,0.00,,0,15.73,113.96,1,palm,relative
217889.7163,0,93.17,0.00,93.17,0.00,,0,15.89,110.08,1,palm,relative
217889.7496,0,93.17,0.00,93.17,0.00,,0,20.20,117.80,1,palm,relative
217889.7830,0,93.17,0.00,93.17,0.00,,0,18.49,117.20,1,palm,relative
217889.8163,0,93.17,0.00,93.17,0.00,,0,19.92,110.27,1,palm,relative
217889.8497,0,93.17,0.00,93.17,0.00,,0,15.67,107.26,1,palm,relative
217889.8830,0,93.17,0.00,93.17,0.00,,0,21.42,113.32,1,palm,relative
217889.9164,0,93.17,0.00,93.17,0.00,,0,24.93,115.78,1,palm,relative
217889.9497,0,93.17,0.00,93.17,0.00,,0,23.54,117.58,1,palm,relative
217889.9831,0,93.17,0.00,93.17,0.00,,0,23.54,114.46,1,palm,relative
217890.0164,0,93.17,0.00,93.17,0.00,,0,24.64,118.09,1,palm,relative
217890.0498,0,93.17,0.00,93.17,0.00,,0,22.66,119.02,1,palm,relative
217890.0831,0,93.17,0.00,93.17,0.00,,0,30.63,117.49,1,palm,relative
217890.1165,0,93.17,0.00,93.17,0.00,,0,28.86,115.76,1,palm,relative
217890.1498,0,93.17,0.00,93.17,0.00,,0,22.27,107.42,1,palm,relative
217890.1832,0,93.17,0.00,93.17,0.00,,0,29.60,117.47,1,palm,relative
217890.2165,0,93.17,0.00,93.17,0.00,,0,22.06,107.65,1,palm,relative
217890.2499,0,93.17,0.00,93.17,0.00,,0,28.76,114.97,1,palm,relative
217890.2832,0,93.17,0.00,93.17,0.00,,0,32.08,120.02,1,palm,relative
217890.3166,0,93.17,0.00,93.17,0.00,,0,25.49,112.46,1,palm,relative
217890.3499,0,93.17,0.00,93.17,0.00,,0,25.80,110.65,1,palm,relative
217890.3833,0,93.17,0.00,93.17,0.00,,0,18.52,109.80,1,palm,relative
217890.4166,0,93.17,0.00,93.17,0.00,,0,28.34,112.16,1,palm,relative
217890.4500,0,93.17,0.00,93.17,0.00,,0,23.42,108.88,1,palm,relative
217890.4833,0,93.17,0.00,93.17,0.00,,0,30.65,115.70,1,palm,relative
217890.5167,0,93.17,0.00,93.17,0.00,,0,24.35,110.41,1,palm,relative
217890.5500,0,93.17,0.00,93.17,0.00,,0,30.38,114.22,1,palm,relative
217890.5834,0,93.17,0.00,93.17,0.00,,0,34.68,120.77,1,palm,relative
217890.6167,0,93.17,0.00,93.17,0.00,,0,18.66,107.06,1,palm,relative
217890.6501,0,93.17,0.00,93.17,0.00,,0,21.09,115.72,1,palm,relative
217890.6834,0,93.17,0.00,93.17,0.00,,0,27.38,125.55,1,palm,relative
217890.7168,0,93.17,0.00,93.17,0.00,,0,20.76,113.24,1,palm,relative
217890.7501,0,93.17,0.00,93.17,0.00,,0,21.94,106.92,1,palm,relative
217890.7835,0,93.17,0.00,93.17,0.00,,0,30.12,115.18,1,palm,relative
217890.8168,0,93.17,0.00,93.17,0.00,,0,38.90,121.69,1,palm,relative
217890.8502,0,93.17,0.00,93.17,0.00,,0,30.35,118.91,1,palm,relative
217890.8835,0,93.17,0.00,93.17,0.00,,0,26.23,112.01,1,palm,relative
217890.9169,0,93.17,0.00,93.17,0.00,,0,26.41,112.48,1,palm,relative
217890.9502,0,93.17,0.00,93.17,0.00,,0,14.61,98.42,1,palm,relative
217890.9836,0,93.17,0.00,93.17,0.00,,0,37.12,122.07,1,palm,relative
217891.0169,0,93.17,0.00,93.17,0.00,,0,18.74,107.56,1,palm,relative
217891.0503,0,93.17,0.00,93.17,0.00,,0,8.69,92.94,1,palm,relative
217891.0836,0,93.17,0.00,93.17,0.00,,0,31.52,110.17,1,palm,relative
217891.1170,0,93.17,0.00,93.17,0.00,,0,21.44,109.74,1,palm,relative
217891.1503,0,93.17,0.00,93.17,0.00,,0,19.15,112.88,1,palm,relative
217891.1837,0,93.17,0.00,93.17,0.00,,0,45.98,138.68,1,palm,relative
217891.2170,0,93.17,0.00,93.17,0.00,,0,9.95,115.85,1,palm,relative
217891.2504,0,93.17,0.00,93.17,0.00,,0,22.14,115.22,1,palm,relative
217891.2837,0,93.17,0.00,93.17,0.00,,0,22.34,117.36,1,palm,relative
217891.3171,0,93.17,0.00,93.17,0.00,,0,27.26,122.69,1,palm,relative
217891.3504,0,93.17,0.00,93.17,0.00,,0,29.83,119.50,1,palm,relative
217891.3838,0,93.17,0.00,93.17,0.00,,0,20.13,115.92,1,palm,relative
217891.4171,0,93.17,0.00,93.17,0.00,,0,23.13,112.79,1,palm,relative
217891.4505,0,93.17,0.00,93.17,0.00,,0,34.72,123.43,1,palm,relative
217891.4838,0,93.17,0.00,93.17,0.00,,0,57.52,185.92,1,palm,relative
217891.5172,0,93.17,0.00,93.17,0.00,,0,37.12,191.10,1,palm,relative
217891.5505,0,93.17,0.00,93.17,0.00,,0,52.15,210.43,1,palm,relative
217891.5839,0,93.17,0.00,93.17,0.00,,0,23.68,201.89,1,palm,relative
217891.6506,0,93.17,0.00,93.17,0.00,,0,10.88,146.30,1,palm,relative
217891.6839,0,93.17,0.00,93.17,0.00,,0,26.17,145.82,1,palm,relative
217891.7173,0,93.17,0.00,93.17,0.00,,0,25.90,148.21,1,palm,relative
217891.7506,0,93.17,0.00,93.17,0.00,,0,23.24,154.13,1,palm,relative
217891.7840,0,93.17,0.00,93.17,0.00,,0,27.50,148.41,1,palm,relative
217891.8173,0,93.17,0.00,93.17,0.00,,0,28.04,146.62,1,palm,relative
217891.8507,0,93.17,0.00,93.17,0.00,,0,32.49,149.18,1,palm,relative
217891.8840,0,93.17,0.00,93.17,0.00,,0,27.03,146.50,1,palm,relative
217891.9174,0,93.17,0.00,93.17,0.00,,0,26.23,142.88,1,palm,relative
217891.9507,0,93.17,0.00,93.17,0.00,,0,38.72,158.86,1,palm,relative
217891.9841,0,93.17,0.00,93.17,0.00,,0,26.45,152.28,1,palm,relative
217892.0174,0,93.17,0.00,93.17,0.00,,0,20.83,141.69,1,palm,relative
217892.0508,0,93.17,0.00,93.17,0.00,,0,22.50,149.10,1,palm,relative
217892.0841,0,93.17,0.00,93.17,0.00,,0,38.46,155.99,1,palm,relative
217892.1175,0,93.17,0.00,93.17,0.00,,0,24.66,152.16,1,palm,relative
217892.1508,0,93.17,0.00,93.17,0.00,,0,32.48,151.61,1,palm,relative
217892.1842,0,93.17,0.00,93.17,0.00,,0,21.24,145.24,1,palm,relative
217892.2175,0,93.17,0.00,93.17,0.00,,0,22.42,140.82,1,palm,relative
217892.2509,0,93.17,0.00,93.17,0.00,,0,29.48,151.31,1,palm,relative
217892.2842,0,93.17,0.00,93.17,0.00,,0,31.40,152.26,1,palm,relative
217892.3176,0,93.17,0.00,93.17,0.00,,0,17.49,142.37,1,palm,relative
217892.3509,0,93.17,0.00,93.17,0.00,,0,23.30,142.32,1,palm,relative
217892.3843,0,93.17,0.00,93.17,0.00,,0,20.54,139.15,1,palm,relative
217892.4176,0,93.17,0.00,93.17,0.00,,0,28.33,157.86,1,palm,relative
217892.4510,0,93.17,0.00,93.17,0.00,,0,46.83,171.62,1,palm,relative
217892.4843,0,93.17,0.00,93.17,0.00,,0,11.41,150.18,1,palm,relative
217892.5177,0,93.17,0.00,93.17,0.00,,0,21.72,148.21,1,palm,relative
217892.5510,0,93.17,0.00,93.17,0.00,,0,28.14,158.78,1,palm,relative
217892.5844,0,93.17,0.00,93.17,0.00,,0,18.51,146.12,1,palm,relative
217892.6177,0,93.17,0.00,93.17,0.00,,0,18.67,145.41,1,palm,relative
217892.6511,0,93.17,0.00,93.17,0.00,,0,47.78,174.68,1,palm,relative
217892.6844,0,93.17,0.00,93.17,0.00,,0,12.25,153.91,1,palm,relative
217892.7178,0,93.17,0.00,93.17,0.00,,0,24.65,150.19,1,palm,relative
217892.7511,0,93.17,0.00,93.17,0.00,,0,12.66,142.94,1,palm,relative
217892.7845,0,93.17,0.00,93.17,0.00,,0,20.04,145.06,1,palm,relative
217892.8178,0,93.17,0.00,93.17,0.00,,0,15.29,142.72,1,palm,relative
217892.8512,0,93.17,0.00,93.17,0.00,,0,21.03,147.19,1,palm,relative
217892.8845,0,93.17,0.00,93.17,0.00,,0,25.01,151.82,1,palm,relative
217892.9179,0,93.17,0.00,93.17,0.00,,0,18.33,144.81,1,palm,relative
217892.9512,0,93.17,0.00,93.17,0.00,,0,13.32,141.04,1,palm,relative
217892.9846,0,93.17,0.00,93.17,0.00,,0,21.03,147.92,1,palm,relative
217893.0179,0,93.17,0.00,93.17,0.00,,0,17.36,147.28,1,palm,relative
217893.0513,0,93.17,0.00,93.17,0.00,,0,16.62,145.32,1,palm,relative
217893.0846,0,93.17,0.00,93.17,0.00,,0,36.10,169.53,1,palm,relative
217893.1180,0,93.17,0.00,93.17,0.00,,0,15.57,151.96,1,palm,relative
217893.1513,0,93.17,0.00,93.17,0.00,,0,15.72,147.26,1,palm,relative
217893.1847,0,93.17,0.00,93.17,0.00,,0,11.94,143.92,1,palm,relative
217893.2180,0,93.17,0.00,93.17,0.00,,0,16.90,150.84,1,palm,relative
217893.2514,0,93.17,0.00,93.17,0.00,,0,38.96,171.47,1,palm,relative
217893.2847,0,93.17,0.00,93.17,0.00,,0,45.80,193.54,1,palm,relative
217893.3181,0,93.17,0.00,93.17,0.00,,0,24.31,184.74,1,palm,relative
217893.3514,0,93.17,0.00,93.17,0.00,,0,21.42,172.94,1,palm,relative
217893.3848,0,93.17,0.00,93.17,0.00,,0,16.09,156.74,1,palm,relative
217893.4181,0,93.17,0.00,93.17,0.00,,0,17.62,153.83,1,palm,relative
217893.4515,0,93.17,0.00,93.17,0.00,,0,13.05,147.79,1,palm,relative
217893.4848,0,93.17,0.00,93.17,0.00,,0,20.69,159.32,1,palm,relative
217893.5182,0,93.17,0.00,93.17,0.00,,0,14.61,151.09,1,palm,relative
217893.5515,0,93.17,0.00,93.17,0.00,,0,14.21,154.23,1,palm,relative
217893.5849,0,93.17,0.00,93.17,0.00,,0,15.04,153.07,1,palm,relative
217893.6182,0,93.17,0.00,93.17,0.00,,0,14.77,155.40,1,palm,relative
217893.6516,0,93.17,0.00,93.17,0.00,,0,11.84,149.57,1,palm,relative
217893.6849,0,93.17,0.00,93.17,0.00,,0,19.88,156.20,1,palm,relative
217893.7183,0,93.17,0.00,93.17,0.00,,0,40.53,181.82,1,palm,relative
217893.7516,0,93.17,0.00,93.17,0.00,,0,41.36,190.14,1,palm,relative
217893.7850,0,93.17,0.00,93.17,0.00,,0,23.31,180.21,1,palm,relative
217893.8183,0,93.17,0.00,93.17,0.00,,0,8.49,155.95,1,palm,relative
217893.8517,0,93.17,0.00,93.17,0.00,,0,17.62,160.68,1,palm,relative
217893.8850,0,93.17,0.00,93.17,0.00,,0,14.31,152.99,1,palm,relative
217893.9184,0,93.17,0.00,93.17,0.00,,0,11.92,154.84,1,palm,relative
217893.9517,0,93.17,0.00,93.17,0.00,,0,18.64,159.42,1,palm,relative
217893.9851,0,93.17,0.00,93.17,0.00,,0,13.16,156.90,1,palm,relative
217894.0184,0,93.17,0.00,93.17,0.00,,0,41.31,183.11,1,palm,relative
217894.0518,0,93.17,0.00,93.17,0.00,,0,22.26,172.14,1,palm,relative
217894.0851,0,93.17,0.00,93.17,0.00,,0,30.89,173.66,1,palm,relative
217894.1185,0,93.17,0.00,93.17,0.00,,0,12.40,154.17,1,palm,relative
217894.1518,0,93.17,0.00,93.17,0.00,,0,31.53,176.61,1,palm,relative
217894.1852,0,93.17,0.00,93.17,0.00,,0,36.89,182.57,1,palm,relative
217894.2185,0,93.17,0.00,93.17,0.00,,0,29.15,178.50,1,palm,relative
217894.2519,0,93.17,0.00,93.17,0.00,,0,24.14,174.33,1,palm,relative
217894.2852,0,93.17,0.00,93.17,0.00,,0,11.19,152.30,1,palm,relative
217894.3186,0,93.17,0.00,93.17,0.00,,0,35.46,180.28,1,palm,relative
217894.3519,0,93.17,0.00,93.17,0.00,,0,34.55,181.83,1,palm,relative
217894.3853,0,93.17,0.00,93.17,0.00,,0,26.78,175.37,1,palm,relative
217894.4186,0,93.17,0.00,93.17,0.00,,0,13.62,156.10,1,palm,relative
217894.4520,0,93.17,0.00,93.17,0.00,,0,33.89,176.88,1,palm,relative
217894.4853,0,93.17,0.00,93.17,0.00,,0,15.94,159.74,1,palm,relative
217894.5187,0,93.17,0.00,93.17,0.00,,0,34.68,174.19,1,palm,relative
217894.5520,0,93.17,0.00,93.17,0.00,,0,13.39,154.47,1,palm,relative
217894.5854,0,93.17,0.00,93.17,0.00,,0,21.14,160.02,1,palm,relative
217894.6187,0,93.17,0.00,93.17,0.00,,0,35.10,174.86,1,palm,relative
217894.6521,0,93.17,0.00,93.17,0.00,,0,12.51,154.31,1,palm,relative
217894.6854,0,93.17,0.00,93.17,0.00,,0,12.32,151.80,1,palm,relative
217894.7188,0,93.17,0.00,93.17,0.00,,0,15.48,154.09,1,palm,relative
217894.7521,0,93.17,0.00,93.17,0.00,,0,13.07,152.98,1,palm,relative
217894.7855,0,93.17,0.00,93.17,0.00,,0,18.12,157.58,1,palm,relative
217894.8188,0,93.17,0.00,93.17,0.00,,0,13.81,156.32,1,palm,relative
217894.8522,0,93.17,0.00,93.17,0.00,,0,16.82,157.37,1,palm,relative
217894.8855,0,93.17,0.00,93.17,0.00,,0,14.33,155.30,1,palm,relative
217894.9189,0,93.17,0.00,93.17,0.00,,0,15.31,156.21,1,palm,relative
217894.9522,0,93.17,0.00,93.17,0.00,,0,14.09,153.85,1,palm,relative
217894.9856,0,93.17,0.00,93.17,0.00,,0,10.67,152.95,1,palm,relative
217895.0189,0,93.17,0.00,93.17,0.00,,0,13.09,152.53,1,palm,relative
217895.0523,0,93.17,0.00,93.17,0.00,,0,28.89,172.65,1,palm,relative
217895.0856,0,93.17,0.00,93.17,0.00,,0,15.21,156.65,1,palm,relative
217895.1190,0,93.17,0.00,93.17,0.00,,0,33.26,178.19,1,palm,relative
217895.1523,0,93.17,0.00,93.17,0.00,,0,6.99,151.97,1,palm,relative
217895.1857,0,93.17,0.00,93.17,0.00,,0,23.67,182.61,1,palm,relative
217895.2190,0,93.17,0.00,93.17,0.00,,0,32.33,181.72,1,palm,relative
217895.2524,0,93.17,0.00,93.17,0.00,,0,41.68,190.85,1,palm,relative
217895.2857,0,93.17,0.00,93.17,0.00,,0,22.39,180.28,1,palm,relative
217895.3191,0,93.17,0.00,93.17,0.00,,0,36.07,183.70,1,palm,relative
217895.3524,0,93.17,0.00,93.17,0.00,,0,29.20,179.91,1,palm,relative
217895.3858,0,93.17,0.00,93.17,0.00,,0,18.34,165.33,1,palm,relative
217895.4191,0,93.17,0.00,93.17,0.00,,0,27.19,171.58,1,palm,relative
217895.4525,0,93.17,0.00,93.17,0.00,,0,10.65,152.85,1,palm,relative
217895.4858,0,93.17,0.00,93.17,0.00,,0,38.84,185.26,1,palm,relative
217895.5192,0,93.17,0.00,93.17,0.00,,0,29.32,181.39,1,palm,relative
217895.5525,0,93.17,0.00,93.17,0.00,,0,29.56,182.34,1,palm,relative
217895.5859,0,93.17,0.00,93.17,0.00,,0,32.32,182.32,1,palm,relative
217895.6192,0,93.17,0.00,93.17,0.00,,0,30.35,179.64,1,palm,relative
217895.6526,0,93.17,0.00,93.17,0.00,,0,34.52,183.59,1,palm,relative
217895.6859,0,93.17,0.00,93.17,0.00,,0,26.85,177.50,1,palm,relative
217895.7193,0,93.17,0.00,93.17,0.00,,0,23.33,172.35,1,palm,relative
217895.7526,0,93.17,0.00,93.17,0.00,,0,30.35,179.71,1,palm,relative
217895.7860,0,93.17,0.00,93.17,0.00,,0,80.51,227.19,1,palm,relative
217895.8193,0,93.17,0.00,93.17,0.00,,0,43.07,237.32,1,palm,relative
217895.8860,0,93.17,0.00,93.17,0.00,,0,12.19,183.03,1,palm,relative
217895.9194,0,93.17,0.00,93.17,0.00,,0,32.24,182.28,1,palm,relative
217895.9527,0,93.17,0.00,93.17,0.00,,0,62.50,211.66,1,palm,relative
217895.9861,0,93.17,0.00,93.17,0.00,,0,12.84,191.38,1,palm,relative
217896.0194,0,93.17,0.00,93.17,0.00,,0,14.08,172.45,1,palm,relative
217896.0528,0,93.17,0.00,93.17,0.00,,0,11.12,153.64,1,palm,relative
217896.0861,0,93.17,0.00,93.17,0.00,,0,25.82,173.02,1,palm,relative
217896.1195,0,93.17,0.00,93.17,0.00,,0,12.23,156.62,1,palm,relative
217896.1528,0,93.17,0.00,93.17,0.00,,0,32.69,182.04,1,palm,relative
217896.1862,0,93.17,0.00,93.17,0.00,,0,25.78,174.68,1,palm,relative
217896.2195,0,93.17,0.00,93.17,0.00,,0,36.02,189.05,1,palm,relative
217896.2529,0,93.17,0.00,93.17,0.00,,0,24.17,180.23,1,palm,relative
217896.2862,0,93.17,0.00,93.17,0.00,,0,35.33,183.36,1,palm,relative
217896.3196,0,93.17,0.00,93.17,0.00,,0,55.58,206.23,1,palm,relative
217896.3529,0,93.17,0.00,93.17,0.00,,0,13.77,186.89,1,palm,relative
217896.3863,0,93.17,0.00,93.17,0.00,,0,29.82,183.59,1,palm,relative
217896.4196,0,93.17,0.00,93.17,0.00,,0,34.38,187.74,1,palm,relative
217896.4530,0,93.17,0.00,93.17,0.00,,0,22.18,176.80,1,palm,relative
217896.4863,0,93.17,0.00,93.17,0.00,,0,23.42,180.12,1,palm,relative
217896.5197,0,93.17,0.00,93.17,0.00,,0,27.24,178.55,1,palm,relative
217896.5530,0,93.17,0.00,93.17,0.00,,0,28.63,183.72,1,palm,relative
217896.5864,0,93.17,0.00,93.17,0.00,,0,29.04,181.09,1,palm,relative
217896.6197,0,93.17,0.00,93.17,0.00,,0,27.69,185.09,1,palm,relative
217896.6531,0,93.17,0.00,93.17,0.00,,0,22.10,175.63,1,palm,relative
217896.6864,0,93.17,0.00,93.17,0.00,,0,19.95,174.98,1,palm,relative
217896.7198,0,93.17,0.00,93.17,0.00,,0,19.78,174.53,1,palm,relative
217896.7531,0,93.17,0.00,93.17,0.00,,0,47.45,206.53,1,palm,relative
217896.7865,0,93.17,0.00,93.17,0.00,,0,48.35,221.80,1,palm,relative
217896.8532,0,93.17,0.00,93.17,0.00,,0,34.94,190.27,1,palm,relative
217896.8865,0,93.17,0.00,93.17,0.00,,0,22.60,179.65,1,palm,relative
217896.9199,0,93.17,0.00,93.17,0.00,,0,10.26,157.12,1,palm,relative
217896.9532,0,93.17,0.00,93.17,0.00,,0,20.63,152.61,1,palm,relative
217896.9866,0,93.17,0.00,93.17,0.00,,0,22.85,154.52,1,palm,relative
217897.0199,0,93.17,0.00,93.17,0.00,,0,15.03,150.14,1,palm,relative
217897.0533,0,93.17,0.00,93.17,0.00,,0,24.09,155.98,1,palm,relative
217897.0866,0,93.17,0.00,93.17,0.00,,0,14.25,149.70,1,palm,relative
217897.1200,0,93.17,0.00,93.17,0.00,,0,35.78,171.83,1,palm,relative
217897.1533,0,93.17,0.00,93.17,0.00,,0,12.96,151.59,1,palm,relative
217897.1867,0,93.17,0.00,93.17,0.00,,0,14.97,145.08,1,palm,relative
217897.2200,0,93.17,0.00,93.17,0.00,,0,18.23,149.34,1,palm,relative
217897.2534,0,93.17,0.00,93.17,0.00,,0,19.34,148.63,1,palm,relative
217897.2867,0,93.17,0.00,93.17,0.00,,0,17.85,151.32,1,palm,relative
217897.3201,0,93.17,0.00,93.17,0.00,,0,58.07,187.83,1,palm,relative
217897.3534,0,93.17,0.00,93.17,0.00,,0,22.47,177.43,1,palm,relative
217897.3868,0,93.17,0.00,93.17,0.00,,0,8.46,152.76,1,palm,relative
217897.4201,0,93.17,0.00,93.17,0.00,,0,15.89,150.67,1,palm,relative
217897.4535,0,93.17,0.00,93.17,0.00,,0,13.32,143.08,1,palm,relative
217897.4868,0,93.17,0.00,93.17,0.00,,0,75.19,206.77,1,palm,relative
217897.5202,0,93.17,0.00,93.17,0.00,,0,14.83,188.62,1,palm,relative
217897.5869,0,93.17,0.00,93.17,0.00,,0,14.54,141.74,1,palm,relative
217897.6202,0,93.17,0.00,93.17,0.00,,0,18.44,148.96,1,palm,relative
217897.6536,0,93.17,0.00,93.17,0.00,,0,25.22,154.55,1,palm,relative
217897.6869,0,93.17,0.00,93.17,0.00,,0,39.98,173.59,1,palm,relative
217897.7203,0,93.17,0.00,93.17,0.00,,0,13.54,153.98,1,palm,relative
217897.7536,0,93.17,0.00,93.17,0.00,,0,9.86,141.36,1,palm,relative
217897.7870,0,93.17,0.00,93.17,0.00,,0,20.06,148.99,1,palm,relative
217897.8203,0,93.17,0.00,93.17,0.00,,0,21.97,152.84,1,palm,relative
217897.8537,0,93.17,0.00,93.17,0.00,,0,22.53,151.13,1,palm,relative
217897.8870,0,93.17,0.00,93.17,0.00,,0,16.55,148.94,1,palm,relative
217897.9204,0,93.17,0.00,93.17,0.00,,0,12.27,141.39,1,palm,relative
217897.9537,0,93.17,0.00,93.17,0.00,,0,17.60,147.09,1,palm,relative
217897.9871,0,93.17,0.00,93.17,0.00,,0,26.13,156.54,1,palm,relative
217898.0204,0,93.17,0.00,93.17,0.00,,0,13.98,146.80,1,palm,relative
217898.0538,0,93.17,0.00,93.17,0.00,,0,23.59,150.83,1,palm,relative
217898.0871,0,93.17,0.00,93.17,0.00,,0,24.73,154.86,1,palm,relative
217898.1205,0,93.17,0.00,93.17,0.00,,0,20.17,146.55,1,palm,relative
217898.1538,0,93.17,0.00,93.17,0.00,,0,68.95,198.19,1,palm,relative
217898.1872,0,93.17,0.00,93.17,0.00,,0,24.93,190.61,1,palm,relative
217898.2539,0,93.17,0.00,93.17,0.00,,0,14.63,140.35,1,palm,relative
217898.2872,0,93.17,0.00,93.17,0.00,,0,25.27,147.80,1,palm,relative
217898.3206,0,93.17,0.00,93.17,0.00,,0,18.06,144.21,1,palm,relative
217898.3539,0,93.17,0.00,93.17,0.00,,0,27.65,152.30,1,palm,relative
217898.3873,0,93.17,0.00,93.17,0.00,,0,13.21,141.17,1,palm,relative
217898.4206,0,93.17,0.00,93.17,0.00,,0,23.55,152.91,1,palm,relative
217898.4540,0,93.17,0.00,93.17,0.00,,0,15.05,146.60,1,palm,relative
217898.4873,0,93.17,0.00,93.17,0.00,,0,20.93,141.58,1,palm,relative
217898.5207,0,93.17,0.00,93.17,0.00,,0,21.97,145.72,1,palm,relative
217898.5540,0,93.17,0.00,93.17,0.00,,0,22.86,143.77,1,palm,relative
217898.5874,0,93.17,0.00,93.17,0.00,,0,27.53,152.18,1,palm,relative
217898.6207,0,93.17,0.00,93.17,0.00,,0,22.31,143.30,1,palm,relative
217898.6541,0,93.17,0.00,93.17,0.00,,0,20.24,141.01,1,palm,relative
217898.6874,0,93.17,0.00,93.17,0.00,,0,26.45,146.17,1,palm,relative
217898.7208,0,93.17,0.00,93.17,0.00,,0,25.63,150.29,1,palm,relative
217898.7541,0,93.17,0.00,93.17,0.00,,0,25.54,146.26,1,palm,relative
217898.7875,0,93.17,0.00,93.17,0.00,,0,21.18,144.99,1,palm,relative
217898.8208,0,93.17,0.00,93.17,0.00,,0,25.62,147.92,1,palm,relative
217898.8542,0,93.17,0.00,93.17,0.00,,0,19.51,144.74,1,palm,relative
217898.8875,0,93.17,0.00,93.17,0.00,,0,26.64,149.28,1,palm,relative
217898.9209,0,93.17,0.00,93.17,0.00,,0,15.17,140.90,1,palm,relative
217898.9542,0,93.17,0.00,93.17,0.00,,0,19.24,144.09,1,palm,relative
217898.9876,0,93.17,0.00,93.17,0.00,,0,7.64,146.12,1,palm,relative
217899.0209,0,93.17,0.00,93.17,0.00,,0,21.84,145.01,1,palm,relative
217899.0543,0,93.17,0.00,93.17,0.00,,0,18.17,145.72,1,palm,relative
217899.0876,0,93.17,0.00,93.17,0.00,,0,21.74,146.14,1,palm,relative
217899.1210,0,93.17,0.00,93.17,0.00,,0,19.89,146.78,1,palm,relative
217899.1543,0,93.17,0.00,93.17,0.00,,0,19.71,146.51,1,palm,relative
217899.1877,0,93.17,0.00,93.17,0.00,,0,20.53,149.95,1,palm,relative
217899.2210,0,93.17,0.00,93.17,0.00,,0,17.11,147.98,1,palm,relative
217899.2544,0,93.17,0.00,93.17,0.00,,0,28.32,153.03,1,palm,relative
217899.2877,0,93.17,0.00,93.17,0.00,,0,24.66,152.33,1,palm,relative
217899.3211,0,93.17,0.00,93.17,0.00,,0,29.86,156.26,1,palm,relative
217899.3544,0,93.17,0.00,93.17,0.00,,0,21.36,148.09,1,palm,relative
217899.3878,0,93.17,0.00,93.17,0.00,,0,26.15,154.29,1,palm,relative
217899.4211,0,93.17,0.00,93.17,0.00,,0,16.84,141.82,1,palm,relative
217899.4545,0,93.17,0.00,93.17,0.00,,0,18.21,146.95,1,palm,relative
217899.4878,0,93.17,0.00,93.17,0.00,,0,23.40,150.38,1,palm,relative
217899.5212,0,93.17,0.00,93.17,0.00,,0,14.73,143.68,1,palm,relative
217899.5545,0,93.17,0.00,93.17,0.00,,0,14.92,139.87,1,palm,relative
217899.5879,0,93.17,0.00,93.17,0.00,,0,13.09,141.80,1,palm,relative
217899.6212,0,93.17,0.00,93.17,0.00,,0,22.69,144.23,1,palm,relative
217899.6546,0,93.17,0.00,93.17,0.00,,0,19.83,146.75,1,palm,relative
217899.6879,0,93.17,0.00,93.17,0.00,,0,8.40,128.68,1,palm,relative
217899.7213,0,93.17,0.00,93.17,0.00,,0,22.52,146.52,1,palm,relative
217899.7546,0,93.17,0.00,93.17,0.00,,0,23.79,143.97,1,palm,relative
217899.7880,0,93.17,0.00,93.17,0.00,,0,22.89,146.82,1,palm,relative
217899.8213,0,93.17,0.00,93.17,0.00,,0,28.03,148.35,1,palm,relative
217899.8547,0,93.17,0.00,93.17,0.00,,0,20.65,151.35,1,palm,relative
217899.8880,0,93.17,0.00,93.17,0.00,,0,25.47,146.81,1,palm,relative
217899.9214,0,93.17,0.00,93.17,0.00,,0,33.06,159.21,1,palm,relative
217899.9547,0,93.17,0.00,93.17,0.00,,0,16.50,142.57,1,palm,relative
217899.9881,0,93.17,0.00,93.17,0.00,,0,17.26,148.55,1,palm,relative
217900.0214,0,93.17,0.00,93.17,0.00,,0,22.00,140.82,1,palm,relative
217900.0548,0,93.17,0.00,93.17,0.00,,0,25.35,148.19,1,palm,relative
217900.0881,0,93.17,0.00,93.17,0.00,,0,28.82,145.32,1,palm,relative
217900.1215,0,93.17,0.00,93.17,0.00,,0,26.51,144.88,1,palm,relative
217900.1548,0,93.17,0.00,93.17,0.00,,0,31.95,148.50,1,palm,relative
217900.1882,0,93.17,0.00,93.17,0.00,,0,24.94,145.72,1,palm,relative
217900.2215,0,93.17,0.00,93.17,0.00,,0,33.99,150.81,1,palm,relative
217900.2549,0,93.17,0.00,93.17,0.00,,0,21.77,140.66,1,palm,relative
217900.2882,0,93.17,0.00,93.17,0.00,,0,16.52,134.67,1,palm,relative
217900.3216,0,93.17,0.00,93.17,0.00,,0,25.93,143.02,1,palm,relative
217900.3549,0,93.17,0.00,93.17,0.00,,0,22.32,143.78,1,palm,relative
217900.3883,0,93.17,0.00,93.17,0.00,,0,29.24,143.86,1,palm,relative
217900.4216,0,93.17,0.00,93.17,0.00,,0,27.58,146.11,1,palm,relative
217900.4550,0,93.17,0.00,93.17,0.00,,0,36.63,153.70,1,palm,relative
217900.4883,0,93.17,0.00,93.17,0.00,,0,33.04,156.47,1,palm,relative
217900.5217,0,93.17,0.00,93.17,0.00,,0,14.52,138.85,1,palm,relative
217900.5550,0,93.17,0.00,93.17,0.00,,0,24.75,154.47,1,palm,relative
217900.5884,0,93.17,0.00,93.17,0.00,,0,23.54,144.94,1,palm,relative
217900.6217,0,93.17,0.00,93.17,0.00,,0,32.76,150.77,1,palm,relative
217900.6551,0,93.17,0.00,93.17,0.00,,0,31.69,149.22,1,palm,relative
217900.6884,0,93.17,0.00,93.17,0.00,,0,14.18,132.71,1,palm,relative
217900.7218,0,93.17,0.00,93.17,0.00,,0,29.31,146.84,1,palm,relative
217900.7551,0,93.17,0.00,93.17,0.00,,0,9.56,127.57,1,palm,relative
217900.7885,0,93.17,0.00,93.17,0.00,,0,32.37,151.98,1,palm,relative
217900.8218,0,93.17,0.00,93.17,0.00,,0,25.35,147.72,1,palm,relative
217900.8552,0,93.17,0.00,93.17,0.00,,0,11.83,126.41,1,palm,relative
217900.8885,0,93.17,0.00,93.17,0.00,,0,32.04,147.59,1,palm,relative
217900.9219,0,93.17,0.00,93.17,0.00,,0,25.25,139.77,1,palm,relative
217900.9552,0,93.17,0.00,93.17,0.00,,0,31.14,149.89,1,palm,relative
217900.9886,0,93.17,0.00,93.17,0.00,,0,34.27,151.02,1,palm,relative
217901.0219,0,93.17,0.00,93.17,0.00,,0,31.22,149.12,1,palm,relative
217901.0553,0,93.17,0.00,93.17,0.00,,0,36.22,152.90,1,palm,relative
217901.0886,0,93.17,0.00,93.17,0.00,,0,19.96,139.78,1,palm,relative
217901.1220,0,93.17,0.00,93.17,0.00,,0,27.53,147.94,1,palm,relative
217901.1553,0,93.17,0.00,93.17,0.00,,0,39.78,154.86,1,palm,relative
217901.1887,0,93.17,0.00,93.17,0.00,,0,26.10,147.81,1,palm,relative
217901.2220,0,93.17,0.00,93.17,0.00,,0,24.86,140.09,1,palm,relative
217901.2554,0,93.17,0.00,93.17,0.00,,0,21.80,136.77,1,palm,relative
217901.2887,0,93.17,0.00,93.17,0.00,,0,30.04,148.39,1,palm,relative
217901.3221,0,93.17,0.00,93.17,0.00,,0,25.83,146.39,1,palm,relative
217901.3554,0,93.17,0.00,93.17,0.00,,0,33.74,147.16,1,palm,relative
217901.3888,0,93.17,0.00,93.17,0.00,,0,13.98,129.73,1,palm,relative
217901.4221,0,93.17,0.00,93.17,0.00,,0,11.20,122.23,1,palm,relative
217901.4555,0,93.17,0.00,93.17,0.00,,0,30.44,144.53,1,palm,relative
217901.4888,0,93.17,0.00,93.17,0.00,,0,104.03,215.74,1,palm,relative
217901.5222,0,93.17,0.00,93.17,0.00,,0,27.89,210.51,1,palm,relative
217901.6222,0,93.17,0.00,93.17,0.00,,0,31.96,144.71,1,palm,relative
217901.6556,0,93.17,0.00,93.17,0.00,,0,32.12,143.72,1,palm,relative
217901.6889,0,93.17,0.00,93.17,0.00,,0,21.76,136.92,1,palm,relative
217901.7223,0,93.17,0.00,93.17,0.00,,0,37.01,161.09,1,palm,relative
217901.7556,0,93.17,0.00,93.17,0.00,,0,28.41,156.56,1,palm,relative
217901.7890,0,93.17,0.00,93.17,0.00,,0,21.74,145.04,1,palm,relative
217901.8223,0,93.17,0.00,93.17,0.00,,0,10.53,123.13,1,palm,relative
217901.8557,0,93.17,0.00,93.17,0.00,,0,45.65,152.76,1,palm,relative
217901.8890,0,93.17,0.00,93.17,0.00,,0,27.88,147.59,1,palm,relative
217901.9224,0,93.17,0.00,93.17,0.00,,0,32.61,147.07,1,palm,relative
217901.9557,0,93.17,0.00,93.17,0.00,,0,29.95,143.89,1,palm,relative
217901.9891,0,93.17,0.00,93.17,0.00,,0,14.59,125.36,1,palm,relative
217902.0224,0,93.17,0.00,93.17,0.00,,0,13.65,118.44,1,palm,relative
217902.0558,0,93.17,0.00,93.17,0.00,,0,20.70,127.18,1,palm,relative
217902.0891,0,93.17,0.00,93.17,0.00,,0,42.26,145.34,1,palm,relative
217902.1225,0,93.17,0.00,93.17,0.00,,0,9.99,122.44,1,palm,relative
217902.1558,0,93.17,0.00,93.17,0.00,,0,15.20,120.55,1,palm,relative
217902.1892,0,93.17,0.00,93.17,0.00,,0,17.86,120.29,1,palm,relative
217902.2225,0,93.17,0.00,93.17,0.00,,0,15.28,118.12,1,palm,relative
217902.2559,0,93.17,0.00,93.17,0.00,,0,13.32,116.80,1,palm,relative
217902.2892,0,93.17,0.00,93.17,0.00,,0,15.89,119.64,1,palm,relative
217902.3226,0,93.17,0.00,93.17,0.00,,0,16.37,112.17,1,palm,relative
217902.3559,0,93.17,0.00,93.17,0.00,,0,83.70,180.53,1,palm,relative
217902.3893,0,93.17,0.00,93.17,0.00,,0,31.49,179.05,1,palm,relative
217902.4560,0,93.17,0.00,93.17,0.00,,0,33.40,146.22,1,palm,relative
217902.4893,0,93.17,0.00,93.17,0.00,,0,34.73,147.90,1,palm,relative
217902.5227,0,93.17,0.00,93.17,0.00,,0,26.72,141.50,1,palm,relative
217902.5560,0,93.17,0.00,93.17,0.00,,0,11.28,119.55,1,palm,relative
217902.5894,0,93.17,0.00,93.17,0.00,,0,13.81,119.51,1,palm,relative
217902.6227,0,93.17,0.00,93.17,0.00,,0,10.72,112.76,1,palm,relative
217902.6561,0,93.17,0.00,93.17,0.00,,0,37.28,145.81,1,palm,relative
217902.6894,0,93.17,0.00,93.17,0.00,,0,8.91,122.38,1,palm,relative
217902.7228,0,93.17,0.00,93.17,0.00,,0,17.09,121.48,1,palm,relative
217902.7561,0,93.17,0.00,93.17,0.00,,0,14.56,118.18,1,palm,relative
217902.7895,0,93.17,0.00,93.17,0.00,,0,10.73,117.13,1,palm,relative
217902.8228,0,93.17,0.00,93.17,0.00,,0,9.58,114.51,1,palm,relative
217902.8562,0,93.17,0.00,93.17,0.00,,0,13.68,122.49,1,palm,relative
217902.8895,0,93.17,0.00,93.17,0.00,,0,16.33,118.98,1,palm,relative
217902.9229,0,93.17,0.00,93.17,0.00,,0,32.18,136.42,1,palm,relative
217902.9562,0,93.17,0.00,93.17,0.00,,0,13.67,117.58,1,palm,relative
217902.9896,0,93.17,0.00,93.17,0.00,,0,12.79,116.74,1,palm,relative
217903.0229,0,93.17,0.00,93.17,0.00,,0,18.62,126.31,1,palm,relative
217903.0563,0,93.17,0.00,93.17,0.00,,0,31.54,137.00,1,palm,relative
217903.0896,0,93.17,0.00,93.17,0.00,,0,12.79,120.29,1,palm,relative
217903.1230,0,93.17,0.00,93.17,0.00,,0,17.41,122.13,1,palm,relative
217903.1563,0,93.17,0.00,93.17,0.00,,0,14.25,122.60,1,palm,relative
217903.1897,0,93.17,0.00,93.17,0.00,,0,10.33,116.39,1,palm,relative
217903.2230,0,93.17,0.00,93.17,0.00,,0,12.82,119.85,1,palm,relative
217903.2564,0,93.17,0.00,93.17,0.00,,0,19.04,126.95,1,palm,relative
217903.2897,0,93.17,0.00,93.17,0.00,,0,12.96,117.91,1,palm,relative
217903.3231,0,93.17,0.00,93.17,0.00,,0,12.24,117.91,1,palm,relative
217903.3564,0,93.17,0.00,93.17,0.00,,0,12.76,116.32,1,palm,relative
217903.3898,0,93.17,0.00,93.17,0.00,,0,13.40,120.22,1,palm,relative
217903.4231,0,93.17,0.00,93.17,0.00,,0,34.92,141.32,1,palm,relative
217903.4565,0,93.17,0.00,93.17,0.00,,0,37.15,148.80,1,palm,relative
217903.4898,0,93.17,0.00,93.17,0.00,,0,33.93,149.59,1,palm,relative
217903.5232,0,93.17,0.00,93.17,0.00,,0,27.02,143.46,1,palm,relative
217903.5565,0,93.17,0.00,93.17,0.00,,0,12.88,123.41,1,palm,relative
217903.5899,0,93.17,0.00,93.17,0.00,,0,11.04,119.53,1,palm,relative
217903.6232,0,93.17,0.00,93.17,0.00,,0,24.95,136.23,1,palm,relative
217903.6566,0,93.17,0.00,93.17,0.00,,0,9.03,121.73,1,palm,relative
217903.6899,0,93.17,0.00,93.17,0.00,,0,46.65,155.68,1,palm,relative
217903.7233,0,93.17,0.00,93.17,0.00,,0,32.11,154.75,1,palm,relative
217903.7566,0,93.17,0.00,93.17,0.00,,0,18.39,140.00,1,palm,relative
217903.7900,0,93.17,0.00,93.17,0.00,,0,27.04,136.50,1,palm,relative
217903.8233,0,93.17,0.00,93.17,0.00,,0,11.54,120.91,1,palm,relative
217903.8567,0,93.17,0.00,93.17,0.00,,0,41.35,154.66,1,palm,relative
217903.8900,0,93.17,0.00,93.17,0.00,,0,26.57,148.16,1,palm,relative
217903.9234,0,93.17,0.00,93.17,0.00,,0,26.37,141.57,1,palm,relative
217903.9567,0,93.17,0.00,93.17,0.00,,0,40.90,151.92,1,palm,relative
217903.9901,0,93.17,0.00,93.17,0.00,,0,23.65,143.05,1,palm,relative
217904.0234,0,93.17,0.00,93.17,0.00,,0,20.92,136.61,1,palm,relative
217904.0568,0,93.17,0.00,93.17,0.00,,0,9.79,125.74,1,palm,relative
217904.0901,0,93.17,0.00,93.17,0.00,,0,18.47,132.90,1,palm,relative
217904.1235,0,93.17,0.00,93.17,0.00,,0,25.91,138.70,1,palm,relative
217904.1568,0,93.17,0.00,93.17,0.00,,0,15.02,123.02,1,palm,relative
217904.1902,0,93.17,0.00,93.17,0.00,,0,31.85,143.16,1,palm,relative
217904.2235,0,93.17,0.00,93.17,0.00,,0,13.41,123.44,1,palm,relative
217904.2569,0,93.17,0.00,93.17,0.00,,0,10.26,119.53,1,palm,relative
217904.2902,0,93.17,0.00,93.17,0.00,,0,49.78,157.21,1,palm,relative
217904.3236,0,93.17,0.00,93.17,0.00,,0,13.79,138.06,1,palm,relative
217904.3569,0,93.17,0.00,93.17,0.00,,0,12.71,118.16,1,palm,relative
217904.3903,0,93.17,0.00,93.17,0.00,,0,37.07,146.12,1,palm,relative
217904.4236,0,93.17,0.00,93.17,0.00,,0,30.93,143.96,1,palm,relative
217904.4570,0,93.17,0.00,93.17,0.00,,0,31.05,141.98,1,palm,relative
217904.4903,0,93.17,0.00,93.17,0.00,,0,10.49,123.00,1,palm,relative
217904.5237,0,93.17,0.00,93.17,0.00,,0,16.73,120.76,1,palm,relative
217904.5570,0,93.17,0.00,93.17,0.00,,0,14.06,120.30,1,palm,relative
217904.5904,0,93.17,0.00,93.17,0.00,,0,12.55,113.73,1,palm,relative
217904.6237,0,93.17,0.00,93.17,0.00,,0,14.28,115.77,1,palm,relative
217904.6571,0,93.17,0.00,93.17,0.00,,0,17.79,119.34,1,palm,relative
217904.6904,0,93.17,0.00,93.17,0.00,,0,12.66,112.58,1,palm,relative
217904.7238,0,93.17,0.00,93.17,0.00,,0,15.49,116.56,1,palm,relative
217904.7571,0,93.17,0.00,93.17,0.00,,0,19.30,119.22,1,palm,relative
217904.7905,0,93.17,0.00,93.17,0.00,,0,11.31,111.51,1,palm,relative
217904.8238,0,93.17,0.00,93.17,0.00,,0,9.82,110.32,1,palm,relative
217904.8572,0,93.17,0.00,93.17,0.00,,0,61.95,162.39,1,palm,relative
217904.8905,0,93.17,0.00,93.17,0.00,,0,23.98,153.35,1,palm,relative
217904.9239,0,93.17,0.00,93.17,0.00,,0,18.17,138.54,1,palm,relative
217904.9572,0,93.17,0.00,93.17,0.00,,0,24.78,130.10,1,palm,relative
217904.9906,0,93.17,0.00,93.17,0.00,,0,13.56,117.90,1,palm,relative
217905.0239,0,93.17,0.00,93.17,0.00,,0,19.33,116.06,1,palm,relative
217905.0573,0,93.17,0.00,93.17,0.00,,0,19.65,115.73,1,palm,relative
217905.0906,0,93.17,0.00,93.17,0.00,,0,17.78,114.98,1,palm,relative
217905.1240,0,93.17,0.00,93.17,0.00,,0,17.91,113.51,1,palm,relative
217905.1573,0,93.17,0.00,93.17,0.00,,0,17.19,115.83,1,palm,relative
217905.1907,0,93.17,0.00,93.17,0.00,,0,17.46,109.97,1,palm,relative
217905.2240,0,93.17,0.00,93.17,0.00,,0,11.47,108.61,1,palm,relative
217905.2574,0,93.17,0.00,93.17,0.00,,0,45.77,139.82,1,palm,relative
217905.2907,0,93.17,0.00,93.17,0.00,,0,13.62,120.34,1,palm,relative
217905.3241,0,93.17,0.00,93.17,0.00,,0,17.34,109.70,1,palm,relative
217905.3574,0,93.17,0.00,93.17,0.00,,0,22.10,116.50,1,palm,relative
217905.3908,0,93.17,0.00,93.17,0.00,,0,14.09,106.53,1,palm,relative
217905.4241,0,93.17,0.00,93.17,0.00,,0,16.55,112.28,1,palm,relative
217905.4575,0,93.17,0.00,93.17,0.00,,0,17.53,109.95,1,palm,relative
217905.4908,0,93.17,0.00,93.17,0.00,,0,11.04,109.48,1,palm,relative
217905.5242,0,93.17,0.00,93.17,0.00,,0,45.34,138.30,1,palm,relative
217905.5575,0,93.17,0.00,93.17,0.00,,0,17.87,123.25,1,palm,relative
217905.5909,0,93.17,0.00,93.17,0.00,,0,17.24,108.91,1,palm,relative
217905.6242,0,93.17,0.00,93.17,0.00,,0,14.75,106.31,1,palm,relative
217905.6576,0,93.17,0.00,93.17,0.00,,0,21.44,116.70,1,palm,relative
217905.6909,0,93.17,0.00,93.17,0.00,,0,53.12,145.01,1,palm,relative
217905.7243,0,93.17,0.00,93.17,0.00,,0,10.82,122.69,1,palm,relative
217905.7576,0,93.17,0.00,93.17,0.00,,0,16.40,110.98,1,palm,relative
217905.7910,0,93.17,0.00,93.17,0.00,,0,12.34,110.50,1,palm,relative
217905.8243,0,93.17,0.00,93.17,0.00,,0,14.22,108.37,1,palm,relative
217905.8577,0,93.17,0.00,93.17,0.00,,0,14.50,112.38,1,palm,relative
217905.8910,0,93.17,0.00,93.17,0.00,,0,13.52,107.68,1,palm,relative
217905.9244,0,93.17,0.00,93.17,0.00,,0,18.46,114.09,1,palm,relative
217905.9577,0,93.17,0.00,93.17,0.00,,0,24.35,117.99,1,palm,relative
217905.9911,0,93.17,0.00,93.17,0.00,,0,21.14,117.45,1,palm,relative
217906.0244,0,93.17,0.00,93.17,0.00,,0,15.82,109.61,1,palm,relative
217906.0578,0,93.17,0.00,93.17,0.00,,0,10.83,107.76,1,palm,relative
217906.0911,0,93.17,0.00,93.17,0.00,,0,16.62,111.13,1,palm,relative
217906.1245,0,93.17,0.00,93.17,0.00,,0,20.96,118.79,1,palm,relative
217906.1578,0,93.17,0.00,93.17,0.00,,0,17.85,114.45,1,palm,relative
217906.1912,0,93.17,0.00,93.17,0.00,,0,12.88,111.39,1,palm,relative
217906.2245,0,93.17,0.00,93.17,0.00,,0,25.19,119.17,1,palm,relative
217906.2579,0,93.17,0.00,93.17,0.00,,0,20.01,116.52,1,palm,relative
217906.2912,0,93.17,0.00,93.17,0.00,,0,16.11,108.00,1,palm,relative
217906.3246,0,93.17,0.00,93.17,0.00,,0,21.76,116.31,1,palm,relative
217906.3579,0,93.17,0.00,93.17,0.00,,0,17.58,110.94,1,palm,relative
217906.3913,0,93.17,0.00,93.17,0.00,,0,16.58,111.80,1,palm,relative
217906.4246,0,93.17,0.00,93.17,0.00,,0,229.99,323.80,1,palm,relative
217906.4580,0,93.17,0.00,93.17,0.00,,0,59.49,350.22,1,palm,relative
217906.4913,0,93.17,0.00,93.17,0.00,,0,34.92,352.06,1,palm,relative
217906.5580,0,93.17,0.00,93.17,0.00,,0,24.98,310.56,1,palm,relative
217906.5914,0,93.17,0.00,93.17,0.00,,0,41.33,318.75,1,palm,relative
217906.6247,0,93.17,0.00,93.17,0.00,,0,54.11,339.80,1,palm,relative
217906.6581,0,93.17,0.00,93.17,0.00,,0,11.45,318.21,1,palm,relative
217906.7581,0,93.17,0.00,93.17,0.00,,0,23.62,255.42,1,palm,relative
217906.7915,0,93.17,0.00,93.17,0.00,,0,16.13,251.50,1,palm,relative
217906.8248,0,93.17,0.00,93.17,0.00,,0,35.74,254.15,1,palm,relative
217906.8582,0,93.17,0.00,93.17,0.00,,0,34.73,256.53,1,palm,relative
217906.9249,0,93.17,0.00,93.17,0.00,,0,26.72,216.91,1,palm,relative
217906.9582,0,93.17,0.00,93.17,0.00,,0,61.29,245.41,1,palm,relative
217906.9916,0,93.17,0.00,93.17,0.00,,0,13.81,226.22,1,palm,relative
217907.0583,0,93.17,0.00,93.17,0.00,,0,13.74,173.61,1,palm,relative
217907.0916,0,93.17,0.00,93.17,0.00,,0,7.91,152.55,1,palm,relative
217907.1250,0,93.17,0.00,93.17,0.00,,0,33.81,178.50,1,palm,relative
217907.1583,0,93.17,0.00,93.17,0.00,,0,29.11,177.26,1,palm,relative
217907.1917,0,93.17,0.00,93.17,0.00,,0,42.19,186.36,1,palm,relative
217907.2250,0,93.17,0.00,93.17,0.00,,0,33.54,187.07,1,palm,relative
217907.2584,0,93.17,0.00,93.17,0.00,,0,33.92,187.97,1,palm,relative
217907.2917,0,93.17,0.00,93.17,0.00,,0,51.43,206.28,1,palm,relative
217907.3251,0,93.17,0.00,93.17,0.00,,0,15.61,189.07,1,palm,relative
217907.3584,0,93.17,0.00,93.17,0.00,,0,26.64,182.48,1,palm,relative
217907.3918,0,93.17,0.00,93.17,0.00,,0,32.04,181.34,1,palm,relative
217907.4251,0,93.17,0.00,93.17,0.00,,0,35.03,187.42,1,palm,relative
217907.4585,0,93.17,0.00,93.17,0.00,,0,41.41,196.85,1,palm,relative
217907.4918,0,93.17,0.00,93.17,0.00,,0,59.97,223.70,1,palm,relative
217907.5252,0,93.17,0.00,93.17,0.00,,0,47.64,238.20,1,palm,relative
217907.5919,0,93.17,0.00,93.17,0.00,,0,12.67,184.41,1,palm,relative
217907.6252,0,93.17,0.00,93.17,0.00,,0,28.08,185.39,1,palm,relative
217907.6586,0,93.17,0.00,93.17,0.00,,0,28.86,181.34,1,palm,relative
217907.6919,0,93.17,0.00,93.17,0.00,,0,35.11,183.23,1,palm,relative
217907.7253,0,93.17,0.00,93.17,0.00,,0,32.05,182.25,1,palm,relative
217907.7586,0,93.17,0.00,93.17,0.00,,0,41.31,190.46,1,palm,relative
217907.7920,0,93.17,0.00,93.17,0.00,,0,28.89,186.37,1,palm,relative
217907.8253,0,93.17,0.00,93.17,0.00,,0,34.20,187.52,1,palm,relative
217907.8587,0,93.17,0.00,93.17,0.00,,0,32.28,186.85,1,palm,relative
217907.8920,0,93.17,0.00,93.17,0.00,,0,31.12,185.05,1,palm,relative
217907.9254,0,93.17,0.00,93.17,0.00,,0,35.00,186.84,1,palm,relative
217907.9587,0,93.17,0.00,93.17,0.00,,0,34.33,188.42,1,palm,relative
217907.9921,0,93.17,0.00,93.17,0.00,,0,28.91,184.39,1,palm,relative
217908.0254,0,93.17,0.00,93.17,0.00,,0,25.86,186.00,1,palm,relative
217908.0588,0,93.17,0.00,93.17,0.00,,0,28.47,181.26,1,palm,relative
217908.0921,0,93.17,0.00,93.17,0.00,,0,29.70,182.50,1,palm,relative
217908.1255,0,93.17,0.00,93.17,0.00,,0,100.22,249.60,1,palm,relative
217908.1588,0,93.17,0.00,93.17,0.00,,0,44.09,260.50,1,palm,relative
217908.2255,0,93.17,0.00,93.17,0.00,,0,45.52,239.64,1,palm,relative
217908.2922,0,93.17,0.00,93.17,0.00,,0,17.91,191.00,1,palm,relative
217908.3256,0,93.17,0.00,93.17,0.00,,0,27.42,185.29,1,palm,relative
217908.3589,0,93.17,0.00,93.17,0.00,,0,37.72,189.97,1,palm,relative
217908.3923,0,93.17,0.00,93.17,0.00,,0,32.75,189.67,1,palm,relative
217908.4256,0,93.17,0.00,93.17,0.00,,0,31.82,189.18,1,palm,relative
217908.4590,0,93.17,0.00,93.17,0.00,,0,51.84,208.00,1,palm,relative
217908.4923,0,93.17,0.00,93.17,0.00,,0,13.78,188.67,1,palm,relative
217908.5257,0,93.17,0.00,93.17,0.00,,0,30.45,186.45,1,palm,relative
217908.5590,0,93.17,0.00,93.17,0.00,,0,32.78,186.18,1,palm,relative
217908.5924,0,93.17,0.00,93.17,0.00,,0,33.81,186.88,1,palm,relative
217908.6257,0,93.17,0.00,93.17,0.00,,0,22.14,175.87,1,palm,relative
217908.6591,0,93.17,0.00,93.17,0.00,,0,28.08,177.50,1,palm,relative
217908.6924,0,93.17,0.00,93.17,0.00,,0,27.94,174.67,1,palm,relative
217908.7258,0,93.17,0.00,93.17,0.00,,0,31.23,183.81,1,palm,relative
217908.7591,0,93.17,0.00,93.17,0.00,,0,36.12,186.96,1,palm,relative
217908.7925,0,93.17,0.00,93.17,0.00,,0,27.28,181.47,1,palm,relative
217908.8258,0,93.17,0.00,93.17,0.00,,0,34.06,184.77,1,palm,relative
217908.8592,0,93.17,0.00,93.17,0.00,,0,32.24,194.53,1,palm,relative
217908.8925,0,93.17,0.00,93.17,0.00,,0,26.99,188.45,1,palm,relative
217908.9259,0,93.17,0.00,93.17,0.00,,0,32.21,187.53,1,palm,relative
217908.9592,0,93.17,0.00,93.17,0.00,,0,32.42,186.84,1,palm,relative
217908.9926,0,93.17,0.00,93.17,0.00,,0,21.48,180.23,1,palm,relative
217909.0259,0,93.17,0.00,93.17,0.00,,0,35.68,182.73,1,palm,relative
217909.0593,0,93.17,0.00,93.17,0.00,,0,41.37,192.30,1,palm,relative
217909.0926,0,93.17,0.00,93.17,0.00,,0,22.56,181.67,1,palm,relative
217909.1260,0,93.17,0.00,93.17,0.00,,0,23.37,181.36,1,palm,relative
217909.1593,0,93.17,0.00,93.17,0.00,,0,35.72,186.95,1,palm,relative
217909.1927,0,93.17,0.00,93.17,0.00,,0,35.83,190.71,1,palm,relative
217909.2260,0,93.17,0.00,93.17,0.00,,0,27.38,187.06,1,palm,relative
217909.2594,0,93.17,0.00,93.17,0.00,,0,54.55,208.70,1,palm,relative
217909.2927,0,93.17,0.00,93.17,0.00,,0,26.22,201.87,1,palm,relative
217909.3261,0,93.17,0.00,93.17,0.00,,0,22.95,191.73,1,palm,relative
217909.3594,0,93.17,0.00,93.17,0.00,,0,33.39,192.02,1,palm,relative
217909.3928,0,93.17,0.00,93.17,0.00,,0,19.56,178.62,1,palm,relative
217909.4261,0,93.17,0.00,93.17,0.00,,0,28.86,180.53,1,palm,relative
217909.4595,0,93.17,0.00,93.17,0.00,,0,81.84,230.31,1,palm,relative
217909.4928,0,93.17,0.00,93.17,0.00,,0,21.15,218.43,1,palm,relative
217909.5595,0,93.17,0.00,93.17,0.00,,0,26.71,185.03,1,palm,relative
217909.5929,0,93.17,0.00,93.17,0.00,,0,28.52,189.62,1,palm,relative
217909.6262,0,93.17,0.00,93.17,0.00,,0,25.89,182.41,1,palm,relative
217909.6596,0,93.17,0.00,93.17,0.00,,0,32.41,186.11,1,palm,relative
217909.6929,0,93.17,0.00,93.17,0.00,,0,55.73,208.72,1,palm,relative
217909.7263,0,93.17,0.00,93.17,0.00,,0,13.48,189.22,1,palm,relative
217909.7596,0,93.17,0.00,93.17,0.00,,0,36.34,192.37,1,palm,relative
217909.7930,0,93.17,0.00,93.17,0.00,,0,60.73,220.04,1,palm,relative
217909.8263,0,93.17,0.00,93.17,0.00,,0,62.74,249.71,1,palm,relative
217909.8597,0,93.17,0.00,93.17,0.00,,0,38.12,254.80,1,palm,relative
217909.9264,0,93.17,0.00,93.17,0.00,,0,51.66,240.38,1,palm,relative
217909.9931,0,93.17,0.00,93.17,0.00,,0,51.87,225.87,1,palm,relative
217910.0264,0,93.17,0.00,93.17,0.00,,0,20.05,212.83,1,palm,relative
217910.0931,0,93.17,0.00,93.17,0.00,,0,43.21,191.25,1,palm,relative
217910.1265,0,93.17,0.00,93.17,0.00,,0,27.78,185.92,1,palm,relative
217910.1598,0,93.17,0.00,93.17,0.00,,0,25.47,178.27,1,palm,relative
217910.1932,0,93.17,0.00,93.17,0.00,,0,37.57,187.03,1,palm,relative
217910.2265,0,93.17,0.00,93.17,0.00,,0,40.88,194.80,1,palm,relative
217910.2599,0,93.17,0.00,93.17,0.00,,0,27.49,189.29,1,palm,relative
217910.2932,0,93.17,0.00,93.17,0.00,,0,28.15,184.57,1,palm,relative
217910.3266,0,93.17,0.00,93.17,0.00,,0,38.97,190.40,1,palm,relative
217910.3599,0,93.17,0.00,93.17,0.00,,0,26.95,184.55,1,palm,relative
217910.3933,0,93.17,0.00,93.17,0.00,,0,25.59,177.08,1,palm,relative
217910.4266,0,93.17,0.00,93.17,0.00,,0,15.42,160.86,1,palm,relative
217910.4600,0,93.17,0.00,93.17,0.00,,0,33.21,177.60,1,palm,relative
217910.4933,0,93.17,0.00,93.17,0.00,,0,37.69,183.63,1,palm,relative
217910.5267,0,93.17,0.00,93.17,0.00,,0,34.11,184.78,1,palm,relative
217910.5600,0,93.17,0.00,93.17,0.00,,0,33.15,184.88,1,palm,relative
217910.5934,0,93.17,0.00,93.17,0.00,,0,33.51,185.62,1,palm,relative
217910.6267,0,93.17,0.00,93.17,0.00,,0,34.92,187.42,1,palm,relative
217910.6601,0,93.17,0.00,93.17,0.00,,0,30.78,185.51,1,palm,relative
217910.6934,0,93.17,0.00,93.17,0.00,,0,30.50,182.92,1,palm,relative
217910.7268,0,93.17,0.00,93.17,0.00,,0,58.14,208.56,1,palm,relative
217910.7601,0,93.17,0.00,93.17,0.00,,0,37.60,213.06,1,palm,relative
217910.7935,0,93.17,0.00,93.17,0.00,,0,38.66,218.69,1,palm,relative
217910.8268,0,93.17,0.00,93.17,0.00,,0,32.49,218.49,1,palm,relative
217910.8935,0,93.17,0.00,93.17,0.00,,0,24.98,177.06,1,palm,relative
217910.9269,0,93.17,0.00,93.17,0.00,,0,32.51,182.95,1,palm,relative
217910.9602,0,93.17,0.00,93.17,0.00,,0,41.90,193.06,1,palm,relative
217910.9936,0,93.17,0.00,93.17,0.00,,0,27.10,187.13,1,palm,relative
217911.0269,0,93.17,0.00,93.17,0.00,,0,31.05,189.44,1,palm,relative
217911.0603,0,93.17,0.00,93.17,0.00,,0,28.43,184.74,1,palm,relative
217911.0936,0,93.17,0.00,93.17,0.00,,0,40.14,193.34,1,palm,relative
217911.1270,0,93.17,0.00,93.17,0.00,,0,35.83,196.17,1,palm,relative
217911.1603,0,93.17,0.00,93.17,0.00,,0,22.91,186.07,1,palm,relative
217911.1937,0,93.17,0.00,93.17,0.00,,0,32.58,185.47,1,palm,relative
217911.2270,0,93.17,0.00,93.17,0.00,,0,31.64,186.87,1,palm,relative
217911.2604,0,93.17,0.00,93.17,0.00,,0,34.87,188.54,1,palm,relative
217911.2937,0,93.17,0.00,93.17,0.00,,0,34.07,189.51,1,palm,relative
217911.3271,0,93.17,0.00,93.17,0.00,,0,53.53,209.99,1,palm,relative
217911.3604,0,93.17,0.00,93.17,0.00,,0,33.36,210.26,1,palm,relative
217911.3938,0,93.17,0.00,93.17,0.00,,0,22.74,199.91,1,palm,relative
217911.4271,0,93.17,0.00,93.17,0.00,,0,17.44,184.29,1,palm,relative
217911.4605,0,93.17,0.00,93.17,0.00,,0,57.20,209.75,1,palm,relative
217911.4938,0,93.17,0.00,93.17,0.00,,0,50.15,226.91,1,palm,relative
217911.5272,1,0.00,0.00,93.17,0.00,,0,39.82,233.67,1,palm,relative
217911.5939,1,0.00,0.00,296.80,982.00,0.357,0,55.60,222.80,1,palm,relative
217911.6272,1,0.00,0.00,396.40,982.00,0.359,0,37.25,226.84,1,palm,relative
217911.6939,1,0.00,0.00,593.12,982.00,0.486,0,62.98,223.40,1,palm,relative
217911.7273,1,0.00,0.00,608.66,982.00,0.506,0,75.93,266.11,1,palm,relative
217911.7940,1,0.00,0.00,617.01,982.00,0.428,0,85.98,286.22,1,palm,relative
217911.8607,1,0.00,0.00,624.95,982.00,0.445,0,67.39,287.03,1,palm,relative
217911.9607,1,0.00,0.00,672.07,982.00,0.375,0,61.20,248.50,1,palm,relative
217911.9941,1,0.00,0.00,679.19,982.00,0.415,0,39.94,255.49,1,palm,relative
217912.0608,1,0.00,0.00,707.84,982.00,0.268,0,36.44,225.51,1,palm,relative
217912.1275,0,707.84,982.00,707.84,982.00,,0,53.92,216.47,1,palm,relative
217912.1608,1,0.00,0.00,718.04,982.00,,0,39.63,223.06,1,palm,relative
217912.2275,1,0.00,61.88,704.60,982.00,,0,59.65,216.17,1,palm,relative
217912.2609,1,0.00,116.42,720.50,982.00,,0,76.13,259.16,1,palm,relative
217912.3276,1,0.00,80.18,720.50,982.00,0.186,0,59.23,251.94,1,palm,relative
217912.3943,1,0.00,174.45,720.50,982.00,0.178,0,63.59,249.18,1,palm,relative
217912.4610,1,0.00,124.07,720.50,982.00,0.185,0,44.09,226.77,1,palm,relative
217912.5277,1,0.00,93.25,720.50,982.00,0.215,0,30.51,190.70,1,palm,relative
217912.5610,1,0.00,77.74,720.50,982.00,0.202,0,99.61,257.15,1,palm,relative
217912.5944,1,0.00,126.55,720.50,982.00,0.139,0,59.73,284.23,1,palm,relative
217912.6944,1,0.00,125.01,720.50,982.00,0.199,0,36.51,220.80,1,palm,relative
217912.7611,1,0.00,75.87,720.50,982.00,0.198,0,39.41,193.66,1,palm,relative
217912.7945,1,0.00,114.78,720.50,982.00,0.215,0,60.28,220.96,1,palm,relative
217912.8278,1,0.00,105.61,720.50,982.00,0.215,0,37.19,225.80,1,palm,relative
217912.8945,1,0.00,147.58,720.50,982.00,0.233,0,43.30,202.56,1,palm,relative
217912.9279,1,0.00,154.57,720.50,982.00,0.172,0,27.67,197.03,1,palm,relative
217912.9946,1,0.00,160.73,720.50,982.00,0.147,0,25.84,160.48,1,palm,relative
217913.0279,1,0.00,120.97,720.50,982.00,0.150,0,36.94,167.64,1,palm,relative
217913.0613,1,0.00,122.64,720.50,982.00,0.166,0,69.51,203.98,1,palm,relative
217913.0946,1,0.00,160.85,720.50,982.00,0.152,0,20.19,191.04,1,palm,relative
217913.1613,1,0.00,167.61,720.50,982.00,0.161,0,59.15,190.14,1,palm,relative
217913.1947,1,0.00,191.26,720.50,982.00,0.191,0,40.42,197.46,1,palm,relative
217913.2280,1,0.00,170.94,720.50,982.00,0.176,0,133.62,297.89,1,palm,relative
217913.2947,1,0.00,209.96,720.50,982.00,0.144,0,79.93,311.61,1,palm,relative
217913.3948,1,0.00,191.96,720.50,982.00,0.183,0,77.56,291.33,1,palm,relative
217913.4948,1,0.00,163.25,720.50,982.00,0.127,0,65.59,257.14,1,palm,relative
217913.5615,1,0.00,125.71,720.50,982.00,0.084,0,59.78,250.55,1,palm,relative
217913.6282,1,0.00,106.95,720.50,982.00,0.171,0,64.65,248.74,1,palm,relative
217913.6949,1,0.00,110.21,720.50,982.00,0.126,0,27.97,210.24,1,palm,relative
217913.7616,1,0.00,106.49,720.50,982.00,0.223,0,73.88,218.33,1,palm,relative
217913.7950,1,0.00,90.56,720.50,982.00,0.193,0,70.71,256.06,1,palm,relative
217913.8617,1,0.00,121.84,720.50,982.00,0.170,0,61.82,251.57,1,palm,relative
217913.9284,1,0.00,68.19,720.50,982.00,0.119,0,66.10,251.27,1,palm,relative
217913.9951,1,0.00,51.30,720.50,982.00,0.091,1,77.66,262.39,1,palm,relative
217914.0618,1,0.00,9.31,716.01,972.70,0.090,1,61.79,257.76,1,palm,relative
217914.1285,1,0.00,3.94,715.80,971.75,0.122,1,54.35,245.64,1,palm,relative
217914.1952,1,0.00,0.00,715.80,971.75,0.177,1,33.99,213.09,1,palm,relative
217914.2619,1,0.00,0.00,707.18,933.13,0.138,1,36.49,183.10,1,palm,relative
217914.2952,1,0.00,0.00,684.59,765.44,0.187,0,11.01,160.88,1,palm,relative
217914.3286,1,0.00,0.00,684.59,765.44,0.137,0,25.07,153.47,1,palm,relative
217914.3619,1,0.00,0.00,684.59,765.44,0.022,0,49.23,186.95,1,palm,relative
217914.3953,1,0.00,0.00,684.59,765.44,0.113,1,59.73,213.57,1,palm,relative
217914.4286,1,0.00,0.00,701.52,406.96,0.212,0,20.77,201.11,1,palm,relative
217914.4953,0,701.52,406.96,701.52,406.96,,0,45.85,180.35,1,palm,relative
217914.5287,1,0.00,0.00,958.59,0.00,,0,30.15,177.27,1,palm,relative
217914.5620,1,0.00,0.00,1051.26,0.00,,0,13.57,157.60,1,palm,relative
